sample_id,word_id,word,lemma,pos
phi0690.phi003.perseus-lat1.tb.xml@41,1,Te,tu,PRON
phi0690.phi003.perseus-lat1.tb.xml@41,2,quoque,quoque,PART
phi0690.phi003.perseus-lat1.tb.xml@41,3,magna,magnus,ADJ
phi0690.phi003.perseus-lat1.tb.xml@41,4,manent,maneo,VERB
phi0690.phi003.perseus-lat1.tb.xml@41,5,regnis,regnum,NOUN
phi0690.phi003.perseus-lat1.tb.xml@41,6,penetralia,penetralis,ADJ
phi0690.phi003.perseus-lat1.tb.xml@41,7,nostris,noster,DET
phi0690.phi003.perseus-lat1.tb.xml@41,8,:,:,PUNCT
phi0690.phi003.perseus-lat1.tb.xml@43,1,Foliis,folium,NOUN
phi0690.phi003.perseus-lat1.tb.xml@43,2,tantum,tantus,ADV
phi0690.phi003.perseus-lat1.tb.xml@43,3,ne,ne,ADV
phi0690.phi003.perseus-lat1.tb.xml@43,4,carmina,carmen,NOUN
phi0690.phi003.perseus-lat1.tb.xml@43,5,manda,mando,VERB
phi0690.phi003.perseus-lat1.tb.xml@43,6,",",",",PUNCT
phi0690.phi003.perseus-lat1.tb.xml@43,7,ne,ne,SCONJ
phi0690.phi003.perseus-lat1.tb.xml@43,8,turbata,turbo,VERB
phi0690.phi003.perseus-lat1.tb.xml@43,9,volent,volo,VERB
phi0690.phi003.perseus-lat1.tb.xml@43,10,rapidis,rapidus,ADJ
phi0690.phi003.perseus-lat1.tb.xml@43,11,ludibria,ludibrium,NOUN
phi0690.phi003.perseus-lat1.tb.xml@43,12,ventis,ventus,NOUN
phi0690.phi003.perseus-lat1.tb.xml@43,13,;,;,PUNCT
phi0690.phi003.perseus-lat1.tb.xml@44,1,ipsa,ipse,DET
phi0690.phi003.perseus-lat1.tb.xml@44,2,canas,cano,VERB
phi0690.phi003.perseus-lat1.tb.xml@44,3,oro,oro,VERB
phi0690.phi003.perseus-lat1.tb.xml@44,4,.,.,PUNCT
phi0690.phi003.perseus-lat1.tb.xml@44,5,',',PUNCT
phi0690.phi003.perseus-lat1.tb.xml@45,1,Finem,finis,NOUN
phi0690.phi003.perseus-lat1.tb.xml@45,2,dedit,do,VERB
phi0690.phi003.perseus-lat1.tb.xml@45,3,ore,os,NOUN
phi0690.phi003.perseus-lat1.tb.xml@45,4,loquendi,loquor,VERB
phi0690.phi003.perseus-lat1.tb.xml@45,5,.,.,PUNCT
phi0690.phi003.perseus-lat1.tb.xml@46,1,At,at,CCONJ
phi0690.phi003.perseus-lat1.tb.xml@46,2,",",",",PUNCT
phi0690.phi003.perseus-lat1.tb.xml@46,3,Phoebi,Phoebus,PROPN
phi0690.phi003.perseus-lat1.tb.xml@46,4,nondum,nondum,ADV
phi0690.phi003.perseus-lat1.tb.xml@46,5,patiens,patior,VERB
phi0690.phi003.perseus-lat1.tb.xml@46,6,",",",",PUNCT
phi0690.phi003.perseus-lat1.tb.xml@46,7,immanis,immanis,ADJ
phi0690.phi003.perseus-lat1.tb.xml@46,8,in,in,ADP
phi0690.phi003.perseus-lat1.tb.xml@46,9,antro,antrum,NOUN
phi0690.phi003.perseus-lat1.tb.xml@46,10,bacchatur,bacchor,VERB
phi0690.phi003.perseus-lat1.tb.xml@46,11,vates,vates,NOUN
phi0690.phi003.perseus-lat1.tb.xml@46,12,",",",",PUNCT
phi0690.phi003.perseus-lat1.tb.xml@46,13,magnum,magnus,ADJ
phi0690.phi003.perseus-lat1.tb.xml@46,14,si,si,SCONJ
phi0690.phi003.perseus-lat1.tb.xml@46,15,pectore,pectus,NOUN
phi0690.phi003.perseus-lat1.tb.xml@46,16,possit,possum,VERB
phi0690.phi003.perseus-lat1.tb.xml@46,17,excussisse,excutio,VERB
phi0690.phi003.perseus-lat1.tb.xml@46,18,deum,deus,NOUN
phi0690.phi003.perseus-lat1.tb.xml@46,19,.,.,PUNCT
phi0690.phi003.perseus-lat1.tb.xml@50,1,Sed,sed,CCONJ
phi0690.phi003.perseus-lat1.tb.xml@50,2,terrae,terra,NOUN
phi0690.phi003.perseus-lat1.tb.xml@50,3,graviora,gravis,ADJ
phi0690.phi003.perseus-lat1.tb.xml@50,4,manent,maneo,VERB
phi0690.phi003.perseus-lat1.tb.xml@50,5,.,.,PUNCT
phi0690.phi003.perseus-lat1.tb.xml@51,1,In,in,ADP
phi0690.phi003.perseus-lat1.tb.xml@51,2,regna,regnum,NOUN
phi0690.phi003.perseus-lat1.tb.xml@51,3,Lavini,Lavinium,PROPN
phi0690.phi003.perseus-lat1.tb.xml@51,4,Dardanidae,Dardanides,PROPN
phi0690.phi003.perseus-lat1.tb.xml@51,5,venient,venio,VERB
phi0690.phi003.perseus-lat1.tb.xml@51,6,;,;,PUNCT
phi0690.phi003.perseus-lat1.tb.xml@52,1,mitte,mitto,VERB
phi0690.phi003.perseus-lat1.tb.xml@52,2,hanc,hic,DET
phi0690.phi003.perseus-lat1.tb.xml@52,3,de,de,ADP
phi0690.phi003.perseus-lat1.tb.xml@52,4,pectore,pectus,NOUN
phi0690.phi003.perseus-lat1.tb.xml@52,5,curam,cura,NOUN
phi0690.phi003.perseus-lat1.tb.xml@52,6,;,;,PUNCT
phi0690.phi003.perseus-lat1.tb.xml@53,1,sed,sed,CCONJ
phi0690.phi003.perseus-lat1.tb.xml@53,2,non,non,PART
phi0690.phi003.perseus-lat1.tb.xml@53,3,et,et,CCONJ
phi0690.phi003.perseus-lat1.tb.xml@53,4,venisse,venio,VERB
phi0690.phi003.perseus-lat1.tb.xml@53,5,volent,volo,VERB
phi0690.phi003.perseus-lat1.tb.xml@53,6,.,.,PUNCT
phi0690.phi003.perseus-lat1.tb.xml@55,1,Non,non,PART
phi0690.phi003.perseus-lat1.tb.xml@55,2,Simois,Simois,PROPN
phi0690.phi003.perseus-lat1.tb.xml@55,3,tibi,tu,PRON
phi0690.phi003.perseus-lat1.tb.xml@55,4,",",",",PUNCT
phi0690.phi003.perseus-lat1.tb.xml@55,5,nec,neque,CCONJ
phi0690.phi003.perseus-lat1.tb.xml@55,6,Xanthus,Xanthus,NOUN
phi0690.phi003.perseus-lat1.tb.xml@55,7,",",",",PUNCT
phi0690.phi003.perseus-lat1.tb.xml@55,8,nec,neque,CCONJ
phi0690.phi003.perseus-lat1.tb.xml@55,9,Dorica,Doricus,ADJ
phi0690.phi003.perseus-lat1.tb.xml@55,10,castra,castrum,NOUN
phi0690.phi003.perseus-lat1.tb.xml@55,11,defuerint,desum,VERB
phi0690.phi003.perseus-lat1.tb.xml@55,12,;,;,PUNCT
phi0690.phi003.perseus-lat1.tb.xml@56,1,alius,alius,DET
phi0690.phi003.perseus-lat1.tb.xml@56,2,Latio,Latium,PROPN
phi0690.phi003.perseus-lat1.tb.xml@56,3,iam,iam,ADV
phi0690.phi003.perseus-lat1.tb.xml@56,4,partus,pario,VERB
phi0690.phi003.perseus-lat1.tb.xml@56,5,Achilles,Achilles,PROPN
phi0690.phi003.perseus-lat1.tb.xml@56,6,",",",",PUNCT
phi0690.phi003.perseus-lat1.tb.xml@56,7,natus,nascor,VERB
phi0690.phi003.perseus-lat1.tb.xml@56,8,et,et,CCONJ
phi0690.phi003.perseus-lat1.tb.xml@56,9,ipse,ipse,DET
phi0690.phi003.perseus-lat1.tb.xml@56,10,dea,dea,NOUN
phi0690.phi003.perseus-lat1.tb.xml@56,11,;,;,PUNCT
phi0690.phi003.perseus-lat1.tb.xml@57,1,nec,neque,CCONJ
phi0690.phi003.perseus-lat1.tb.xml@57,2,Teucris,Teucer,PROPN
phi0690.phi003.perseus-lat1.tb.xml@57,3,addita,addo,VERB
phi0690.phi003.perseus-lat1.tb.xml@57,4,Iuno,Iuno,PROPN
phi0690.phi003.perseus-lat1.tb.xml@57,5,usquam,usquam,ADV
phi0690.phi003.perseus-lat1.tb.xml@57,6,aberit,absum,VERB
phi0690.phi003.perseus-lat1.tb.xml@57,7,;,;,PUNCT
phi0690.phi003.perseus-lat1.tb.xml@60,1,Tu,tu,PRON
phi0690.phi003.perseus-lat1.tb.xml@60,2,ne,ne,ADV
phi0690.phi003.perseus-lat1.tb.xml@60,3,cede,cedo,VERB
phi0690.phi003.perseus-lat1.tb.xml@60,4,malis,malus,ADJ
phi0690.phi003.perseus-lat1.tb.xml@60,5,",",",",PUNCT
phi0690.phi003.perseus-lat1.tb.xml@60,6,sed,sed,CCONJ
phi0690.phi003.perseus-lat1.tb.xml@60,7,contra,contra,ADV
phi0690.phi003.perseus-lat1.tb.xml@60,8,audentior,audeo,VERB
phi0690.phi003.perseus-lat1.tb.xml@60,9,ito,eo,VERB
phi0690.phi003.perseus-lat1.tb.xml@60,10,",",",",PUNCT
phi0690.phi003.perseus-lat1.tb.xml@60,11,qua,qua,ADV
phi0690.phi003.perseus-lat1.tb.xml@60,12,tua,tuus,DET
phi0690.phi003.perseus-lat1.tb.xml@60,13,te,tu,PRON
phi0690.phi003.perseus-lat1.tb.xml@60,14,Fortuna,fortuna,NOUN
phi0690.phi003.perseus-lat1.tb.xml@60,15,sinet,sino,VERB
phi0690.phi003.perseus-lat1.tb.xml@60,16,.,.,PUNCT
phi0690.phi003.perseus-lat1.tb.xml@63,1,ea,is,DET
phi0690.phi003.perseus-lat1.tb.xml@63,2,frena,frenum,NOUN
phi0690.phi003.perseus-lat1.tb.xml@63,3,furenti,furo,VERB
phi0690.phi003.perseus-lat1.tb.xml@63,4,concutit,concutio,VERB
phi0690.phi003.perseus-lat1.tb.xml@63,5,",",",",PUNCT
phi0690.phi003.perseus-lat1.tb.xml@63,6,et,et,CCONJ
phi0690.phi003.perseus-lat1.tb.xml@63,7,stimulos,stimulus,NOUN
phi0690.phi003.perseus-lat1.tb.xml@63,8,sub,sub,ADP
phi0690.phi003.perseus-lat1.tb.xml@63,9,pectore,pectus,NOUN
phi0690.phi003.perseus-lat1.tb.xml@63,10,vertit,verto,VERB
phi0690.phi003.perseus-lat1.tb.xml@63,11,Apollo,Apollo,PROPN
phi0690.phi003.perseus-lat1.tb.xml@63,12,.,.,PUNCT
phi0690.phi003.perseus-lat1.tb.xml@64,1,Ut,ut,SCONJ
phi0690.phi003.perseus-lat1.tb.xml@64,2,primum,primus,ADV
phi0690.phi003.perseus-lat1.tb.xml@64,3,cessit,cedo,VERB
phi0690.phi003.perseus-lat1.tb.xml@64,4,furor,furor,NOUN
phi0690.phi003.perseus-lat1.tb.xml@64,5,et,et,CCONJ
phi0690.phi003.perseus-lat1.tb.xml@64,6,rabida,rabidus,ADJ
phi0690.phi003.perseus-lat1.tb.xml@64,7,ora,os,NOUN
phi0690.phi003.perseus-lat1.tb.xml@64,8,quierunt,quiesco,VERB
phi0690.phi003.perseus-lat1.tb.xml@64,9,",",",",PUNCT
phi0690.phi003.perseus-lat1.tb.xml@64,10,incipit,incipio,VERB
phi0690.phi003.perseus-lat1.tb.xml@64,11,Aeneas,Aeneas,PROPN
phi0690.phi003.perseus-lat1.tb.xml@64,12,heros,heros,NOUN
phi0690.phi003.perseus-lat1.tb.xml@64,13,:,:,PUNCT
phi0690.phi003.perseus-lat1.tb.xml@66,1,omnia,omnis,DET
phi0690.phi003.perseus-lat1.tb.xml@66,2,praecepi,praecipio,VERB
phi0690.phi003.perseus-lat1.tb.xml@66,3,atque,atque,CCONJ
phi0690.phi003.perseus-lat1.tb.xml@66,4,animo,animus,NOUN
phi0690.phi003.perseus-lat1.tb.xml@66,5-6,mecum,_,_
phi0690.phi003.perseus-lat1.tb.xml@66,5,me,ego,PRON
phi0690.phi003.perseus-lat1.tb.xml@66,6,cum,cum,ADP
phi0690.phi003.perseus-lat1.tb.xml@66,7,ante,ante,ADV
phi0690.phi003.perseus-lat1.tb.xml@66,8,peregi,perago,VERB
phi0690.phi003.perseus-lat1.tb.xml@66,9,.,.,PUNCT
phi0690.phi003.perseus-lat1.tb.xml@67,1,Unum,unus,NUM
phi0690.phi003.perseus-lat1.tb.xml@67,2,oro,oro,VERB
phi0690.phi003.perseus-lat1.tb.xml@67,3,.,.,PUNCT
phi0690.phi003.perseus-lat1.tb.xml@69,1,doceas,doceo,VERB
phi0690.phi003.perseus-lat1.tb.xml@69,2,iter,iter,NOUN
phi0690.phi003.perseus-lat1.tb.xml@69,3,et,et,CCONJ
phi0690.phi003.perseus-lat1.tb.xml@69,4,sacra,sacer,ADJ
phi0690.phi003.perseus-lat1.tb.xml@69,5,ostia,ostium,NOUN
phi0690.phi003.perseus-lat1.tb.xml@69,6,pandas,pando,VERB
phi0690.phi003.perseus-lat1.tb.xml@69,7,.,.,PUNCT
phi0690.phi003.perseus-lat1.tb.xml@72,1,Quin,quin,SCONJ
phi0690.phi003.perseus-lat1.tb.xml@72,2,",",",",PUNCT
phi0690.phi003.perseus-lat1.tb.xml@72,3,ut,ut,SCONJ
phi0690.phi003.perseus-lat1.tb.xml@72,4,te,tu,PRON
phi0690.phi003.perseus-lat1.tb.xml@72,5,supplex,supplex,ADJ
phi0690.phi003.perseus-lat1.tb.xml@72,6,peterem,peto,VERB
phi0690.phi003.perseus-lat1.tb.xml@72,7,et,et,CCONJ
phi0690.phi003.perseus-lat1.tb.xml@72,8,tua,tuus,DET
phi0690.phi003.perseus-lat1.tb.xml@72,9,limina,limen,NOUN
phi0690.phi003.perseus-lat1.tb.xml@72,10,adirem,adeo,VERB
phi0690.phi003.perseus-lat1.tb.xml@72,11,",",",",PUNCT
phi0690.phi003.perseus-lat1.tb.xml@72,12,idem,idem,DET
phi0690.phi003.perseus-lat1.tb.xml@72,13,orans,oro,VERB
phi0690.phi003.perseus-lat1.tb.xml@72,14,mandata,mando,VERB
phi0690.phi003.perseus-lat1.tb.xml@72,15,dabat,do,VERB
phi0690.phi003.perseus-lat1.tb.xml@72,16,.,.,PUNCT
phi0690.phi003.perseus-lat1.tb.xml@78,1,noctes,nox,NOUN
phi0690.phi003.perseus-lat1.tb.xml@78,2,atque,atque,CCONJ
phi0690.phi003.perseus-lat1.tb.xml@78,3,dies,dies,NOUN
phi0690.phi003.perseus-lat1.tb.xml@78,4,patet,pateo,VERB
phi0690.phi003.perseus-lat1.tb.xml@78,5,atri,ater,ADJ
phi0690.phi003.perseus-lat1.tb.xml@78,6,ianua,ianua,NOUN
phi0690.phi003.perseus-lat1.tb.xml@78,7,Ditis,Dis,PROPN
phi0690.phi003.perseus-lat1.tb.xml@78,8,;,;,PUNCT
phi0690.phi003.perseus-lat1.tb.xml@80,1,Pauci,paucus,DET
phi0690.phi003.perseus-lat1.tb.xml@80,2,",",",",PUNCT
phi0690.phi003.perseus-lat1.tb.xml@80,3,quos,qui,PRON
phi0690.phi003.perseus-lat1.tb.xml@80,4,aequus,aequus,ADJ
phi0690.phi003.perseus-lat1.tb.xml@80,5,amavit,amo,VERB
phi0690.phi003.perseus-lat1.tb.xml@80,6,Iuppiter,Iuppiter,PROPN
phi0690.phi003.perseus-lat1.tb.xml@80,7,",",",",PUNCT
phi0690.phi003.perseus-lat1.tb.xml@80,8,aut,aut,CCONJ
phi0690.phi003.perseus-lat1.tb.xml@80,9,ardens,ardeo,VERB
phi0690.phi003.perseus-lat1.tb.xml@80,10,evexit,eveho,VERB
phi0690.phi003.perseus-lat1.tb.xml@80,11,ad,ad,ADP
phi0690.phi003.perseus-lat1.tb.xml@80,12,aethera,aether,NOUN
phi0690.phi003.perseus-lat1.tb.xml@80,13,virtus,virtus,NOUN
phi0690.phi003.perseus-lat1.tb.xml@80,14,",",",",PUNCT
phi0690.phi003.perseus-lat1.tb.xml@80,15,dis,deus,NOUN
phi0690.phi003.perseus-lat1.tb.xml@80,16,geniti,gigno,VERB
phi0690.phi003.perseus-lat1.tb.xml@80,17,potuere,possum,VERB
phi0690.phi003.perseus-lat1.tb.xml@80,18,.,.,PUNCT
phi0690.phi003.perseus-lat1.tb.xml@83,1,Latet,lateo,VERB
phi0690.phi003.perseus-lat1.tb.xml@83,2,arbore,arbor,NOUN
phi0690.phi003.perseus-lat1.tb.xml@83,3,opaca,opacus,ADJ
phi0690.phi003.perseus-lat1.tb.xml@83,4,aureus,aureus,ADJ
phi0690.phi003.perseus-lat1.tb.xml@83,5,et,et,CCONJ
phi0690.phi003.perseus-lat1.tb.xml@83,6,foliis,folium,NOUN
phi0690.phi003.perseus-lat1.tb.xml@83,7,et,et,CCONJ
phi0690.phi003.perseus-lat1.tb.xml@83,8,lento,lentus,ADJ
phi0690.phi003.perseus-lat1.tb.xml@83,9,vimine,vimen,NOUN
phi0690.phi003.perseus-lat1.tb.xml@83,10,ramus,ramus,NOUN
phi0690.phi003.perseus-lat1.tb.xml@83,11,",",",",PUNCT
phi0690.phi003.perseus-lat1.tb.xml@83,12,Iunoni,Iuno,PROPN
phi0690.phi003.perseus-lat1.tb.xml@83,13,infernae,infernus,ADJ
phi0690.phi003.perseus-lat1.tb.xml@83,14,dictus,dico,VERB
phi0690.phi003.perseus-lat1.tb.xml@83,15,sacer,sacer,ADJ
phi0690.phi003.perseus-lat1.tb.xml@83,16,;,;,PUNCT
phi0690.phi003.perseus-lat1.tb.xml@84,1,hunc,hic,DET
phi0690.phi003.perseus-lat1.tb.xml@84,2,tegit,tego,VERB
phi0690.phi003.perseus-lat1.tb.xml@84,3,omnis,omnis,DET
phi0690.phi003.perseus-lat1.tb.xml@84,4,lucus,lucus,NOUN
phi0690.phi003.perseus-lat1.tb.xml@84,5,",",",",PUNCT
phi0690.phi003.perseus-lat1.tb.xml@84,6,et,et,CCONJ
phi0690.phi003.perseus-lat1.tb.xml@84,7,obscuris,obscurus,ADJ
phi0690.phi003.perseus-lat1.tb.xml@84,8,claudunt,claudo,VERB
phi0690.phi003.perseus-lat1.tb.xml@84,9,convallibus,convallis,NOUN
phi0690.phi003.perseus-lat1.tb.xml@84,10,umbrae,umbra,NOUN
phi0690.phi003.perseus-lat1.tb.xml@84,11,.,.,PUNCT
phi0690.phi003.perseus-lat1.tb.xml@85,1,Sed,sed,CCONJ
phi0690.phi003.perseus-lat1.tb.xml@85,2,non,non,PART
phi0690.phi003.perseus-lat1.tb.xml@85,3,ante,ante,ADV
phi0690.phi003.perseus-lat1.tb.xml@85,4,datur,do,VERB
phi0690.phi003.perseus-lat1.tb.xml@85,5,telluris,tellus,NOUN
phi0690.phi003.perseus-lat1.tb.xml@85,6,operta,operio,VERB
phi0690.phi003.perseus-lat1.tb.xml@85,7,subire,subeo,VERB
phi0690.phi003.perseus-lat1.tb.xml@85,8,",",",",PUNCT
phi0690.phi003.perseus-lat1.tb.xml@85,9,auricomos,auricomus,ADJ
phi0690.phi003.perseus-lat1.tb.xml@85,10,quam,quam,ADV
phi0690.phi003.perseus-lat1.tb.xml@85,11,quis,quis,PRON
phi0690.phi003.perseus-lat1.tb.xml@85,12,decerpserit,decerpo,VERB
phi0690.phi003.perseus-lat1.tb.xml@85,13,arbore,arbor,NOUN
phi0690.phi003.perseus-lat1.tb.xml@85,14,fetus,fetus,NOUN
phi0690.phi003.perseus-lat1.tb.xml@85,15,.,.,PUNCT
phi0690.phi003.perseus-lat1.tb.xml@86,1,Hoc,hic,DET
phi0690.phi003.perseus-lat1.tb.xml@86,2,sibi,sui,PRON
phi0690.phi003.perseus-lat1.tb.xml@86,3,pulchra,pulcher,ADJ
phi0690.phi003.perseus-lat1.tb.xml@86,4,suum,suus,DET
phi0690.phi003.perseus-lat1.tb.xml@86,5,ferri,fero,VERB
phi0690.phi003.perseus-lat1.tb.xml@86,6,Proserpina,Proserpina,PROPN
phi0690.phi003.perseus-lat1.tb.xml@86,7,munus,munus,NOUN
phi0690.phi003.perseus-lat1.tb.xml@86,8,instituit,instituo,VERB
phi0690.phi003.perseus-lat1.tb.xml@86,9,.,.,PUNCT
phi0690.phi003.perseus-lat1.tb.xml@87,1,Primo,primus,ADJ
phi0690.phi003.perseus-lat1.tb.xml@87,2,avulso,avello,VERB
phi0690.phi003.perseus-lat1.tb.xml@87,3,non,non,PART
phi0690.phi003.perseus-lat1.tb.xml@87,4,deficit,deficio,VERB
phi0690.phi003.perseus-lat1.tb.xml@87,5,alter,alter,DET
phi0690.phi003.perseus-lat1.tb.xml@87,6,aureus,aureus,ADJ
phi0690.phi003.perseus-lat1.tb.xml@87,7,",",",",PUNCT
phi0690.phi003.perseus-lat1.tb.xml@87,8,et,et,CCONJ
phi0690.phi003.perseus-lat1.tb.xml@87,9,simili,similis,ADJ
phi0690.phi003.perseus-lat1.tb.xml@87,10,frondescit,frondesco,VERB
phi0690.phi003.perseus-lat1.tb.xml@87,11,virga,virga,NOUN
phi0690.phi003.perseus-lat1.tb.xml@87,12,metallo,metallum,NOUN
phi0690.phi003.perseus-lat1.tb.xml@87,13,.,.,PUNCT
phi0690.phi003.perseus-lat1.tb.xml@88,1,Ergo,ergo,ADV
phi0690.phi003.perseus-lat1.tb.xml@88,2,alte,altus,ADV
phi0690.phi003.perseus-lat1.tb.xml@88,3,vestiga,vestigo,VERB
phi0690.phi003.perseus-lat1.tb.xml@88,4,oculis,oculus,NOUN
phi0690.phi003.perseus-lat1.tb.xml@88,5,",",",",PUNCT
phi0690.phi003.perseus-lat1.tb.xml@88,6,et,et,CCONJ
phi0690.phi003.perseus-lat1.tb.xml@88,7,rite,rite,ADV
phi0690.phi003.perseus-lat1.tb.xml@88,8,repertum,reperio,VERB
phi0690.phi003.perseus-lat1.tb.xml@88,9,carpe,carpo,VERB
phi0690.phi003.perseus-lat1.tb.xml@88,10,manu,manus,NOUN
phi0690.phi003.perseus-lat1.tb.xml@88,11,;,;,PUNCT
phi0690.phi003.perseus-lat1.tb.xml@90,1,aliter,alius,ADV
phi0690.phi003.perseus-lat1.tb.xml@90,2,non,non,PART
phi0690.phi003.perseus-lat1.tb.xml@90,3,viribus,vis,NOUN
phi0690.phi003.perseus-lat1.tb.xml@90,4,ullis,ullus,DET
phi0690.phi003.perseus-lat1.tb.xml@90,5,vincere,vinco,VERB
phi0690.phi003.perseus-lat1.tb.xml@90,6,",",",",PUNCT
phi0690.phi003.perseus-lat1.tb.xml@90,7,nec,neque,CCONJ
phi0690.phi003.perseus-lat1.tb.xml@90,8,duro,durus,ADJ
phi0690.phi003.perseus-lat1.tb.xml@90,9,poteris,possum,VERB
phi0690.phi003.perseus-lat1.tb.xml@90,10,convellere,convello,VERB
phi0690.phi003.perseus-lat1.tb.xml@90,11,ferro,ferrum,NOUN
phi0690.phi003.perseus-lat1.tb.xml@90,12,.,.,PUNCT
phi0690.phi003.perseus-lat1.tb.xml@92,1,Sedibus,sedes,NOUN
phi0690.phi003.perseus-lat1.tb.xml@92,2,hunc,hic,DET
phi0690.phi003.perseus-lat1.tb.xml@92,3,refer,refero,VERB
phi0690.phi003.perseus-lat1.tb.xml@92,4,ante,ante,ADV
phi0690.phi003.perseus-lat1.tb.xml@92,5,suis,suus,DET
phi0690.phi003.perseus-lat1.tb.xml@92,6,et,et,CCONJ
phi0690.phi003.perseus-lat1.tb.xml@92,7,conde,condo,VERB
phi0690.phi003.perseus-lat1.tb.xml@92,8,sepulchro,sepulcrum,NOUN
phi0690.phi003.perseus-lat1.tb.xml@92,9,.,.,PUNCT
phi0690.phi003.perseus-lat1.tb.xml@93,1,Duc,duco,VERB
phi0690.phi003.perseus-lat1.tb.xml@93,2,nigras,niger,ADJ
phi0690.phi003.perseus-lat1.tb.xml@93,3,pecudes,pecus,NOUN
phi0690.phi003.perseus-lat1.tb.xml@93,4,;,;,PUNCT
phi0690.phi003.perseus-lat1.tb.xml@94,1,ea,is,PRON
phi0690.phi003.perseus-lat1.tb.xml@94,2,prima,primus,ADJ
phi0690.phi003.perseus-lat1.tb.xml@94,3,piacula,piaculum,NOUN
phi0690.phi003.perseus-lat1.tb.xml@94,4,sunto,sum,AUX
phi0690.phi003.perseus-lat1.tb.xml@94,5,:,:,PUNCT
phi0690.phi003.perseus-lat1.tb.xml@95,1,sic,sic,ADV
phi0690.phi003.perseus-lat1.tb.xml@95,2,demum,demum,ADV
phi0690.phi003.perseus-lat1.tb.xml@95,3,lucos,lucus,NOUN
phi0690.phi003.perseus-lat1.tb.xml@95,4,Stygis,Styx,PROPN
phi0690.phi003.perseus-lat1.tb.xml@95,5,et,et,CCONJ
phi0690.phi003.perseus-lat1.tb.xml@95,6,regna,regnum,NOUN
phi0690.phi003.perseus-lat1.tb.xml@95,7,invia,invius,ADJ
phi0690.phi003.perseus-lat1.tb.xml@95,8,vivis,vivus,ADJ
phi0690.phi003.perseus-lat1.tb.xml@95,9,aspicies,aspicio,VERB
phi0690.phi003.perseus-lat1.tb.xml@95,10,.,.,PUNCT
phi0690.phi003.perseus-lat1.tb.xml@95,11,',',PUNCT
phi0690.phi003.perseus-lat1.tb.xml@98,1,Cui,qui,PRON
phi0690.phi003.perseus-lat1.tb.xml@98,2,fidus,fidus,ADJ
phi0690.phi003.perseus-lat1.tb.xml@98,3,Achates,Achates,PROPN
phi0690.phi003.perseus-lat1.tb.xml@98,4,it,eo,VERB
phi0690.phi003.perseus-lat1.tb.xml@98,5,comes,comes,NOUN
phi0690.phi003.perseus-lat1.tb.xml@98,6,",",",",PUNCT
phi0690.phi003.perseus-lat1.tb.xml@98,7,et,et,CCONJ
phi0690.phi003.perseus-lat1.tb.xml@98,8,paribus,par,ADJ
phi0690.phi003.perseus-lat1.tb.xml@98,9,curis,cura,NOUN
phi0690.phi003.perseus-lat1.tb.xml@98,10,vestigia,vestigium,NOUN
phi0690.phi003.perseus-lat1.tb.xml@98,11,figit,figo,VERB
phi0690.phi003.perseus-lat1.tb.xml@98,12,.,.,PUNCT
phi0690.phi003.perseus-lat1.tb.xml@101,1,Hectoris,Hector,PROPN
phi0690.phi003.perseus-lat1.tb.xml@101,2,hic,hic,DET
phi0690.phi003.perseus-lat1.tb.xml@101,3,magni,magnus,ADJ
phi0690.phi003.perseus-lat1.tb.xml@101,4,fuerat,sum,AUX
phi0690.phi003.perseus-lat1.tb.xml@101,5,comes,comes,NOUN
phi0690.phi003.perseus-lat1.tb.xml@101,6,",",",",PUNCT
phi0690.phi003.perseus-lat1.tb.xml@101,7,Hectora,Hector,PROPN
phi0690.phi003.perseus-lat1.tb.xml@101,8,circum,circum,ADP
phi0690.phi003.perseus-lat1.tb.xml@101,9,et,et,CCONJ
phi0690.phi003.perseus-lat1.tb.xml@101,10,lituo,lituus,NOUN
phi0690.phi003.perseus-lat1.tb.xml@101,11,pugnas,pugna,NOUN
phi0690.phi003.perseus-lat1.tb.xml@101,12,insignis,insignis,ADJ
phi0690.phi003.perseus-lat1.tb.xml@101,13,obibat,obeo,VERB
phi0690.phi003.perseus-lat1.tb.xml@101,14,et,et,CCONJ
phi0690.phi003.perseus-lat1.tb.xml@101,15,hasta,hasta,NOUN
phi0690.phi003.perseus-lat1.tb.xml@101,16,:,:,PUNCT
phi0690.phi003.perseus-lat1.tb.xml@102,1,postquam,postquam,SCONJ
phi0690.phi003.perseus-lat1.tb.xml@102,2,illum,ille,DET
phi0690.phi003.perseus-lat1.tb.xml@102,3,vita,vita,NOUN
phi0690.phi003.perseus-lat1.tb.xml@102,4,victor,victor,NOUN
phi0690.phi003.perseus-lat1.tb.xml@102,5,spoliavit,spolio,VERB
phi0690.phi003.perseus-lat1.tb.xml@102,6,Achilles,Achilles,PROPN
phi0690.phi003.perseus-lat1.tb.xml@102,7,",",",",PUNCT
phi0690.phi003.perseus-lat1.tb.xml@102,8,Dardanio,Dardanius,ADJ
phi0690.phi003.perseus-lat1.tb.xml@102,9,Aeneae,Aeneas,PROPN
phi0690.phi003.perseus-lat1.tb.xml@102,10,sese,sui,PRON
phi0690.phi003.perseus-lat1.tb.xml@102,11,fortissimus,fortis,ADJ
phi0690.phi003.perseus-lat1.tb.xml@102,12,heros,heros,NOUN
phi0690.phi003.perseus-lat1.tb.xml@102,13,addiderat,addo,VERB
phi0690.phi003.perseus-lat1.tb.xml@102,14,socium,socius,NOUN
phi0690.phi003.perseus-lat1.tb.xml@102,15,",",",",PUNCT
phi0690.phi003.perseus-lat1.tb.xml@102,16,non,non,PART
phi0690.phi003.perseus-lat1.tb.xml@102,17,inferiora,inferus,ADJ
phi0690.phi003.perseus-lat1.tb.xml@102,18,secutus,sequor,VERB
phi0690.phi003.perseus-lat1.tb.xml@102,19,.,.,PUNCT
phi0690.phi003.perseus-lat1.tb.xml@103,1,Sed,sed,CCONJ
phi0690.phi003.perseus-lat1.tb.xml@103,2,tum,tum,ADV
phi0690.phi003.perseus-lat1.tb.xml@103,3,",",",",PUNCT
phi0690.phi003.perseus-lat1.tb.xml@103,4,forte,fors,NOUN
phi0690.phi003.perseus-lat1.tb.xml@103,5,cava,cavus,ADJ
phi0690.phi003.perseus-lat1.tb.xml@103,6,dum,dum,SCONJ
phi0690.phi003.perseus-lat1.tb.xml@103,7,personat,persono,VERB
phi0690.phi003.perseus-lat1.tb.xml@103,8,aequora,aequor,NOUN
phi0690.phi003.perseus-lat1.tb.xml@103,9,concha,concha,NOUN
phi0690.phi003.perseus-lat1.tb.xml@103,10,",",",",PUNCT
phi0690.phi003.perseus-lat1.tb.xml@103,11,demens,demens,ADJ
phi0690.phi003.perseus-lat1.tb.xml@103,12,",",",",PUNCT
phi0690.phi003.perseus-lat1.tb.xml@103,13,et,et,CCONJ
phi0690.phi003.perseus-lat1.tb.xml@103,14,cantu,cantus,NOUN
phi0690.phi003.perseus-lat1.tb.xml@103,15,vocat,voco,VERB
phi0690.phi003.perseus-lat1.tb.xml@103,16,in,in,ADP
phi0690.phi003.perseus-lat1.tb.xml@103,17,certamina,certamen,NOUN
phi0690.phi003.perseus-lat1.tb.xml@103,18,divos,divus,ADJ
phi0690.phi003.perseus-lat1.tb.xml@103,19,",",",",PUNCT
phi0690.phi003.perseus-lat1.tb.xml@103,20,aemulus,aemulus,ADJ
phi0690.phi003.perseus-lat1.tb.xml@103,21,exceptum,excipio,VERB
phi0690.phi003.perseus-lat1.tb.xml@103,22,Triton,Triton,PROPN
phi0690.phi003.perseus-lat1.tb.xml@103,23,",",",",PUNCT
phi0690.phi003.perseus-lat1.tb.xml@103,24,si,si,SCONJ
phi0690.phi003.perseus-lat1.tb.xml@103,25,credere,credo,VERB
phi0690.phi003.perseus-lat1.tb.xml@103,26,dignum,dignus,ADJ
phi0690.phi003.perseus-lat1.tb.xml@103,27,est,sum,AUX
phi0690.phi003.perseus-lat1.tb.xml@103,28,",",",",PUNCT
phi0690.phi003.perseus-lat1.tb.xml@103,29,inter,inter,ADP
phi0690.phi003.perseus-lat1.tb.xml@103,30,saxa,saxum,NOUN
phi0690.phi003.perseus-lat1.tb.xml@103,31,virum,vir,NOUN
phi0690.phi003.perseus-lat1.tb.xml@103,32,spumosa,spumosus,ADJ
phi0690.phi003.perseus-lat1.tb.xml@103,33,inmerserat,inmergo,VERB
phi0690.phi003.perseus-lat1.tb.xml@103,34,unda,unda,NOUN
phi0690.phi003.perseus-lat1.tb.xml@103,35,.,.,PUNCT
phi0690.phi003.perseus-lat1.tb.xml@104,1,Ergo,ergo,ADV
phi0690.phi003.perseus-lat1.tb.xml@104,2,omnes,omnis,DET
phi0690.phi003.perseus-lat1.tb.xml@104,3,magno,magnus,ADJ
phi0690.phi003.perseus-lat1.tb.xml@104,4,circum,circum,ADV
phi0690.phi003.perseus-lat1.tb.xml@104,5,clamore,clamor,NOUN
phi0690.phi003.perseus-lat1.tb.xml@104,6,fremebant,fremo,VERB
phi0690.phi003.perseus-lat1.tb.xml@104,7,",",",",PUNCT
phi0690.phi003.perseus-lat1.tb.xml@104,8,praecipue,praecipuus,ADV
phi0690.phi003.perseus-lat1.tb.xml@104,9,pius,pius,ADJ
phi0690.phi003.perseus-lat1.tb.xml@104,10,Aeneas,Aeneas,PROPN
phi0690.phi003.perseus-lat1.tb.xml@104,11,.,.,PUNCT
phi0690.phi003.perseus-lat1.tb.xml@115,1,Sic,sic,ADV
phi0690.phi003.perseus-lat1.tb.xml@115,2,effatus,effor,VERB
phi0690.phi003.perseus-lat1.tb.xml@115,3,vestigia,vestigium,NOUN
phi0690.phi003.perseus-lat1.tb.xml@115,4,pressit,premo,VERB
phi0690.phi003.perseus-lat1.tb.xml@115,5,",",",",PUNCT
phi0690.phi003.perseus-lat1.tb.xml@115,6,observans,observo,VERB
phi0690.phi003.perseus-lat1.tb.xml@115,7,quae,qui,DET
phi0690.phi003.perseus-lat1.tb.xml@115,8,signa,signum,NOUN
phi0690.phi003.perseus-lat1.tb.xml@115,9,ferant,fero,VERB
phi0690.phi003.perseus-lat1.tb.xml@115,10,",",",",PUNCT
phi0690.phi003.perseus-lat1.tb.xml@115,11,quo,quo,ADV
phi0690.phi003.perseus-lat1.tb.xml@115,12,tendere,tendo,VERB
phi0690.phi003.perseus-lat1.tb.xml@115,13,pergant,pergo,VERB
phi0690.phi003.perseus-lat1.tb.xml@115,14,.,.,PUNCT
phi0690.phi003.perseus-lat1.tb.xml@116,1,Pascentes,pasco,VERB
phi0690.phi003.perseus-lat1.tb.xml@116,2,illae,ille,DET
phi0690.phi003.perseus-lat1.tb.xml@116,3,tantum,tantus,ADV
phi0690.phi003.perseus-lat1.tb.xml@116,4,prodire,prodeo,VERB
phi0690.phi003.perseus-lat1.tb.xml@116,5,volando,volo,VERB
phi0690.phi003.perseus-lat1.tb.xml@116,6,",",",",PUNCT
phi0690.phi003.perseus-lat1.tb.xml@116,7,quantum,quantus,ADV
phi0690.phi003.perseus-lat1.tb.xml@116,8,acie,acies,NOUN
phi0690.phi003.perseus-lat1.tb.xml@116,9,possent,possum,VERB
phi0690.phi003.perseus-lat1.tb.xml@116,10,oculi,oculus,NOUN
phi0690.phi003.perseus-lat1.tb.xml@116,11,servare,servo,VERB
phi0690.phi003.perseus-lat1.tb.xml@116,12,sequentum,sequor,VERB
phi0690.phi003.perseus-lat1.tb.xml@116,13,.,.,PUNCT
phi0690.phi003.perseus-lat1.tb.xml@118,1,Quale,qualis,DET
phi0690.phi003.perseus-lat1.tb.xml@118,2,solet,soleo,VERB
phi0690.phi003.perseus-lat1.tb.xml@118,3,silvis,silva,NOUN
phi0690.phi003.perseus-lat1.tb.xml@118,4,brumali,brumalis,ADJ
phi0690.phi003.perseus-lat1.tb.xml@118,5,frigore,frigor,NOUN
phi0690.phi003.perseus-lat1.tb.xml@118,6,viscum,viscum,NOUN
phi0690.phi003.perseus-lat1.tb.xml@118,7,fronde,frons,NOUN
phi0690.phi003.perseus-lat1.tb.xml@118,8,virere,vireo,VERB
phi0690.phi003.perseus-lat1.tb.xml@118,9,nova,novus,ADJ
phi0690.phi003.perseus-lat1.tb.xml@118,10,",",",",PUNCT
phi0690.phi003.perseus-lat1.tb.xml@118,11,quod,qui,PRON
phi0690.phi003.perseus-lat1.tb.xml@118,12,non,non,PART
phi0690.phi003.perseus-lat1.tb.xml@118,13,sua,suus,DET
phi0690.phi003.perseus-lat1.tb.xml@118,14,seminat,semino,VERB
phi0690.phi003.perseus-lat1.tb.xml@118,15,arbos,arbor,NOUN
phi0690.phi003.perseus-lat1.tb.xml@118,16,",",",",PUNCT
phi0690.phi003.perseus-lat1.tb.xml@118,17,et,et,CCONJ
phi0690.phi003.perseus-lat1.tb.xml@118,18,croceo,croceus,ADJ
phi0690.phi003.perseus-lat1.tb.xml@118,19,fetu,fetus,NOUN
phi0690.phi003.perseus-lat1.tb.xml@118,20,teretis,teres,ADJ
phi0690.phi003.perseus-lat1.tb.xml@118,21,circumdare,circumdo,VERB
phi0690.phi003.perseus-lat1.tb.xml@118,22,truncos,truncus,NOUN
phi0690.phi003.perseus-lat1.tb.xml@118,23,",",",",PUNCT
phi0690.phi003.perseus-lat1.tb.xml@118,24,talis,talis,DET
phi0690.phi003.perseus-lat1.tb.xml@118,25,erat,sum,AUX
phi0690.phi003.perseus-lat1.tb.xml@118,26,species,species,NOUN
phi0690.phi003.perseus-lat1.tb.xml@118,27,auri,aurum,NOUN
phi0690.phi003.perseus-lat1.tb.xml@118,28,frondentis,frondeo,VERB
phi0690.phi003.perseus-lat1.tb.xml@118,29,opaca,opacus,ADJ
phi0690.phi003.perseus-lat1.tb.xml@118,30,ilice,ilex,NOUN
phi0690.phi003.perseus-lat1.tb.xml@118,31,",",",",PUNCT
phi0690.phi003.perseus-lat1.tb.xml@118,32,sic,sic,ADV
phi0690.phi003.perseus-lat1.tb.xml@118,33,leni,lenis,ADJ
phi0690.phi003.perseus-lat1.tb.xml@118,34,crepitabat,crepito,VERB
phi0690.phi003.perseus-lat1.tb.xml@118,35,brattea,bractea,NOUN
phi0690.phi003.perseus-lat1.tb.xml@118,36,vento,ventus,NOUN
phi0690.phi003.perseus-lat1.tb.xml@118,37,.,.,PUNCT
phi0690.phi003.perseus-lat1.tb.xml@120,1,nec,neque,CCONJ
phi0690.phi003.perseus-lat1.tb.xml@120,2,minus,parvus,ADV
phi0690.phi003.perseus-lat1.tb.xml@120,3,interea,interea,ADV
phi0690.phi003.perseus-lat1.tb.xml@120,4,Misenum,Misenus,PROPN
phi0690.phi003.perseus-lat1.tb.xml@120,5,in,in,ADP
phi0690.phi003.perseus-lat1.tb.xml@120,6,litore,litus,NOUN
phi0690.phi003.perseus-lat1.tb.xml@120,7,Teucri,Teucer,PROPN
phi0690.phi003.perseus-lat1.tb.xml@120,8,flebant,fleo,VERB
phi0690.phi003.perseus-lat1.tb.xml@120,9,",",",",PUNCT
phi0690.phi003.perseus-lat1.tb.xml@120,10,et,et,CCONJ
phi0690.phi003.perseus-lat1.tb.xml@120,11,cineri,cinis,NOUN
phi0690.phi003.perseus-lat1.tb.xml@120,12,ingrato,ingratus,ADJ
phi0690.phi003.perseus-lat1.tb.xml@120,13,suprema,superus,ADJ
phi0690.phi003.perseus-lat1.tb.xml@120,14,ferebant,fero,VERB
phi0690.phi003.perseus-lat1.tb.xml@120,15,.,.,PUNCT
phi0690.phi003.perseus-lat1.tb.xml@123,1,Fit,fio,VERB
phi0690.phi003.perseus-lat1.tb.xml@123,2,gemitus,gemitus,NOUN
phi0690.phi003.perseus-lat1.tb.xml@123,3,.,.,PUNCT
phi0690.phi003.perseus-lat1.tb.xml@126,1,Congesta,congero,VERB
phi0690.phi003.perseus-lat1.tb.xml@126,2,cremantur,cremo,VERB
phi0690.phi003.perseus-lat1.tb.xml@126,3,turea,tureus,ADJ
phi0690.phi003.perseus-lat1.tb.xml@126,4,dona,donum,NOUN
phi0690.phi003.perseus-lat1.tb.xml@126,5,",",",",PUNCT
phi0690.phi003.perseus-lat1.tb.xml@126,6,dapes,daps,NOUN
phi0690.phi003.perseus-lat1.tb.xml@126,7,",",",",PUNCT
phi0690.phi003.perseus-lat1.tb.xml@126,8,fuso,fundo,VERB
phi0690.phi003.perseus-lat1.tb.xml@126,9,crateres,crater,NOUN
phi0690.phi003.perseus-lat1.tb.xml@126,10,olivo,olivum,NOUN
phi0690.phi003.perseus-lat1.tb.xml@126,11,.,.,PUNCT
phi0690.phi003.perseus-lat1.tb.xml@130,1,His,hic,DET
phi0690.phi003.perseus-lat1.tb.xml@130,2,actis,ago,VERB
phi0690.phi003.perseus-lat1.tb.xml@130,3,",",",",PUNCT
phi0690.phi003.perseus-lat1.tb.xml@130,4,propere,properus,ADV
phi0690.phi003.perseus-lat1.tb.xml@130,5,exsequitur,exsequor,VERB
phi0690.phi003.perseus-lat1.tb.xml@130,6,praecepta,praecipio,VERB
phi0690.phi003.perseus-lat1.tb.xml@130,7,Sibyllae,Sibylla,PROPN
phi0690.phi003.perseus-lat1.tb.xml@130,8,.,.,PUNCT
phi0690.phi003.perseus-lat1.tb.xml@132,1,talis,talis,DET
phi0690.phi003.perseus-lat1.tb.xml@132,2,sese,sui,PRON
phi0690.phi003.perseus-lat1.tb.xml@132,3,halitus,halitus,NOUN
phi0690.phi003.perseus-lat1.tb.xml@132,4,atris,ater,ADJ
phi0690.phi003.perseus-lat1.tb.xml@132,5,faucibus,fauces,NOUN
phi0690.phi003.perseus-lat1.tb.xml@132,6,effundens,effundo,VERB
phi0690.phi003.perseus-lat1.tb.xml@132,7,supera,superus,ADJ
phi0690.phi003.perseus-lat1.tb.xml@132,8,ad,ad,ADP
phi0690.phi003.perseus-lat1.tb.xml@132,9,convexa,convexus,ADJ
phi0690.phi003.perseus-lat1.tb.xml@132,10,ferebat,fero,VERB
phi0690.phi003.perseus-lat1.tb.xml@132,11,:,:,PUNCT
phi0690.phi003.perseus-lat1.tb.xml@133,1,unde,unde,ADV
phi0690.phi003.perseus-lat1.tb.xml@133,2,locum,locus,NOUN
phi0690.phi003.perseus-lat1.tb.xml@133,3,Grai,Graii,PROPN
phi0690.phi003.perseus-lat1.tb.xml@133,4,dixerunt,dico,VERB
phi0690.phi003.perseus-lat1.tb.xml@133,5,nomine,nomen,NOUN
phi0690.phi003.perseus-lat1.tb.xml@133,6,Aornon,Aornos,PROPN
phi0690.phi003.perseus-lat1.tb.xml@133,7,.,.,PUNCT
phi0690.phi003.perseus-lat1.tb.xml@143,1,Tantum,tantus,DET
phi0690.phi003.perseus-lat1.tb.xml@143,2,effata,effor,VERB
phi0690.phi003.perseus-lat1.tb.xml@143,3,",",",",PUNCT
phi0690.phi003.perseus-lat1.tb.xml@143,4,furens,furo,VERB
phi0690.phi003.perseus-lat1.tb.xml@143,5,antro,antrum,NOUN
phi0690.phi003.perseus-lat1.tb.xml@143,6,se,sui,PRON
phi0690.phi003.perseus-lat1.tb.xml@143,7,immisit,immitto,VERB
phi0690.phi003.perseus-lat1.tb.xml@143,8,aperto,aperio,VERB
phi0690.phi003.perseus-lat1.tb.xml@143,9,;,;,PUNCT
phi0690.phi003.perseus-lat1.tb.xml@144,1,ille,ille,DET
phi0690.phi003.perseus-lat1.tb.xml@144,2,ducem,dux,NOUN
phi0690.phi003.perseus-lat1.tb.xml@144,3,haud,haud,PART
phi0690.phi003.perseus-lat1.tb.xml@144,4,timidis,timidus,ADJ
phi0690.phi003.perseus-lat1.tb.xml@144,5,vadentem,vado,VERB
phi0690.phi003.perseus-lat1.tb.xml@144,6,passibus,passus,NOUN
phi0690.phi003.perseus-lat1.tb.xml@144,7,aequat,aequo,VERB
phi0690.phi003.perseus-lat1.tb.xml@144,8,.,.,PUNCT
phi0690.phi003.perseus-lat1.tb.xml@159,1,Portitor,portitor,NOUN
phi0690.phi003.perseus-lat1.tb.xml@159,2,has,hic,DET
phi0690.phi003.perseus-lat1.tb.xml@159,3,horrendus,horreo,VERB
phi0690.phi003.perseus-lat1.tb.xml@159,4,aquas,aqua,NOUN
phi0690.phi003.perseus-lat1.tb.xml@159,5,et,et,CCONJ
phi0690.phi003.perseus-lat1.tb.xml@159,6,flumina,flumen,NOUN
phi0690.phi003.perseus-lat1.tb.xml@159,7,servat,servo,VERB
phi0690.phi003.perseus-lat1.tb.xml@159,8,terribili,terribilis,ADJ
phi0690.phi003.perseus-lat1.tb.xml@159,9,squalore,squalor,NOUN
phi0690.phi003.perseus-lat1.tb.xml@159,10,Charon,Charon,PROPN
phi0690.phi003.perseus-lat1.tb.xml@159,11,",",",",PUNCT
phi0690.phi003.perseus-lat1.tb.xml@159,12,cui,qui,PRON
phi0690.phi003.perseus-lat1.tb.xml@159,13,plurima,multus,DET
phi0690.phi003.perseus-lat1.tb.xml@159,14,mento,mentum,NOUN
phi0690.phi003.perseus-lat1.tb.xml@159,15,canities,canities,NOUN
phi0690.phi003.perseus-lat1.tb.xml@159,16,inculta,incultus,ADJ
phi0690.phi003.perseus-lat1.tb.xml@159,17,iacet,iaceo,VERB
phi0690.phi003.perseus-lat1.tb.xml@159,18,;,;,PUNCT
phi0690.phi003.perseus-lat1.tb.xml@160,1,stant,sto,VERB
phi0690.phi003.perseus-lat1.tb.xml@160,2,lumina,lumen,NOUN
phi0690.phi003.perseus-lat1.tb.xml@160,3,flamma,flamma,NOUN
phi0690.phi003.perseus-lat1.tb.xml@160,4,",",",",PUNCT
phi0690.phi003.perseus-lat1.tb.xml@160,5,sordidus,sordidus,ADJ
phi0690.phi003.perseus-lat1.tb.xml@160,6,ex,ex,ADP
phi0690.phi003.perseus-lat1.tb.xml@160,7,umeris,umerus,NOUN
phi0690.phi003.perseus-lat1.tb.xml@160,8,nodo,nodus,NOUN
phi0690.phi003.perseus-lat1.tb.xml@160,9,dependet,dependeo,VERB
phi0690.phi003.perseus-lat1.tb.xml@160,10,amictus,amictus,NOUN
phi0690.phi003.perseus-lat1.tb.xml@160,11,.,.,PUNCT
phi0690.phi003.perseus-lat1.tb.xml@163,1,quam,qui,ADV
phi0690.phi003.perseus-lat1.tb.xml@163,2,multa,multus,DET
phi0690.phi003.perseus-lat1.tb.xml@163,3,in,in,ADP
phi0690.phi003.perseus-lat1.tb.xml@163,4,silvis,silva,NOUN
phi0690.phi003.perseus-lat1.tb.xml@163,5,autumni,auctumnus,NOUN
phi0690.phi003.perseus-lat1.tb.xml@163,6,frigore,frigor,NOUN
phi0690.phi003.perseus-lat1.tb.xml@163,7,primo,primus,ADJ
phi0690.phi003.perseus-lat1.tb.xml@163,8,lapsa,labor,VERB
phi0690.phi003.perseus-lat1.tb.xml@163,9,cadunt,cado,VERB
phi0690.phi003.perseus-lat1.tb.xml@163,10,folia,folium,NOUN
phi0690.phi003.perseus-lat1.tb.xml@163,11,",",",",PUNCT
phi0690.phi003.perseus-lat1.tb.xml@163,12,aut,aut,CCONJ
phi0690.phi003.perseus-lat1.tb.xml@163,13,ad,ad,ADP
phi0690.phi003.perseus-lat1.tb.xml@163,14,terram,terra,NOUN
phi0690.phi003.perseus-lat1.tb.xml@163,15,gurgite,gurges,NOUN
phi0690.phi003.perseus-lat1.tb.xml@163,16,ab,ab,ADP
phi0690.phi003.perseus-lat1.tb.xml@163,17,alto,altus,ADJ
phi0690.phi003.perseus-lat1.tb.xml@163,18,quam,qui,ADV
phi0690.phi003.perseus-lat1.tb.xml@163,19,multae,multus,DET
phi0690.phi003.perseus-lat1.tb.xml@163,20,glomerantur,glomero,VERB
phi0690.phi003.perseus-lat1.tb.xml@163,21,aves,avis,NOUN
phi0690.phi003.perseus-lat1.tb.xml@163,22,",",",",PUNCT
phi0690.phi003.perseus-lat1.tb.xml@163,23,ubi,ubi,ADV
phi0690.phi003.perseus-lat1.tb.xml@163,24,frigidus,frigidus,ADJ
phi0690.phi003.perseus-lat1.tb.xml@163,25,annus,annus,NOUN
phi0690.phi003.perseus-lat1.tb.xml@163,26,trans,trans,ADP
phi0690.phi003.perseus-lat1.tb.xml@163,27,pontum,pontus,NOUN
phi0690.phi003.perseus-lat1.tb.xml@163,28,fugat,fugo,VERB
phi0690.phi003.perseus-lat1.tb.xml@163,29,",",",",PUNCT
phi0690.phi003.perseus-lat1.tb.xml@163,30,et,et,CCONJ
phi0690.phi003.perseus-lat1.tb.xml@163,31,terris,terra,NOUN
phi0690.phi003.perseus-lat1.tb.xml@163,32,immittit,immitto,VERB
phi0690.phi003.perseus-lat1.tb.xml@163,33,apricis,apricus,ADJ
phi0690.phi003.perseus-lat1.tb.xml@163,34,.,.,PUNCT
phi0690.phi003.perseus-lat1.tb.xml@173,1,Nec,neque,CCONJ
phi0690.phi003.perseus-lat1.tb.xml@173,2,ripas,ripa,NOUN
phi0690.phi003.perseus-lat1.tb.xml@173,3,datur,do,VERB
phi0690.phi003.perseus-lat1.tb.xml@173,4,horrendas,horreo,VERB
phi0690.phi003.perseus-lat1.tb.xml@173,5,et,et,CCONJ
phi0690.phi003.perseus-lat1.tb.xml@173,6,rauca,raucus,ADJ
phi0690.phi003.perseus-lat1.tb.xml@173,7,fluenta,fluentum,NOUN
phi0690.phi003.perseus-lat1.tb.xml@173,8,transportare,transporto,VERB
phi0690.phi003.perseus-lat1.tb.xml@173,9,prius,prior,ADV
phi0690.phi003.perseus-lat1.tb.xml@173,10,quam,qui,ADV
phi0690.phi003.perseus-lat1.tb.xml@173,11,sedibus,sedes,NOUN
phi0690.phi003.perseus-lat1.tb.xml@173,12,ossa,os,NOUN
phi0690.phi003.perseus-lat1.tb.xml@173,13,quierunt,quiesco,VERB
phi0690.phi003.perseus-lat1.tb.xml@173,14,.,.,PUNCT
phi0690.phi003.perseus-lat1.tb.xml@175,1,tum,tum,ADV
phi0690.phi003.perseus-lat1.tb.xml@175,2,demum,demum,ADV
phi0690.phi003.perseus-lat1.tb.xml@175,3,admissi,admitto,VERB
phi0690.phi003.perseus-lat1.tb.xml@175,4,stagna,stagnum,NOUN
phi0690.phi003.perseus-lat1.tb.xml@175,5,exoptata,exopto,VERB
phi0690.phi003.perseus-lat1.tb.xml@175,6,revisunt,reviso,VERB
phi0690.phi003.perseus-lat1.tb.xml@175,7,.,.,PUNCT
phi0690.phi003.perseus-lat1.tb.xml@175,8,',',PUNCT
phi0959.phi006.perseus-lat1.tb.xml@1,1,In,in,ADP
phi0959.phi006.perseus-lat1.tb.xml@1,2,nova,novus,ADJ
phi0959.phi006.perseus-lat1.tb.xml@1,3,fert,fero,VERB
phi0959.phi006.perseus-lat1.tb.xml@1,4,animus,animus,NOUN
phi0959.phi006.perseus-lat1.tb.xml@1,5,mutatas,muto,VERB
phi0959.phi006.perseus-lat1.tb.xml@1,6,dicere,dico,VERB
phi0959.phi006.perseus-lat1.tb.xml@1,7,formas,forma,NOUN
phi0959.phi006.perseus-lat1.tb.xml@1,8,corpora,corpus,NOUN
phi0959.phi006.perseus-lat1.tb.xml@1,9,;,;,PUNCT
phi0959.phi006.perseus-lat1.tb.xml@2,1,di,deus,NOUN
phi0959.phi006.perseus-lat1.tb.xml@2,2,",",",",PUNCT
phi0959.phi006.perseus-lat1.tb.xml@2,3,coeptis,coeptum,NOUN
phi0959.phi006.perseus-lat1.tb.xml@2,4,(,(,PUNCT
phi0959.phi006.perseus-lat1.tb.xml@2,5,nam,nam,PART
phi0959.phi006.perseus-lat1.tb.xml@2,6,vos,tu,PRON
phi0959.phi006.perseus-lat1.tb.xml@2,7,mutastis,muto,VERB
phi0959.phi006.perseus-lat1.tb.xml@2,8,et,et,ADV
phi0959.phi006.perseus-lat1.tb.xml@2,9,illas,ille,DET
phi0959.phi006.perseus-lat1.tb.xml@2,10,),),PUNCT
phi0959.phi006.perseus-lat1.tb.xml@2,11,adspirate,adspiro,VERB
phi0959.phi006.perseus-lat1.tb.xml@2,12,meis,meus,DET
phi0959.phi006.perseus-lat1.tb.xml@2,13-14,primaque,_,_
phi0959.phi006.perseus-lat1.tb.xml@2,13,prima,primus,ADJ
phi0959.phi006.perseus-lat1.tb.xml@2,14,que,que,CCONJ
phi0959.phi006.perseus-lat1.tb.xml@2,15,ab,ab,ADP
phi0959.phi006.perseus-lat1.tb.xml@2,16,origine,origo,NOUN
phi0959.phi006.perseus-lat1.tb.xml@2,17,mundi,mundum,NOUN
phi0959.phi006.perseus-lat1.tb.xml@2,18,ad,ad,ADP
phi0959.phi006.perseus-lat1.tb.xml@2,19,mea,meus,DET
phi0959.phi006.perseus-lat1.tb.xml@2,20,perpetuum,perpetuus,ADJ
phi0959.phi006.perseus-lat1.tb.xml@2,21,deducite,deduco,VERB
phi0959.phi006.perseus-lat1.tb.xml@2,22,tempora,tempus,NOUN
phi0959.phi006.perseus-lat1.tb.xml@2,23,carmen,carmen,NOUN
phi0959.phi006.perseus-lat1.tb.xml@2,24,.,.,PUNCT
phi0959.phi006.perseus-lat1.tb.xml@5,1,Quae,qui,PRON
phi0959.phi006.perseus-lat1.tb.xml@5,2,pater,pater,NOUN
phi0959.phi006.perseus-lat1.tb.xml@5,3,ut,ut,SCONJ
phi0959.phi006.perseus-lat1.tb.xml@5,4,summa,summus,ADJ
phi0959.phi006.perseus-lat1.tb.xml@5,5,vidit,video,VERB
phi0959.phi006.perseus-lat1.tb.xml@5,6,Saturnius,Saturnius,ADJ
phi0959.phi006.perseus-lat1.tb.xml@5,7,arce,arx,NOUN
phi0959.phi006.perseus-lat1.tb.xml@5,8,",",",",PUNCT
phi0959.phi006.perseus-lat1.tb.xml@5,9,ingemit,ingemo,VERB
phi0959.phi006.perseus-lat1.tb.xml@5,10,et,et,CCONJ
phi0959.phi006.perseus-lat1.tb.xml@5,11,",",",",PUNCT
phi0959.phi006.perseus-lat1.tb.xml@5,12,facto,factum,NOUN
phi0959.phi006.perseus-lat1.tb.xml@5,13,nondum,nondum,ADV
phi0959.phi006.perseus-lat1.tb.xml@5,14,vulgata,vulgo,VERB
phi0959.phi006.perseus-lat1.tb.xml@5,15,recenti,recens,ADJ
phi0959.phi006.perseus-lat1.tb.xml@5,16,",",",",PUNCT
phi0959.phi006.perseus-lat1.tb.xml@5,17,foeda,foedus,ADJ
phi0959.phi006.perseus-lat1.tb.xml@5,18,Lycaoniae,Lycaonius,ADJ
phi0959.phi006.perseus-lat1.tb.xml@5,19,referens,refero,VERB
phi0959.phi006.perseus-lat1.tb.xml@5,20,convivia,convivium,NOUN
phi0959.phi006.perseus-lat1.tb.xml@5,21,mensae,mensa,NOUN
phi0959.phi006.perseus-lat1.tb.xml@5,22,",",",",PUNCT
phi0959.phi006.perseus-lat1.tb.xml@5,23,ingentes,ingens,ADJ
phi0959.phi006.perseus-lat1.tb.xml@5,24,animo,animus,NOUN
phi0959.phi006.perseus-lat1.tb.xml@5,25,et,et,CCONJ
phi0959.phi006.perseus-lat1.tb.xml@5,26,dignas,dignus,ADJ
phi0959.phi006.perseus-lat1.tb.xml@5,27,Iove,Iuppiter,PROPN
phi0959.phi006.perseus-lat1.tb.xml@5,28,concipit,concipio,VERB
phi0959.phi006.perseus-lat1.tb.xml@5,29,iras,ira,NOUN
phi0959.phi006.perseus-lat1.tb.xml@5,30,",",",",PUNCT
phi0959.phi006.perseus-lat1.tb.xml@5,31-32,conciliumque,_,_
phi0959.phi006.perseus-lat1.tb.xml@5,31,concilium,concilium,NOUN
phi0959.phi006.perseus-lat1.tb.xml@5,32,que,que,CCONJ
phi0959.phi006.perseus-lat1.tb.xml@5,33,vocat,voco,VERB
phi0959.phi006.perseus-lat1.tb.xml@5,34,:,:,PUNCT
phi0959.phi006.perseus-lat1.tb.xml@6,1,tenuit,teneo,VERB
phi0959.phi006.perseus-lat1.tb.xml@6,2,mora,mora,NOUN
phi0959.phi006.perseus-lat1.tb.xml@6,3,nulla,nullus,DET
phi0959.phi006.perseus-lat1.tb.xml@6,4,vocatos,voco,VERB
phi0959.phi006.perseus-lat1.tb.xml@6,5,.,.,PUNCT
phi0959.phi006.perseus-lat1.tb.xml@8,1,lactea,lacteus,ADJ
phi0959.phi006.perseus-lat1.tb.xml@8,2,nomen,nomen,NOUN
phi0959.phi006.perseus-lat1.tb.xml@8,3,habet,habeo,VERB
phi0959.phi006.perseus-lat1.tb.xml@8,4,",",",",PUNCT
phi0959.phi006.perseus-lat1.tb.xml@8,5,candore,candor,NOUN
phi0959.phi006.perseus-lat1.tb.xml@8,6,notabilis,notabilis,ADJ
phi0959.phi006.perseus-lat1.tb.xml@8,7,ipso,ipse,DET
phi0959.phi006.perseus-lat1.tb.xml@8,8,:,:,PUNCT
phi0959.phi006.perseus-lat1.tb.xml@11,1,hac,hic,DET
phi0959.phi006.perseus-lat1.tb.xml@11,2,parte,pars,NOUN
phi0959.phi006.perseus-lat1.tb.xml@11,3,potentes,potens,ADJ
phi0959.phi006.perseus-lat1.tb.xml@11,4,caelicolae,caelicola,NOUN
phi0959.phi006.perseus-lat1.tb.xml@11,5-6,clarique,_,_
phi0959.phi006.perseus-lat1.tb.xml@11,5,clari,clarus,ADJ
phi0959.phi006.perseus-lat1.tb.xml@11,6,que,que,CCONJ
phi0959.phi006.perseus-lat1.tb.xml@11,7,suos,suus,DET
phi0959.phi006.perseus-lat1.tb.xml@11,8,posuere,pono,VERB
phi0959.phi006.perseus-lat1.tb.xml@11,9,penates,Penates,PROPN
phi0959.phi006.perseus-lat1.tb.xml@11,10,.,.,PUNCT
phi0959.phi006.perseus-lat1.tb.xml@12,1,Hic,hic,DET
phi0959.phi006.perseus-lat1.tb.xml@12,2,locus,locus,NOUN
phi0959.phi006.perseus-lat1.tb.xml@12,3,est,sum,AUX
phi0959.phi006.perseus-lat1.tb.xml@12,4,",",",",PUNCT
phi0959.phi006.perseus-lat1.tb.xml@12,5,quem,qui,PRON
phi0959.phi006.perseus-lat1.tb.xml@12,6,",",",",PUNCT
phi0959.phi006.perseus-lat1.tb.xml@12,7,si,si,SCONJ
phi0959.phi006.perseus-lat1.tb.xml@12,8,verbis,verbum,NOUN
phi0959.phi006.perseus-lat1.tb.xml@12,9,audacia,audacia,NOUN
phi0959.phi006.perseus-lat1.tb.xml@12,10,detur,do,VERB
phi0959.phi006.perseus-lat1.tb.xml@12,11,",",",",PUNCT
phi0959.phi006.perseus-lat1.tb.xml@12,12,haud,haud,PART
phi0959.phi006.perseus-lat1.tb.xml@12,13,timeam,timeo,VERB
phi0959.phi006.perseus-lat1.tb.xml@12,14,magni,magnus,ADJ
phi0959.phi006.perseus-lat1.tb.xml@12,15,dixisse,dico,VERB
phi0959.phi006.perseus-lat1.tb.xml@12,16,Palatia,Palatium,PROPN
phi0959.phi006.perseus-lat1.tb.xml@12,17,caeli,caelum,NOUN
phi0959.phi006.perseus-lat1.tb.xml@12,18,.,.,PUNCT
phi0959.phi006.perseus-lat1.tb.xml@13,1,Ergo,ergo,ADV
phi0959.phi006.perseus-lat1.tb.xml@13,2,ubi,ubi,SCONJ
phi0959.phi006.perseus-lat1.tb.xml@13,3,marmoreo,marmoreus,ADJ
phi0959.phi006.perseus-lat1.tb.xml@13,4,superi,superi,NOUN
phi0959.phi006.perseus-lat1.tb.xml@13,5,sedere,sedeo,VERB
phi0959.phi006.perseus-lat1.tb.xml@13,6,recessu,recessus,NOUN
phi0959.phi006.perseus-lat1.tb.xml@13,7,",",",",PUNCT
phi0959.phi006.perseus-lat1.tb.xml@13,8,celsior,celsus,ADJ
phi0959.phi006.perseus-lat1.tb.xml@13,9,ipse,ipse,DET
phi0959.phi006.perseus-lat1.tb.xml@13,10,loco,locus,NOUN
phi0959.phi006.perseus-lat1.tb.xml@13,11-12,sceptroque,_,_
phi0959.phi006.perseus-lat1.tb.xml@13,11,sceptro,sceptrum,NOUN
phi0959.phi006.perseus-lat1.tb.xml@13,12,que,que,CCONJ
phi0959.phi006.perseus-lat1.tb.xml@13,13,innixus,innitor,VERB
phi0959.phi006.perseus-lat1.tb.xml@13,14,eburno,eburnus,ADJ
phi0959.phi006.perseus-lat1.tb.xml@13,15,terrificam,terrificus,ADJ
phi0959.phi006.perseus-lat1.tb.xml@13,16,capitis,caput,NOUN
phi0959.phi006.perseus-lat1.tb.xml@13,17,concussit,concutio,VERB
phi0959.phi006.perseus-lat1.tb.xml@13,18-19,terque,_,_
phi0959.phi006.perseus-lat1.tb.xml@13,18,ter,ter,ADV
phi0959.phi006.perseus-lat1.tb.xml@13,19,que,que,CCONJ
phi0959.phi006.perseus-lat1.tb.xml@13,20-21,quaterque,_,_
phi0959.phi006.perseus-lat1.tb.xml@13,20,quater,quater,ADV
phi0959.phi006.perseus-lat1.tb.xml@13,21,que,que,CCONJ
phi0959.phi006.perseus-lat1.tb.xml@13,22,caesariem,caesaries,NOUN
phi0959.phi006.perseus-lat1.tb.xml@13,23,",",",",PUNCT
phi0959.phi006.perseus-lat1.tb.xml@13,24,cum,cum,ADP
phi0959.phi006.perseus-lat1.tb.xml@13,25,qua,qui,PRON
phi0959.phi006.perseus-lat1.tb.xml@13,26,terram,terra,NOUN
phi0959.phi006.perseus-lat1.tb.xml@13,27,",",",",PUNCT
phi0959.phi006.perseus-lat1.tb.xml@13,28,mare,mare,NOUN
phi0959.phi006.perseus-lat1.tb.xml@13,29,",",",",PUNCT
phi0959.phi006.perseus-lat1.tb.xml@13,30,sidera,sidus,NOUN
phi0959.phi006.perseus-lat1.tb.xml@13,31,movit,moveo,VERB
phi0959.phi006.perseus-lat1.tb.xml@13,32,.,.,PUNCT
phi0959.phi006.perseus-lat1.tb.xml@14,1,Talibus,talis,DET
phi0959.phi006.perseus-lat1.tb.xml@14,2,inde,inde,ADV
phi0959.phi006.perseus-lat1.tb.xml@14,3,modis,modus,NOUN
phi0959.phi006.perseus-lat1.tb.xml@14,4,ora,os,NOUN
phi0959.phi006.perseus-lat1.tb.xml@14,5,indignantia,indignor,VERB
phi0959.phi006.perseus-lat1.tb.xml@14,6,solvit,solvo,VERB
phi0959.phi006.perseus-lat1.tb.xml@14,7,:,:,PUNCT
phi0959.phi006.perseus-lat1.tb.xml@15,1,',',PUNCT
phi0959.phi006.perseus-lat1.tb.xml@15,2,Non,non,PART
phi0959.phi006.perseus-lat1.tb.xml@15,3,ego,ego,PRON
phi0959.phi006.perseus-lat1.tb.xml@15,4,pro,pro,ADP
phi0959.phi006.perseus-lat1.tb.xml@15,5,mundi,mundus,NOUN
phi0959.phi006.perseus-lat1.tb.xml@15,6,regno,regnum,NOUN
phi0959.phi006.perseus-lat1.tb.xml@15,7,magis,magis,ADV
phi0959.phi006.perseus-lat1.tb.xml@15,8,anxius,anxius,ADJ
phi0959.phi006.perseus-lat1.tb.xml@15,9,illa,ille,DET
phi0959.phi006.perseus-lat1.tb.xml@15,10,tempestate,tempestas,NOUN
phi0959.phi006.perseus-lat1.tb.xml@15,11,fui,sum,AUX
phi0959.phi006.perseus-lat1.tb.xml@15,12,",",",",PUNCT
phi0959.phi006.perseus-lat1.tb.xml@15,13,qua,qui,PRON
phi0959.phi006.perseus-lat1.tb.xml@15,14,centum,centum,NUM
phi0959.phi006.perseus-lat1.tb.xml@15,15,quisque,quisque,DET
phi0959.phi006.perseus-lat1.tb.xml@15,16,parabat,paro,VERB
phi0959.phi006.perseus-lat1.tb.xml@15,17,inicere,inicio,VERB
phi0959.phi006.perseus-lat1.tb.xml@15,18,anguipedum,anguipes,ADJ
phi0959.phi006.perseus-lat1.tb.xml@15,19,captivo,captivus,ADJ
phi0959.phi006.perseus-lat1.tb.xml@15,20,bracchia,bracchium,NOUN
phi0959.phi006.perseus-lat1.tb.xml@15,21,caelo,caelum,NOUN
phi0959.phi006.perseus-lat1.tb.xml@15,22,.,.,PUNCT
phi0959.phi006.perseus-lat1.tb.xml@16,1,Nam,nam,PART
phi0959.phi006.perseus-lat1.tb.xml@16,2,quamquam,quamquam,SCONJ
phi0959.phi006.perseus-lat1.tb.xml@16,3,ferus,ferus,NOUN
phi0959.phi006.perseus-lat1.tb.xml@16,4,hostis,hostis,NOUN
phi0959.phi006.perseus-lat1.tb.xml@16,5,erat,sum,AUX
phi0959.phi006.perseus-lat1.tb.xml@16,6,",",",",PUNCT
phi0959.phi006.perseus-lat1.tb.xml@16,7,tamen,tamen,ADV
phi0959.phi006.perseus-lat1.tb.xml@16,8,illud,ille,DET
phi0959.phi006.perseus-lat1.tb.xml@16,9,ab,ab,ADP
phi0959.phi006.perseus-lat1.tb.xml@16,10,uno,unus,ADJ
phi0959.phi006.perseus-lat1.tb.xml@16,11,corpore,corpus,NOUN
phi0959.phi006.perseus-lat1.tb.xml@16,12,et,et,CCONJ
phi0959.phi006.perseus-lat1.tb.xml@16,13,ex,ex,ADP
phi0959.phi006.perseus-lat1.tb.xml@16,14,una,unus,ADJ
phi0959.phi006.perseus-lat1.tb.xml@16,15,pendebat,pendo,VERB
phi0959.phi006.perseus-lat1.tb.xml@16,16,origine,origo,NOUN
phi0959.phi006.perseus-lat1.tb.xml@16,17,bellum,bellum,NOUN
phi0959.phi006.perseus-lat1.tb.xml@16,18,.,.,PUNCT
phi0959.phi006.perseus-lat1.tb.xml@17,1,Nunc,nunc,ADV
phi0959.phi006.perseus-lat1.tb.xml@17,2,mihi,ego,PRON
phi0959.phi006.perseus-lat1.tb.xml@17,3,",",",",PUNCT
phi0959.phi006.perseus-lat1.tb.xml@17,4,qua,qua,ADV
phi0959.phi006.perseus-lat1.tb.xml@17,5,totum,totus,DET
phi0959.phi006.perseus-lat1.tb.xml@17,6,Nereus,Nereus,PROPN
phi0959.phi006.perseus-lat1.tb.xml@17,7,circumsonat,circumsono,VERB
phi0959.phi006.perseus-lat1.tb.xml@17,8,orbem,orbis,NOUN
phi0959.phi006.perseus-lat1.tb.xml@17,9,",",",",PUNCT
phi0959.phi006.perseus-lat1.tb.xml@17,10,perdendum,perdo,VERB
phi0959.phi006.perseus-lat1.tb.xml@17,11,est,sum,AUX
phi0959.phi006.perseus-lat1.tb.xml@17,12,mortale,mortalis,ADJ
phi0959.phi006.perseus-lat1.tb.xml@17,13,genus,genus,NOUN
phi0959.phi006.perseus-lat1.tb.xml@17,14,:,:,PUNCT
phi0959.phi006.perseus-lat1.tb.xml@18,1,per,per,ADP
phi0959.phi006.perseus-lat1.tb.xml@18,2,flumina,flumen,NOUN
phi0959.phi006.perseus-lat1.tb.xml@18,3,iuro,iuro,VERB
phi0959.phi006.perseus-lat1.tb.xml@18,4,infera,inferus,ADJ
phi0959.phi006.perseus-lat1.tb.xml@18,5,",",",",PUNCT
phi0959.phi006.perseus-lat1.tb.xml@18,6,sub,sub,ADP
phi0959.phi006.perseus-lat1.tb.xml@18,7,terras,terra,NOUN
phi0959.phi006.perseus-lat1.tb.xml@18,8,Stygio,Stygius,ADJ
phi0959.phi006.perseus-lat1.tb.xml@18,9,labentia,labor,VERB
phi0959.phi006.perseus-lat1.tb.xml@18,10,luco,lucus,NOUN
phi0959.phi006.perseus-lat1.tb.xml@18,11,!,!,PUNCT
phi0959.phi006.perseus-lat1.tb.xml@19,1,cuncta,cunctus,DET
phi0959.phi006.perseus-lat1.tb.xml@19,2,prius,prior,ADV
phi0959.phi006.perseus-lat1.tb.xml@19,3,temptata,tento,VERB
phi0959.phi006.perseus-lat1.tb.xml@19,4,:,:,PUNCT
phi0959.phi006.perseus-lat1.tb.xml@20,1,sed,sed,CCONJ
phi0959.phi006.perseus-lat1.tb.xml@20,2,inmedicabile,immedicabilis,ADJ
phi0959.phi006.perseus-lat1.tb.xml@20,3,corpus,corpus,NOUN
phi0959.phi006.perseus-lat1.tb.xml@20,4,ense,ensis,NOUN
phi0959.phi006.perseus-lat1.tb.xml@20,5,recidendum,recido,VERB
phi0959.phi006.perseus-lat1.tb.xml@20,6,est,sum,AUX
phi0959.phi006.perseus-lat1.tb.xml@20,7,",",",",PUNCT
phi0959.phi006.perseus-lat1.tb.xml@20,8,ne,ne,SCONJ
phi0959.phi006.perseus-lat1.tb.xml@20,9,pars,pars,NOUN
phi0959.phi006.perseus-lat1.tb.xml@20,10,sincera,sincerus,ADJ
phi0959.phi006.perseus-lat1.tb.xml@20,11,trahatur,traho,VERB
phi0959.phi006.perseus-lat1.tb.xml@20,12,.,.,PUNCT
phi0959.phi006.perseus-lat1.tb.xml@22,1,quos,qui,PRON
phi0959.phi006.perseus-lat1.tb.xml@22,2,quoniam,quoniam,SCONJ
phi0959.phi006.perseus-lat1.tb.xml@22,3,caeli,caelum,NOUN
phi0959.phi006.perseus-lat1.tb.xml@22,4,nondum,nondum,ADV
phi0959.phi006.perseus-lat1.tb.xml@22,5,dignamur,digno,VERB
phi0959.phi006.perseus-lat1.tb.xml@22,6,honore,honor,NOUN
phi0959.phi006.perseus-lat1.tb.xml@22,7,",",",",PUNCT
phi0959.phi006.perseus-lat1.tb.xml@22,8,quas,qui,PRON
phi0959.phi006.perseus-lat1.tb.xml@22,9,dedimus,do,VERB
phi0959.phi006.perseus-lat1.tb.xml@22,10,certe,certus,ADV
phi0959.phi006.perseus-lat1.tb.xml@22,11,terras,terra,NOUN
phi0959.phi006.perseus-lat1.tb.xml@22,12,habitare,habito,VERB
phi0959.phi006.perseus-lat1.tb.xml@22,13,sinamus,sino,VERB
phi0959.phi006.perseus-lat1.tb.xml@22,14,.,.,PUNCT
phi0959.phi006.perseus-lat1.tb.xml@23,1,An,an,PART
phi0959.phi006.perseus-lat1.tb.xml@23,2,satis,satis,ADV
phi0959.phi006.perseus-lat1.tb.xml@23,3,",",",",PUNCT
phi0959.phi006.perseus-lat1.tb.xml@23,4,o,O,INTJ
phi0959.phi006.perseus-lat1.tb.xml@23,5,superi,superi,NOUN
phi0959.phi006.perseus-lat1.tb.xml@23,6,",",",",PUNCT
phi0959.phi006.perseus-lat1.tb.xml@23,7,tutos,tutus,ADJ
phi0959.phi006.perseus-lat1.tb.xml@23,8,fore,sum,AUX
phi0959.phi006.perseus-lat1.tb.xml@23,9,creditis,credo,VERB
phi0959.phi006.perseus-lat1.tb.xml@23,10,illos,ille,DET
phi0959.phi006.perseus-lat1.tb.xml@23,11,",",",",PUNCT
phi0959.phi006.perseus-lat1.tb.xml@23,12,cum,cum,SCONJ
phi0959.phi006.perseus-lat1.tb.xml@23,13,mihi,ego,PRON
phi0959.phi006.perseus-lat1.tb.xml@23,14,",",",",PUNCT
phi0959.phi006.perseus-lat1.tb.xml@23,15,qui,qui,PRON
phi0959.phi006.perseus-lat1.tb.xml@23,16,fulmen,fulmen,NOUN
phi0959.phi006.perseus-lat1.tb.xml@23,17,",",",",PUNCT
phi0959.phi006.perseus-lat1.tb.xml@23,18,qui,qui,PRON
phi0959.phi006.perseus-lat1.tb.xml@23,19,vos,tu,PRON
phi0959.phi006.perseus-lat1.tb.xml@23,20-21,habeoque,_,_
phi0959.phi006.perseus-lat1.tb.xml@23,20,habeo,habeo,VERB
phi0959.phi006.perseus-lat1.tb.xml@23,21,que,que,CCONJ
phi0959.phi006.perseus-lat1.tb.xml@23,22-23,regoque,_,_
phi0959.phi006.perseus-lat1.tb.xml@23,22,rego,rego,VERB
phi0959.phi006.perseus-lat1.tb.xml@23,23,que,que,CCONJ
phi0959.phi006.perseus-lat1.tb.xml@23,24,",",",",PUNCT
phi0959.phi006.perseus-lat1.tb.xml@23,25,struxerit,struo,VERB
phi0959.phi006.perseus-lat1.tb.xml@23,26,insidias,insidiae,NOUN
phi0959.phi006.perseus-lat1.tb.xml@23,27,notus,Notus,PROPN
phi0959.phi006.perseus-lat1.tb.xml@23,28,feritate,feritas,NOUN
phi0959.phi006.perseus-lat1.tb.xml@23,29,Lycaon,Lycaon,PROPN
phi0959.phi006.perseus-lat1.tb.xml@23,30,?,?,PUNCT
phi0959.phi006.perseus-lat1.tb.xml@23,31,',',PUNCT
phi0959.phi006.perseus-lat1.tb.xml@24,1,Confremuere,confremo,VERB
phi0959.phi006.perseus-lat1.tb.xml@24,2,omnes,omnes,NOUN
phi0959.phi006.perseus-lat1.tb.xml@24,3-4,studiisque,_,_
phi0959.phi006.perseus-lat1.tb.xml@24,3,studiis,studium,NOUN
phi0959.phi006.perseus-lat1.tb.xml@24,4,que,que,CCONJ
phi0959.phi006.perseus-lat1.tb.xml@24,5,ardentibus,ardeo,VERB
phi0959.phi006.perseus-lat1.tb.xml@24,6,ausum,audeo,VERB
phi0959.phi006.perseus-lat1.tb.xml@24,7,talia,talis,DET
phi0959.phi006.perseus-lat1.tb.xml@24,8,deposcunt,deposco,VERB
phi0959.phi006.perseus-lat1.tb.xml@24,9,.,.,PUNCT
phi0959.phi006.perseus-lat1.tb.xml@29,1,Quod,qui,PRON
phi0959.phi006.perseus-lat1.tb.xml@29,2,tamen,tamen,ADV
phi0959.phi006.perseus-lat1.tb.xml@29,3,admissum,admitto,VERB
phi0959.phi006.perseus-lat1.tb.xml@29,4,",",",",PUNCT
phi0959.phi006.perseus-lat1.tb.xml@29,5,quae,qui,PRON
phi0959.phi006.perseus-lat1.tb.xml@29,6,sit,sum,AUX
phi0959.phi006.perseus-lat1.tb.xml@29,7,vindicta,vindicta,NOUN
phi0959.phi006.perseus-lat1.tb.xml@29,8,",",",",PUNCT
phi0959.phi006.perseus-lat1.tb.xml@29,9,docebo,doceo,VERB
phi0959.phi006.perseus-lat1.tb.xml@29,10,.,.,PUNCT
phi0959.phi006.perseus-lat1.tb.xml@30,1,Contigerat,contingo,VERB
phi0959.phi006.perseus-lat1.tb.xml@30,2,nostras,noster,DET
phi0959.phi006.perseus-lat1.tb.xml@30,3,infamia,infamia,NOUN
phi0959.phi006.perseus-lat1.tb.xml@30,4,temporis,tempus,NOUN
phi0959.phi006.perseus-lat1.tb.xml@30,5,aures,auris,NOUN
phi0959.phi006.perseus-lat1.tb.xml@30,6,;,;,PUNCT
phi0959.phi006.perseus-lat1.tb.xml@33,1,minor,parvus,ADJ
phi0959.phi006.perseus-lat1.tb.xml@33,2,fuit,sum,AUX
phi0959.phi006.perseus-lat1.tb.xml@33,3,ipsa,ipse,DET
phi0959.phi006.perseus-lat1.tb.xml@33,4,infamia,infamia,NOUN
phi0959.phi006.perseus-lat1.tb.xml@33,5,vero,verum,NOUN
phi0959.phi006.perseus-lat1.tb.xml@33,6,.,.,PUNCT
phi0959.phi006.perseus-lat1.tb.xml@34,1,Maenala,Maenala,PROPN
phi0959.phi006.perseus-lat1.tb.xml@34,2,transieram,transeo,VERB
phi0959.phi006.perseus-lat1.tb.xml@34,3,latebris,latebra,NOUN
phi0959.phi006.perseus-lat1.tb.xml@34,4,horrenda,horreo,VERB
phi0959.phi006.perseus-lat1.tb.xml@34,5,ferarum,fera,NOUN
phi0959.phi006.perseus-lat1.tb.xml@34,6,et,et,CCONJ
phi0959.phi006.perseus-lat1.tb.xml@34,7,cum,cum,ADP
phi0959.phi006.perseus-lat1.tb.xml@34,8,Cyllene,Cyllene,PROPN
phi0959.phi006.perseus-lat1.tb.xml@34,9,gelidi,gelidus,ADJ
phi0959.phi006.perseus-lat1.tb.xml@34,10,pineta,pinetum,NOUN
phi0959.phi006.perseus-lat1.tb.xml@34,11,Lycaei,Lycaeus,PROPN
phi0959.phi006.perseus-lat1.tb.xml@34,12,:,:,PUNCT
phi0959.phi006.perseus-lat1.tb.xml@35,1,Arcadis,Arcas,PROPN
phi0959.phi006.perseus-lat1.tb.xml@35,2,hinc,hinc,ADV
phi0959.phi006.perseus-lat1.tb.xml@35,3,sedes,sedes,NOUN
phi0959.phi006.perseus-lat1.tb.xml@35,4,et,et,CCONJ
phi0959.phi006.perseus-lat1.tb.xml@35,5,inhospita,inhospitus,ADJ
phi0959.phi006.perseus-lat1.tb.xml@35,6,tecta,tectum,NOUN
phi0959.phi006.perseus-lat1.tb.xml@35,7,tyranni,tyrannus,NOUN
phi0959.phi006.perseus-lat1.tb.xml@35,8,ingredior,ingredior,VERB
phi0959.phi006.perseus-lat1.tb.xml@35,9,",",",",PUNCT
phi0959.phi006.perseus-lat1.tb.xml@35,10,traherent,traho,VERB
phi0959.phi006.perseus-lat1.tb.xml@35,11,cum,cum,SCONJ
phi0959.phi006.perseus-lat1.tb.xml@35,12,sera,serus,ADJ
phi0959.phi006.perseus-lat1.tb.xml@35,13,crepuscula,crepusculum,NOUN
phi0959.phi006.perseus-lat1.tb.xml@35,14,noctem,nox,NOUN
phi0959.phi006.perseus-lat1.tb.xml@35,15,.,.,PUNCT
phi0959.phi006.perseus-lat1.tb.xml@36,1,Signa,signum,NOUN
phi0959.phi006.perseus-lat1.tb.xml@36,2,dedi,do,VERB
phi0959.phi006.perseus-lat1.tb.xml@36,3,venisse,venio,VERB
phi0959.phi006.perseus-lat1.tb.xml@36,4,deum,deus,NOUN
phi0959.phi006.perseus-lat1.tb.xml@36,5,",",",",PUNCT
phi0959.phi006.perseus-lat1.tb.xml@36,6-7,vulgusque,_,_
phi0959.phi006.perseus-lat1.tb.xml@36,6,vulgus,vulgus,NOUN
phi0959.phi006.perseus-lat1.tb.xml@36,7,que,que,CCONJ
phi0959.phi006.perseus-lat1.tb.xml@36,8,precari,precor,VERB
phi0959.phi006.perseus-lat1.tb.xml@36,9,coeperat,coepio,VERB
phi0959.phi006.perseus-lat1.tb.xml@36,10,:,:,PUNCT
phi0959.phi006.perseus-lat1.tb.xml@37,1,inridet,irrideo,VERB
phi0959.phi006.perseus-lat1.tb.xml@37,2,primo,primo,ADV
phi0959.phi006.perseus-lat1.tb.xml@37,3,pia,pius,ADJ
phi0959.phi006.perseus-lat1.tb.xml@37,4,vota,votum,NOUN
phi0959.phi006.perseus-lat1.tb.xml@37,5,Lycaon,Lycaon,PROPN
phi0959.phi006.perseus-lat1.tb.xml@37,6,",",",",PUNCT
phi0959.phi006.perseus-lat1.tb.xml@37,7,mox,mox,ADV
phi0959.phi006.perseus-lat1.tb.xml@37,8,ait,aio,VERB
phi0959.phi006.perseus-lat1.tb.xml@37,9,',',PUNCT
phi0959.phi006.perseus-lat1.tb.xml@37,10,experiar,experior,VERB
phi0959.phi006.perseus-lat1.tb.xml@37,11,deus,deus,NOUN
phi0959.phi006.perseus-lat1.tb.xml@37,12,hic,hic,DET
phi0959.phi006.perseus-lat1.tb.xml@37,13,",",",",PUNCT
phi0959.phi006.perseus-lat1.tb.xml@37,14,discrimine,discrimen,NOUN
phi0959.phi006.perseus-lat1.tb.xml@37,15,aperto,apertus,ADJ
phi0959.phi006.perseus-lat1.tb.xml@37,16,",",",",PUNCT
phi0959.phi006.perseus-lat1.tb.xml@37,17,an,an,SCONJ
phi0959.phi006.perseus-lat1.tb.xml@37,18,sit,sum,AUX
phi0959.phi006.perseus-lat1.tb.xml@37,19,mortalis,mortalis,ADJ
phi0959.phi006.perseus-lat1.tb.xml@37,20,.,.,PUNCT
phi0959.phi006.perseus-lat1.tb.xml@38,1-2,Nec,_,_
phi0959.phi006.perseus-lat1.tb.xml@38,1,Ne,ne,ADV
phi0959.phi006.perseus-lat1.tb.xml@38,2,c,que,CCONJ
phi0959.phi006.perseus-lat1.tb.xml@38,3,erit,sum,AUX
phi0959.phi006.perseus-lat1.tb.xml@38,4,dubitabile,dubitabilis,ADJ
phi0959.phi006.perseus-lat1.tb.xml@38,5,verum,verum,NOUN
phi0959.phi006.perseus-lat1.tb.xml@38,6,.,.,PUNCT
phi0959.phi006.perseus-lat1.tb.xml@39,1,Nocte,nox,NOUN
phi0959.phi006.perseus-lat1.tb.xml@39,2,gravem,gravis,ADJ
phi0959.phi006.perseus-lat1.tb.xml@39,3,somno,somnus,NOUN
phi0959.phi006.perseus-lat1.tb.xml@39,4,necopina,necopinus,ADJ
phi0959.phi006.perseus-lat1.tb.xml@39,5,perdere,perdo,VERB
phi0959.phi006.perseus-lat1.tb.xml@39,6,morte,mors,NOUN
phi0959.phi006.perseus-lat1.tb.xml@39,7,me,ego,PRON
phi0959.phi006.perseus-lat1.tb.xml@39,8,parat,paro,VERB
phi0959.phi006.perseus-lat1.tb.xml@39,9,:,:,PUNCT
phi0959.phi006.perseus-lat1.tb.xml@40,1,haec,hic,DET
phi0959.phi006.perseus-lat1.tb.xml@40,2,illi,ille,DET
phi0959.phi006.perseus-lat1.tb.xml@40,3,placet,placeo,VERB
phi0959.phi006.perseus-lat1.tb.xml@40,4,experientia,experientia,NOUN
phi0959.phi006.perseus-lat1.tb.xml@40,5,veri,verum,NOUN
phi0959.phi006.perseus-lat1.tb.xml@40,6,.,.,PUNCT
phi0959.phi006.perseus-lat1.tb.xml@41,1-2,Nec,_,_
phi0959.phi006.perseus-lat1.tb.xml@41,1,Ne,ne,ADV
phi0959.phi006.perseus-lat1.tb.xml@41,2,c,que,CCONJ
phi0959.phi006.perseus-lat1.tb.xml@41,3,contentus,contentus,ADJ
phi0959.phi006.perseus-lat1.tb.xml@41,4,eo,is,PRON
phi0959.phi006.perseus-lat1.tb.xml@41,5,est,sum,AUX
phi0959.phi006.perseus-lat1.tb.xml@41,6,:,:,PUNCT
phi0959.phi006.perseus-lat1.tb.xml@43,1,Quod,qui,PRON
phi0959.phi006.perseus-lat1.tb.xml@43,2,simul,simul,ADV
phi0959.phi006.perseus-lat1.tb.xml@43,3,inposuit,inpono,VERB
phi0959.phi006.perseus-lat1.tb.xml@43,4,mensis,mensa,NOUN
phi0959.phi006.perseus-lat1.tb.xml@43,5,",",",",PUNCT
phi0959.phi006.perseus-lat1.tb.xml@43,6,ego,ego,PRON
phi0959.phi006.perseus-lat1.tb.xml@43,7,vindice,vindex,NOUN
phi0959.phi006.perseus-lat1.tb.xml@43,8,flamma,flamma,NOUN
phi0959.phi006.perseus-lat1.tb.xml@43,9,in,in,ADP
phi0959.phi006.perseus-lat1.tb.xml@43,10,domino,dominus,NOUN
phi0959.phi006.perseus-lat1.tb.xml@43,11,dignos,dignus,ADJ
phi0959.phi006.perseus-lat1.tb.xml@43,12,everti,everto,VERB
phi0959.phi006.perseus-lat1.tb.xml@43,13,tecta,tectum,NOUN
phi0959.phi006.perseus-lat1.tb.xml@43,14,penates,Penates,PROPN
phi0959.phi006.perseus-lat1.tb.xml@43,15,.,.,PUNCT
phi0959.phi006.perseus-lat1.tb.xml@44,1,Territus,terreo,VERB
phi0959.phi006.perseus-lat1.tb.xml@44,2,ipse,ipse,DET
phi0959.phi006.perseus-lat1.tb.xml@44,3,fugit,fugio,VERB
phi0959.phi006.perseus-lat1.tb.xml@44,4,",",",",PUNCT
phi0959.phi006.perseus-lat1.tb.xml@44,5-6,nactusque,_,_
phi0959.phi006.perseus-lat1.tb.xml@44,5,nactus,nanciscor,VERB
phi0959.phi006.perseus-lat1.tb.xml@44,6,que,que,CCONJ
phi0959.phi006.perseus-lat1.tb.xml@44,7,silentia,silentium,NOUN
phi0959.phi006.perseus-lat1.tb.xml@44,8,ruris,rus,NOUN
phi0959.phi006.perseus-lat1.tb.xml@44,9,exululat,exululo,VERB
phi0959.phi006.perseus-lat1.tb.xml@44,10-11,frustraque,_,_
phi0959.phi006.perseus-lat1.tb.xml@44,10,frustra,frustra,ADV
phi0959.phi006.perseus-lat1.tb.xml@44,11,que,que,CCONJ
phi0959.phi006.perseus-lat1.tb.xml@44,12,loqui,loquor,VERB
phi0959.phi006.perseus-lat1.tb.xml@44,13,conatur,conor,VERB
phi0959.phi006.perseus-lat1.tb.xml@44,14,:,:,PUNCT
phi0959.phi006.perseus-lat1.tb.xml@45,1,ab,ab,ADP
phi0959.phi006.perseus-lat1.tb.xml@45,2,ipso,ipse,DET
phi0959.phi006.perseus-lat1.tb.xml@45,3,conligit,conligo,VERB
phi0959.phi006.perseus-lat1.tb.xml@45,4,os,os,NOUN
phi0959.phi006.perseus-lat1.tb.xml@45,5,rabiem,rabies,NOUN
phi0959.phi006.perseus-lat1.tb.xml@45,6,",",",",PUNCT
phi0959.phi006.perseus-lat1.tb.xml@45,7-8,solitaeque,_,_
phi0959.phi006.perseus-lat1.tb.xml@45,7,solitae,soleo,VERB
phi0959.phi006.perseus-lat1.tb.xml@45,8,que,que,CCONJ
phi0959.phi006.perseus-lat1.tb.xml@45,9,cupidine,cupido,NOUN
phi0959.phi006.perseus-lat1.tb.xml@45,10,caedis,caedes,NOUN
phi0959.phi006.perseus-lat1.tb.xml@45,11,vertitur,verto,VERB
phi0959.phi006.perseus-lat1.tb.xml@45,12,in,in,ADP
phi0959.phi006.perseus-lat1.tb.xml@45,13,pecudes,pecus,NOUN
phi0959.phi006.perseus-lat1.tb.xml@45,14,et,et,CCONJ
phi0959.phi006.perseus-lat1.tb.xml@45,15,nunc,nunc,ADV
phi0959.phi006.perseus-lat1.tb.xml@45,16,quoque,quoque,PART
phi0959.phi006.perseus-lat1.tb.xml@45,17,sanguine,sanguis,NOUN
phi0959.phi006.perseus-lat1.tb.xml@45,18,gaudet,gaudeo,VERB
phi0959.phi006.perseus-lat1.tb.xml@45,19,.,.,PUNCT
phi0959.phi006.perseus-lat1.tb.xml@47,1,fit,fio,VERB
phi0959.phi006.perseus-lat1.tb.xml@47,2,lupus,lupus,NOUN
phi0959.phi006.perseus-lat1.tb.xml@47,3,et,et,CCONJ
phi0959.phi006.perseus-lat1.tb.xml@47,4,veteris,vetus,ADJ
phi0959.phi006.perseus-lat1.tb.xml@47,5,servat,servo,VERB
phi0959.phi006.perseus-lat1.tb.xml@47,6,vestigia,vestigium,NOUN
phi0959.phi006.perseus-lat1.tb.xml@47,7,formae,forma,NOUN
phi0959.phi006.perseus-lat1.tb.xml@47,8,.,.,PUNCT
phi0959.phi006.perseus-lat1.tb.xml@49,1,Occidit,occido,VERB
phi0959.phi006.perseus-lat1.tb.xml@49,2,una,unus,ADJ
phi0959.phi006.perseus-lat1.tb.xml@49,3,domus,domus,NOUN
phi0959.phi006.perseus-lat1.tb.xml@49,4,.,.,PUNCT
phi0959.phi006.perseus-lat1.tb.xml@50,1,Sed,sed,CCONJ
phi0959.phi006.perseus-lat1.tb.xml@50,2,non,non,PART
phi0959.phi006.perseus-lat1.tb.xml@50,3,domus,domus,NOUN
phi0959.phi006.perseus-lat1.tb.xml@50,4,una,unus,ADJ
phi0959.phi006.perseus-lat1.tb.xml@50,5,perire,pereo,VERB
phi0959.phi006.perseus-lat1.tb.xml@50,6,digna,dignus,ADJ
phi0959.phi006.perseus-lat1.tb.xml@50,7,fuit,sum,AUX
phi0959.phi006.perseus-lat1.tb.xml@50,8,:,:,PUNCT
phi0959.phi006.perseus-lat1.tb.xml@51,1,qua,qua,ADV
phi0959.phi006.perseus-lat1.tb.xml@51,2,terra,terra,NOUN
phi0959.phi006.perseus-lat1.tb.xml@51,3,patet,pateo,VERB
phi0959.phi006.perseus-lat1.tb.xml@51,4,",",",",PUNCT
phi0959.phi006.perseus-lat1.tb.xml@51,5,fera,ferus,ADJ
phi0959.phi006.perseus-lat1.tb.xml@51,6,regnat,regno,VERB
phi0959.phi006.perseus-lat1.tb.xml@51,7,Erinys,Erinys,PROPN
phi0959.phi006.perseus-lat1.tb.xml@51,8,.,.,PUNCT
phi0959.phi006.perseus-lat1.tb.xml@52,1,In,in,ADP
phi0959.phi006.perseus-lat1.tb.xml@52,2,facinus,facinus,NOUN
phi0959.phi006.perseus-lat1.tb.xml@52,3,iurasse,iuro,VERB
phi0959.phi006.perseus-lat1.tb.xml@52,4,putes,puto,VERB
phi0959.phi006.perseus-lat1.tb.xml@52,5,.,.,PUNCT
phi0959.phi006.perseus-lat1.tb.xml@53,1,Dent,do,VERB
phi0959.phi006.perseus-lat1.tb.xml@53,2,ocius,ocior,ADV
phi0959.phi006.perseus-lat1.tb.xml@53,3,omnes,omnes,NOUN
phi0959.phi006.perseus-lat1.tb.xml@53,4,quas,qui,PRON
phi0959.phi006.perseus-lat1.tb.xml@53,5,meruere,mereo,VERB
phi0959.phi006.perseus-lat1.tb.xml@53,6,pati,patior,VERB
phi0959.phi006.perseus-lat1.tb.xml@53,7,(,(,PUNCT
phi0959.phi006.perseus-lat1.tb.xml@53,8,sic,sic,ADV
phi0959.phi006.perseus-lat1.tb.xml@53,9,stat,sto,VERB
phi0959.phi006.perseus-lat1.tb.xml@53,10,sententia,sententia,NOUN
phi0959.phi006.perseus-lat1.tb.xml@53,11,),),PUNCT
phi0959.phi006.perseus-lat1.tb.xml@53,12,poenas,poena,NOUN
phi0959.phi006.perseus-lat1.tb.xml@53,13,.,.,PUNCT
phi0959.phi006.perseus-lat1.tb.xml@56,1,Talia,talis,DET
phi0959.phi006.perseus-lat1.tb.xml@56,2,quaerentes,quaero,VERB
phi0959.phi006.perseus-lat1.tb.xml@56,3,(,(,PUNCT
phi0959.phi006.perseus-lat1.tb.xml@56,4,sibi,sui,PRON
phi0959.phi006.perseus-lat1.tb.xml@56,5,enim,enim,PART
phi0959.phi006.perseus-lat1.tb.xml@56,6,fore,sum,AUX
phi0959.phi006.perseus-lat1.tb.xml@56,7,cetera,ceterum,NOUN
phi0959.phi006.perseus-lat1.tb.xml@56,8,curae,cura,NOUN
phi0959.phi006.perseus-lat1.tb.xml@56,9,),),PUNCT
phi0959.phi006.perseus-lat1.tb.xml@56,10,rex,rex,NOUN
phi0959.phi006.perseus-lat1.tb.xml@56,11,superum,superi,NOUN
phi0959.phi006.perseus-lat1.tb.xml@56,12,trepidare,trepido,VERB
phi0959.phi006.perseus-lat1.tb.xml@56,13,vetat,veto,VERB
phi0959.phi006.perseus-lat1.tb.xml@56,14-15,subolemque,_,_
phi0959.phi006.perseus-lat1.tb.xml@56,14,subolem,suboles,NOUN
phi0959.phi006.perseus-lat1.tb.xml@56,15,que,que,CCONJ
phi0959.phi006.perseus-lat1.tb.xml@56,16,priori,prior,ADJ
phi0959.phi006.perseus-lat1.tb.xml@56,17,dissimilem,dissimilis,ADJ
phi0959.phi006.perseus-lat1.tb.xml@56,18,populo,populus,NOUN
phi0959.phi006.perseus-lat1.tb.xml@56,19,promittit,promitto,VERB
phi0959.phi006.perseus-lat1.tb.xml@56,20,origine,origo,NOUN
phi0959.phi006.perseus-lat1.tb.xml@56,21,mira,mirus,ADJ
phi0959.phi006.perseus-lat1.tb.xml@56,22,.,.,PUNCT
phi0959.phi006.perseus-lat1.tb.xml@58,1,sed,sed,CCONJ
phi0959.phi006.perseus-lat1.tb.xml@58,2,timuit,timeo,VERB
phi0959.phi006.perseus-lat1.tb.xml@58,3,",",",",PUNCT
phi0959.phi006.perseus-lat1.tb.xml@58,4,ne,ne,SCONJ
phi0959.phi006.perseus-lat1.tb.xml@58,5,forte,fors,NOUN
phi0959.phi006.perseus-lat1.tb.xml@58,6,sacer,sacer,ADJ
phi0959.phi006.perseus-lat1.tb.xml@58,7,tot,tot,DET
phi0959.phi006.perseus-lat1.tb.xml@58,8,ab,ab,ADP
phi0959.phi006.perseus-lat1.tb.xml@58,9,ignibus,ignis,NOUN
phi0959.phi006.perseus-lat1.tb.xml@58,10,aether,aether,NOUN
phi0959.phi006.perseus-lat1.tb.xml@58,11,conciperet,concipio,VERB
phi0959.phi006.perseus-lat1.tb.xml@58,12,flammas,flamma,NOUN
phi0959.phi006.perseus-lat1.tb.xml@58,13-14,longusque,_,_
phi0959.phi006.perseus-lat1.tb.xml@58,13,longus,longus,ADJ
phi0959.phi006.perseus-lat1.tb.xml@58,14,que,que,CCONJ
phi0959.phi006.perseus-lat1.tb.xml@58,15,ardesceret,ardesco,VERB
phi0959.phi006.perseus-lat1.tb.xml@58,16,axis,axis,NOUN
phi0959.phi006.perseus-lat1.tb.xml@58,17,:,:,PUNCT
phi0959.phi006.perseus-lat1.tb.xml@60,1,Tela,telum,NOUN
phi0959.phi006.perseus-lat1.tb.xml@60,2,reponuntur,repono,VERB
phi0959.phi006.perseus-lat1.tb.xml@60,3,manibus,manus,NOUN
phi0959.phi006.perseus-lat1.tb.xml@60,4,fabricata,fabricor,VERB
phi0959.phi006.perseus-lat1.tb.xml@60,5,Cyclopum,Clycops,PROPN
phi0959.phi006.perseus-lat1.tb.xml@60,6,:,:,PUNCT
phi0959.phi006.perseus-lat1.tb.xml@61,1,poena,poena,NOUN
phi0959.phi006.perseus-lat1.tb.xml@61,2,placet,placeo,VERB
phi0959.phi006.perseus-lat1.tb.xml@61,3,diversa,diverto,VERB
phi0959.phi006.perseus-lat1.tb.xml@61,4,",",",",PUNCT
phi0959.phi006.perseus-lat1.tb.xml@61,5,genus,genus,NOUN
phi0959.phi006.perseus-lat1.tb.xml@61,6,mortale,mortalis,ADJ
phi0959.phi006.perseus-lat1.tb.xml@61,7,sub,sub,ADP
phi0959.phi006.perseus-lat1.tb.xml@61,8,undis,unda,NOUN
phi0959.phi006.perseus-lat1.tb.xml@61,9,perdere,perdo,VERB
phi0959.phi006.perseus-lat1.tb.xml@61,10,et,et,CCONJ
phi0959.phi006.perseus-lat1.tb.xml@61,11,ex,ex,ADP
phi0959.phi006.perseus-lat1.tb.xml@61,12,omni,omnis,DET
phi0959.phi006.perseus-lat1.tb.xml@61,13,nimbos,nimbus,NOUN
phi0959.phi006.perseus-lat1.tb.xml@61,14,demittere,demitto,VERB
phi0959.phi006.perseus-lat1.tb.xml@61,15,caelo,caelum,NOUN
phi0959.phi006.perseus-lat1.tb.xml@61,16,.,.,PUNCT
phi0959.phi006.perseus-lat1.tb.xml@62,1,Protinus,protinus,ADV
phi0959.phi006.perseus-lat1.tb.xml@62,2,Aeoliis,Aeolius,ADJ
phi0959.phi006.perseus-lat1.tb.xml@62,3,Aquilonem,aquilo,NOUN
phi0959.phi006.perseus-lat1.tb.xml@62,4,claudit,claudo,VERB
phi0959.phi006.perseus-lat1.tb.xml@62,5,in,in,ADP
phi0959.phi006.perseus-lat1.tb.xml@62,6,antris,antrum,NOUN
phi0959.phi006.perseus-lat1.tb.xml@62,7,et,et,CCONJ
phi0959.phi006.perseus-lat1.tb.xml@62,8,quaecumque,quicumque,DET
phi0959.phi006.perseus-lat1.tb.xml@62,9,fugant,fugo,VERB
phi0959.phi006.perseus-lat1.tb.xml@62,10,inductas,induco,VERB
phi0959.phi006.perseus-lat1.tb.xml@62,11,flamina,flamen,NOUN
phi0959.phi006.perseus-lat1.tb.xml@62,12,nubes,nubes,NOUN
phi0959.phi006.perseus-lat1.tb.xml@62,13-14,emittitque,_,_
phi0959.phi006.perseus-lat1.tb.xml@62,13,emittit,emitto,VERB
phi0959.phi006.perseus-lat1.tb.xml@62,14,que,que,CCONJ
phi0959.phi006.perseus-lat1.tb.xml@62,15,Notum,Notus,PROPN
phi0959.phi006.perseus-lat1.tb.xml@62,16,.,.,PUNCT
phi0959.phi006.perseus-lat1.tb.xml@63,1,Madidis,madidus,ADJ
phi0959.phi006.perseus-lat1.tb.xml@63,2,Notus,Notus,PROPN
phi0959.phi006.perseus-lat1.tb.xml@63,3,evolat,evolo,VERB
phi0959.phi006.perseus-lat1.tb.xml@63,4,alis,ala,NOUN
phi0959.phi006.perseus-lat1.tb.xml@63,5,",",",",PUNCT
phi0959.phi006.perseus-lat1.tb.xml@63,6,terribilem,terribilis,ADJ
phi0959.phi006.perseus-lat1.tb.xml@63,7,picea,piceus,ADJ
phi0959.phi006.perseus-lat1.tb.xml@63,8,tectus,tego,VERB
phi0959.phi006.perseus-lat1.tb.xml@63,9,caligine,caligo,NOUN
phi0959.phi006.perseus-lat1.tb.xml@63,10,vultum,vultus,NOUN
phi0959.phi006.perseus-lat1.tb.xml@63,11,:,:,PUNCT
phi0959.phi006.perseus-lat1.tb.xml@65,1,fronte,frons,NOUN
phi0959.phi006.perseus-lat1.tb.xml@65,2,sedent,sedeo,VERB
phi0959.phi006.perseus-lat1.tb.xml@65,3,nebulae,nebula,NOUN
phi0959.phi006.perseus-lat1.tb.xml@65,4,",",",",PUNCT
phi0959.phi006.perseus-lat1.tb.xml@65,5,rorant,roro,VERB
phi0959.phi006.perseus-lat1.tb.xml@65,6-7,pennaeque,_,_
phi0959.phi006.perseus-lat1.tb.xml@65,6,pennae,penna,NOUN
phi0959.phi006.perseus-lat1.tb.xml@65,7,que,que,CCONJ
phi0959.phi006.perseus-lat1.tb.xml@65,8-9,sinusque,_,_
phi0959.phi006.perseus-lat1.tb.xml@65,8,sinus,sinus,NOUN
phi0959.phi006.perseus-lat1.tb.xml@65,9,que,que,CCONJ
phi0959.phi006.perseus-lat1.tb.xml@65,10,.,.,PUNCT
phi0959.phi006.perseus-lat1.tb.xml@66,1-2,Utque,_,_
phi0959.phi006.perseus-lat1.tb.xml@66,1,Ut,ut,SCONJ
phi0959.phi006.perseus-lat1.tb.xml@66,2,que,que,CCONJ
phi0959.phi006.perseus-lat1.tb.xml@66,3,manu,manus,NOUN
phi0959.phi006.perseus-lat1.tb.xml@66,4,late,latus,ADV
phi0959.phi006.perseus-lat1.tb.xml@66,5,pendentia,pendeo,VERB
phi0959.phi006.perseus-lat1.tb.xml@66,6,nubila,nubila,NOUN
phi0959.phi006.perseus-lat1.tb.xml@66,7,pressit,premo,VERB
phi0959.phi006.perseus-lat1.tb.xml@66,8,",",",",PUNCT
phi0959.phi006.perseus-lat1.tb.xml@66,9,fit,fio,VERB
phi0959.phi006.perseus-lat1.tb.xml@66,10,fragor,fragor,NOUN
phi0959.phi006.perseus-lat1.tb.xml@66,11,:,:,PUNCT
phi0959.phi006.perseus-lat1.tb.xml@67,1,hinc,hinc,ADV
phi0959.phi006.perseus-lat1.tb.xml@67,2,densi,densus,ADJ
phi0959.phi006.perseus-lat1.tb.xml@67,3,funduntur,fundo,VERB
phi0959.phi006.perseus-lat1.tb.xml@67,4,ab,ab,ADP
phi0959.phi006.perseus-lat1.tb.xml@67,5,aethere,aether,NOUN
phi0959.phi006.perseus-lat1.tb.xml@67,6,nimbi,nimbus,NOUN
phi0959.phi006.perseus-lat1.tb.xml@67,7,.,.,PUNCT
phi0959.phi006.perseus-lat1.tb.xml@69,1,Sternuntur,sterno,VERB
phi0959.phi006.perseus-lat1.tb.xml@69,2,segetes,seges,NOUN
phi0959.phi006.perseus-lat1.tb.xml@69,3,et,et,CCONJ
phi0959.phi006.perseus-lat1.tb.xml@69,4,deplorata,deploro,VERB
phi0959.phi006.perseus-lat1.tb.xml@69,5,coloni,colonus,NOUN
phi0959.phi006.perseus-lat1.tb.xml@69,6,vota,votum,NOUN
phi0959.phi006.perseus-lat1.tb.xml@69,7,iacent,iaceo,VERB
phi0959.phi006.perseus-lat1.tb.xml@69,8,",",",",PUNCT
phi0959.phi006.perseus-lat1.tb.xml@69,9-10,longique,_,_
phi0959.phi006.perseus-lat1.tb.xml@69,9,longi,longus,ADJ
phi0959.phi006.perseus-lat1.tb.xml@69,10,que,que,CCONJ
phi0959.phi006.perseus-lat1.tb.xml@69,11,perit,pereo,VERB
phi0959.phi006.perseus-lat1.tb.xml@69,12,labor,labor,NOUN
phi0959.phi006.perseus-lat1.tb.xml@69,13,inritus,irritus,ADJ
phi0959.phi006.perseus-lat1.tb.xml@69,14,anni,annus,NOUN
phi0959.phi006.perseus-lat1.tb.xml@69,15,.,.,PUNCT
phi0959.phi006.perseus-lat1.tb.xml@70,1-2,Nec,_,_
phi0959.phi006.perseus-lat1.tb.xml@70,1,Ne,ne,ADV
phi0959.phi006.perseus-lat1.tb.xml@70,2,c,que,CCONJ
phi0959.phi006.perseus-lat1.tb.xml@70,3,caelo,caelum,NOUN
phi0959.phi006.perseus-lat1.tb.xml@70,4,contenta,contentus,ADJ
phi0959.phi006.perseus-lat1.tb.xml@70,5,suo,suus,DET
phi0959.phi006.perseus-lat1.tb.xml@70,6,est,sum,AUX
phi0959.phi006.perseus-lat1.tb.xml@70,7,Iovis,Iuppiter,PROPN
phi0959.phi006.perseus-lat1.tb.xml@70,8,ira,ira,NOUN
phi0959.phi006.perseus-lat1.tb.xml@70,9,",",",",PUNCT
phi0959.phi006.perseus-lat1.tb.xml@70,10,sed,sed,CCONJ
phi0959.phi006.perseus-lat1.tb.xml@70,11,illum,ille,DET
phi0959.phi006.perseus-lat1.tb.xml@70,12,caeruleus,caeruleus,ADJ
phi0959.phi006.perseus-lat1.tb.xml@70,13,frater,frater,NOUN
phi0959.phi006.perseus-lat1.tb.xml@70,14,iuvat,iuvo,VERB
phi0959.phi006.perseus-lat1.tb.xml@70,15,auxiliaribus,auxiliaris,ADJ
phi0959.phi006.perseus-lat1.tb.xml@70,16,undis,unda,NOUN
phi0959.phi006.perseus-lat1.tb.xml@70,17,.,.,PUNCT
phi0959.phi006.perseus-lat1.tb.xml@71,1,Convocat,convoco,VERB
phi0959.phi006.perseus-lat1.tb.xml@71,2,hic,hic,DET
phi0959.phi006.perseus-lat1.tb.xml@71,3,amnes,amnis,NOUN
phi0959.phi006.perseus-lat1.tb.xml@71,4,.,.,PUNCT
phi0959.phi006.perseus-lat1.tb.xml@73,1,Vires,vis,NOUN
phi0959.phi006.perseus-lat1.tb.xml@73,2,effundite,effundo,VERB
phi0959.phi006.perseus-lat1.tb.xml@73,3,vestras,vester,DET
phi0959.phi006.perseus-lat1.tb.xml@73,4,:,:,PUNCT
phi0959.phi006.perseus-lat1.tb.xml@76,1,Iusserat,iubeo,VERB
phi0959.phi006.perseus-lat1.tb.xml@76,2,;,;,PUNCT
phi0959.phi006.perseus-lat1.tb.xml@77,1,hi,hic,DET
phi0959.phi006.perseus-lat1.tb.xml@77,2,redeunt,redeo,VERB
phi0959.phi006.perseus-lat1.tb.xml@77,3,ac,atque,CCONJ
phi0959.phi006.perseus-lat1.tb.xml@77,4,fontibus,fons,NOUN
phi0959.phi006.perseus-lat1.tb.xml@77,5,ora,os,NOUN
phi0959.phi006.perseus-lat1.tb.xml@77,6,relaxant,relaxo,VERB
phi0959.phi006.perseus-lat1.tb.xml@77,7,et,et,CCONJ
phi0959.phi006.perseus-lat1.tb.xml@77,8,defrenato,defrenatus,ADJ
phi0959.phi006.perseus-lat1.tb.xml@77,9,volvuntur,volvo,VERB
phi0959.phi006.perseus-lat1.tb.xml@77,10,in,in,ADP
phi0959.phi006.perseus-lat1.tb.xml@77,11,aequora,aequor,NOUN
phi0959.phi006.perseus-lat1.tb.xml@77,12,cursu,cursus,NOUN
phi0959.phi006.perseus-lat1.tb.xml@77,13,.,.,PUNCT
phi0959.phi006.perseus-lat1.tb.xml@78,1,Ipse,ipse,DET
phi0959.phi006.perseus-lat1.tb.xml@78,2,tridente,tridens,NOUN
phi0959.phi006.perseus-lat1.tb.xml@78,3,suo,suus,DET
phi0959.phi006.perseus-lat1.tb.xml@78,4,terram,terra,NOUN
phi0959.phi006.perseus-lat1.tb.xml@78,5,percussit,percutio,VERB
phi0959.phi006.perseus-lat1.tb.xml@78,6,:,:,PUNCT
phi0959.phi006.perseus-lat1.tb.xml@79,1,at,at,CCONJ
phi0959.phi006.perseus-lat1.tb.xml@79,2,illa,ille,DET
phi0959.phi006.perseus-lat1.tb.xml@79,3,intremuit,intremo,VERB
phi0959.phi006.perseus-lat1.tb.xml@79,4-5,motuque,_,_
phi0959.phi006.perseus-lat1.tb.xml@79,4,motu,motus,NOUN
phi0959.phi006.perseus-lat1.tb.xml@79,5,que,que,CCONJ
phi0959.phi006.perseus-lat1.tb.xml@79,6,vias,via,NOUN
phi0959.phi006.perseus-lat1.tb.xml@79,7,patefecit,patefacio,VERB
phi0959.phi006.perseus-lat1.tb.xml@79,8,aquarum,aqua,NOUN
phi0959.phi006.perseus-lat1.tb.xml@79,9,.,.,PUNCT
phi0959.phi006.perseus-lat1.tb.xml@80,1,Exspatiata,exspatior,VERB
phi0959.phi006.perseus-lat1.tb.xml@80,2,ruunt,ruo,VERB
phi0959.phi006.perseus-lat1.tb.xml@80,3,per,per,ADP
phi0959.phi006.perseus-lat1.tb.xml@80,4,apertos,apertus,ADJ
phi0959.phi006.perseus-lat1.tb.xml@80,5,flumina,flumen,NOUN
phi0959.phi006.perseus-lat1.tb.xml@80,6,campos,campus,NOUN
phi0959.phi006.perseus-lat1.tb.xml@80,7,cumque,cum,SCONJ
phi0959.phi006.perseus-lat1.tb.xml@80,8,satis,sata,NOUN
phi0959.phi006.perseus-lat1.tb.xml@80,9,arbusta,arbustum,NOUN
phi0959.phi006.perseus-lat1.tb.xml@80,10,simul,simul,ADV
phi0959.phi006.perseus-lat1.tb.xml@80,11-12,pecudesque,_,_
phi0959.phi006.perseus-lat1.tb.xml@80,11,pecudes,pecus,NOUN
phi0959.phi006.perseus-lat1.tb.xml@80,12,que,que,CCONJ
phi0959.phi006.perseus-lat1.tb.xml@80,13-14,virosque,_,_
phi0959.phi006.perseus-lat1.tb.xml@80,13,viros,vir,NOUN
phi0959.phi006.perseus-lat1.tb.xml@80,14,que,que,CCONJ
phi0959.phi006.perseus-lat1.tb.xml@80,15-16,tectaque,_,_
phi0959.phi006.perseus-lat1.tb.xml@80,15,tecta,tectum,NOUN
phi0959.phi006.perseus-lat1.tb.xml@80,16,que,que,CCONJ
phi0959.phi006.perseus-lat1.tb.xml@80,17,cumque,cum,ADP
phi0959.phi006.perseus-lat1.tb.xml@80,18,suis,suus,DET
phi0959.phi006.perseus-lat1.tb.xml@80,19,rapiunt,rapio,VERB
phi0959.phi006.perseus-lat1.tb.xml@80,20,penetralia,penetralis,ADJ
phi0959.phi006.perseus-lat1.tb.xml@80,21,sacris,sacrum,NOUN
phi0959.phi006.perseus-lat1.tb.xml@80,22,.,.,PUNCT
phi0959.phi006.perseus-lat1.tb.xml@81,1,Iamque,iam,ADV
phi0959.phi006.perseus-lat1.tb.xml@81,2,mare,mare,NOUN
phi0959.phi006.perseus-lat1.tb.xml@81,3,et,et,CCONJ
phi0959.phi006.perseus-lat1.tb.xml@81,4,tellus,tellus,NOUN
phi0959.phi006.perseus-lat1.tb.xml@81,5,nullum,nullus,DET
phi0959.phi006.perseus-lat1.tb.xml@81,6,discrimen,discrimen,NOUN
phi0959.phi006.perseus-lat1.tb.xml@81,7,habebant,habeo,VERB
phi0959.phi006.perseus-lat1.tb.xml@81,8,:,:,PUNCT
phi0959.phi006.perseus-lat1.tb.xml@82,1,omnia,omnia,NOUN
phi0959.phi006.perseus-lat1.tb.xml@82,2,pontus,pontus,NOUN
phi0959.phi006.perseus-lat1.tb.xml@82,3,erant,sum,AUX
phi0959.phi006.perseus-lat1.tb.xml@82,4,;,;,PUNCT
phi0959.phi006.perseus-lat1.tb.xml@83,1,deerant,desum,VERB
phi0959.phi006.perseus-lat1.tb.xml@83,2,quoque,quoque,PART
phi0959.phi006.perseus-lat1.tb.xml@83,3,litora,litus,NOUN
phi0959.phi006.perseus-lat1.tb.xml@83,4,ponto,pontus,NOUN
phi0959.phi006.perseus-lat1.tb.xml@83,5,.,.,PUNCT
phi0959.phi006.perseus-lat1.tb.xml@85,1,Figitur,figo,VERB
phi0959.phi006.perseus-lat1.tb.xml@85,2,in,in,ADP
phi0959.phi006.perseus-lat1.tb.xml@85,3,viridi,viridis,ADJ
phi0959.phi006.perseus-lat1.tb.xml@85,4,",",",",PUNCT
phi0959.phi006.perseus-lat1.tb.xml@85,5,si,si,SCONJ
phi0959.phi006.perseus-lat1.tb.xml@85,6,fors,fors,NOUN
phi0959.phi006.perseus-lat1.tb.xml@85,7,tulit,fero,VERB
phi0959.phi006.perseus-lat1.tb.xml@85,8,",",",",PUNCT
phi0959.phi006.perseus-lat1.tb.xml@85,9,ancora,ancora,NOUN
phi0959.phi006.perseus-lat1.tb.xml@85,10,prato,pratum,NOUN
phi0959.phi006.perseus-lat1.tb.xml@85,11,",",",",PUNCT
phi0959.phi006.perseus-lat1.tb.xml@85,12,aut,aut,CCONJ
phi0959.phi006.perseus-lat1.tb.xml@85,13,subiecta,subiectum,NOUN
phi0959.phi006.perseus-lat1.tb.xml@85,14,terunt,tero,VERB
phi0959.phi006.perseus-lat1.tb.xml@85,15,curvae,curvus,ADJ
phi0959.phi006.perseus-lat1.tb.xml@85,16,vineta,vinetum,NOUN
phi0959.phi006.perseus-lat1.tb.xml@85,17,carinae,carina,NOUN
phi0959.phi006.perseus-lat1.tb.xml@85,18,;,;,PUNCT
phi0959.phi006.perseus-lat1.tb.xml@86,1,et,et,CCONJ
phi0959.phi006.perseus-lat1.tb.xml@86,2,",",",",PUNCT
phi0959.phi006.perseus-lat1.tb.xml@86,3,modo,modo,ADV
phi0959.phi006.perseus-lat1.tb.xml@86,4,qua,qua,ADV
phi0959.phi006.perseus-lat1.tb.xml@86,5,graciles,gracilis,ADJ
phi0959.phi006.perseus-lat1.tb.xml@86,6,gramen,gramen,NOUN
phi0959.phi006.perseus-lat1.tb.xml@86,7,carpsere,carpo,VERB
phi0959.phi006.perseus-lat1.tb.xml@86,8,capellae,capella,NOUN
phi0959.phi006.perseus-lat1.tb.xml@86,9,",",",",PUNCT
phi0959.phi006.perseus-lat1.tb.xml@86,10,nunc,nunc,ADV
phi0959.phi006.perseus-lat1.tb.xml@86,11,ibi,ibi,ADV
phi0959.phi006.perseus-lat1.tb.xml@86,12,deformes,deformis,ADJ
phi0959.phi006.perseus-lat1.tb.xml@86,13,ponunt,pono,VERB
phi0959.phi006.perseus-lat1.tb.xml@86,14,sua,suus,DET
phi0959.phi006.perseus-lat1.tb.xml@86,15,corpora,corpus,NOUN
phi0959.phi006.perseus-lat1.tb.xml@86,16,phocae,phoca,NOUN
phi0959.phi006.perseus-lat1.tb.xml@86,17,.,.,PUNCT
phi0959.phi006.perseus-lat1.tb.xml@89,1-2,Quaesitisque,_,_
phi0959.phi006.perseus-lat1.tb.xml@89,1,Quaesitis,quaero,VERB
phi0959.phi006.perseus-lat1.tb.xml@89,2,que,que,CCONJ
phi0959.phi006.perseus-lat1.tb.xml@89,3,diu,diu,ADV
phi0959.phi006.perseus-lat1.tb.xml@89,4,terris,terra,NOUN
phi0959.phi006.perseus-lat1.tb.xml@89,5,",",",",PUNCT
phi0959.phi006.perseus-lat1.tb.xml@89,6,ubi,ubi,SCONJ
phi0959.phi006.perseus-lat1.tb.xml@89,7,sistere,sisto,VERB
phi0959.phi006.perseus-lat1.tb.xml@89,8,possit,possum,VERB
phi0959.phi006.perseus-lat1.tb.xml@89,9,",",",",PUNCT
phi0959.phi006.perseus-lat1.tb.xml@89,10,in,in,ADP
phi0959.phi006.perseus-lat1.tb.xml@89,11,mare,mare,NOUN
phi0959.phi006.perseus-lat1.tb.xml@89,12,lassatis,lasso,VERB
phi0959.phi006.perseus-lat1.tb.xml@89,13,volucris,volucris,NOUN
phi0959.phi006.perseus-lat1.tb.xml@89,14,vaga,vagus,ADJ
phi0959.phi006.perseus-lat1.tb.xml@89,15,decidit,decido,VERB
phi0959.phi006.perseus-lat1.tb.xml@89,16,alis,ala,NOUN
phi0959.phi006.perseus-lat1.tb.xml@89,17,.,.,PUNCT
phi0959.phi006.perseus-lat1.tb.xml@90,1,Obruerat,obruo,VERB
phi0959.phi006.perseus-lat1.tb.xml@90,2,tumulos,tumulus,NOUN
phi0959.phi006.perseus-lat1.tb.xml@90,3,inmensa,immensus,ADJ
phi0959.phi006.perseus-lat1.tb.xml@90,4,licentia,licentia,NOUN
phi0959.phi006.perseus-lat1.tb.xml@90,5,ponti,pontus,NOUN
phi0959.phi006.perseus-lat1.tb.xml@90,6,",",",",PUNCT
phi0959.phi006.perseus-lat1.tb.xml@90,7-8,pulsabantque,_,_
phi0959.phi006.perseus-lat1.tb.xml@90,7,pulsabant,pulso,VERB
phi0959.phi006.perseus-lat1.tb.xml@90,8,que,que,CCONJ
phi0959.phi006.perseus-lat1.tb.xml@90,9,novi,novus,ADJ
phi0959.phi006.perseus-lat1.tb.xml@90,10,montana,montanus,ADJ
phi0959.phi006.perseus-lat1.tb.xml@90,11,cacumina,cacumen,NOUN
phi0959.phi006.perseus-lat1.tb.xml@90,12,fluctus,fluctus,NOUN
phi0959.phi006.perseus-lat1.tb.xml@90,13,.,.,PUNCT
phi0959.phi006.perseus-lat1.tb.xml@91,1,Maxima,maximus,ADJ
phi0959.phi006.perseus-lat1.tb.xml@91,2,pars,pars,NOUN
phi0959.phi006.perseus-lat1.tb.xml@91,3,unda,unda,NOUN
phi0959.phi006.perseus-lat1.tb.xml@91,4,rapitur,rapio,VERB
phi0959.phi006.perseus-lat1.tb.xml@91,5,;,;,PUNCT
phi0959.phi006.perseus-lat1.tb.xml@92,1,quibus,qui,PRON
phi0959.phi006.perseus-lat1.tb.xml@92,2,unda,unda,NOUN
phi0959.phi006.perseus-lat1.tb.xml@92,3,pepercit,parco,VERB
phi0959.phi006.perseus-lat1.tb.xml@92,4,",",",",PUNCT
phi0959.phi006.perseus-lat1.tb.xml@92,5,illos,ille,DET
phi0959.phi006.perseus-lat1.tb.xml@92,6,longa,longus,ADJ
phi0959.phi006.perseus-lat1.tb.xml@92,7,domant,domo,VERB
phi0959.phi006.perseus-lat1.tb.xml@92,8,inopi,inops,ADJ
phi0959.phi006.perseus-lat1.tb.xml@92,9,ieiunia,ieiunium,NOUN
phi0959.phi006.perseus-lat1.tb.xml@92,10,victu,victus,NOUN
phi0959.phi006.perseus-lat1.tb.xml@92,11,.,.,PUNCT
phi0959.phi006.perseus-lat1.tb.xml@94,1,Mons,mons,NOUN
phi0959.phi006.perseus-lat1.tb.xml@94,2,ibi,ibi,ADV
phi0959.phi006.perseus-lat1.tb.xml@94,3,verticibus,vertex,NOUN
phi0959.phi006.perseus-lat1.tb.xml@94,4,petit,peto,VERB
phi0959.phi006.perseus-lat1.tb.xml@94,5,arduus,arduus,ADJ
phi0959.phi006.perseus-lat1.tb.xml@94,6,astra,astrum,NOUN
phi0959.phi006.perseus-lat1.tb.xml@94,7,duobus,duo,NUM
phi0959.phi006.perseus-lat1.tb.xml@94,8,",",",",PUNCT
phi0959.phi006.perseus-lat1.tb.xml@94,9,nomine,nomen,NOUN
phi0959.phi006.perseus-lat1.tb.xml@94,10,Parnasus,Parnasus,PROPN
phi0959.phi006.perseus-lat1.tb.xml@94,11,",",",",PUNCT
phi0959.phi006.perseus-lat1.tb.xml@94,12-13,superantque,_,_
phi0959.phi006.perseus-lat1.tb.xml@94,12,superant,supero,VERB
phi0959.phi006.perseus-lat1.tb.xml@94,13,que,que,CCONJ
phi0959.phi006.perseus-lat1.tb.xml@94,14,cacumina,cacumen,NOUN
phi0959.phi006.perseus-lat1.tb.xml@94,15,nubes,nubes,NOUN
phi0959.phi006.perseus-lat1.tb.xml@94,16,.,.,PUNCT
phi0959.phi006.perseus-lat1.tb.xml@98,1-2,Nec,_,_
phi0959.phi006.perseus-lat1.tb.xml@98,1,Ne,ne,ADV
phi0959.phi006.perseus-lat1.tb.xml@98,2,c,que,CCONJ
phi0959.phi006.perseus-lat1.tb.xml@98,3,maris,mare,NOUN
phi0959.phi006.perseus-lat1.tb.xml@98,4,ira,ira,NOUN
phi0959.phi006.perseus-lat1.tb.xml@98,5,manet,maneo,VERB
phi0959.phi006.perseus-lat1.tb.xml@98,6,",",",",PUNCT
phi0959.phi006.perseus-lat1.tb.xml@98,7-8,positoque,_,_
phi0959.phi006.perseus-lat1.tb.xml@98,7,posito,pono,VERB
phi0959.phi006.perseus-lat1.tb.xml@98,8,que,que,CCONJ
phi0959.phi006.perseus-lat1.tb.xml@98,9,tricuspide,tricuspis,ADJ
phi0959.phi006.perseus-lat1.tb.xml@98,10,telo,telum,NOUN
phi0959.phi006.perseus-lat1.tb.xml@98,11,mulcet,mulceo,VERB
phi0959.phi006.perseus-lat1.tb.xml@98,12,aquas,aqua,NOUN
phi0959.phi006.perseus-lat1.tb.xml@98,13,rector,rector,NOUN
phi0959.phi006.perseus-lat1.tb.xml@98,14,pelagi,pelagus,NOUN
phi0959.phi006.perseus-lat1.tb.xml@98,15-16,supraque,_,_
phi0959.phi006.perseus-lat1.tb.xml@98,15,supra,supra,ADP
phi0959.phi006.perseus-lat1.tb.xml@98,16,que,que,CCONJ
phi0959.phi006.perseus-lat1.tb.xml@98,17,profundum,profundum,NOUN
phi0959.phi006.perseus-lat1.tb.xml@98,18,exstantem,exsto,VERB
phi0959.phi006.perseus-lat1.tb.xml@98,19,atque,atque,CCONJ
phi0959.phi006.perseus-lat1.tb.xml@98,20,umeros,umerus,NOUN
phi0959.phi006.perseus-lat1.tb.xml@98,21,innato,innatus,ADJ
phi0959.phi006.perseus-lat1.tb.xml@98,22,murice,murex,NOUN
phi0959.phi006.perseus-lat1.tb.xml@98,23,tectum,tego,VERB
phi0959.phi006.perseus-lat1.tb.xml@98,24,caeruleum,caeruleus,ADJ
phi0959.phi006.perseus-lat1.tb.xml@98,25,Tritona,Triton,PROPN
phi0959.phi006.perseus-lat1.tb.xml@98,26,vocat,voco,VERB
phi0959.phi006.perseus-lat1.tb.xml@98,27-28,conchaeque,_,_
phi0959.phi006.perseus-lat1.tb.xml@98,27,conchae,concha,NOUN
phi0959.phi006.perseus-lat1.tb.xml@98,28,que,que,CCONJ
phi0959.phi006.perseus-lat1.tb.xml@98,29,sonanti,sono,VERB
phi0959.phi006.perseus-lat1.tb.xml@98,30,inspirare,inspiro,VERB
phi0959.phi006.perseus-lat1.tb.xml@98,31,iubet,iubeo,VERB
phi0959.phi006.perseus-lat1.tb.xml@98,32-33,fluctusque,_,_
phi0959.phi006.perseus-lat1.tb.xml@98,32,fluctus,fluctus,NOUN
phi0959.phi006.perseus-lat1.tb.xml@98,33,que,que,CCONJ
phi0959.phi006.perseus-lat1.tb.xml@98,34,et,et,CCONJ
phi0959.phi006.perseus-lat1.tb.xml@98,35,flumina,flumen,NOUN
phi0959.phi006.perseus-lat1.tb.xml@98,36,signo,signum,NOUN
phi0959.phi006.perseus-lat1.tb.xml@98,37,iam,iam,ADV
phi0959.phi006.perseus-lat1.tb.xml@98,38,revocare,revoco,VERB
phi0959.phi006.perseus-lat1.tb.xml@98,39,dato,do,VERB
phi0959.phi006.perseus-lat1.tb.xml@98,40,.,.,PUNCT
phi0959.phi006.perseus-lat1.tb.xml@105,1,possedit,possedo,VERB
phi0959.phi006.perseus-lat1.tb.xml@105,2,cetera,ceterum,NOUN
phi0959.phi006.perseus-lat1.tb.xml@105,3,pontus,pontus,NOUN
phi0959.phi006.perseus-lat1.tb.xml@105,4,.,.,PUNCT
phi0959.phi006.perseus-lat1.tb.xml@106,1,Haec,hic,DET
phi0959.phi006.perseus-lat1.tb.xml@106,2,quoque,quoque,PART
phi0959.phi006.perseus-lat1.tb.xml@106,3,adhuc,adhuc,ADV
phi0959.phi006.perseus-lat1.tb.xml@106,4,vitae,vita,NOUN
phi0959.phi006.perseus-lat1.tb.xml@106,5,non,non,PART
phi0959.phi006.perseus-lat1.tb.xml@106,6,est,sum,AUX
phi0959.phi006.perseus-lat1.tb.xml@106,7,fiducia,fiducia,NOUN
phi0959.phi006.perseus-lat1.tb.xml@106,8,nostrae,noster,DET
phi0959.phi006.perseus-lat1.tb.xml@106,9,certa,certus,ADJ
phi0959.phi006.perseus-lat1.tb.xml@106,10,satis,satis,ADV
phi0959.phi006.perseus-lat1.tb.xml@106,11,;,;,PUNCT
phi0959.phi006.perseus-lat1.tb.xml@107,1,terrent,terreo,VERB
phi0959.phi006.perseus-lat1.tb.xml@107,2,etiam,etiam,ADV
phi0959.phi006.perseus-lat1.tb.xml@107,3,nunc,nunc,ADV
phi0959.phi006.perseus-lat1.tb.xml@107,4,nubila,nubila,NOUN
phi0959.phi006.perseus-lat1.tb.xml@107,5,mentem,mens,NOUN
phi0959.phi006.perseus-lat1.tb.xml@107,6,.,.,PUNCT
phi0959.phi006.perseus-lat1.tb.xml@109,1,quo,qui,DET
phi0959.phi006.perseus-lat1.tb.xml@109,2,sola,solus,ADJ
phi0959.phi006.perseus-lat1.tb.xml@109,3,timorem,timor,NOUN
phi0959.phi006.perseus-lat1.tb.xml@109,4,ferre,fero,VERB
phi0959.phi006.perseus-lat1.tb.xml@109,5,modo,modus,NOUN
phi0959.phi006.perseus-lat1.tb.xml@109,6,posses,possum,VERB
phi0959.phi006.perseus-lat1.tb.xml@109,7,?,?,PUNCT
phi0959.phi006.perseus-lat1.tb.xml@110,1,quo,quis,PRON
phi0959.phi006.perseus-lat1.tb.xml@110,2,consolante,consolor,VERB
phi0959.phi006.perseus-lat1.tb.xml@110,3,doleres,doleo,VERB
phi0959.phi006.perseus-lat1.tb.xml@110,4,?,?,PUNCT
phi0959.phi006.perseus-lat1.tb.xml@112,1,O,O,INTJ
phi0959.phi006.perseus-lat1.tb.xml@112,2,utinam,utinam,ADV
phi0959.phi006.perseus-lat1.tb.xml@112,3,possim,possum,VERB
phi0959.phi006.perseus-lat1.tb.xml@112,4,populos,populus,NOUN
phi0959.phi006.perseus-lat1.tb.xml@112,5,reparare,reparo,VERB
phi0959.phi006.perseus-lat1.tb.xml@112,6,paternis,paternus,ADJ
phi0959.phi006.perseus-lat1.tb.xml@112,7,artibus,ars,NOUN
phi0959.phi006.perseus-lat1.tb.xml@112,8,atque,atque,CCONJ
phi0959.phi006.perseus-lat1.tb.xml@112,9,animas,anima,NOUN
phi0959.phi006.perseus-lat1.tb.xml@112,10,formatae,formo,VERB
phi0959.phi006.perseus-lat1.tb.xml@112,11,infundere,infundo,VERB
phi0959.phi006.perseus-lat1.tb.xml@112,12,terrae,terra,NOUN
phi0959.phi006.perseus-lat1.tb.xml@112,13,!,!,PUNCT
phi0959.phi006.perseus-lat1.tb.xml@114,1,Dixerat,dico,VERB
phi0959.phi006.perseus-lat1.tb.xml@114,2,",",",",PUNCT
phi0959.phi006.perseus-lat1.tb.xml@114,3,et,et,CCONJ
phi0959.phi006.perseus-lat1.tb.xml@114,4,flebant,fleo,VERB
phi0959.phi006.perseus-lat1.tb.xml@114,5,.,.,PUNCT
phi0959.phi006.perseus-lat1.tb.xml@115,1,Placuit,placeo,VERB
phi0959.phi006.perseus-lat1.tb.xml@115,2,caeleste,caelestis,ADJ
phi0959.phi006.perseus-lat1.tb.xml@115,3,precari,precor,VERB
phi0959.phi006.perseus-lat1.tb.xml@115,4,numen,numen,NOUN
phi0959.phi006.perseus-lat1.tb.xml@115,5,et,et,CCONJ
phi0959.phi006.perseus-lat1.tb.xml@115,6,auxilium,auxilium,NOUN
phi0959.phi006.perseus-lat1.tb.xml@115,7,per,per,ADP
phi0959.phi006.perseus-lat1.tb.xml@115,8,sacras,sacer,ADJ
phi0959.phi006.perseus-lat1.tb.xml@115,9,quaerere,quaero,VERB
phi0959.phi006.perseus-lat1.tb.xml@115,10,sortes,sors,NOUN
phi0959.phi006.perseus-lat1.tb.xml@115,11,.,.,PUNCT
phi0959.phi006.perseus-lat1.tb.xml@117,1,adeunt,adeo,VERB
phi0959.phi006.perseus-lat1.tb.xml@117,2,pariter,pariter,ADV
phi0959.phi006.perseus-lat1.tb.xml@117,3,Cephisidas,Cephisidas,ADJ
phi0959.phi006.perseus-lat1.tb.xml@117,4,undas,unda,NOUN
phi0959.phi006.perseus-lat1.tb.xml@117,5,",",",",PUNCT
phi0959.phi006.perseus-lat1.tb.xml@117,6,ut,ut,ADV
phi0959.phi006.perseus-lat1.tb.xml@117,7,nondum,nondum,ADV
phi0959.phi006.perseus-lat1.tb.xml@117,8,liquidas,liquidus,ADJ
phi0959.phi006.perseus-lat1.tb.xml@117,9,",",",",PUNCT
phi0959.phi006.perseus-lat1.tb.xml@117,10,sic,sic,ADV
phi0959.phi006.perseus-lat1.tb.xml@117,11,iam,iam,ADV
phi0959.phi006.perseus-lat1.tb.xml@117,12,vada,vadum,NOUN
phi0959.phi006.perseus-lat1.tb.xml@117,13,nota,notus,ADJ
phi0959.phi006.perseus-lat1.tb.xml@117,14,secantes,seco,VERB
phi0959.phi006.perseus-lat1.tb.xml@117,15,.,.,PUNCT
phi0959.phi006.perseus-lat1.tb.xml@118,1,Inde,inde,ADV
phi0959.phi006.perseus-lat1.tb.xml@118,2,ubi,ubi,SCONJ
phi0959.phi006.perseus-lat1.tb.xml@118,3,libatos,libo,VERB
phi0959.phi006.perseus-lat1.tb.xml@118,4,inroravere,inroro,VERB
phi0959.phi006.perseus-lat1.tb.xml@118,5,liquores,liquor,NOUN
phi0959.phi006.perseus-lat1.tb.xml@118,6,vestibus,vestis,NOUN
phi0959.phi006.perseus-lat1.tb.xml@118,7,et,et,CCONJ
phi0959.phi006.perseus-lat1.tb.xml@118,8,capiti,caput,NOUN
phi0959.phi006.perseus-lat1.tb.xml@118,9,",",",",PUNCT
phi0959.phi006.perseus-lat1.tb.xml@118,10,flectunt,flecto,VERB
phi0959.phi006.perseus-lat1.tb.xml@118,11,vestigia,vestigium,NOUN
phi0959.phi006.perseus-lat1.tb.xml@118,12,sanctae,sancio,VERB
phi0959.phi006.perseus-lat1.tb.xml@118,13,ad,ad,ADP
phi0959.phi006.perseus-lat1.tb.xml@118,14,delubra,delubrum,NOUN
phi0959.phi006.perseus-lat1.tb.xml@118,15,deae,dea,NOUN
phi0959.phi006.perseus-lat1.tb.xml@118,16,",",",",PUNCT
phi0959.phi006.perseus-lat1.tb.xml@118,17,quorum,qui,PRON
phi0959.phi006.perseus-lat1.tb.xml@118,18,fastigia,fastigium,NOUN
phi0959.phi006.perseus-lat1.tb.xml@118,19,turpi,turpis,ADJ
phi0959.phi006.perseus-lat1.tb.xml@118,20,pallebant,palleo,VERB
phi0959.phi006.perseus-lat1.tb.xml@118,21,musco,muscus,NOUN
phi0959.phi006.perseus-lat1.tb.xml@118,22-23,stabantque,_,_
phi0959.phi006.perseus-lat1.tb.xml@118,22,stabant,sto,VERB
phi0959.phi006.perseus-lat1.tb.xml@118,23,que,que,CCONJ
phi0959.phi006.perseus-lat1.tb.xml@118,24,sine,sine,ADP
phi0959.phi006.perseus-lat1.tb.xml@118,25,ignibus,ignis,NOUN
phi0959.phi006.perseus-lat1.tb.xml@118,26,arae,ara,NOUN
phi0959.phi006.perseus-lat1.tb.xml@118,27,.,.,PUNCT
phi0959.phi006.perseus-lat1.tb.xml@119,1,Ut,ut,SCONJ
phi0959.phi006.perseus-lat1.tb.xml@119,2,templi,templum,NOUN
phi0959.phi006.perseus-lat1.tb.xml@119,3,tetigere,tango,VERB
phi0959.phi006.perseus-lat1.tb.xml@119,4,gradus,gradus,NOUN
phi0959.phi006.perseus-lat1.tb.xml@119,5,",",",",PUNCT
phi0959.phi006.perseus-lat1.tb.xml@119,6,procumbit,procumbo,VERB
phi0959.phi006.perseus-lat1.tb.xml@119,7,uterque,uter,ADJ
phi0959.phi006.perseus-lat1.tb.xml@119,8,pronus,pronus,ADJ
phi0959.phi006.perseus-lat1.tb.xml@119,9,humi,humus,NOUN
phi0959.phi006.perseus-lat1.tb.xml@119,10-11,gelidoque,_,_
phi0959.phi006.perseus-lat1.tb.xml@119,10,gelido,gelidus,ADJ
phi0959.phi006.perseus-lat1.tb.xml@119,11,que,que,CCONJ
phi0959.phi006.perseus-lat1.tb.xml@119,12,pavens,paveo,VERB
phi0959.phi006.perseus-lat1.tb.xml@119,13,dedit,dedo,VERB
phi0959.phi006.perseus-lat1.tb.xml@119,14,oscula,osculum,NOUN
phi0959.phi006.perseus-lat1.tb.xml@119,15,saxo,saxum,NOUN
phi0959.phi006.perseus-lat1.tb.xml@119,16,atque,atque,CCONJ
phi0959.phi006.perseus-lat1.tb.xml@119,17,ita,ita,ADV
phi0959.phi006.perseus-lat1.tb.xml@119,18,',',PUNCT
phi0959.phi006.perseus-lat1.tb.xml@119,19,si,si,SCONJ
phi0959.phi006.perseus-lat1.tb.xml@119,20,precibus,prex,NOUN
phi0959.phi006.perseus-lat1.tb.xml@119,21,',',PUNCT
phi0959.phi006.perseus-lat1.tb.xml@119,22,dixerunt,dico,VERB
phi0959.phi006.perseus-lat1.tb.xml@119,23,',',PUNCT
phi0959.phi006.perseus-lat1.tb.xml@119,24,numina,numen,NOUN
phi0959.phi006.perseus-lat1.tb.xml@119,25,iustis,iustus,ADJ
phi0959.phi006.perseus-lat1.tb.xml@119,26,victa,vivo,VERB
phi0959.phi006.perseus-lat1.tb.xml@119,27,remollescunt,remollesco,VERB
phi0959.phi006.perseus-lat1.tb.xml@119,28,",",",",PUNCT
phi0959.phi006.perseus-lat1.tb.xml@119,29,si,si,SCONJ
phi0959.phi006.perseus-lat1.tb.xml@119,30,flectitur,flecto,VERB
phi0959.phi006.perseus-lat1.tb.xml@119,31,ira,ira,NOUN
phi0959.phi006.perseus-lat1.tb.xml@119,32,deorum,deus,NOUN
phi0959.phi006.perseus-lat1.tb.xml@119,33,",",",",PUNCT
phi0959.phi006.perseus-lat1.tb.xml@119,34,dic,dico,VERB
phi0959.phi006.perseus-lat1.tb.xml@119,35,",",",",PUNCT
phi0959.phi006.perseus-lat1.tb.xml@119,36,Themi,Themis,PROPN
phi0959.phi006.perseus-lat1.tb.xml@119,37,",",",",PUNCT
phi0959.phi006.perseus-lat1.tb.xml@119,38,qua,qui,DET
phi0959.phi006.perseus-lat1.tb.xml@119,39,generis,genus,NOUN
phi0959.phi006.perseus-lat1.tb.xml@119,40,damnum,damnum,NOUN
phi0959.phi006.perseus-lat1.tb.xml@119,41,reparabile,reparabilis,ADJ
phi0959.phi006.perseus-lat1.tb.xml@119,42,nostri,noster,DET
phi0959.phi006.perseus-lat1.tb.xml@119,43,arte,ars,NOUN
phi0959.phi006.perseus-lat1.tb.xml@119,44,sit,sum,AUX
phi0959.phi006.perseus-lat1.tb.xml@119,45,",",",",PUNCT
phi0959.phi006.perseus-lat1.tb.xml@119,46,et,et,CCONJ
phi0959.phi006.perseus-lat1.tb.xml@119,47,mersis,mergo,VERB
phi0959.phi006.perseus-lat1.tb.xml@119,48,fer,fero,VERB
phi0959.phi006.perseus-lat1.tb.xml@119,49,opem,ops,NOUN
phi0959.phi006.perseus-lat1.tb.xml@119,50,",",",",PUNCT
phi0959.phi006.perseus-lat1.tb.xml@119,51,mitissima,mitis,ADJ
phi0959.phi006.perseus-lat1.tb.xml@119,52,",",",",PUNCT
phi0959.phi006.perseus-lat1.tb.xml@119,53,rebus,res,NOUN
phi0959.phi006.perseus-lat1.tb.xml@119,54,.,.,PUNCT
phi0959.phi006.perseus-lat1.tb.xml@119,55,',',PUNCT
phi0959.phi006.perseus-lat1.tb.xml@122,1,Obstipuere,obstipesco,VERB
phi0959.phi006.perseus-lat1.tb.xml@122,2,diu,diu,ADV
phi0959.phi006.perseus-lat1.tb.xml@122,3,",",",",PUNCT
phi0959.phi006.perseus-lat1.tb.xml@122,4-5,rumpitque,_,_
phi0959.phi006.perseus-lat1.tb.xml@122,4,rumpit,rumpo,VERB
phi0959.phi006.perseus-lat1.tb.xml@122,5,que,que,CCONJ
phi0959.phi006.perseus-lat1.tb.xml@122,6,silentia,silentium,NOUN
phi0959.phi006.perseus-lat1.tb.xml@122,7,voce,vox,NOUN
phi0959.phi006.perseus-lat1.tb.xml@122,8,Pyrrha,Pyrrha,PROPN
phi0959.phi006.perseus-lat1.tb.xml@122,9,prior,prior,ADJ
phi0959.phi006.perseus-lat1.tb.xml@122,10-11,iussisque,_,_
phi0959.phi006.perseus-lat1.tb.xml@122,10,iussis,iussum,NOUN
phi0959.phi006.perseus-lat1.tb.xml@122,11,que,que,CCONJ
phi0959.phi006.perseus-lat1.tb.xml@122,12,deae,dea,NOUN
phi0959.phi006.perseus-lat1.tb.xml@122,13,parere,pareo,VERB
phi0959.phi006.perseus-lat1.tb.xml@122,14,recusat,recuso,VERB
phi0959.phi006.perseus-lat1.tb.xml@122,15,",",",",PUNCT
phi0959.phi006.perseus-lat1.tb.xml@122,16-17,detque,_,_
phi0959.phi006.perseus-lat1.tb.xml@122,16,det,do,VERB
phi0959.phi006.perseus-lat1.tb.xml@122,17,que,que,CCONJ
phi0959.phi006.perseus-lat1.tb.xml@122,18,sibi,sui,PRON
phi0959.phi006.perseus-lat1.tb.xml@122,19,veniam,venia,NOUN
phi0959.phi006.perseus-lat1.tb.xml@122,20,pavido,pavidus,ADJ
phi0959.phi006.perseus-lat1.tb.xml@122,21,rogat,rogo,VERB
phi0959.phi006.perseus-lat1.tb.xml@122,22,ore,os,NOUN
phi0959.phi006.perseus-lat1.tb.xml@122,23,",",",",PUNCT
phi0959.phi006.perseus-lat1.tb.xml@122,24-25,pavetque,_,_
phi0959.phi006.perseus-lat1.tb.xml@122,24,pavet,paveo,VERB
phi0959.phi006.perseus-lat1.tb.xml@122,25,que,que,CCONJ
phi0959.phi006.perseus-lat1.tb.xml@122,26,laedere,laedo,VERB
phi0959.phi006.perseus-lat1.tb.xml@122,27,iactatis,iacto,VERB
phi0959.phi006.perseus-lat1.tb.xml@122,28,maternas,maternus,ADJ
phi0959.phi006.perseus-lat1.tb.xml@122,29,ossibus,os,NOUN
phi0959.phi006.perseus-lat1.tb.xml@122,30,umbras,umbra,NOUN
phi0959.phi006.perseus-lat1.tb.xml@122,31,.,.,PUNCT
phi0959.phi006.perseus-lat1.tb.xml@123,1,Interea,interea,ADV
phi0959.phi006.perseus-lat1.tb.xml@123,2,repetunt,repeto,VERB
phi0959.phi006.perseus-lat1.tb.xml@123,3,caecis,caecus,ADJ
phi0959.phi006.perseus-lat1.tb.xml@123,4,obscura,obscurus,ADJ
phi0959.phi006.perseus-lat1.tb.xml@123,5,latebris,latebra,NOUN
phi0959.phi006.perseus-lat1.tb.xml@123,6,verba,verbum,NOUN
phi0959.phi006.perseus-lat1.tb.xml@123,7,datae,do,VERB
phi0959.phi006.perseus-lat1.tb.xml@123,8,sortis,sors,NOUN
phi0959.phi006.perseus-lat1.tb.xml@123,9-10,secum,_,_
phi0959.phi006.perseus-lat1.tb.xml@123,9,se,sui,PRON
phi0959.phi006.perseus-lat1.tb.xml@123,10,cum,cum,ADP
phi0959.phi006.perseus-lat1.tb.xml@123,11,inter,inter,ADP
phi0959.phi006.perseus-lat1.tb.xml@123,12-13,seque,_,_
phi0959.phi006.perseus-lat1.tb.xml@123,12,se,sui,PRON
phi0959.phi006.perseus-lat1.tb.xml@123,13,que,que,CCONJ
phi0959.phi006.perseus-lat1.tb.xml@123,14,volutant,voluto,VERB
phi0959.phi006.perseus-lat1.tb.xml@123,15,.,.,PUNCT
phi0959.phi006.perseus-lat1.tb.xml@125,1,Magna,magnus,ADJ
phi0959.phi006.perseus-lat1.tb.xml@125,2,parens,parens,NOUN
phi0959.phi006.perseus-lat1.tb.xml@125,3,terra,terra,NOUN
phi0959.phi006.perseus-lat1.tb.xml@125,4,est,sum,AUX
phi0959.phi006.perseus-lat1.tb.xml@125,5,",",",",PUNCT
phi0959.phi006.perseus-lat1.tb.xml@125,6,lapides,lapis,NOUN
phi0959.phi006.perseus-lat1.tb.xml@125,7,in,in,ADP
phi0959.phi006.perseus-lat1.tb.xml@125,8,corpore,corpus,NOUN
phi0959.phi006.perseus-lat1.tb.xml@125,9,terrae,terra,NOUN
phi0959.phi006.perseus-lat1.tb.xml@125,10,ossa,ossum,NOUN
phi0959.phi006.perseus-lat1.tb.xml@125,11,reor,reor,VERB
phi0959.phi006.perseus-lat1.tb.xml@125,12,dici,dico,VERB
phi0959.phi006.perseus-lat1.tb.xml@125,13,;,;,PUNCT
phi0959.phi006.perseus-lat1.tb.xml@128,1,adeo,adeo,ADV
phi0959.phi006.perseus-lat1.tb.xml@128,2,caelestibus,caelestis,ADJ
phi0959.phi006.perseus-lat1.tb.xml@128,3,ambo,ambo,DET
phi0959.phi006.perseus-lat1.tb.xml@128,4,diffidunt,diffido,VERB
phi0959.phi006.perseus-lat1.tb.xml@128,5,monitis,monitum,NOUN
phi0959.phi006.perseus-lat1.tb.xml@128,6,.,.,PUNCT
phi0959.phi006.perseus-lat1.tb.xml@129,1,Sed,sed,CCONJ
phi0959.phi006.perseus-lat1.tb.xml@129,2,quid,quis,PRON
phi0959.phi006.perseus-lat1.tb.xml@129,3,temptare,tento,VERB
phi0959.phi006.perseus-lat1.tb.xml@129,4,nocebit,noceo,VERB
phi0959.phi006.perseus-lat1.tb.xml@129,5,?,?,PUNCT
phi0959.phi006.perseus-lat1.tb.xml@130,1,Discedunt,discedo,VERB
phi0959.phi006.perseus-lat1.tb.xml@130,2-3,velantque,_,_
phi0959.phi006.perseus-lat1.tb.xml@130,2,velant,velo,VERB
phi0959.phi006.perseus-lat1.tb.xml@130,3,que,que,CCONJ
phi0959.phi006.perseus-lat1.tb.xml@130,4,caput,caput,NOUN
phi0959.phi006.perseus-lat1.tb.xml@130,5-6,tunicasque,_,_
phi0959.phi006.perseus-lat1.tb.xml@130,5,tunicas,tunica,NOUN
phi0959.phi006.perseus-lat1.tb.xml@130,6,que,que,CCONJ
phi0959.phi006.perseus-lat1.tb.xml@130,7,recingunt,recingo,VERB
phi0959.phi006.perseus-lat1.tb.xml@130,8,et,et,CCONJ
phi0959.phi006.perseus-lat1.tb.xml@130,9,iussos,iubeo,VERB
phi0959.phi006.perseus-lat1.tb.xml@130,10,lapides,lapis,NOUN
phi0959.phi006.perseus-lat1.tb.xml@130,11,sua,suus,DET
phi0959.phi006.perseus-lat1.tb.xml@130,12,post,post,ADP
phi0959.phi006.perseus-lat1.tb.xml@130,13,vestigia,vestigium,NOUN
phi0959.phi006.perseus-lat1.tb.xml@130,14,mittunt,mitto,VERB
phi0959.phi006.perseus-lat1.tb.xml@130,15,.,.,PUNCT
phi0959.phi006.perseus-lat1.tb.xml@135,1,quod,qui,PRON
phi0959.phi006.perseus-lat1.tb.xml@135,2,solidum,solidus,ADJ
phi0959.phi006.perseus-lat1.tb.xml@135,3,est,sum,AUX
phi0959.phi006.perseus-lat1.tb.xml@135,4-5,flectique,_,_
phi0959.phi006.perseus-lat1.tb.xml@135,4,flecti,flecto,VERB
phi0959.phi006.perseus-lat1.tb.xml@135,5,que,que,CCONJ
phi0959.phi006.perseus-lat1.tb.xml@135,6,nequit,nequeo,VERB
phi0959.phi006.perseus-lat1.tb.xml@135,7,",",",",PUNCT
phi0959.phi006.perseus-lat1.tb.xml@135,8,mutatur,muto,VERB
phi0959.phi006.perseus-lat1.tb.xml@135,9,in,in,ADP
phi0959.phi006.perseus-lat1.tb.xml@135,10,ossa,ossum,NOUN
phi0959.phi006.perseus-lat1.tb.xml@135,11,;,;,PUNCT
phi0959.phi006.perseus-lat1.tb.xml@136,1,quae,qui,PRON
phi0959.phi006.perseus-lat1.tb.xml@136,2,modo,modo,ADV
phi0959.phi006.perseus-lat1.tb.xml@136,3,vena,vena,NOUN
phi0959.phi006.perseus-lat1.tb.xml@136,4,fuit,sum,AUX
phi0959.phi006.perseus-lat1.tb.xml@136,5,",",",",PUNCT
phi0959.phi006.perseus-lat1.tb.xml@136,6,sub,sub,ADP
phi0959.phi006.perseus-lat1.tb.xml@136,7,eodem,idem,DET
phi0959.phi006.perseus-lat1.tb.xml@136,8,nomine,nomen,NOUN
phi0959.phi006.perseus-lat1.tb.xml@136,9,mansit,maneo,VERB
phi0959.phi006.perseus-lat1.tb.xml@136,10,;,;,PUNCT
phi0959.phi006.perseus-lat1.tb.xml@140,1,Sic,sic,ADV
phi0959.phi006.perseus-lat1.tb.xml@140,2,ubi,ubi,SCONJ
phi0959.phi006.perseus-lat1.tb.xml@140,3,deseruit,desero,VERB
phi0959.phi006.perseus-lat1.tb.xml@140,4,madidos,madidus,ADJ
phi0959.phi006.perseus-lat1.tb.xml@140,5,septemfluus,septemfluus,ADJ
phi0959.phi006.perseus-lat1.tb.xml@140,6,agros,ager,NOUN
phi0959.phi006.perseus-lat1.tb.xml@140,7,Nilus,Nilus,PROPN
phi0959.phi006.perseus-lat1.tb.xml@140,8,et,et,CCONJ
phi0959.phi006.perseus-lat1.tb.xml@140,9,antiquo,antiquus,ADJ
phi0959.phi006.perseus-lat1.tb.xml@140,10,sua,suus,DET
phi0959.phi006.perseus-lat1.tb.xml@140,11,flumina,flumen,NOUN
phi0959.phi006.perseus-lat1.tb.xml@140,12,reddidit,reddo,VERB
phi0959.phi006.perseus-lat1.tb.xml@140,13,alveo,alveus,NOUN
phi0959.phi006.perseus-lat1.tb.xml@140,14-15,aetherioque,_,_
phi0959.phi006.perseus-lat1.tb.xml@140,14,aetherio,aetherius,ADJ
phi0959.phi006.perseus-lat1.tb.xml@140,15,que,que,CCONJ
phi0959.phi006.perseus-lat1.tb.xml@140,16,recens,recens,ADJ
phi0959.phi006.perseus-lat1.tb.xml@140,17,exarsit,exardeo,VERB
phi0959.phi006.perseus-lat1.tb.xml@140,18,sidere,sidus,NOUN
phi0959.phi006.perseus-lat1.tb.xml@140,19,limus,limus,NOUN
phi0959.phi006.perseus-lat1.tb.xml@140,20,",",",",PUNCT
phi0959.phi006.perseus-lat1.tb.xml@140,21,plurima,multus,DET
phi0959.phi006.perseus-lat1.tb.xml@140,22,cultores,cultor,NOUN
phi0959.phi006.perseus-lat1.tb.xml@140,23,versis,verto,VERB
phi0959.phi006.perseus-lat1.tb.xml@140,24,animalia,animalis,ADJ
phi0959.phi006.perseus-lat1.tb.xml@140,25,glaebis,glaeba,NOUN
phi0959.phi006.perseus-lat1.tb.xml@140,26,inveniunt,invenio,VERB
phi0959.phi006.perseus-lat1.tb.xml@140,27,",",",",PUNCT
phi0959.phi006.perseus-lat1.tb.xml@140,28,et,et,CCONJ
phi0959.phi006.perseus-lat1.tb.xml@140,29,in,in,ADP
phi0959.phi006.perseus-lat1.tb.xml@140,30,his,hic,DET
phi0959.phi006.perseus-lat1.tb.xml@140,31,quaedam,quidam,DET
phi0959.phi006.perseus-lat1.tb.xml@140,32,modo,modo,ADV
phi0959.phi006.perseus-lat1.tb.xml@140,33,coepta,coepio,VERB
phi0959.phi006.perseus-lat1.tb.xml@140,34,per,per,ADP
phi0959.phi006.perseus-lat1.tb.xml@140,35,ipsum,ipse,DET
phi0959.phi006.perseus-lat1.tb.xml@140,36,nascendi,nascor,VERB
phi0959.phi006.perseus-lat1.tb.xml@140,37,spatium,spatium,NOUN
phi0959.phi006.perseus-lat1.tb.xml@140,38,",",",",PUNCT
phi0959.phi006.perseus-lat1.tb.xml@140,39,quaedam,quidam,DET
phi0959.phi006.perseus-lat1.tb.xml@140,40,inperfecta,imperfectus,ADJ
phi0959.phi006.perseus-lat1.tb.xml@140,41-42,suisque,_,_
phi0959.phi006.perseus-lat1.tb.xml@140,41,suis,suus,DET
phi0959.phi006.perseus-lat1.tb.xml@140,42,que,que,CCONJ
phi0959.phi006.perseus-lat1.tb.xml@140,43,trunca,truncus,ADJ
phi0959.phi006.perseus-lat1.tb.xml@140,44,vident,video,VERB
phi0959.phi006.perseus-lat1.tb.xml@140,45,numeris,numerus,NOUN
phi0959.phi006.perseus-lat1.tb.xml@140,46,;,;,PUNCT
phi0959.phi006.perseus-lat1.tb.xml@142,1,Quippe,quippe,ADV
phi0959.phi006.perseus-lat1.tb.xml@142,2,ubi,ubi,SCONJ
phi0959.phi006.perseus-lat1.tb.xml@142,3,temperiem,temperies,NOUN
phi0959.phi006.perseus-lat1.tb.xml@142,4,sumpsere,sumo,VERB
phi0959.phi006.perseus-lat1.tb.xml@142,5-6,umorque,_,_
phi0959.phi006.perseus-lat1.tb.xml@142,5,umor,umor,NOUN
phi0959.phi006.perseus-lat1.tb.xml@142,6,que,que,CCONJ
phi0959.phi006.perseus-lat1.tb.xml@142,7-8,calorque,_,_
phi0959.phi006.perseus-lat1.tb.xml@142,7,calor,calor,NOUN
phi0959.phi006.perseus-lat1.tb.xml@142,8,que,que,CCONJ
phi0959.phi006.perseus-lat1.tb.xml@142,9,",",",",PUNCT
phi0959.phi006.perseus-lat1.tb.xml@142,10,concipiunt,concipio,VERB
phi0959.phi006.perseus-lat1.tb.xml@142,11,",",",",PUNCT
phi0959.phi006.perseus-lat1.tb.xml@142,12,et,et,CCONJ
phi0959.phi006.perseus-lat1.tb.xml@142,13,ab,ab,ADP
phi0959.phi006.perseus-lat1.tb.xml@142,14,his,hic,DET
phi0959.phi006.perseus-lat1.tb.xml@142,15,oriuntur,orior,VERB
phi0959.phi006.perseus-lat1.tb.xml@142,16,cuncta,cunctus,DET
phi0959.phi006.perseus-lat1.tb.xml@142,17,duobus,duo,NUM
phi0959.phi006.perseus-lat1.tb.xml@142,18,;,;,PUNCT
phi0959.phi006.perseus-lat1.tb.xml@143,1,cumque,cum,SCONJ
phi0959.phi006.perseus-lat1.tb.xml@143,2,sit,sum,AUX
phi0959.phi006.perseus-lat1.tb.xml@143,3,ignis,ignis,NOUN
phi0959.phi006.perseus-lat1.tb.xml@143,4,aquae,aqua,NOUN
phi0959.phi006.perseus-lat1.tb.xml@143,5,pugnax,pugnax,ADJ
phi0959.phi006.perseus-lat1.tb.xml@143,6,",",",",PUNCT
phi0959.phi006.perseus-lat1.tb.xml@143,7,vapor,vapor,NOUN
phi0959.phi006.perseus-lat1.tb.xml@143,8,umidus,umidus,ADJ
phi0959.phi006.perseus-lat1.tb.xml@143,9,omnes,omnis,DET
phi0959.phi006.perseus-lat1.tb.xml@143,10,res,res,NOUN
phi0959.phi006.perseus-lat1.tb.xml@143,11,creat,creo,VERB
phi0959.phi006.perseus-lat1.tb.xml@143,12,",",",",PUNCT
phi0959.phi006.perseus-lat1.tb.xml@143,13,et,et,CCONJ
phi0959.phi006.perseus-lat1.tb.xml@143,14,discors,discors,ADJ
phi0959.phi006.perseus-lat1.tb.xml@143,15,concordia,concordia,NOUN
phi0959.phi006.perseus-lat1.tb.xml@143,16,fetibus,fetus,NOUN
phi0959.phi006.perseus-lat1.tb.xml@143,17,apta,aptus,ADJ
phi0959.phi006.perseus-lat1.tb.xml@143,18,est,sum,AUX
phi0959.phi006.perseus-lat1.tb.xml@143,19,.,.,PUNCT
phi0959.phi006.perseus-lat1.tb.xml@145,1,Illa,ille,DET
phi0959.phi006.perseus-lat1.tb.xml@145,2,quidem,quidem,PART
phi0959.phi006.perseus-lat1.tb.xml@145,3,nollet,nolo,VERB
phi0959.phi006.perseus-lat1.tb.xml@145,4,",",",",PUNCT
phi0959.phi006.perseus-lat1.tb.xml@145,5,sed,sed,CCONJ
phi0959.phi006.perseus-lat1.tb.xml@145,6,te,tu,PRON
phi0959.phi006.perseus-lat1.tb.xml@145,7,quoque,quoque,PART
phi0959.phi006.perseus-lat1.tb.xml@145,8,",",",",PUNCT
phi0959.phi006.perseus-lat1.tb.xml@145,9,maxime,magnus,ADJ
phi0959.phi006.perseus-lat1.tb.xml@145,10,Python,Python,PROPN
phi0959.phi006.perseus-lat1.tb.xml@145,11,",",",",PUNCT
phi0959.phi006.perseus-lat1.tb.xml@145,12,tum,tum,ADV
phi0959.phi006.perseus-lat1.tb.xml@145,13,genuit,gigno,VERB
phi0959.phi006.perseus-lat1.tb.xml@145,14,",",",",PUNCT
phi0959.phi006.perseus-lat1.tb.xml@145,15-16,populisque,_,_
phi0959.phi006.perseus-lat1.tb.xml@145,15,populis,populus,NOUN
phi0959.phi006.perseus-lat1.tb.xml@145,16,que,que,CCONJ
phi0959.phi006.perseus-lat1.tb.xml@145,17,novis,novus,ADJ
phi0959.phi006.perseus-lat1.tb.xml@145,18,",",",",PUNCT
phi0959.phi006.perseus-lat1.tb.xml@145,19,incognite,incognitus,ADJ
phi0959.phi006.perseus-lat1.tb.xml@145,20,serpens,serpens,NOUN
phi0959.phi006.perseus-lat1.tb.xml@145,21,",",",",PUNCT
phi0959.phi006.perseus-lat1.tb.xml@145,22,terror,terror,NOUN
phi0959.phi006.perseus-lat1.tb.xml@145,23,eras,sum,AUX
phi0959.phi006.perseus-lat1.tb.xml@145,24,:,:,PUNCT
phi0959.phi006.perseus-lat1.tb.xml@146,1,tantum,tantus,DET
phi0959.phi006.perseus-lat1.tb.xml@146,2,spatii,spatium,NOUN
phi0959.phi006.perseus-lat1.tb.xml@146,3,de,de,ADP
phi0959.phi006.perseus-lat1.tb.xml@146,4,monte,mons,NOUN
phi0959.phi006.perseus-lat1.tb.xml@146,5,tenebas,teneo,VERB
phi0959.phi006.perseus-lat1.tb.xml@146,6,.,.,PUNCT
phi0959.phi006.perseus-lat1.tb.xml@147,1,Hunc,hic,DET
phi0959.phi006.perseus-lat1.tb.xml@147,2,deus,deus,NOUN
phi0959.phi006.perseus-lat1.tb.xml@147,3,arquitenens,Arcitenens,ADJ
phi0959.phi006.perseus-lat1.tb.xml@147,4,",",",",PUNCT
phi0959.phi006.perseus-lat1.tb.xml@147,5,et,et,CCONJ
phi0959.phi006.perseus-lat1.tb.xml@147,6,numquam,numquam,ADV
phi0959.phi006.perseus-lat1.tb.xml@147,7,talibus,talis,DET
phi0959.phi006.perseus-lat1.tb.xml@147,8,armis,armus,NOUN
phi0959.phi006.perseus-lat1.tb.xml@147,9,ante,ante,ADV
phi0959.phi006.perseus-lat1.tb.xml@147,10,nisi,nisi,SCONJ
phi0959.phi006.perseus-lat1.tb.xml@147,11,in,in,ADP
phi0959.phi006.perseus-lat1.tb.xml@147,12,dammis,damma,NOUN
phi0959.phi006.perseus-lat1.tb.xml@147,13-14,capreisque,_,_
phi0959.phi006.perseus-lat1.tb.xml@147,13,capreis,caprea,NOUN
phi0959.phi006.perseus-lat1.tb.xml@147,14,que,que,CCONJ
phi0959.phi006.perseus-lat1.tb.xml@147,15,fugacibus,fugax,ADJ
phi0959.phi006.perseus-lat1.tb.xml@147,16,usus,usus,NOUN
phi0959.phi006.perseus-lat1.tb.xml@147,17,",",",",PUNCT
phi0959.phi006.perseus-lat1.tb.xml@147,18,mille,mille,NUM
phi0959.phi006.perseus-lat1.tb.xml@147,19,gravem,gravis,ADJ
phi0959.phi006.perseus-lat1.tb.xml@147,20,telis,tela,NOUN
phi0959.phi006.perseus-lat1.tb.xml@147,21,exhausta,exhaurio,VERB
phi0959.phi006.perseus-lat1.tb.xml@147,22,paene,paene,ADV
phi0959.phi006.perseus-lat1.tb.xml@147,23,pharetra,pharetra,NOUN
phi0959.phi006.perseus-lat1.tb.xml@147,24,perdidit,perdo,VERB
phi0959.phi006.perseus-lat1.tb.xml@147,25,effuso,effundo,VERB
phi0959.phi006.perseus-lat1.tb.xml@147,26,per,per,ADP
phi0959.phi006.perseus-lat1.tb.xml@147,27,vulnera,vulnus,NOUN
phi0959.phi006.perseus-lat1.tb.xml@147,28,nigra,niger,ADJ
phi0959.phi006.perseus-lat1.tb.xml@147,29,veneno,venenum,NOUN
phi0959.phi006.perseus-lat1.tb.xml@147,30,.,.,PUNCT
phi0959.phi006.perseus-lat1.tb.xml@148,1,Neve,neve,CCONJ
phi0959.phi006.perseus-lat1.tb.xml@148,2,operis,opus,NOUN
phi0959.phi006.perseus-lat1.tb.xml@148,3,famam,fama,NOUN
phi0959.phi006.perseus-lat1.tb.xml@148,4,posset,possum,VERB
phi0959.phi006.perseus-lat1.tb.xml@148,5,delere,deleo,VERB
phi0959.phi006.perseus-lat1.tb.xml@148,6,vetustas,vetustas,NOUN
phi0959.phi006.perseus-lat1.tb.xml@148,7,",",",",PUNCT
phi0959.phi006.perseus-lat1.tb.xml@148,8,instituit,instituo,VERB
phi0959.phi006.perseus-lat1.tb.xml@148,9,sacros,sacer,ADJ
phi0959.phi006.perseus-lat1.tb.xml@148,10,celebri,celeber,ADJ
phi0959.phi006.perseus-lat1.tb.xml@148,11,certamine,certamen,NOUN
phi0959.phi006.perseus-lat1.tb.xml@148,12,ludos,ludus,NOUN
phi0959.phi006.perseus-lat1.tb.xml@148,13,",",",",PUNCT
phi0959.phi006.perseus-lat1.tb.xml@148,14,Pythia,Pythia,PROPN
phi0959.phi006.perseus-lat1.tb.xml@148,15,perdomitae,perdomo,VERB
phi0959.phi006.perseus-lat1.tb.xml@148,16,serpentis,serpens,NOUN
phi0959.phi006.perseus-lat1.tb.xml@148,17,nomine,nomen,NOUN
phi0959.phi006.perseus-lat1.tb.xml@148,18,dictos,dico,VERB
phi0959.phi006.perseus-lat1.tb.xml@148,19,.,.,PUNCT
phi0959.phi006.perseus-lat1.tb.xml@149,1,Hic,hic,ADV
phi0959.phi006.perseus-lat1.tb.xml@149,2,iuvenum,iuvenis,NOUN
phi0959.phi006.perseus-lat1.tb.xml@149,3,quicumque,quicumque,DET
phi0959.phi006.perseus-lat1.tb.xml@149,4,manu,manus,NOUN
phi0959.phi006.perseus-lat1.tb.xml@149,5-6,pedibusve,_,_
phi0959.phi006.perseus-lat1.tb.xml@149,5,pedibus,pes,NOUN
phi0959.phi006.perseus-lat1.tb.xml@149,6,ve,ve,CCONJ
phi0959.phi006.perseus-lat1.tb.xml@149,7-8,rotave,_,_
phi0959.phi006.perseus-lat1.tb.xml@149,7,rota,rota,NOUN
phi0959.phi006.perseus-lat1.tb.xml@149,8,ve,ve,CCONJ
phi0959.phi006.perseus-lat1.tb.xml@149,9,vicerat,vinco,VERB
phi0959.phi006.perseus-lat1.tb.xml@149,10,",",",",PUNCT
phi0959.phi006.perseus-lat1.tb.xml@149,11,aesculeae,aesculeus,ADJ
phi0959.phi006.perseus-lat1.tb.xml@149,12,capiebat,capio,VERB
phi0959.phi006.perseus-lat1.tb.xml@149,13,frondis,frons,NOUN
phi0959.phi006.perseus-lat1.tb.xml@149,14,honorem,honor,NOUN
phi0959.phi006.perseus-lat1.tb.xml@149,15,:,:,PUNCT
phi0959.phi006.perseus-lat1.tb.xml@153,1,dixerat,dico,VERB
phi0959.phi006.perseus-lat1.tb.xml@153,2,",",",",PUNCT
phi0959.phi006.perseus-lat1.tb.xml@153,3,',',PUNCT
phi0959.phi006.perseus-lat1.tb.xml@153,4,ista,iste,DET
phi0959.phi006.perseus-lat1.tb.xml@153,5,decent,decet,VERB
phi0959.phi006.perseus-lat1.tb.xml@153,6,umeros,umerus,NOUN
phi0959.phi006.perseus-lat1.tb.xml@153,7,gestamina,gestamen,NOUN
phi0959.phi006.perseus-lat1.tb.xml@153,8,nostros,noster,DET
phi0959.phi006.perseus-lat1.tb.xml@153,9,",",",",PUNCT
phi0959.phi006.perseus-lat1.tb.xml@153,10,qui,qui,PRON
phi0959.phi006.perseus-lat1.tb.xml@153,11,dare,do,VERB
phi0959.phi006.perseus-lat1.tb.xml@153,12,certa,certus,ADJ
phi0959.phi006.perseus-lat1.tb.xml@153,13,ferae,fera,NOUN
phi0959.phi006.perseus-lat1.tb.xml@153,14,",",",",PUNCT
phi0959.phi006.perseus-lat1.tb.xml@153,15,dare,do,VERB
phi0959.phi006.perseus-lat1.tb.xml@153,16,vulnera,vulnus,NOUN
phi0959.phi006.perseus-lat1.tb.xml@153,17,possumus,possum,VERB
phi0959.phi006.perseus-lat1.tb.xml@153,18,hosti,hostis,NOUN
phi0959.phi006.perseus-lat1.tb.xml@153,19,",",",",PUNCT
phi0959.phi006.perseus-lat1.tb.xml@153,20,qui,qui,PRON
phi0959.phi006.perseus-lat1.tb.xml@153,21,modo,modo,ADV
phi0959.phi006.perseus-lat1.tb.xml@153,22,pestifero,pestifer,ADJ
phi0959.phi006.perseus-lat1.tb.xml@153,23,tot,tot,DET
phi0959.phi006.perseus-lat1.tb.xml@153,24,iugera,iugerum,NOUN
phi0959.phi006.perseus-lat1.tb.xml@153,25,ventre,venter,NOUN
phi0959.phi006.perseus-lat1.tb.xml@153,26,prementem,premo,VERB
phi0959.phi006.perseus-lat1.tb.xml@153,27,stravimus,sterno,VERB
phi0959.phi006.perseus-lat1.tb.xml@153,28,innumeris,innumerus,ADJ
phi0959.phi006.perseus-lat1.tb.xml@153,29,tumidum,tumidus,ADJ
phi0959.phi006.perseus-lat1.tb.xml@153,30,Pythona,Python,PROPN
phi0959.phi006.perseus-lat1.tb.xml@153,31,sagittis,sagitta,NOUN
phi0959.phi006.perseus-lat1.tb.xml@153,32,.,.,PUNCT
phi0959.phi006.perseus-lat1.tb.xml@157,1,Dixit,dico,VERB
phi0959.phi006.perseus-lat1.tb.xml@157,2,et,et,CCONJ
phi0959.phi006.perseus-lat1.tb.xml@157,3,eliso,elido,VERB
phi0959.phi006.perseus-lat1.tb.xml@157,4,percussis,percutio,VERB
phi0959.phi006.perseus-lat1.tb.xml@157,5,aere,aer,NOUN
phi0959.phi006.perseus-lat1.tb.xml@157,6,pennis,penna,NOUN
phi0959.phi006.perseus-lat1.tb.xml@157,7,inpiger,impiger,ADJ
phi0959.phi006.perseus-lat1.tb.xml@157,8,umbrosa,umbrosus,ADJ
phi0959.phi006.perseus-lat1.tb.xml@157,9,Parnasi,Parnasus,PROPN
phi0959.phi006.perseus-lat1.tb.xml@157,10,constitit,consto,VERB
phi0959.phi006.perseus-lat1.tb.xml@157,11,arce,arx,NOUN
phi0959.phi006.perseus-lat1.tb.xml@157,12,eque,unknown,X
phi0959.phi006.perseus-lat1.tb.xml@157,13,sagittifera,sagittifer,ADJ
phi0959.phi006.perseus-lat1.tb.xml@157,14,prompsit,promo,VERB
phi0959.phi006.perseus-lat1.tb.xml@157,15,duo,duo,NUM
phi0959.phi006.perseus-lat1.tb.xml@157,16,tela,telum,NOUN
phi0959.phi006.perseus-lat1.tb.xml@157,17,pharetra,pharetra,NOUN
phi0959.phi006.perseus-lat1.tb.xml@157,18,diversorum,diverto,VERB
phi0959.phi006.perseus-lat1.tb.xml@157,19,operum,opus,NOUN
phi0959.phi006.perseus-lat1.tb.xml@157,20,:,:,PUNCT
phi0959.phi006.perseus-lat1.tb.xml@158,1,fugat,fugo,VERB
phi0959.phi006.perseus-lat1.tb.xml@158,2,hoc,hic,DET
phi0959.phi006.perseus-lat1.tb.xml@158,3,",",",",PUNCT
phi0959.phi006.perseus-lat1.tb.xml@158,4,facit,facio,VERB
phi0959.phi006.perseus-lat1.tb.xml@158,5,illud,ille,DET
phi0959.phi006.perseus-lat1.tb.xml@158,6,amorem,amor,NOUN
phi0959.phi006.perseus-lat1.tb.xml@158,7,.,.,PUNCT
phi0959.phi006.perseus-lat1.tb.xml@159,1,Quod,qui,PRON
phi0959.phi006.perseus-lat1.tb.xml@159,2,facit,facio,VERB
phi0959.phi006.perseus-lat1.tb.xml@159,3,",",",",PUNCT
phi0959.phi006.perseus-lat1.tb.xml@159,4,auratum,auratus,ADJ
phi0959.phi006.perseus-lat1.tb.xml@159,5,est,sum,AUX
phi0959.phi006.perseus-lat1.tb.xml@159,6,et,et,CCONJ
phi0959.phi006.perseus-lat1.tb.xml@159,7,cuspide,cuspis,NOUN
phi0959.phi006.perseus-lat1.tb.xml@159,8,fulget,fulgeo,VERB
phi0959.phi006.perseus-lat1.tb.xml@159,9,acuta,acutus,ADJ
phi0959.phi006.perseus-lat1.tb.xml@159,10,;,;,PUNCT
phi0959.phi006.perseus-lat1.tb.xml@162,1,Protinus,protinus,ADV
phi0959.phi006.perseus-lat1.tb.xml@162,2,alter,alter,DET
phi0959.phi006.perseus-lat1.tb.xml@162,3,amat,amo,VERB
phi0959.phi006.perseus-lat1.tb.xml@162,4,",",",",PUNCT
phi0959.phi006.perseus-lat1.tb.xml@162,5,fugit,fugio,VERB
phi0959.phi006.perseus-lat1.tb.xml@162,6,altera,alter,DET
phi0959.phi006.perseus-lat1.tb.xml@162,7,nomen,nomen,NOUN
phi0959.phi006.perseus-lat1.tb.xml@162,8,amantis,amo,VERB
phi0959.phi006.perseus-lat1.tb.xml@162,9,silvarum,silva,NOUN
phi0959.phi006.perseus-lat1.tb.xml@162,10,tenebris,tenebrae,NOUN
phi0959.phi006.perseus-lat1.tb.xml@162,11-12,captivarumque,_,_
phi0959.phi006.perseus-lat1.tb.xml@162,11,captivarum,captivus,ADJ
phi0959.phi006.perseus-lat1.tb.xml@162,12,que,que,CCONJ
phi0959.phi006.perseus-lat1.tb.xml@162,13,ferarum,fera,NOUN
phi0959.phi006.perseus-lat1.tb.xml@162,14,exuviis,exuviae,NOUN
phi0959.phi006.perseus-lat1.tb.xml@162,15,gaudens,gaudeo,VERB
phi0959.phi006.perseus-lat1.tb.xml@162,16-17,innuptaeque,_,_
phi0959.phi006.perseus-lat1.tb.xml@162,16,innuptae,innubo,VERB
phi0959.phi006.perseus-lat1.tb.xml@162,17,que,que,CCONJ
phi0959.phi006.perseus-lat1.tb.xml@162,18,aemula,aemulus,ADJ
phi0959.phi006.perseus-lat1.tb.xml@162,19,Phoebes,Phoebe,PROPN
phi0959.phi006.perseus-lat1.tb.xml@162,20,.,.,PUNCT
phi0959.phi006.perseus-lat1.tb.xml@163,1,Vitta,vitta,NOUN
phi0959.phi006.perseus-lat1.tb.xml@163,2,coercebat,coerceo,VERB
phi0959.phi006.perseus-lat1.tb.xml@163,3,positos,pono,VERB
phi0959.phi006.perseus-lat1.tb.xml@163,4,sine,sine,ADP
phi0959.phi006.perseus-lat1.tb.xml@163,5,lege,lex,NOUN
phi0959.phi006.perseus-lat1.tb.xml@163,6,capillos,capillus,NOUN
phi0959.phi006.perseus-lat1.tb.xml@163,7,.,.,PUNCT
phi0959.phi006.perseus-lat1.tb.xml@166,1,illa,ille,DET
phi0959.phi006.perseus-lat1.tb.xml@166,2,",",",",PUNCT
phi0959.phi006.perseus-lat1.tb.xml@166,3,velut,velut,ADV
phi0959.phi006.perseus-lat1.tb.xml@166,4,crimen,crimen,NOUN
phi0959.phi006.perseus-lat1.tb.xml@166,5,taedas,taeda,NOUN
phi0959.phi006.perseus-lat1.tb.xml@166,6,exosa,exosus,ADJ
phi0959.phi006.perseus-lat1.tb.xml@166,7,iugales,iugalis,ADJ
phi0959.phi006.perseus-lat1.tb.xml@166,8,",",",",PUNCT
phi0959.phi006.perseus-lat1.tb.xml@166,9,pulchra,pulcher,ADJ
phi0959.phi006.perseus-lat1.tb.xml@166,10,verecundo,verecundus,ADJ
phi0959.phi006.perseus-lat1.tb.xml@166,11,suffunditur,suffundo,VERB
phi0959.phi006.perseus-lat1.tb.xml@166,12,ora,os,NOUN
phi0959.phi006.perseus-lat1.tb.xml@166,13,rubore,rubor,NOUN
phi0959.phi006.perseus-lat1.tb.xml@166,14,",",",",PUNCT
phi0959.phi006.perseus-lat1.tb.xml@166,15,inque,in,ADP
phi0959.phi006.perseus-lat1.tb.xml@166,16,patris,pater,NOUN
phi0959.phi006.perseus-lat1.tb.xml@166,17,blandis,blandus,ADJ
phi0959.phi006.perseus-lat1.tb.xml@166,18,haerens,haereo,VERB
phi0959.phi006.perseus-lat1.tb.xml@166,19,cervice,cervix,NOUN
phi0959.phi006.perseus-lat1.tb.xml@166,20,lacertis,lacertus,NOUN
phi0959.phi006.perseus-lat1.tb.xml@166,21,',',PUNCT
phi0959.phi006.perseus-lat1.tb.xml@166,22,da,do,VERB
phi0959.phi006.perseus-lat1.tb.xml@166,23,mihi,ego,PRON
phi0959.phi006.perseus-lat1.tb.xml@166,24,perpetua,perpetuus,ADJ
phi0959.phi006.perseus-lat1.tb.xml@166,25,",",",",PUNCT
phi0959.phi006.perseus-lat1.tb.xml@166,26,genitor,genitor,NOUN
phi0959.phi006.perseus-lat1.tb.xml@166,27,carissime,carus,ADJ
phi0959.phi006.perseus-lat1.tb.xml@166,28,",",",",PUNCT
phi0959.phi006.perseus-lat1.tb.xml@166,29,',',PUNCT
phi0959.phi006.perseus-lat1.tb.xml@166,30,dixit,dico,VERB
phi0959.phi006.perseus-lat1.tb.xml@166,31,',',PUNCT
phi0959.phi006.perseus-lat1.tb.xml@166,32,virginitate,virginitas,NOUN
phi0959.phi006.perseus-lat1.tb.xml@166,33,frui,fruor,VERB
phi0959.phi006.perseus-lat1.tb.xml@166,34,:,:,PUNCT
phi0959.phi006.perseus-lat1.tb.xml@169,1-2,Votoque,_,_
phi0959.phi006.perseus-lat1.tb.xml@169,1,Voto,votum,NOUN
phi0959.phi006.perseus-lat1.tb.xml@169,2,que,que,CCONJ
phi0959.phi006.perseus-lat1.tb.xml@169,3,tuo,tuus,DET
phi0959.phi006.perseus-lat1.tb.xml@169,4,tua,tuus,DET
phi0959.phi006.perseus-lat1.tb.xml@169,5,forma,forma,NOUN
phi0959.phi006.perseus-lat1.tb.xml@169,6,repugnat,repugno,VERB
phi0959.phi006.perseus-lat1.tb.xml@169,7,:,:,PUNCT
phi0959.phi006.perseus-lat1.tb.xml@170,1,Phoebus,Phoebus,PROPN
phi0959.phi006.perseus-lat1.tb.xml@170,2,amat,amo,VERB
phi0959.phi006.perseus-lat1.tb.xml@170,3-4,visaeque,_,_
phi0959.phi006.perseus-lat1.tb.xml@170,3,visae,video,VERB
phi0959.phi006.perseus-lat1.tb.xml@170,4,que,que,CCONJ
phi0959.phi006.perseus-lat1.tb.xml@170,5,cupit,cupio,VERB
phi0959.phi006.perseus-lat1.tb.xml@170,6,conubia,conubium,NOUN
phi0959.phi006.perseus-lat1.tb.xml@170,7,Daphnes,daphne,NOUN
phi0959.phi006.perseus-lat1.tb.xml@170,8,",",",",PUNCT
phi0959.phi006.perseus-lat1.tb.xml@170,9,quodque,quisque,DET
phi0959.phi006.perseus-lat1.tb.xml@170,10,cupit,cupio,VERB
phi0959.phi006.perseus-lat1.tb.xml@170,11,",",",",PUNCT
phi0959.phi006.perseus-lat1.tb.xml@170,12,sperat,spero,VERB
phi0959.phi006.perseus-lat1.tb.xml@170,13,",",",",PUNCT
phi0959.phi006.perseus-lat1.tb.xml@170,14-15,suaque,_,_
phi0959.phi006.perseus-lat1.tb.xml@170,14,sua,suus,DET
phi0959.phi006.perseus-lat1.tb.xml@170,15,que,que,CCONJ
phi0959.phi006.perseus-lat1.tb.xml@170,16,illum,ille,DET
phi0959.phi006.perseus-lat1.tb.xml@170,17,oracula,oraculum,NOUN
phi0959.phi006.perseus-lat1.tb.xml@170,18,fallunt,fallo,VERB
phi0959.phi006.perseus-lat1.tb.xml@170,19,.,.,PUNCT
phi0959.phi006.perseus-lat1.tb.xml@173,1,ait,aio,VERB
phi0959.phi006.perseus-lat1.tb.xml@173,2,.,.,PUNCT
phi0959.phi006.perseus-lat1.tb.xml@174,1,Videt,video,VERB
phi0959.phi006.perseus-lat1.tb.xml@174,2,igne,ignis,NOUN
phi0959.phi006.perseus-lat1.tb.xml@174,3,micantes,mico,VERB
phi0959.phi006.perseus-lat1.tb.xml@174,4,sideribus,sidus,NOUN
phi0959.phi006.perseus-lat1.tb.xml@174,5,similes,similis,ADJ
phi0959.phi006.perseus-lat1.tb.xml@174,6,oculos,oculus,NOUN
phi0959.phi006.perseus-lat1.tb.xml@174,7,",",",",PUNCT
phi0959.phi006.perseus-lat1.tb.xml@174,8,videt,video,VERB
phi0959.phi006.perseus-lat1.tb.xml@174,9,oscula,osculum,NOUN
phi0959.phi006.perseus-lat1.tb.xml@174,10,",",",",PUNCT
phi0959.phi006.perseus-lat1.tb.xml@174,11,quae,qui,PRON
phi0959.phi006.perseus-lat1.tb.xml@174,12,non,non,PART
phi0959.phi006.perseus-lat1.tb.xml@174,13,est,sum,AUX
phi0959.phi006.perseus-lat1.tb.xml@174,14,vidisse,video,VERB
phi0959.phi006.perseus-lat1.tb.xml@174,15,satis,satis,ADV
phi0959.phi006.perseus-lat1.tb.xml@174,16,;,;,PUNCT
phi0959.phi006.perseus-lat1.tb.xml@175,1,laudat,laudo,VERB
phi0959.phi006.perseus-lat1.tb.xml@175,2-3,digitosque,_,_
phi0959.phi006.perseus-lat1.tb.xml@175,2,digitos,digitus,NOUN
phi0959.phi006.perseus-lat1.tb.xml@175,3,que,que,CCONJ
phi0959.phi006.perseus-lat1.tb.xml@175,4-5,manusque,_,_
phi0959.phi006.perseus-lat1.tb.xml@175,4,manus,manus,NOUN
phi0959.phi006.perseus-lat1.tb.xml@175,5,que,que,CCONJ
phi0959.phi006.perseus-lat1.tb.xml@175,6-7,bracchiaque,_,_
phi0959.phi006.perseus-lat1.tb.xml@175,6,bracchia,bracchium,NOUN
phi0959.phi006.perseus-lat1.tb.xml@175,7,que,que,CCONJ
phi0959.phi006.perseus-lat1.tb.xml@175,8,et,et,CCONJ
phi0959.phi006.perseus-lat1.tb.xml@175,9,nudos,nudus,ADJ
phi0959.phi006.perseus-lat1.tb.xml@175,10,media,medius,ADJ
phi0959.phi006.perseus-lat1.tb.xml@175,11,plus,multus,DET
phi0959.phi006.perseus-lat1.tb.xml@175,12,parte,pars,NOUN
phi0959.phi006.perseus-lat1.tb.xml@175,13,lacertos,lacertus,NOUN
phi0959.phi006.perseus-lat1.tb.xml@175,14,.,.,PUNCT
phi0959.phi006.perseus-lat1.tb.xml@177,1,Fugit,fugio,VERB
phi0959.phi006.perseus-lat1.tb.xml@177,2,ocior,ocior,ADJ
phi0959.phi006.perseus-lat1.tb.xml@177,3,aura,aura,NOUN
phi0959.phi006.perseus-lat1.tb.xml@177,4,illa,ille,DET
phi0959.phi006.perseus-lat1.tb.xml@177,5,levi,levis,ADJ
phi0959.phi006.perseus-lat1.tb.xml@177,6-7,neque,_,_
phi0959.phi006.perseus-lat1.tb.xml@177,6,ne,ne,ADV
phi0959.phi006.perseus-lat1.tb.xml@177,7,que,que,CCONJ
phi0959.phi006.perseus-lat1.tb.xml@177,8,ad,ad,ADP
phi0959.phi006.perseus-lat1.tb.xml@177,9,haec,hic,DET
phi0959.phi006.perseus-lat1.tb.xml@177,10,revocantis,revoco,VERB
phi0959.phi006.perseus-lat1.tb.xml@177,11,verba,verbum,NOUN
phi0959.phi006.perseus-lat1.tb.xml@177,12,resistit,resisto,VERB
phi0959.phi006.perseus-lat1.tb.xml@177,13,:,:,PUNCT
phi0959.phi006.perseus-lat1.tb.xml@179,1,Non,non,PART
phi0959.phi006.perseus-lat1.tb.xml@179,2,insequor,insequor,VERB
phi0959.phi006.perseus-lat1.tb.xml@179,3,hostis,hostis,NOUN
phi0959.phi006.perseus-lat1.tb.xml@179,4,:,:,PUNCT
phi0959.phi006.perseus-lat1.tb.xml@180,1,nympha,nympha,NOUN
phi0959.phi006.perseus-lat1.tb.xml@180,2,",",",",PUNCT
phi0959.phi006.perseus-lat1.tb.xml@180,3,mane,maneo,VERB
phi0959.phi006.perseus-lat1.tb.xml@180,4,!,!,PUNCT
phi0959.phi006.perseus-lat1.tb.xml@182,1,amor,amor,NOUN
phi0959.phi006.perseus-lat1.tb.xml@182,2,est,sum,AUX
phi0959.phi006.perseus-lat1.tb.xml@182,3,mihi,ego,PRON
phi0959.phi006.perseus-lat1.tb.xml@182,4,causa,causa,NOUN
phi0959.phi006.perseus-lat1.tb.xml@182,5,sequendi,sequor,VERB
phi0959.phi006.perseus-lat1.tb.xml@182,6,.,.,PUNCT
phi0959.phi006.perseus-lat1.tb.xml@185,1,Aspera,asper,ADJ
phi0959.phi006.perseus-lat1.tb.xml@185,2,",",",",PUNCT
phi0959.phi006.perseus-lat1.tb.xml@185,3,qua,qua,ADV
phi0959.phi006.perseus-lat1.tb.xml@185,4,properas,propero,VERB
phi0959.phi006.perseus-lat1.tb.xml@185,5,",",",",PUNCT
phi0959.phi006.perseus-lat1.tb.xml@185,6,loca,locum,NOUN
phi0959.phi006.perseus-lat1.tb.xml@185,7,sunt,sum,AUX
phi0959.phi006.perseus-lat1.tb.xml@185,8,.,.,PUNCT
phi0959.phi006.perseus-lat1.tb.xml@186,1,Moderatius,moderatus,ADV
phi0959.phi006.perseus-lat1.tb.xml@186,2,",",",",PUNCT
phi0959.phi006.perseus-lat1.tb.xml@186,3,oro,oro,VERB
phi0959.phi006.perseus-lat1.tb.xml@186,4,",",",",PUNCT
phi0959.phi006.perseus-lat1.tb.xml@186,5,curre,curro,VERB
phi0959.phi006.perseus-lat1.tb.xml@186,6-7,fugamque,_,_
phi0959.phi006.perseus-lat1.tb.xml@186,6,fugam,fuga,NOUN
phi0959.phi006.perseus-lat1.tb.xml@186,7,que,que,CCONJ
phi0959.phi006.perseus-lat1.tb.xml@186,8,inhibe,inhibeo,VERB
phi0959.phi006.perseus-lat1.tb.xml@186,9,;,;,PUNCT
phi0959.phi006.perseus-lat1.tb.xml@187,1,moderatius,moderatus,ADV
phi0959.phi006.perseus-lat1.tb.xml@187,2,insequar,insequor,VERB
phi0959.phi006.perseus-lat1.tb.xml@187,3,ipse,ipse,DET
phi0959.phi006.perseus-lat1.tb.xml@187,4,.,.,PUNCT
phi0959.phi006.perseus-lat1.tb.xml@188,1,Cui,qui,PRON
phi0959.phi006.perseus-lat1.tb.xml@188,2,placeas,placeo,VERB
phi0959.phi006.perseus-lat1.tb.xml@188,3,",",",",PUNCT
phi0959.phi006.perseus-lat1.tb.xml@188,4,inquire,inquiro,VERB
phi0959.phi006.perseus-lat1.tb.xml@188,5,tamen,tamen,ADV
phi0959.phi006.perseus-lat1.tb.xml@188,6,.,.,PUNCT
phi0959.phi006.perseus-lat1.tb.xml@190,1,Nescis,nescio,VERB
phi0959.phi006.perseus-lat1.tb.xml@190,2,",",",",PUNCT
phi0959.phi006.perseus-lat1.tb.xml@190,3,temeraria,temerarius,ADJ
phi0959.phi006.perseus-lat1.tb.xml@190,4,",",",",PUNCT
phi0959.phi006.perseus-lat1.tb.xml@190,5,nescis,nescio,VERB
phi0959.phi006.perseus-lat1.tb.xml@190,6,quem,qui,PRON
phi0959.phi006.perseus-lat1.tb.xml@190,7,fugias,fugio,VERB
phi0959.phi006.perseus-lat1.tb.xml@190,8,",",",",PUNCT
phi0959.phi006.perseus-lat1.tb.xml@190,9-10,ideoque,_,_
phi0959.phi006.perseus-lat1.tb.xml@190,9,ideo,ideo,ADV
phi0959.phi006.perseus-lat1.tb.xml@190,10,que,que,CCONJ
phi0959.phi006.perseus-lat1.tb.xml@190,11,fugis,fugio,VERB
phi0959.phi006.perseus-lat1.tb.xml@190,12,.,.,PUNCT
phi0959.phi006.perseus-lat1.tb.xml@191,1,Mihi,ego,PRON
phi0959.phi006.perseus-lat1.tb.xml@191,2,Delphica,Delphicus,ADJ
phi0959.phi006.perseus-lat1.tb.xml@191,3,tellus,tellus,NOUN
phi0959.phi006.perseus-lat1.tb.xml@191,4,et,et,CCONJ
phi0959.phi006.perseus-lat1.tb.xml@191,5,Claros,Claros,PROPN
phi0959.phi006.perseus-lat1.tb.xml@191,6,et,et,CCONJ
phi0959.phi006.perseus-lat1.tb.xml@191,7,Tenedos,Tenedos,PROPN
phi0959.phi006.perseus-lat1.tb.xml@191,8-9,Patareaque,_,_
phi0959.phi006.perseus-lat1.tb.xml@191,8,Patarea,Patareus,ADJ
phi0959.phi006.perseus-lat1.tb.xml@191,9,que,que,CCONJ
phi0959.phi006.perseus-lat1.tb.xml@191,10,regia,regia,NOUN
phi0959.phi006.perseus-lat1.tb.xml@191,11,servit,servio,VERB
phi0959.phi006.perseus-lat1.tb.xml@191,12,",",",",PUNCT
phi0959.phi006.perseus-lat1.tb.xml@191,13,Iuppiter,Iuppiter,PROPN
phi0959.phi006.perseus-lat1.tb.xml@191,14,est,sum,AUX
phi0959.phi006.perseus-lat1.tb.xml@191,15,genitor,genitor,NOUN
phi0959.phi006.perseus-lat1.tb.xml@191,16,;,;,PUNCT
phi0959.phi006.perseus-lat1.tb.xml@193,1,per,per,ADP
phi0959.phi006.perseus-lat1.tb.xml@193,2,me,ego,PRON
phi0959.phi006.perseus-lat1.tb.xml@193,3,concordant,concordo,VERB
phi0959.phi006.perseus-lat1.tb.xml@193,4,carmina,carmen,NOUN
phi0959.phi006.perseus-lat1.tb.xml@193,5,nervis,nervus,NOUN
phi0959.phi006.perseus-lat1.tb.xml@193,6,.,.,PUNCT
phi0959.phi006.perseus-lat1.tb.xml@195,1,Inventum,inventum,NOUN
phi0959.phi006.perseus-lat1.tb.xml@195,2,medicina,medicina,NOUN
phi0959.phi006.perseus-lat1.tb.xml@195,3,meum,meus,DET
phi0959.phi006.perseus-lat1.tb.xml@195,4,est,sum,AUX
phi0959.phi006.perseus-lat1.tb.xml@195,5,",",",",PUNCT
phi0959.phi006.perseus-lat1.tb.xml@195,6-7,opiferque,_,_
phi0959.phi006.perseus-lat1.tb.xml@195,6,opifer,opifer,ADJ
phi0959.phi006.perseus-lat1.tb.xml@195,7,que,que,CCONJ
phi0959.phi006.perseus-lat1.tb.xml@195,8,per,per,ADP
phi0959.phi006.perseus-lat1.tb.xml@195,9,orbem,orbis,NOUN
phi0959.phi006.perseus-lat1.tb.xml@195,10,dicor,dico,VERB
phi0959.phi006.perseus-lat1.tb.xml@195,11,",",",",PUNCT
phi0959.phi006.perseus-lat1.tb.xml@195,12,et,et,CCONJ
phi0959.phi006.perseus-lat1.tb.xml@195,13,herbarum,herba,NOUN
phi0959.phi006.perseus-lat1.tb.xml@195,14,subiecta,subiectum,VERB
phi0959.phi006.perseus-lat1.tb.xml@195,15,potentia,potentia,NOUN
phi0959.phi006.perseus-lat1.tb.xml@195,16,nobis,nos,PRON
phi0959.phi006.perseus-lat1.tb.xml@195,17,:,:,PUNCT
phi0959.phi006.perseus-lat1.tb.xml@197,1,Plura,multus,DET
phi0959.phi006.perseus-lat1.tb.xml@197,2,locuturum,loquor,VERB
phi0959.phi006.perseus-lat1.tb.xml@197,3,timido,timidus,ADJ
phi0959.phi006.perseus-lat1.tb.xml@197,4,Peneia,Peneius,ADJ
phi0959.phi006.perseus-lat1.tb.xml@197,5,cursu,cursus,NOUN
phi0959.phi006.perseus-lat1.tb.xml@197,6,fugit,fugio,VERB
phi0959.phi006.perseus-lat1.tb.xml@197,7,cumque,cum,ADP
phi0959.phi006.perseus-lat1.tb.xml@197,8,ipso,ipse,DET
phi0959.phi006.perseus-lat1.tb.xml@197,9,verba,verbum,NOUN
phi0959.phi006.perseus-lat1.tb.xml@197,10,inperfecta,imperfectus,ADJ
phi0959.phi006.perseus-lat1.tb.xml@197,11,reliquit,relinquo,VERB
phi0959.phi006.perseus-lat1.tb.xml@197,12,",",",",PUNCT
phi0959.phi006.perseus-lat1.tb.xml@197,13,tum,tum,ADV
phi0959.phi006.perseus-lat1.tb.xml@197,14,quoque,quoque,PART
phi0959.phi006.perseus-lat1.tb.xml@197,15,visa,video,VERB
phi0959.phi006.perseus-lat1.tb.xml@197,16,decens,decet,VERB
phi0959.phi006.perseus-lat1.tb.xml@197,17,.,.,PUNCT
phi0959.phi006.perseus-lat1.tb.xml@202,1,Qui,qui,PRON
phi0959.phi006.perseus-lat1.tb.xml@202,2,tamen,tamen,ADV
phi0959.phi006.perseus-lat1.tb.xml@202,3,insequitur,insequor,VERB
phi0959.phi006.perseus-lat1.tb.xml@202,4,pennis,penna,NOUN
phi0959.phi006.perseus-lat1.tb.xml@202,5,adiutus,adiutus,NOUN
phi0959.phi006.perseus-lat1.tb.xml@202,6,Amoris,amor,NOUN
phi0959.phi006.perseus-lat1.tb.xml@202,7,",",",",PUNCT
phi0959.phi006.perseus-lat1.tb.xml@202,8,ocior,ocior,ADJ
phi0959.phi006.perseus-lat1.tb.xml@202,9,est,sum,AUX
phi0959.phi006.perseus-lat1.tb.xml@202,10-11,requiemque,_,_
phi0959.phi006.perseus-lat1.tb.xml@202,10,requiem,requies,NOUN
phi0959.phi006.perseus-lat1.tb.xml@202,11,que,que,CCONJ
phi0959.phi006.perseus-lat1.tb.xml@202,12,negat,nego,VERB
phi0959.phi006.perseus-lat1.tb.xml@202,13-14,tergoque,_,_
phi0959.phi006.perseus-lat1.tb.xml@202,13,tergo,tergum,NOUN
phi0959.phi006.perseus-lat1.tb.xml@202,14,que,que,CCONJ
phi0959.phi006.perseus-lat1.tb.xml@202,15,fugacis,fugax,ADJ
phi0959.phi006.perseus-lat1.tb.xml@202,16,inminet,inmino,VERB
phi0959.phi006.perseus-lat1.tb.xml@202,17,et,et,CCONJ
phi0959.phi006.perseus-lat1.tb.xml@202,18,crinem,crinis,NOUN
phi0959.phi006.perseus-lat1.tb.xml@202,19,sparsum,spargo,VERB
phi0959.phi006.perseus-lat1.tb.xml@202,20,cervicibus,cervix,NOUN
phi0959.phi006.perseus-lat1.tb.xml@202,21,adflat,afflo,VERB
phi0959.phi006.perseus-lat1.tb.xml@202,22,.,.,PUNCT
phi0959.phi006.perseus-lat1.tb.xml@203,1,Viribus,vis,NOUN
phi0959.phi006.perseus-lat1.tb.xml@203,2,absumptis,absumo,VERB
phi0959.phi006.perseus-lat1.tb.xml@203,3,expalluit,expallesco,VERB
phi0959.phi006.perseus-lat1.tb.xml@203,4,illa,ille,DET
phi0959.phi006.perseus-lat1.tb.xml@203,5-6,citaeque,_,_
phi0959.phi006.perseus-lat1.tb.xml@203,5,citae,cieo,VERB
phi0959.phi006.perseus-lat1.tb.xml@203,6,que,que,CCONJ
phi0959.phi006.perseus-lat1.tb.xml@203,7,victa,vinco,VERB
phi0959.phi006.perseus-lat1.tb.xml@203,8,labore,labor,NOUN
phi0959.phi006.perseus-lat1.tb.xml@203,9,fugae,fuga,NOUN
phi0959.phi006.perseus-lat1.tb.xml@203,10,spectans,specto,VERB
phi0959.phi006.perseus-lat1.tb.xml@203,11,Peneidas,Peneidas,ADJ
phi0959.phi006.perseus-lat1.tb.xml@203,12,undas,unda,NOUN
phi0959.phi006.perseus-lat1.tb.xml@203,13,',',PUNCT
phi0959.phi006.perseus-lat1.tb.xml@203,14,fer,fero,VERB
phi0959.phi006.perseus-lat1.tb.xml@203,15,pater,pater,NOUN
phi0959.phi006.perseus-lat1.tb.xml@203,16,',',PUNCT
phi0959.phi006.perseus-lat1.tb.xml@203,17,inquit,inquam,VERB
phi0959.phi006.perseus-lat1.tb.xml@203,18,',',PUNCT
phi0959.phi006.perseus-lat1.tb.xml@203,19,opem,ops,NOUN
phi0959.phi006.perseus-lat1.tb.xml@203,20,si,si,SCONJ
phi0959.phi006.perseus-lat1.tb.xml@203,21,flumina,flumen,NOUN
phi0959.phi006.perseus-lat1.tb.xml@203,22,numen,numen,NOUN
phi0959.phi006.perseus-lat1.tb.xml@203,23,habetis,habeo,VERB
phi0959.phi006.perseus-lat1.tb.xml@203,24,.,.,PUNCT
phi0959.phi006.perseus-lat1.tb.xml@205,1,Vix,vix,ADV
phi0959.phi006.perseus-lat1.tb.xml@205,2,prece,prex,NOUN
phi0959.phi006.perseus-lat1.tb.xml@205,3,finita,finio,VERB
phi0959.phi006.perseus-lat1.tb.xml@205,4,torpor,torpor,NOUN
phi0959.phi006.perseus-lat1.tb.xml@205,5,gravis,gravis,ADJ
phi0959.phi006.perseus-lat1.tb.xml@205,6,occupat,occupo,VERB
phi0959.phi006.perseus-lat1.tb.xml@205,7,artus,artus,NOUN
phi0959.phi006.perseus-lat1.tb.xml@205,8,:,:,PUNCT
phi0959.phi006.perseus-lat1.tb.xml@207,1,remanet,remaneo,VERB
phi0959.phi006.perseus-lat1.tb.xml@207,2,nitor,nitor,NOUN
phi0959.phi006.perseus-lat1.tb.xml@207,3,unus,unus,ADJ
phi0959.phi006.perseus-lat1.tb.xml@207,4,in,in,ADP
phi0959.phi006.perseus-lat1.tb.xml@207,5,illa,ille,DET
phi0959.phi006.perseus-lat1.tb.xml@207,6,.,.,PUNCT
phi0959.phi006.perseus-lat1.tb.xml@208,1,Hanc,hic,DET
phi0959.phi006.perseus-lat1.tb.xml@208,2,quoque,quoque,PART
phi0959.phi006.perseus-lat1.tb.xml@208,3,Phoebus,Phoebus,PROPN
phi0959.phi006.perseus-lat1.tb.xml@208,4,amat,amo,VERB
phi0959.phi006.perseus-lat1.tb.xml@208,5,",",",",PUNCT
phi0959.phi006.perseus-lat1.tb.xml@208,6-7,positaque,_,_
phi0959.phi006.perseus-lat1.tb.xml@208,6,posita,pono,VERB
phi0959.phi006.perseus-lat1.tb.xml@208,7,que,que,CCONJ
phi0959.phi006.perseus-lat1.tb.xml@208,8,in,in,ADP
phi0959.phi006.perseus-lat1.tb.xml@208,9,stipite,stipes,NOUN
phi0959.phi006.perseus-lat1.tb.xml@208,10,dextra,dextera,NOUN
phi0959.phi006.perseus-lat1.tb.xml@208,11,sentit,sentio,VERB
phi0959.phi006.perseus-lat1.tb.xml@208,12,adhuc,adhuc,ADV
phi0959.phi006.perseus-lat1.tb.xml@208,13,trepidare,trepido,VERB
phi0959.phi006.perseus-lat1.tb.xml@208,14,novo,novus,ADJ
phi0959.phi006.perseus-lat1.tb.xml@208,15,sub,sub,ADP
phi0959.phi006.perseus-lat1.tb.xml@208,16,cortice,cortex,NOUN
phi0959.phi006.perseus-lat1.tb.xml@208,17,pectus,pectus,NOUN
phi0959.phi006.perseus-lat1.tb.xml@208,18,conplexusque,conplexus,VERB
phi0959.phi006.perseus-lat1.tb.xml@208,19,suis,suus,DET
phi0959.phi006.perseus-lat1.tb.xml@208,20,ramos,ramus,NOUN
phi0959.phi006.perseus-lat1.tb.xml@208,21,",",",",PUNCT
phi0959.phi006.perseus-lat1.tb.xml@208,22,ut,ut,SCONJ
phi0959.phi006.perseus-lat1.tb.xml@208,23,membra,membrum,NOUN
phi0959.phi006.perseus-lat1.tb.xml@208,24,",",",",PUNCT
phi0959.phi006.perseus-lat1.tb.xml@208,25,lacertis,lacertus,NOUN
phi0959.phi006.perseus-lat1.tb.xml@208,26,oscula,osculum,NOUN
phi0959.phi006.perseus-lat1.tb.xml@208,27,dat,do,VERB
phi0959.phi006.perseus-lat1.tb.xml@208,28,ligno,lignum,NOUN
phi0959.phi006.perseus-lat1.tb.xml@208,29,:,:,PUNCT
phi0959.phi006.perseus-lat1.tb.xml@209,1,refugit,refugio,VERB
phi0959.phi006.perseus-lat1.tb.xml@209,2,tamen,tamen,ADV
phi0959.phi006.perseus-lat1.tb.xml@209,3,oscula,osculum,NOUN
phi0959.phi006.perseus-lat1.tb.xml@209,4,lignum,lignum,NOUN
phi0959.phi006.perseus-lat1.tb.xml@209,5,.,.,PUNCT
phi0959.phi006.perseus-lat1.tb.xml@210,1,Cui,qui,PRON
phi0959.phi006.perseus-lat1.tb.xml@210,2,deus,deus,NOUN
phi0959.phi006.perseus-lat1.tb.xml@210,3,',',PUNCT
phi0959.phi006.perseus-lat1.tb.xml@210,4,at,at,CCONJ
phi0959.phi006.perseus-lat1.tb.xml@210,5,quoniam,quoniam,SCONJ
phi0959.phi006.perseus-lat1.tb.xml@210,6,coniunx,coniunx,NOUN
phi0959.phi006.perseus-lat1.tb.xml@210,7,mea,meus,DET
phi0959.phi006.perseus-lat1.tb.xml@210,8,non,non,PART
phi0959.phi006.perseus-lat1.tb.xml@210,9,potes,possum,VERB
phi0959.phi006.perseus-lat1.tb.xml@210,10,esse,sum,AUX
phi0959.phi006.perseus-lat1.tb.xml@210,11,",",",",PUNCT
phi0959.phi006.perseus-lat1.tb.xml@210,12,arbor,arbor,NOUN
phi0959.phi006.perseus-lat1.tb.xml@210,13,eris,sum,AUX
phi0959.phi006.perseus-lat1.tb.xml@210,14,certe,certus,ADV
phi0959.phi006.perseus-lat1.tb.xml@210,15,',',PUNCT
phi0959.phi006.perseus-lat1.tb.xml@210,16,dixit,dico,VERB
phi0959.phi006.perseus-lat1.tb.xml@210,17,',',PUNCT
phi0959.phi006.perseus-lat1.tb.xml@210,18,mea,meus,DET
phi0959.phi006.perseus-lat1.tb.xml@210,19,.,.,PUNCT
phi0959.phi006.perseus-lat1.tb.xml@212,1,tu,tu,PRON
phi0959.phi006.perseus-lat1.tb.xml@212,2,ducibus,dux,NOUN
phi0959.phi006.perseus-lat1.tb.xml@212,3,Latiis,Latius,ADJ
phi0959.phi006.perseus-lat1.tb.xml@212,4,aderis,adsum,VERB
phi0959.phi006.perseus-lat1.tb.xml@212,5,",",",",PUNCT
phi0959.phi006.perseus-lat1.tb.xml@212,6,cum,cum,SCONJ
phi0959.phi006.perseus-lat1.tb.xml@212,7,laeta,laetus,ADJ
phi0959.phi006.perseus-lat1.tb.xml@212,8,triumphum,triumphus,NOUN
phi0959.phi006.perseus-lat1.tb.xml@212,9,vox,vox,NOUN
phi0959.phi006.perseus-lat1.tb.xml@212,10,canet,cano,VERB
phi0959.phi006.perseus-lat1.tb.xml@212,11,et,et,CCONJ
phi0959.phi006.perseus-lat1.tb.xml@212,12,visent,viso,VERB
phi0959.phi006.perseus-lat1.tb.xml@212,13,longas,longus,ADJ
phi0959.phi006.perseus-lat1.tb.xml@212,14,Capitolia,Capitolium,PROPN
phi0959.phi006.perseus-lat1.tb.xml@212,15,pompas,pompa,NOUN
phi0959.phi006.perseus-lat1.tb.xml@212,16,:,:,PUNCT
phi0959.phi006.perseus-lat1.tb.xml@214,1,Finierat,finio,VERB
phi0959.phi006.perseus-lat1.tb.xml@214,2,Paean,Paean,PROPN
phi0959.phi006.perseus-lat1.tb.xml@214,3,:,:,PUNCT
phi0959.phi006.perseus-lat1.tb.xml@217,1,vocant,voco,VERB
phi0959.phi006.perseus-lat1.tb.xml@217,2,Tempe,Tempe,PROPN
phi0959.phi006.perseus-lat1.tb.xml@217,3,.,.,PUNCT
phi0959.phi006.perseus-lat1.tb.xml@218,1,Per,per,ADP
phi0959.phi006.perseus-lat1.tb.xml@218,2,quae,qui,PRON
phi0959.phi006.perseus-lat1.tb.xml@218,3,Peneus,Peneus,PROPN
phi0959.phi006.perseus-lat1.tb.xml@218,4,ab,ab,ADP
phi0959.phi006.perseus-lat1.tb.xml@218,5,imo,imus,ADJ
phi0959.phi006.perseus-lat1.tb.xml@218,6,effusus,effundo,VERB
phi0959.phi006.perseus-lat1.tb.xml@218,7,Pindo,Pindus,PROPN
phi0959.phi006.perseus-lat1.tb.xml@218,8,spumosis,spumosus,ADJ
phi0959.phi006.perseus-lat1.tb.xml@218,9,volvitur,volvo,VERB
phi0959.phi006.perseus-lat1.tb.xml@218,10,undis,unda,NOUN
phi0959.phi006.perseus-lat1.tb.xml@218,11,",",",",PUNCT
phi0959.phi006.perseus-lat1.tb.xml@218,12-13,deiectuque,_,_
phi0959.phi006.perseus-lat1.tb.xml@218,12,deiectu,deiectus,NOUN
phi0959.phi006.perseus-lat1.tb.xml@218,13,que,que,CCONJ
phi0959.phi006.perseus-lat1.tb.xml@218,14,gravi,gravis,ADJ
phi0959.phi006.perseus-lat1.tb.xml@218,15,tenues,tenuis,ADJ
phi0959.phi006.perseus-lat1.tb.xml@218,16,agitantia,agito,VERB
phi0959.phi006.perseus-lat1.tb.xml@218,17,fumos,fumus,NOUN
phi0959.phi006.perseus-lat1.tb.xml@218,18,nubila,nubila,NOUN
phi0959.phi006.perseus-lat1.tb.xml@218,19,conducit,conduco,VERB
phi0959.phi006.perseus-lat1.tb.xml@218,20-21,summisque,_,_
phi0959.phi006.perseus-lat1.tb.xml@218,20,summis,summus,ADJ
phi0959.phi006.perseus-lat1.tb.xml@218,21,que,que,CCONJ
phi0959.phi006.perseus-lat1.tb.xml@218,22,adspergine,aspergo,NOUN
phi0959.phi006.perseus-lat1.tb.xml@218,23,silvis,silva,NOUN
phi0959.phi006.perseus-lat1.tb.xml@218,24,inpluit,inpluo,VERB
phi0959.phi006.perseus-lat1.tb.xml@218,25,et,et,CCONJ
phi0959.phi006.perseus-lat1.tb.xml@218,26,sonitu,sonitus,NOUN
phi0959.phi006.perseus-lat1.tb.xml@218,27,plus,multus,ADV
phi0959.phi006.perseus-lat1.tb.xml@218,28,quam,quam,SCONJ
phi0959.phi006.perseus-lat1.tb.xml@218,29,vicina,vicinus,ADJ
phi0959.phi006.perseus-lat1.tb.xml@218,30,fatigat,fatigo,VERB
phi0959.phi006.perseus-lat1.tb.xml@218,31,.,.,PUNCT
phi0959.phi006.perseus-lat1.tb.xml@221,1,Conveniunt,convenio,VERB
phi0959.phi006.perseus-lat1.tb.xml@221,2,illuc,illic,ADV
phi0959.phi006.perseus-lat1.tb.xml@221,3,popularia,popularis,ADJ
phi0959.phi006.perseus-lat1.tb.xml@221,4,flumina,flumen,NOUN
phi0959.phi006.perseus-lat1.tb.xml@221,5,primum,primus,ADV
phi0959.phi006.perseus-lat1.tb.xml@221,6,",",",",PUNCT
phi0959.phi006.perseus-lat1.tb.xml@221,7,nescia,nescius,ADJ
phi0959.phi006.perseus-lat1.tb.xml@221,8,",",",",PUNCT
phi0959.phi006.perseus-lat1.tb.xml@221,9,gratentur,grator,VERB
phi0959.phi006.perseus-lat1.tb.xml@221,10,ne,ne,SCONJ
phi0959.phi006.perseus-lat1.tb.xml@221,11,consolentur,consolor,VERB
phi0959.phi006.perseus-lat1.tb.xml@221,12,parentem,parens,NOUN
phi0959.phi006.perseus-lat1.tb.xml@221,13,",",",",PUNCT
phi0959.phi006.perseus-lat1.tb.xml@221,14,populifer,populifer,ADJ
phi0959.phi006.perseus-lat1.tb.xml@221,15,Sperchios,Spercheos,PROPN
phi0959.phi006.perseus-lat1.tb.xml@221,16,et,et,CCONJ
phi0959.phi006.perseus-lat1.tb.xml@221,17,inrequietus,irrequietus,ADJ
phi0959.phi006.perseus-lat1.tb.xml@221,18,Enipeus,Enipeus,PROPN
phi0959.phi006.perseus-lat1.tb.xml@221,19-20,Apidanusque,_,_
phi0959.phi006.perseus-lat1.tb.xml@221,19,Apidanus,Apidanus,PROPN
phi0959.phi006.perseus-lat1.tb.xml@221,20,que,que,CCONJ
phi0959.phi006.perseus-lat1.tb.xml@221,21,senex,senex,ADJ
phi0959.phi006.perseus-lat1.tb.xml@221,22-23,lenisque,_,_
phi0959.phi006.perseus-lat1.tb.xml@221,22,lenis,lenis,ADJ
phi0959.phi006.perseus-lat1.tb.xml@221,23,que,que,CCONJ
phi0959.phi006.perseus-lat1.tb.xml@221,24,Amphrysos,Amphrysus,PROPN
phi0959.phi006.perseus-lat1.tb.xml@221,25,et,et,CCONJ
phi0959.phi006.perseus-lat1.tb.xml@221,26,Aeas,Aeas,PROPN
phi0959.phi006.perseus-lat1.tb.xml@221,27,",",",",PUNCT
phi0959.phi006.perseus-lat1.tb.xml@221,28-29,moxque,_,_
phi0959.phi006.perseus-lat1.tb.xml@221,28,mox,mox,ADV
phi0959.phi006.perseus-lat1.tb.xml@221,29,que,que,CCONJ
phi0959.phi006.perseus-lat1.tb.xml@221,30,amnes,amnis,NOUN
phi0959.phi006.perseus-lat1.tb.xml@221,31,alii,alius,DET
phi0959.phi006.perseus-lat1.tb.xml@221,32,",",",",PUNCT
phi0959.phi006.perseus-lat1.tb.xml@221,33,qui,qui,PRON
phi0959.phi006.perseus-lat1.tb.xml@221,34,",",",",PUNCT
phi0959.phi006.perseus-lat1.tb.xml@221,35,qua,qua,ADV
phi0959.phi006.perseus-lat1.tb.xml@221,36,tulit,fero,VERB
phi0959.phi006.perseus-lat1.tb.xml@221,37,impetus,impetus,NOUN
phi0959.phi006.perseus-lat1.tb.xml@221,38,illos,ille,DET
phi0959.phi006.perseus-lat1.tb.xml@221,39,",",",",PUNCT
phi0959.phi006.perseus-lat1.tb.xml@221,40,in,in,ADP
phi0959.phi006.perseus-lat1.tb.xml@221,41,mare,mare,NOUN
phi0959.phi006.perseus-lat1.tb.xml@221,42,deducunt,deduco,VERB
phi0959.phi006.perseus-lat1.tb.xml@221,43,fessas,fessus,ADJ
phi0959.phi006.perseus-lat1.tb.xml@221,44,erroribus,error,NOUN
phi0959.phi006.perseus-lat1.tb.xml@221,45,undas,unda,NOUN
phi0959.phi006.perseus-lat1.tb.xml@221,46,.,.,PUNCT
phi0959.phi006.perseus-lat1.tb.xml@224,1,sed,sed,CCONJ
phi0959.phi006.perseus-lat1.tb.xml@224,2,quam,qui,PRON
phi0959.phi006.perseus-lat1.tb.xml@224,3,non,non,PART
phi0959.phi006.perseus-lat1.tb.xml@224,4,invenit,invenio,VERB
phi0959.phi006.perseus-lat1.tb.xml@224,5,usquam,usquam,ADV
phi0959.phi006.perseus-lat1.tb.xml@224,6,.,.,PUNCT
phi0959.phi006.perseus-lat1.tb.xml@226,1,Viderat,video,VERB
phi0959.phi006.perseus-lat1.tb.xml@226,2,a,ab,ADP
phi0959.phi006.perseus-lat1.tb.xml@226,3,patrio,patrius,ADJ
phi0959.phi006.perseus-lat1.tb.xml@226,4,redeuntem,redeo,VERB
phi0959.phi006.perseus-lat1.tb.xml@226,5,Iuppiter,Iuppiter,PROPN
phi0959.phi006.perseus-lat1.tb.xml@226,6,illam,ille,DET
phi0959.phi006.perseus-lat1.tb.xml@226,7,flumine,flumen,NOUN
phi0959.phi006.perseus-lat1.tb.xml@226,8,et,et,CCONJ
phi0959.phi006.perseus-lat1.tb.xml@226,9,',',PUNCT
phi0959.phi006.perseus-lat1.tb.xml@226,10,o,O,INTJ
phi0959.phi006.perseus-lat1.tb.xml@226,11,virgo,virgo,NOUN
phi0959.phi006.perseus-lat1.tb.xml@226,12,Iove,Iuppiter,PROPN
phi0959.phi006.perseus-lat1.tb.xml@226,13,digna,dignus,ADJ
phi0959.phi006.perseus-lat1.tb.xml@226,14-15,tuoque,_,_
phi0959.phi006.perseus-lat1.tb.xml@226,14,tuo,tuus,DET
phi0959.phi006.perseus-lat1.tb.xml@226,15,que,que,CCONJ
phi0959.phi006.perseus-lat1.tb.xml@226,16,beatum,beatus,ADJ
phi0959.phi006.perseus-lat1.tb.xml@226,17,nescio,nescio,VERB
phi0959.phi006.perseus-lat1.tb.xml@226,18,quem,qui,PRON
phi0959.phi006.perseus-lat1.tb.xml@226,19,factura,facio,VERB
phi0959.phi006.perseus-lat1.tb.xml@226,20,toro,torus,NOUN
phi0959.phi006.perseus-lat1.tb.xml@226,21,",",",",PUNCT
phi0959.phi006.perseus-lat1.tb.xml@226,22,pete,peto,VERB
phi0959.phi006.perseus-lat1.tb.xml@226,23,',',PUNCT
phi0959.phi006.perseus-lat1.tb.xml@226,24,dixerat,dico,VERB
phi0959.phi006.perseus-lat1.tb.xml@226,25,',',PUNCT
phi0959.phi006.perseus-lat1.tb.xml@226,26,umbras,umbra,NOUN
phi0959.phi006.perseus-lat1.tb.xml@226,27,altorum,altus,ADJ
phi0959.phi006.perseus-lat1.tb.xml@226,28,nemorum,nemus,NOUN
phi0959.phi006.perseus-lat1.tb.xml@226,29,',',PUNCT
phi0959.phi006.perseus-lat1.tb.xml@226,30,(,(,PUNCT
phi0959.phi006.perseus-lat1.tb.xml@226,31,et,et,CCONJ
phi0959.phi006.perseus-lat1.tb.xml@226,32,nemorum,nemus,NOUN
phi0959.phi006.perseus-lat1.tb.xml@226,33,monstraverat,monstro,VERB
phi0959.phi006.perseus-lat1.tb.xml@226,34,umbras,umbra,NOUN
phi0959.phi006.perseus-lat1.tb.xml@226,35,),),PUNCT
phi0959.phi006.perseus-lat1.tb.xml@226,36,",",",",PUNCT
phi0959.phi006.perseus-lat1.tb.xml@226,37,',',PUNCT
phi0959.phi006.perseus-lat1.tb.xml@226,38,dum,dum,SCONJ
phi0959.phi006.perseus-lat1.tb.xml@226,39,calet,caleo,VERB
phi0959.phi006.perseus-lat1.tb.xml@226,40,et,et,CCONJ
phi0959.phi006.perseus-lat1.tb.xml@226,41,medio,medius,ADJ
phi0959.phi006.perseus-lat1.tb.xml@226,42,sol,sol,NOUN
phi0959.phi006.perseus-lat1.tb.xml@226,43,est,sum,AUX
phi0959.phi006.perseus-lat1.tb.xml@226,44,altissimus,altus,ADJ
phi0959.phi006.perseus-lat1.tb.xml@226,45,orbe,orbis,NOUN
phi0959.phi006.perseus-lat1.tb.xml@226,46,.,.,PUNCT
phi0959.phi006.perseus-lat1.tb.xml@230,1,Iam,iam,ADV
phi0959.phi006.perseus-lat1.tb.xml@230,2,pascua,pascuus,ADJ
phi0959.phi006.perseus-lat1.tb.xml@230,3,Lernae,Lerna,PROPN
phi0959.phi006.perseus-lat1.tb.xml@230,4-5,consitaque,_,_
phi0959.phi006.perseus-lat1.tb.xml@230,4,consita,consero,VERB
phi0959.phi006.perseus-lat1.tb.xml@230,5,que,que,CCONJ
phi0959.phi006.perseus-lat1.tb.xml@230,6,arboribus,arbor,NOUN
phi0959.phi006.perseus-lat1.tb.xml@230,7,Lyrcea,*lyrcea,NOUN
phi0959.phi006.perseus-lat1.tb.xml@230,8,reliquerat,relinquo,VERB
phi0959.phi006.perseus-lat1.tb.xml@230,9,arva,arvum,NOUN
phi0959.phi006.perseus-lat1.tb.xml@230,10,",",",",PUNCT
phi0959.phi006.perseus-lat1.tb.xml@230,11,cum,cum,SCONJ
phi0959.phi006.perseus-lat1.tb.xml@230,12,deus,deus,NOUN
phi0959.phi006.perseus-lat1.tb.xml@230,13,inducta,induco,VERB
phi0959.phi006.perseus-lat1.tb.xml@230,14,latas,latus,ADJ
phi0959.phi006.perseus-lat1.tb.xml@230,15,caligine,caligo,NOUN
phi0959.phi006.perseus-lat1.tb.xml@230,16,terras,terra,NOUN
phi0959.phi006.perseus-lat1.tb.xml@230,17,occuluit,occulo,VERB
phi0959.phi006.perseus-lat1.tb.xml@230,18-19,tenuitque,_,_
phi0959.phi006.perseus-lat1.tb.xml@230,18,tenuit,teneo,VERB
phi0959.phi006.perseus-lat1.tb.xml@230,19,que,que,CCONJ
phi0959.phi006.perseus-lat1.tb.xml@230,20,fugam,fuga,NOUN
phi0959.phi006.perseus-lat1.tb.xml@230,21-22,rapuitque,_,_
phi0959.phi006.perseus-lat1.tb.xml@230,21,rapuit,rapio,VERB
phi0959.phi006.perseus-lat1.tb.xml@230,22,que,que,CCONJ
phi0959.phi006.perseus-lat1.tb.xml@230,23,pudorem,pudor,NOUN
phi0959.phi006.perseus-lat1.tb.xml@230,24,.,.,PUNCT
phi0959.phi006.perseus-lat1.tb.xml@233,1,Quem,quis,PRON
phi0959.phi006.perseus-lat1.tb.xml@233,2,postquam,postquam,SCONJ
phi0959.phi006.perseus-lat1.tb.xml@233,3,caelo,caelum,NOUN
phi0959.phi006.perseus-lat1.tb.xml@233,4,non,non,PART
phi0959.phi006.perseus-lat1.tb.xml@233,5,repperit,reperio,VERB
phi0959.phi006.perseus-lat1.tb.xml@233,6,",",",",PUNCT
phi0959.phi006.perseus-lat1.tb.xml@233,7,',',PUNCT
phi0959.phi006.perseus-lat1.tb.xml@233,8,aut,aut,CCONJ
phi0959.phi006.perseus-lat1.tb.xml@233,9,ego,ego,PRON
phi0959.phi006.perseus-lat1.tb.xml@233,10,fallor,fallo,VERB
phi0959.phi006.perseus-lat1.tb.xml@233,11,",",",",PUNCT
phi0959.phi006.perseus-lat1.tb.xml@233,12,aut,aut,CCONJ
phi0959.phi006.perseus-lat1.tb.xml@233,13,ego,ego,PRON
phi0959.phi006.perseus-lat1.tb.xml@233,14,laedor,laedo,VERB
phi0959.phi006.perseus-lat1.tb.xml@233,15,',',PUNCT
phi0959.phi006.perseus-lat1.tb.xml@233,16,ait,aio,VERB
phi0959.phi006.perseus-lat1.tb.xml@233,17,",",",",PUNCT
phi0959.phi006.perseus-lat1.tb.xml@233,18-19,delapsaque,_,_
phi0959.phi006.perseus-lat1.tb.xml@233,18,delapsa,delabor,VERB
phi0959.phi006.perseus-lat1.tb.xml@233,19,que,que,CCONJ
phi0959.phi006.perseus-lat1.tb.xml@233,20,ab,ab,ADP
phi0959.phi006.perseus-lat1.tb.xml@233,21,aethere,aether,NOUN
phi0959.phi006.perseus-lat1.tb.xml@233,22,summo,superus,ADJ
phi0959.phi006.perseus-lat1.tb.xml@233,23,constitit,consto,VERB
phi0959.phi006.perseus-lat1.tb.xml@233,24,in,in,ADP
phi0959.phi006.perseus-lat1.tb.xml@233,25,terris,terra,NOUN
phi0959.phi006.perseus-lat1.tb.xml@233,26-27,nebulasque,_,_
phi0959.phi006.perseus-lat1.tb.xml@233,26,nebulas,nebula,NOUN
phi0959.phi006.perseus-lat1.tb.xml@233,27,que,que,CCONJ
phi0959.phi006.perseus-lat1.tb.xml@233,28,recedere,recedo,VERB
phi0959.phi006.perseus-lat1.tb.xml@233,29,iussit,iubeo,VERB
phi0959.phi006.perseus-lat1.tb.xml@233,30,.,.,PUNCT
phi0959.phi006.perseus-lat1.tb.xml@234,1,Coniugis,coniunx,NOUN
phi0959.phi006.perseus-lat1.tb.xml@234,2,adventum,adventus,NOUN
phi0959.phi006.perseus-lat1.tb.xml@234,3,praesenserat,praesentio,VERB
phi0959.phi006.perseus-lat1.tb.xml@234,4,inque,in,SCONJ
phi0959.phi006.perseus-lat1.tb.xml@234,5,nitentem,niteo,VERB
phi0959.phi006.perseus-lat1.tb.xml@234,6,Inachidos,Inachus,PROPN
phi0959.phi006.perseus-lat1.tb.xml@234,7,vultus,vultus,NOUN
phi0959.phi006.perseus-lat1.tb.xml@234,8,mutaverat,muto,VERB
phi0959.phi006.perseus-lat1.tb.xml@234,9,ille,ille,DET
phi0959.phi006.perseus-lat1.tb.xml@234,10,iuvencam,iuvenca,NOUN
phi0959.phi006.perseus-lat1.tb.xml@234,11,.,.,PUNCT
phi0959.phi006.perseus-lat1.tb.xml@235,1,Bos,bos,NOUN
phi0959.phi006.perseus-lat1.tb.xml@235,2,quoque,quoque,PART
phi0959.phi006.perseus-lat1.tb.xml@235,3,formosa,formosus,ADJ
phi0959.phi006.perseus-lat1.tb.xml@235,4,est,sum,AUX
phi0959.phi006.perseus-lat1.tb.xml@235,5,.,.,PUNCT
phi0959.phi006.perseus-lat1.tb.xml@237,1,Petit,peto,VERB
phi0959.phi006.perseus-lat1.tb.xml@237,2,hanc,hic,DET
phi0959.phi006.perseus-lat1.tb.xml@237,3,Saturnia,Saturnius,ADJ
phi0959.phi006.perseus-lat1.tb.xml@237,4,munus,munus,NOUN
phi0959.phi006.perseus-lat1.tb.xml@237,5,.,.,PUNCT
phi0959.phi006.perseus-lat1.tb.xml@238,1,Quid,quis,PRON
phi0959.phi006.perseus-lat1.tb.xml@238,2,faciat,facio,VERB
phi0959.phi006.perseus-lat1.tb.xml@238,3,?,?,PUNCT
phi0959.phi006.perseus-lat1.tb.xml@240,1,Pudor,pudor,NOUN
phi0959.phi006.perseus-lat1.tb.xml@240,2,est,sum,AUX
phi0959.phi006.perseus-lat1.tb.xml@240,3,qui,qui,PRON
phi0959.phi006.perseus-lat1.tb.xml@240,4,suadeat,suadeo,VERB
phi0959.phi006.perseus-lat1.tb.xml@240,5,illinc,illinc,ADV
phi0959.phi006.perseus-lat1.tb.xml@240,6,",",",",PUNCT
phi0959.phi006.perseus-lat1.tb.xml@240,7,hinc,hinc,ADV
phi0959.phi006.perseus-lat1.tb.xml@240,8,dissuadet,dissuadeo,VERB
phi0959.phi006.perseus-lat1.tb.xml@240,9,amor,amor,NOUN
phi0959.phi006.perseus-lat1.tb.xml@240,10,.,.,PUNCT
phi0959.phi006.perseus-lat1.tb.xml@246,1,Constiterat,consto,VERB
phi0959.phi006.perseus-lat1.tb.xml@246,2,quocumque,quicumque,DET
phi0959.phi006.perseus-lat1.tb.xml@246,3,modo,modus,NOUN
phi0959.phi006.perseus-lat1.tb.xml@246,4,",",",",PUNCT
phi0959.phi006.perseus-lat1.tb.xml@246,5,spectabat,specto,VERB
phi0959.phi006.perseus-lat1.tb.xml@246,6,ad,ad,ADP
phi0959.phi006.perseus-lat1.tb.xml@246,7,Io,Io,PROPN
phi0959.phi006.perseus-lat1.tb.xml@246,8,.,.,PUNCT
phi0959.phi006.perseus-lat1.tb.xml@247,1,ante,ante,ADP
phi0959.phi006.perseus-lat1.tb.xml@247,2,oculos,oculus,NOUN
phi0959.phi006.perseus-lat1.tb.xml@247,3,Io,Io,PROPN
phi0959.phi006.perseus-lat1.tb.xml@247,4,",",",",PUNCT
phi0959.phi006.perseus-lat1.tb.xml@247,5,quamvis,quamvis,SCONJ
phi0959.phi006.perseus-lat1.tb.xml@247,6,aversus,averto,VERB
phi0959.phi006.perseus-lat1.tb.xml@247,7,",",",",PUNCT
phi0959.phi006.perseus-lat1.tb.xml@247,8,habebat,habeo,VERB
phi0959.phi006.perseus-lat1.tb.xml@247,9,:,:,PUNCT
phi0959.phi006.perseus-lat1.tb.xml@248,1,Luce,lux,NOUN
phi0959.phi006.perseus-lat1.tb.xml@248,2,sinit,sino,VERB
phi0959.phi006.perseus-lat1.tb.xml@248,3,pasci,pascor,VERB
phi0959.phi006.perseus-lat1.tb.xml@248,4,;,;,PUNCT
phi0959.phi006.perseus-lat1.tb.xml@249,1,cum,cum,SCONJ
phi0959.phi006.perseus-lat1.tb.xml@249,2,sol,sol,NOUN
phi0959.phi006.perseus-lat1.tb.xml@249,3,tellure,tellus,NOUN
phi0959.phi006.perseus-lat1.tb.xml@249,4,sub,sub,ADP
phi0959.phi006.perseus-lat1.tb.xml@249,5,alta,altus,ADJ
phi0959.phi006.perseus-lat1.tb.xml@249,6,est,sum,AUX
phi0959.phi006.perseus-lat1.tb.xml@249,7,",",",",PUNCT
phi0959.phi006.perseus-lat1.tb.xml@249,8,claudit,claudo,VERB
phi0959.phi006.perseus-lat1.tb.xml@249,9,et,et,CCONJ
phi0959.phi006.perseus-lat1.tb.xml@249,10,indigno,indignus,ADJ
phi0959.phi006.perseus-lat1.tb.xml@249,11,circumdat,circumdo,VERB
phi0959.phi006.perseus-lat1.tb.xml@249,12,vincula,vinculum,NOUN
phi0959.phi006.perseus-lat1.tb.xml@249,13,collo,collum,NOUN
phi0959.phi006.perseus-lat1.tb.xml@249,14,.,.,PUNCT
phi0959.phi006.perseus-lat1.tb.xml@250,1,frondibus,frons,NOUN
phi0959.phi006.perseus-lat1.tb.xml@250,2,arboreis,arboreus,ADJ
phi0959.phi006.perseus-lat1.tb.xml@250,3,et,et,CCONJ
phi0959.phi006.perseus-lat1.tb.xml@250,4,amara,amarus,ADJ
phi0959.phi006.perseus-lat1.tb.xml@250,5,pascitur,pascor,VERB
phi0959.phi006.perseus-lat1.tb.xml@250,6,herba,herba,NOUN
phi0959.phi006.perseus-lat1.tb.xml@250,7,",",",",PUNCT
phi0959.phi006.perseus-lat1.tb.xml@250,8-9,proque,_,_
phi0959.phi006.perseus-lat1.tb.xml@250,8,pro,pro,ADP
phi0959.phi006.perseus-lat1.tb.xml@250,9,que,que,CCONJ
phi0959.phi006.perseus-lat1.tb.xml@250,10,toro,torus,NOUN
phi0959.phi006.perseus-lat1.tb.xml@250,11,terrae,terra,NOUN
phi0959.phi006.perseus-lat1.tb.xml@250,12,non,non,PART
phi0959.phi006.perseus-lat1.tb.xml@250,13,semper,semper,ADV
phi0959.phi006.perseus-lat1.tb.xml@250,14,gramen,gramen,NOUN
phi0959.phi006.perseus-lat1.tb.xml@250,15,habenti,habeo,VERB
phi0959.phi006.perseus-lat1.tb.xml@250,16,incubat,incubo,VERB
phi0959.phi006.perseus-lat1.tb.xml@250,17,infelix,infelix,ADJ
phi0959.phi006.perseus-lat1.tb.xml@250,18-19,limosaque,_,_
phi0959.phi006.perseus-lat1.tb.xml@250,18,limosa,limosus,ADJ
phi0959.phi006.perseus-lat1.tb.xml@250,19,que,que,CCONJ
phi0959.phi006.perseus-lat1.tb.xml@250,20,flumina,flumen,NOUN
phi0959.phi006.perseus-lat1.tb.xml@250,21,potat,poto,VERB
phi0959.phi006.perseus-lat1.tb.xml@250,22,.,.,PUNCT
phi0959.phi006.perseus-lat1.tb.xml@252,1,Venit,venio,VERB
phi0959.phi006.perseus-lat1.tb.xml@252,2,et,et,CCONJ
phi0959.phi006.perseus-lat1.tb.xml@252,3,ad,ad,ADP
phi0959.phi006.perseus-lat1.tb.xml@252,4,ripas,ripa,NOUN
phi0959.phi006.perseus-lat1.tb.xml@252,5,",",",",PUNCT
phi0959.phi006.perseus-lat1.tb.xml@252,6,ubi,ubi,ADV
phi0959.phi006.perseus-lat1.tb.xml@252,7,ludere,ludo,VERB
phi0959.phi006.perseus-lat1.tb.xml@252,8,saepe,saepe,ADV
phi0959.phi006.perseus-lat1.tb.xml@252,9,solebat,soleo,VERB
phi0959.phi006.perseus-lat1.tb.xml@252,10,",",",",PUNCT
phi0959.phi006.perseus-lat1.tb.xml@252,11,Inachidas,Inachis,ADJ
phi0959.phi006.perseus-lat1.tb.xml@252,12,ripas,ripa,NOUN
phi0959.phi006.perseus-lat1.tb.xml@252,13,;,;,PUNCT
phi0959.phi006.perseus-lat1.tb.xml@253,1-2,novaque,_,_
phi0959.phi006.perseus-lat1.tb.xml@253,1,nova,novus,ADJ
phi0959.phi006.perseus-lat1.tb.xml@253,2,que,que,CCONJ
phi0959.phi006.perseus-lat1.tb.xml@253,3,ut,ut,SCONJ
phi0959.phi006.perseus-lat1.tb.xml@253,4,conspexit,conspicio,VERB
phi0959.phi006.perseus-lat1.tb.xml@253,5,in,in,ADP
phi0959.phi006.perseus-lat1.tb.xml@253,6,unda,unda,NOUN
phi0959.phi006.perseus-lat1.tb.xml@253,7,cornua,cornu,NOUN
phi0959.phi006.perseus-lat1.tb.xml@253,8,",",",",PUNCT
phi0959.phi006.perseus-lat1.tb.xml@253,9,pertimuit,pertimesco,VERB
phi0959.phi006.perseus-lat1.tb.xml@253,10-11,seque,_,_
phi0959.phi006.perseus-lat1.tb.xml@253,10,se,sui,PRON
phi0959.phi006.perseus-lat1.tb.xml@253,11,que,que,CCONJ
phi0959.phi006.perseus-lat1.tb.xml@253,12,exsternata,exsterno,VERB
phi0959.phi006.perseus-lat1.tb.xml@253,13,refugit,refugio,VERB
phi0959.phi006.perseus-lat1.tb.xml@253,14,.,.,PUNCT
phi0959.phi006.perseus-lat1.tb.xml@255,1,at,at,CCONJ
phi0959.phi006.perseus-lat1.tb.xml@255,2,illa,ille,DET
phi0959.phi006.perseus-lat1.tb.xml@255,3,patrem,pater,NOUN
phi0959.phi006.perseus-lat1.tb.xml@255,4,sequitur,sequor,VERB
phi0959.phi006.perseus-lat1.tb.xml@255,5-6,sequiturque,_,_
phi0959.phi006.perseus-lat1.tb.xml@255,5,sequitur,sequor,VERB
phi0959.phi006.perseus-lat1.tb.xml@255,6,que,que,CCONJ
phi0959.phi006.perseus-lat1.tb.xml@255,7,sorores,soror,NOUN
phi0959.phi006.perseus-lat1.tb.xml@255,8,et,et,CCONJ
phi0959.phi006.perseus-lat1.tb.xml@255,9,patitur,patior,VERB
phi0959.phi006.perseus-lat1.tb.xml@255,10,tangi,tango,VERB
phi0959.phi006.perseus-lat1.tb.xml@255,11-12,seque,_,_
phi0959.phi006.perseus-lat1.tb.xml@255,11,se,sui,PRON
phi0959.phi006.perseus-lat1.tb.xml@255,12,que,que,CCONJ
phi0959.phi006.perseus-lat1.tb.xml@255,13,admirantibus,admiror,VERB
phi0959.phi006.perseus-lat1.tb.xml@255,14,offert,offertor,VERB
phi0959.phi006.perseus-lat1.tb.xml@255,15,.,.,PUNCT
phi0959.phi006.perseus-lat1.tb.xml@256,1,Decerptas,decerpo,VERB
phi0959.phi006.perseus-lat1.tb.xml@256,2,senior,seni,ADJ
phi0959.phi006.perseus-lat1.tb.xml@256,3,porrexerat,porrigo,VERB
phi0959.phi006.perseus-lat1.tb.xml@256,4,Inachus,Inachus,PROPN
phi0959.phi006.perseus-lat1.tb.xml@256,5,herbas,herba,NOUN
phi0959.phi006.perseus-lat1.tb.xml@256,6,:,:,PUNCT
phi0959.phi006.perseus-lat1.tb.xml@258,1,Littera,littera,NOUN
phi0959.phi006.perseus-lat1.tb.xml@258,2,pro,pro,ADP
phi0959.phi006.perseus-lat1.tb.xml@258,3,verbis,verbum,NOUN
phi0959.phi006.perseus-lat1.tb.xml@258,4,",",",",PUNCT
phi0959.phi006.perseus-lat1.tb.xml@258,5,quam,qui,PRON
phi0959.phi006.perseus-lat1.tb.xml@258,6,pes,pes,NOUN
phi0959.phi006.perseus-lat1.tb.xml@258,7,in,in,ADP
phi0959.phi006.perseus-lat1.tb.xml@258,8,pulvere,pulvis,NOUN
phi0959.phi006.perseus-lat1.tb.xml@258,9,duxit,duco,VERB
phi0959.phi006.perseus-lat1.tb.xml@258,10,",",",",PUNCT
phi0959.phi006.perseus-lat1.tb.xml@258,11,corporis,corpus,NOUN
phi0959.phi006.perseus-lat1.tb.xml@258,12,indicium,indicium,NOUN
phi0959.phi006.perseus-lat1.tb.xml@258,13,mutati,muto,VERB
phi0959.phi006.perseus-lat1.tb.xml@258,14,triste,triste,NOUN
phi0959.phi006.perseus-lat1.tb.xml@258,15,peregit,perago,VERB
phi0959.phi006.perseus-lat1.tb.xml@258,16,.,.,PUNCT
phi0959.phi006.perseus-lat1.tb.xml@261,1,ingeminat,ingemino,VERB
phi0959.phi006.perseus-lat1.tb.xml@261,2,",",",",PUNCT
phi0959.phi006.perseus-lat1.tb.xml@261,3,',',PUNCT
phi0959.phi006.perseus-lat1.tb.xml@261,4,ne,ne,ADV
phi0959.phi006.perseus-lat1.tb.xml@261,5,tu,tu,PRON
phi0959.phi006.perseus-lat1.tb.xml@261,6,es,sum,AUX
phi0959.phi006.perseus-lat1.tb.xml@261,7,quaesita,quaero,VERB
phi0959.phi006.perseus-lat1.tb.xml@261,8,per,per,ADP
phi0959.phi006.perseus-lat1.tb.xml@261,9,omnes,omnis,DET
phi0959.phi006.perseus-lat1.tb.xml@261,10,nata,nata,NOUN
phi0959.phi006.perseus-lat1.tb.xml@261,11,",",",",PUNCT
phi0959.phi006.perseus-lat1.tb.xml@261,12,mihi,ego,PRON
phi0959.phi006.perseus-lat1.tb.xml@261,13,terras,terra,NOUN
phi0959.phi006.perseus-lat1.tb.xml@261,14,?,?,PUNCT
phi0959.phi006.perseus-lat1.tb.xml@262,1,tu,tu,PRON
phi0959.phi006.perseus-lat1.tb.xml@262,2,non,non,PART
phi0959.phi006.perseus-lat1.tb.xml@262,3,inventa,invenio,VERB
phi0959.phi006.perseus-lat1.tb.xml@262,4,reperta,reperio,VERB
phi0959.phi006.perseus-lat1.tb.xml@262,5,luctus,luctus,NOUN
phi0959.phi006.perseus-lat1.tb.xml@262,6,eras,sum,AUX
phi0959.phi006.perseus-lat1.tb.xml@262,7,levior,levis,ADJ
phi0959.phi006.perseus-lat1.tb.xml@262,8,.,.,PUNCT
phi0959.phi006.perseus-lat1.tb.xml@263,1,Retices,reticeo,VERB
phi0959.phi006.perseus-lat1.tb.xml@263,2-3,nec,_,_
phi0959.phi006.perseus-lat1.tb.xml@263,2,ne,ne,ADV
phi0959.phi006.perseus-lat1.tb.xml@263,3,c,que,CCONJ
phi0959.phi006.perseus-lat1.tb.xml@263,4,mutua,mutuus,ADJ
phi0959.phi006.perseus-lat1.tb.xml@263,5,nostris,noster,DET
phi0959.phi006.perseus-lat1.tb.xml@263,6,dicta,dictum,NOUN
phi0959.phi006.perseus-lat1.tb.xml@263,7,refers,refero,VERB
phi0959.phi006.perseus-lat1.tb.xml@263,8,",",",",PUNCT
phi0959.phi006.perseus-lat1.tb.xml@263,9,alto,altus,ADJ
phi0959.phi006.perseus-lat1.tb.xml@263,10,tantum,tantus,ADV
phi0959.phi006.perseus-lat1.tb.xml@263,11,suspiria,suspirium,NOUN
phi0959.phi006.perseus-lat1.tb.xml@263,12,ducis,duco,VERB
phi0959.phi006.perseus-lat1.tb.xml@263,13,pectore,pectus,NOUN
phi0959.phi006.perseus-lat1.tb.xml@263,14,",",",",PUNCT
phi0959.phi006.perseus-lat1.tb.xml@263,15,quodque,quisque,DET
phi0959.phi006.perseus-lat1.tb.xml@263,16,unum,unus,ADJ
phi0959.phi006.perseus-lat1.tb.xml@263,17,potes,poto,VERB
phi0959.phi006.perseus-lat1.tb.xml@263,18,",",",",PUNCT
phi0959.phi006.perseus-lat1.tb.xml@263,19,ad,ad,ADP
phi0959.phi006.perseus-lat1.tb.xml@263,20,mea,meus,DET
phi0959.phi006.perseus-lat1.tb.xml@263,21,verba,verbum,NOUN
phi0959.phi006.perseus-lat1.tb.xml@263,22,remugis,remugio,VERB
phi0959.phi006.perseus-lat1.tb.xml@263,23,.,.,PUNCT
phi0959.phi006.perseus-lat1.tb.xml@267,1,Talia,talis,DET
phi0959.phi006.perseus-lat1.tb.xml@267,2,maerentem,maereo,VERB
phi0959.phi006.perseus-lat1.tb.xml@267,3,stellatus,stellatus,ADJ
phi0959.phi006.perseus-lat1.tb.xml@267,4,submovet,submoveo,VERB
phi0959.phi006.perseus-lat1.tb.xml@267,5,Argus,Argus,PROPN
phi0959.phi006.perseus-lat1.tb.xml@267,6-7,ereptamque,_,_
phi0959.phi006.perseus-lat1.tb.xml@267,6,ereptam,eripio,VERB
phi0959.phi006.perseus-lat1.tb.xml@267,7,que,que,CCONJ
phi0959.phi006.perseus-lat1.tb.xml@267,8,patri,pater,NOUN
phi0959.phi006.perseus-lat1.tb.xml@267,9,diversa,diverto,VERB
phi0959.phi006.perseus-lat1.tb.xml@267,10,in,in,ADP
phi0959.phi006.perseus-lat1.tb.xml@267,11,pascua,pascua,NOUN
phi0959.phi006.perseus-lat1.tb.xml@267,12,natam,nata,NOUN
phi0959.phi006.perseus-lat1.tb.xml@267,13,abstrahit,abstraho,VERB
phi0959.phi006.perseus-lat1.tb.xml@267,14,.,.,PUNCT
phi0959.phi006.perseus-lat1.tb.xml@268,1,Ipse,ipse,DET
phi0959.phi006.perseus-lat1.tb.xml@268,2,procul,procul,ADV
phi0959.phi006.perseus-lat1.tb.xml@268,3,montis,mons,NOUN
phi0959.phi006.perseus-lat1.tb.xml@268,4,sublime,sublimis,ADJ
phi0959.phi006.perseus-lat1.tb.xml@268,5,cacumen,cacumen,NOUN
phi0959.phi006.perseus-lat1.tb.xml@268,6,occupat,occupo,VERB
phi0959.phi006.perseus-lat1.tb.xml@268,7,",",",",PUNCT
phi0959.phi006.perseus-lat1.tb.xml@268,8,unde,unde,ADV
phi0959.phi006.perseus-lat1.tb.xml@268,9,sedens,sedeo,VERB
phi0959.phi006.perseus-lat1.tb.xml@268,10,partes,pars,NOUN
phi0959.phi006.perseus-lat1.tb.xml@268,11,speculatur,speculor,VERB
phi0959.phi006.perseus-lat1.tb.xml@268,12,in,in,ADP
phi0959.phi006.perseus-lat1.tb.xml@268,13,omnes,omnis,DET
phi0959.phi006.perseus-lat1.tb.xml@268,14,.,.,PUNCT
phi0959.phi006.perseus-lat1.tb.xml@271,1,Haec,hic,DET
phi0959.phi006.perseus-lat1.tb.xml@271,2,ubi,ubi,SCONJ
phi0959.phi006.perseus-lat1.tb.xml@271,3,disposuit,dispono,VERB
phi0959.phi006.perseus-lat1.tb.xml@271,4,",",",",PUNCT
phi0959.phi006.perseus-lat1.tb.xml@271,5,patria,patrius,ADJ
phi0959.phi006.perseus-lat1.tb.xml@271,6,Iove,Iuppiter,PROPN
phi0959.phi006.perseus-lat1.tb.xml@271,7,natus,nascor,NOUN
phi0959.phi006.perseus-lat1.tb.xml@271,8,ab,ab,ADP
phi0959.phi006.perseus-lat1.tb.xml@271,9,arce,arx,NOUN
phi0959.phi006.perseus-lat1.tb.xml@271,10,desilit,desilo,VERB
phi0959.phi006.perseus-lat1.tb.xml@271,11,in,in,ADP
phi0959.phi006.perseus-lat1.tb.xml@271,12,terras,terra,NOUN
phi0959.phi006.perseus-lat1.tb.xml@271,13,.,.,PUNCT
phi0959.phi006.perseus-lat1.tb.xml@273,1,Hac,hic,DET
phi0959.phi006.perseus-lat1.tb.xml@273,2,agit,ago,VERB
phi0959.phi006.perseus-lat1.tb.xml@273,3,",",",",PUNCT
phi0959.phi006.perseus-lat1.tb.xml@273,4,ut,ut,SCONJ
phi0959.phi006.perseus-lat1.tb.xml@273,5,pastor,pastor,NOUN
phi0959.phi006.perseus-lat1.tb.xml@273,6,",",",",PUNCT
phi0959.phi006.perseus-lat1.tb.xml@273,7,per,per,ADP
phi0959.phi006.perseus-lat1.tb.xml@273,8,devia,devius,ADJ
phi0959.phi006.perseus-lat1.tb.xml@273,9,rura,rus,NOUN
phi0959.phi006.perseus-lat1.tb.xml@273,10,capellas,capella,NOUN
phi0959.phi006.perseus-lat1.tb.xml@273,11,",",",",PUNCT
phi0959.phi006.perseus-lat1.tb.xml@273,12,dum,dum,SCONJ
phi0959.phi006.perseus-lat1.tb.xml@273,13,venit,venio,VERB
phi0959.phi006.perseus-lat1.tb.xml@273,14,",",",",PUNCT
phi0959.phi006.perseus-lat1.tb.xml@273,15,adductas,adduco,VERB
phi0959.phi006.perseus-lat1.tb.xml@273,16,et,et,CCONJ
phi0959.phi006.perseus-lat1.tb.xml@273,17,structis,struo,VERB
phi0959.phi006.perseus-lat1.tb.xml@273,18,cantat,canto,VERB
phi0959.phi006.perseus-lat1.tb.xml@273,19,avenis,avena,NOUN
phi0959.phi006.perseus-lat1.tb.xml@273,20,.,.,PUNCT
phi0959.phi006.perseus-lat1.tb.xml@275,1,Sedit,sedeo,VERB
phi0959.phi006.perseus-lat1.tb.xml@275,2,Atlantiades,Atlantiades,PROPN
phi0959.phi006.perseus-lat1.tb.xml@275,3,et,et,CCONJ
phi0959.phi006.perseus-lat1.tb.xml@275,4,euntem,eo,VERB
phi0959.phi006.perseus-lat1.tb.xml@275,5,multa,multa,NOUN
phi0959.phi006.perseus-lat1.tb.xml@275,6,loquendo,loquor,VERB
phi0959.phi006.perseus-lat1.tb.xml@275,7,detinuit,detineo,VERB
phi0959.phi006.perseus-lat1.tb.xml@275,8,sermone,sermo,NOUN
phi0959.phi006.perseus-lat1.tb.xml@275,9,diem,dies,NOUN
phi0959.phi006.perseus-lat1.tb.xml@275,10-11,iunctisque,_,_
phi0959.phi006.perseus-lat1.tb.xml@275,10,iunctis,iunctus,ADJ
phi0959.phi006.perseus-lat1.tb.xml@275,11,que,que,CCONJ
phi0959.phi006.perseus-lat1.tb.xml@275,12,canendo,cano,VERB
phi0959.phi006.perseus-lat1.tb.xml@275,13,vincere,vinco,VERB
phi0959.phi006.perseus-lat1.tb.xml@275,14,harundinibus,harundo,NOUN
phi0959.phi006.perseus-lat1.tb.xml@275,15,servantia,servo,VERB
phi0959.phi006.perseus-lat1.tb.xml@275,16,lumina,lumen,NOUN
phi0959.phi006.perseus-lat1.tb.xml@275,17,temptat,tento,VERB
phi0959.phi006.perseus-lat1.tb.xml@275,18,.,.,PUNCT
phi0959.phi006.perseus-lat1.tb.xml@279,1,nymphae,nympha,NOUN
phi0959.phi006.perseus-lat1.tb.xml@279,2,Syringa,Syrinx,PROPN
phi0959.phi006.perseus-lat1.tb.xml@279,3,vocabant,voco,VERB
phi0959.phi006.perseus-lat1.tb.xml@279,4,.,.,PUNCT
phi0959.phi006.perseus-lat1.tb.xml@280,1,Non,non,PART
phi0959.phi006.perseus-lat1.tb.xml@280,2,semel,semel,ADV
phi0959.phi006.perseus-lat1.tb.xml@280,3,et,et,CCONJ
phi0959.phi006.perseus-lat1.tb.xml@280,4,satyros,satyrus,NOUN
phi0959.phi006.perseus-lat1.tb.xml@280,5,eluserat,eludo,VERB
phi0959.phi006.perseus-lat1.tb.xml@280,6,illa,ille,DET
phi0959.phi006.perseus-lat1.tb.xml@280,7,sequentes,sequor,VERB
phi0959.phi006.perseus-lat1.tb.xml@280,8,et,et,CCONJ
phi0959.phi006.perseus-lat1.tb.xml@280,9,quoscumque,quicumque,DET
phi0959.phi006.perseus-lat1.tb.xml@280,10,deos,deus,NOUN
phi0959.phi006.perseus-lat1.tb.xml@280,11-12,umbrosaque,_,_
phi0959.phi006.perseus-lat1.tb.xml@280,11,umbrosa,umbrosus,ADJ
phi0959.phi006.perseus-lat1.tb.xml@280,12,que,que,CCONJ
phi0959.phi006.perseus-lat1.tb.xml@280,13,silva,silva,NOUN
phi0959.phi006.perseus-lat1.tb.xml@280,14-15,feraxque,_,_
phi0959.phi006.perseus-lat1.tb.xml@280,14,ferax,ferax,ADJ
phi0959.phi006.perseus-lat1.tb.xml@280,15,que,que,CCONJ
phi0959.phi006.perseus-lat1.tb.xml@280,16,rus,rus,NOUN
phi0959.phi006.perseus-lat1.tb.xml@280,17,habet,habeo,VERB
phi0959.phi006.perseus-lat1.tb.xml@280,18,.,.,PUNCT
phi0959.phi006.perseus-lat1.tb.xml@281,1,Ortygiam,Ortygia,ADJ
phi0959.phi006.perseus-lat1.tb.xml@281,2,studiis,studium,NOUN
phi0959.phi006.perseus-lat1.tb.xml@281,3-4,ipsaque,_,_
phi0959.phi006.perseus-lat1.tb.xml@281,3,ipsa,ipse,DET
phi0959.phi006.perseus-lat1.tb.xml@281,4,que,que,CCONJ
phi0959.phi006.perseus-lat1.tb.xml@281,5,colebat,colo,VERB
phi0959.phi006.perseus-lat1.tb.xml@281,6,virginitate,virginitas,NOUN
phi0959.phi006.perseus-lat1.tb.xml@281,7,deam,dea,NOUN
phi0959.phi006.perseus-lat1.tb.xml@281,8,.,.,PUNCT
phi0959.phi006.perseus-lat1.tb.xml@283,1,Sic,sic,ADV
phi0959.phi006.perseus-lat1.tb.xml@283,2,quoque,quoque,PART
phi0959.phi006.perseus-lat1.tb.xml@283,3,fallebat,fallo,VERB
phi0959.phi006.perseus-lat1.tb.xml@283,4,.,.,PUNCT
phi0959.phi006.perseus-lat1.tb.xml@285,1,Hic,hic,ADV
phi0959.phi006.perseus-lat1.tb.xml@285,2,illam,ille,DET
phi0959.phi006.perseus-lat1.tb.xml@285,3,cursum,cursus,NOUN
phi0959.phi006.perseus-lat1.tb.xml@285,4,inpedientibus,impedio,VERB
phi0959.phi006.perseus-lat1.tb.xml@285,5,undis,unda,NOUN
phi0959.phi006.perseus-lat1.tb.xml@285,6,",",",",PUNCT
phi0959.phi006.perseus-lat1.tb.xml@285,7,ut,ut,ADV
phi0959.phi006.perseus-lat1.tb.xml@285,8,se,sui,PRON
phi0959.phi006.perseus-lat1.tb.xml@285,9,mutarent,muto,VERB
phi0959.phi006.perseus-lat1.tb.xml@285,10,liquidas,liquidus,ADJ
phi0959.phi006.perseus-lat1.tb.xml@285,11,orasse,oro,VERB
phi0959.phi006.perseus-lat1.tb.xml@285,12,sorores,soror,NOUN
phi0959.phi006.perseus-lat1.tb.xml@285,13,",",",",PUNCT
phi0959.phi006.perseus-lat1.tb.xml@285,14,Panaque,pan,NOUN
phi0959.phi006.perseus-lat1.tb.xml@285,15,",",",",PUNCT
phi0959.phi006.perseus-lat1.tb.xml@285,16,cum,cum,SCONJ
phi0959.phi006.perseus-lat1.tb.xml@285,17,prensam,prendo,VERB
phi0959.phi006.perseus-lat1.tb.xml@285,18,sibi,sui,PRON
phi0959.phi006.perseus-lat1.tb.xml@285,19,iam,iam,ADV
phi0959.phi006.perseus-lat1.tb.xml@285,20,Syringa,Syrinx,PROPN
phi0959.phi006.perseus-lat1.tb.xml@285,21,putaret,puto,VERB
phi0959.phi006.perseus-lat1.tb.xml@285,22,",",",",PUNCT
phi0959.phi006.perseus-lat1.tb.xml@285,23,corpore,corpus,NOUN
phi0959.phi006.perseus-lat1.tb.xml@285,24,pro,pro,ADP
phi0959.phi006.perseus-lat1.tb.xml@285,25,nymphae,nympha,NOUN
phi0959.phi006.perseus-lat1.tb.xml@285,26,calamos,calamus,NOUN
phi0959.phi006.perseus-lat1.tb.xml@285,27,tenuisse,teneo,VERB
phi0959.phi006.perseus-lat1.tb.xml@285,28,palustres,paluster,ADJ
phi0959.phi006.perseus-lat1.tb.xml@285,29,.,.,PUNCT
phi0959.phi006.perseus-lat1.tb.xml@286,1-2,Dumque,_,_
phi0959.phi006.perseus-lat1.tb.xml@286,1,Dum,dum,SCONJ
phi0959.phi006.perseus-lat1.tb.xml@286,2,que,que,CCONJ
phi0959.phi006.perseus-lat1.tb.xml@286,3,ibi,ibi,ADV
phi0959.phi006.perseus-lat1.tb.xml@286,4,suspirat,suspiro,VERB
phi0959.phi006.perseus-lat1.tb.xml@286,5,",",",",PUNCT
phi0959.phi006.perseus-lat1.tb.xml@286,6,motos,moveo,VERB
phi0959.phi006.perseus-lat1.tb.xml@286,7,in,in,ADP
phi0959.phi006.perseus-lat1.tb.xml@286,8,harundine,harundo,NOUN
phi0959.phi006.perseus-lat1.tb.xml@286,9,ventos,ventus,NOUN
phi0959.phi006.perseus-lat1.tb.xml@286,10,effecisse,efficio,VERB
phi0959.phi006.perseus-lat1.tb.xml@286,11,sonum,sonus,NOUN
phi0959.phi006.perseus-lat1.tb.xml@286,12,tenuem,tenuis,ADJ
phi0959.phi006.perseus-lat1.tb.xml@286,13-14,similemque,_,_
phi0959.phi006.perseus-lat1.tb.xml@286,13,similem,similis,ADJ
phi0959.phi006.perseus-lat1.tb.xml@286,14,que,que,CCONJ
phi0959.phi006.perseus-lat1.tb.xml@286,15,querenti,queror,VERB
phi0959.phi006.perseus-lat1.tb.xml@286,16,.,.,PUNCT
phi0959.phi006.perseus-lat1.tb.xml@288,1,atque,atque,CCONJ
phi0959.phi006.perseus-lat1.tb.xml@288,2,ita,ita,ADV
phi0959.phi006.perseus-lat1.tb.xml@288,3,disparibus,dispar,ADJ
phi0959.phi006.perseus-lat1.tb.xml@288,4,calamis,calamus,NOUN
phi0959.phi006.perseus-lat1.tb.xml@288,5,conpagine,compago,NOUN
phi0959.phi006.perseus-lat1.tb.xml@288,6,cerae,cera,NOUN
phi0959.phi006.perseus-lat1.tb.xml@288,7,inter,inter,ADP
phi0959.phi006.perseus-lat1.tb.xml@288,8,se,sui,PRON
phi0959.phi006.perseus-lat1.tb.xml@288,9,iunctis,iungo,VERB
phi0959.phi006.perseus-lat1.tb.xml@288,10,nomen,nomen,NOUN
phi0959.phi006.perseus-lat1.tb.xml@288,11,tenuisse,teneo,VERB
phi0959.phi006.perseus-lat1.tb.xml@288,12,puellae,puella,NOUN
phi0959.phi006.perseus-lat1.tb.xml@288,13,.,.,PUNCT
phi0959.phi006.perseus-lat1.tb.xml@289,1,Talia,talis,DET
phi0959.phi006.perseus-lat1.tb.xml@289,2,dicturus,dico,VERB
phi0959.phi006.perseus-lat1.tb.xml@289,3,vidit,video,VERB
phi0959.phi006.perseus-lat1.tb.xml@289,4,Cyllenius,Cyllenius,PROPN
phi0959.phi006.perseus-lat1.tb.xml@289,5,omnes,omnis,DET
phi0959.phi006.perseus-lat1.tb.xml@289,6,succubuisse,succumbo,VERB
phi0959.phi006.perseus-lat1.tb.xml@289,7,oculos,oculus,NOUN
phi0959.phi006.perseus-lat1.tb.xml@289,8-9,adopertaque,_,_
phi0959.phi006.perseus-lat1.tb.xml@289,8,adoperta,adoperio,VERB
phi0959.phi006.perseus-lat1.tb.xml@289,9,que,que,CCONJ
phi0959.phi006.perseus-lat1.tb.xml@289,10,lumina,lumen,NOUN
phi0959.phi006.perseus-lat1.tb.xml@289,11,somno,somnus,NOUN
phi0959.phi006.perseus-lat1.tb.xml@289,12,.,.,PUNCT
phi0959.phi006.perseus-lat1.tb.xml@290,1,Supprimit,supprimo,VERB
phi0959.phi006.perseus-lat1.tb.xml@290,2,extemplo,extemplo,ADV
phi0959.phi006.perseus-lat1.tb.xml@290,3,vocem,vox,NOUN
phi0959.phi006.perseus-lat1.tb.xml@290,4-5,firmatque,_,_
phi0959.phi006.perseus-lat1.tb.xml@290,4,firmat,firmo,VERB
phi0959.phi006.perseus-lat1.tb.xml@290,5,que,que,CCONJ
phi0959.phi006.perseus-lat1.tb.xml@290,6,soporem,sopor,NOUN
phi0959.phi006.perseus-lat1.tb.xml@290,7,languida,languidus,ADJ
phi0959.phi006.perseus-lat1.tb.xml@290,8,permulcens,permulceo,VERB
phi0959.phi006.perseus-lat1.tb.xml@290,9,medicata,medicor,VERB
phi0959.phi006.perseus-lat1.tb.xml@290,10,lumina,lumen,NOUN
phi0959.phi006.perseus-lat1.tb.xml@290,11,virga,virga,NOUN
phi0959.phi006.perseus-lat1.tb.xml@290,12,.,.,PUNCT
phi0959.phi006.perseus-lat1.tb.xml@293,1,Excipit,excipio,VERB
phi0959.phi006.perseus-lat1.tb.xml@293,2,hos,hic,DET
phi0959.phi006.perseus-lat1.tb.xml@293,3-4,volucrisque,_,_
phi0959.phi006.perseus-lat1.tb.xml@293,3,volucris,volucris,NOUN
phi0959.phi006.perseus-lat1.tb.xml@293,4,que,que,CCONJ
phi0959.phi006.perseus-lat1.tb.xml@293,5,suae,suus,DET
phi0959.phi006.perseus-lat1.tb.xml@293,6,Saturnia,Saturnia,PROPN
phi0959.phi006.perseus-lat1.tb.xml@293,7,pennis,penna,NOUN
phi0959.phi006.perseus-lat1.tb.xml@293,8,collocat,colloco,VERB
phi0959.phi006.perseus-lat1.tb.xml@293,9,et,et,CCONJ
phi0959.phi006.perseus-lat1.tb.xml@293,10,gemmis,gemma,NOUN
phi0959.phi006.perseus-lat1.tb.xml@293,11,caudam,cauda,NOUN
phi0959.phi006.perseus-lat1.tb.xml@293,12,stellantibus,stello,VERB
phi0959.phi006.perseus-lat1.tb.xml@293,13,inplet,inpleo,VERB
phi0959.phi006.perseus-lat1.tb.xml@293,14,.,.,PUNCT
phi0959.phi006.perseus-lat1.tb.xml@294,1,Protinus,protinus,ADV
phi0959.phi006.perseus-lat1.tb.xml@294,2,exarsit,exardeo,VERB
phi0959.phi006.perseus-lat1.tb.xml@294,3-4,nec,_,_
phi0959.phi006.perseus-lat1.tb.xml@294,3,ne,ne,ADV
phi0959.phi006.perseus-lat1.tb.xml@294,4,c,que,CCONJ
phi0959.phi006.perseus-lat1.tb.xml@294,5,tempora,tempus,NOUN
phi0959.phi006.perseus-lat1.tb.xml@294,6,distulit,differo,VERB
phi0959.phi006.perseus-lat1.tb.xml@294,7,irae,ira,NOUN
phi0959.phi006.perseus-lat1.tb.xml@294,8-9,horriferamque,_,_
phi0959.phi006.perseus-lat1.tb.xml@294,8,horriferam,horrifer,ADJ
phi0959.phi006.perseus-lat1.tb.xml@294,9,que,que,CCONJ
phi0959.phi006.perseus-lat1.tb.xml@294,10,oculis,oculus,NOUN
phi0959.phi006.perseus-lat1.tb.xml@294,11-12,animoque,_,_
phi0959.phi006.perseus-lat1.tb.xml@294,11,animo,animus,NOUN
phi0959.phi006.perseus-lat1.tb.xml@294,12,que,que,CCONJ
phi0959.phi006.perseus-lat1.tb.xml@294,13,obiecit,obiacio,VERB
phi0959.phi006.perseus-lat1.tb.xml@294,14,Erinyn,Erinys,PROPN
phi0959.phi006.perseus-lat1.tb.xml@294,15,paelicis,paelicis,NOUN
phi0959.phi006.perseus-lat1.tb.xml@294,16,Argolicae,Argolicus,ADJ
phi0959.phi006.perseus-lat1.tb.xml@294,17-18,stimulosque,_,_
phi0959.phi006.perseus-lat1.tb.xml@294,17,stimulos,stimulus,NOUN
phi0959.phi006.perseus-lat1.tb.xml@294,18,que,que,CCONJ
phi0959.phi006.perseus-lat1.tb.xml@294,19,in,in,ADP
phi0959.phi006.perseus-lat1.tb.xml@294,20,pectore,pectus,NOUN
phi0959.phi006.perseus-lat1.tb.xml@294,21,caecos,caecus,ADJ
phi0959.phi006.perseus-lat1.tb.xml@294,22,condidit,condo,VERB
phi0959.phi006.perseus-lat1.tb.xml@294,23,et,et,CCONJ
phi0959.phi006.perseus-lat1.tb.xml@294,24,profugam,profugus,ADJ
phi0959.phi006.perseus-lat1.tb.xml@294,25,per,per,ADP
phi0959.phi006.perseus-lat1.tb.xml@294,26,totum,totus,DET
phi0959.phi006.perseus-lat1.tb.xml@294,27,terruit,terreo,VERB
phi0959.phi006.perseus-lat1.tb.xml@294,28,orbem,orbis,NOUN
phi0959.phi006.perseus-lat1.tb.xml@294,29,.,.,PUNCT
phi0959.phi006.perseus-lat1.tb.xml@295,1,Ultimus,ulter,ADJ
phi0959.phi006.perseus-lat1.tb.xml@295,2,inmenso,immensus,ADJ
phi0959.phi006.perseus-lat1.tb.xml@295,3,restabas,resto,VERB
phi0959.phi006.perseus-lat1.tb.xml@295,4,",",",",PUNCT
phi0959.phi006.perseus-lat1.tb.xml@295,5,Nile,Nilus,PROPN
phi0959.phi006.perseus-lat1.tb.xml@295,6,",",",",PUNCT
phi0959.phi006.perseus-lat1.tb.xml@295,7,labori,labor,NOUN
phi0959.phi006.perseus-lat1.tb.xml@295,8,.,.,PUNCT
phi0959.phi006.perseus-lat1.tb.xml@296,1,Quem,quis,PRON
phi0959.phi006.perseus-lat1.tb.xml@296,2,simul,simul,ADV
phi0959.phi006.perseus-lat1.tb.xml@296,3,ac,atque,CCONJ
phi0959.phi006.perseus-lat1.tb.xml@296,4,tetigit,tango,VERB
phi0959.phi006.perseus-lat1.tb.xml@296,5,",",",",PUNCT
phi0959.phi006.perseus-lat1.tb.xml@296,6,positis,pono,VERB
phi0959.phi006.perseus-lat1.tb.xml@296,7,in,in,ADP
phi0959.phi006.perseus-lat1.tb.xml@296,8,margine,margo,NOUN
phi0959.phi006.perseus-lat1.tb.xml@296,9,ripae,ripa,NOUN
phi0959.phi006.perseus-lat1.tb.xml@296,10,procubuit,procumbo,VERB
phi0959.phi006.perseus-lat1.tb.xml@296,11,genibus,genu,NOUN
phi0959.phi006.perseus-lat1.tb.xml@296,12-13,resupinoque,_,_
phi0959.phi006.perseus-lat1.tb.xml@296,12,resupino,resupinus,ADJ
phi0959.phi006.perseus-lat1.tb.xml@296,13,que,que,CCONJ
phi0959.phi006.perseus-lat1.tb.xml@296,14,ardua,arduus,ADJ
phi0959.phi006.perseus-lat1.tb.xml@296,15,collo,collum,NOUN
phi0959.phi006.perseus-lat1.tb.xml@296,16,",",",",PUNCT
phi0959.phi006.perseus-lat1.tb.xml@296,17,quos,qui,PRON
phi0959.phi006.perseus-lat1.tb.xml@296,18,potuit,possum,VERB
phi0959.phi006.perseus-lat1.tb.xml@296,19,solos,solus,DET
phi0959.phi006.perseus-lat1.tb.xml@296,20,",",",",PUNCT
phi0959.phi006.perseus-lat1.tb.xml@296,21,tollens,tollo,VERB
phi0959.phi006.perseus-lat1.tb.xml@296,22,ad,ad,ADP
phi0959.phi006.perseus-lat1.tb.xml@296,23,sidera,sidus,NOUN
phi0959.phi006.perseus-lat1.tb.xml@296,24,vultus,vultus,NOUN
phi0959.phi006.perseus-lat1.tb.xml@296,25,et,et,CCONJ
phi0959.phi006.perseus-lat1.tb.xml@296,26,gemitu,gemitus,NOUN
phi0959.phi006.perseus-lat1.tb.xml@296,27,et,et,CCONJ
phi0959.phi006.perseus-lat1.tb.xml@296,28,lacrimis,lacrima,NOUN
phi0959.phi006.perseus-lat1.tb.xml@296,29,et,et,CCONJ
phi0959.phi006.perseus-lat1.tb.xml@296,30,luctisono,luctisonus,ADJ
phi0959.phi006.perseus-lat1.tb.xml@296,31,mugitu,mugitus,NOUN
phi0959.phi006.perseus-lat1.tb.xml@296,32,cum,cum,ADP
phi0959.phi006.perseus-lat1.tb.xml@296,33,Iove,Iuppiter,PROPN
phi0959.phi006.perseus-lat1.tb.xml@296,34,visa,video,VERB
phi0959.phi006.perseus-lat1.tb.xml@296,35,queri,queror,VERB
phi0959.phi006.perseus-lat1.tb.xml@296,36-37,finemque,_,_
phi0959.phi006.perseus-lat1.tb.xml@296,36,finem,finis,NOUN
phi0959.phi006.perseus-lat1.tb.xml@296,37,que,que,CCONJ
phi0959.phi006.perseus-lat1.tb.xml@296,38,orare,oro,VERB
phi0959.phi006.perseus-lat1.tb.xml@296,39,malorum,malum,NOUN
phi0959.phi006.perseus-lat1.tb.xml@296,40,.,.,PUNCT
phi0959.phi006.perseus-lat1.tb.xml@297,1,Coniugis,coniunx,NOUN
phi0959.phi006.perseus-lat1.tb.xml@297,2,ille,ille,DET
phi0959.phi006.perseus-lat1.tb.xml@297,3,suae,suus,DET
phi0959.phi006.perseus-lat1.tb.xml@297,4,conplexus,complector,VERB
phi0959.phi006.perseus-lat1.tb.xml@297,5,colla,collum,NOUN
phi0959.phi006.perseus-lat1.tb.xml@297,6,lacertis,lacerta,NOUN
phi0959.phi006.perseus-lat1.tb.xml@297,7,",",",",PUNCT
phi0959.phi006.perseus-lat1.tb.xml@297,8,finiat,finio,VERB
phi0959.phi006.perseus-lat1.tb.xml@297,9,ut,ut,SCONJ
phi0959.phi006.perseus-lat1.tb.xml@297,10,poenas,poena,NOUN
phi0959.phi006.perseus-lat1.tb.xml@297,11,tandem,tandem,ADV
phi0959.phi006.perseus-lat1.tb.xml@297,12,",",",",PUNCT
phi0959.phi006.perseus-lat1.tb.xml@297,13,rogat,rogo,VERB
phi0959.phi006.perseus-lat1.tb.xml@297,14,',',PUNCT
phi0959.phi006.perseus-lat1.tb.xml@297,15,in,in,ADP
phi0959.phi006.perseus-lat1.tb.xml@297,16,',',PUNCT
phi0959.phi006.perseus-lat1.tb.xml@297,17,que,que,CCONJ
phi0959.phi006.perseus-lat1.tb.xml@297,18,',',PUNCT
phi0959.phi006.perseus-lat1.tb.xml@297,19,futurum,futurus,ADJ
phi0959.phi006.perseus-lat1.tb.xml@297,20,pone,pono,VERB
phi0959.phi006.perseus-lat1.tb.xml@297,21,metus,metus,NOUN
phi0959.phi006.perseus-lat1.tb.xml@297,22,',',PUNCT
phi0959.phi006.perseus-lat1.tb.xml@297,23,inquit,inquam,VERB
phi0959.phi006.perseus-lat1.tb.xml@297,24,;,;,PUNCT
phi0959.phi006.perseus-lat1.tb.xml@299,1,et,et,CCONJ
phi0959.phi006.perseus-lat1.tb.xml@299,2,Stygias,Stygius,ADJ
phi0959.phi006.perseus-lat1.tb.xml@299,3,iubet,iubeo,VERB
phi0959.phi006.perseus-lat1.tb.xml@299,4,hoc,hic,DET
phi0959.phi006.perseus-lat1.tb.xml@299,5,audire,audio,VERB
phi0959.phi006.perseus-lat1.tb.xml@299,6,paludes,palus,NOUN
phi0959.phi006.perseus-lat1.tb.xml@299,7,.,.,PUNCT
phi0959.phi006.perseus-lat1.tb.xml@301,1,fugiunt,fugio,VERB
phi0959.phi006.perseus-lat1.tb.xml@301,2,e,ex,ADP
phi0959.phi006.perseus-lat1.tb.xml@301,3,corpore,corpus,NOUN
phi0959.phi006.perseus-lat1.tb.xml@301,4,saetae,saeta,NOUN
phi0959.phi006.perseus-lat1.tb.xml@301,5,",",",",PUNCT
phi0959.phi006.perseus-lat1.tb.xml@301,6,cornua,cornu,NOUN
phi0959.phi006.perseus-lat1.tb.xml@301,7,decrescunt,decresco,VERB
phi0959.phi006.perseus-lat1.tb.xml@301,8,",",",",PUNCT
phi0959.phi006.perseus-lat1.tb.xml@301,9,fit,fio,VERB
phi0959.phi006.perseus-lat1.tb.xml@301,10,luminis,lumen,NOUN
phi0959.phi006.perseus-lat1.tb.xml@301,11,artior,artus,ADJ
phi0959.phi006.perseus-lat1.tb.xml@301,12,orbis,orbis,NOUN
phi0959.phi006.perseus-lat1.tb.xml@301,13,",",",",PUNCT
phi0959.phi006.perseus-lat1.tb.xml@301,14,contrahitur,contraho,VERB
phi0959.phi006.perseus-lat1.tb.xml@301,15,rictus,rictus,NOUN
phi0959.phi006.perseus-lat1.tb.xml@301,16,",",",",PUNCT
phi0959.phi006.perseus-lat1.tb.xml@301,17,redeunt,redeo,VERB
phi0959.phi006.perseus-lat1.tb.xml@301,18-19,umerique,_,_
phi0959.phi006.perseus-lat1.tb.xml@301,18,umeri,umerus,NOUN
phi0959.phi006.perseus-lat1.tb.xml@301,19,que,que,CCONJ
phi0959.phi006.perseus-lat1.tb.xml@301,20-21,manusque,_,_
phi0959.phi006.perseus-lat1.tb.xml@301,20,manus,manus,NOUN
phi0959.phi006.perseus-lat1.tb.xml@301,21,que,que,CCONJ
phi0959.phi006.perseus-lat1.tb.xml@301,22,",",",",PUNCT
phi0959.phi006.perseus-lat1.tb.xml@301,23-24,ungulaque,_,_
phi0959.phi006.perseus-lat1.tb.xml@301,23,ungula,ungula,NOUN
phi0959.phi006.perseus-lat1.tb.xml@301,24,que,que,CCONJ
phi0959.phi006.perseus-lat1.tb.xml@301,25,in,in,ADP
phi0959.phi006.perseus-lat1.tb.xml@301,26,quinos,quini,ADJ
phi0959.phi006.perseus-lat1.tb.xml@301,27,dilapsa,dilabor,VERB
phi0959.phi006.perseus-lat1.tb.xml@301,28,absumitur,absumo,VERB
phi0959.phi006.perseus-lat1.tb.xml@301,29,ungues,unguis,NOUN
phi0959.phi006.perseus-lat1.tb.xml@301,30,:,:,PUNCT
phi0959.phi006.perseus-lat1.tb.xml@302,1,de,de,ADP
phi0959.phi006.perseus-lat1.tb.xml@302,2,bove,bos,NOUN
phi0959.phi006.perseus-lat1.tb.xml@302,3,nil,nihil,PRON
phi0959.phi006.perseus-lat1.tb.xml@302,4,superest,supersum,VERB
phi0959.phi006.perseus-lat1.tb.xml@302,5,formae,forma,NOUN
phi0959.phi006.perseus-lat1.tb.xml@302,6,nisi,nisi,SCONJ
phi0959.phi006.perseus-lat1.tb.xml@302,7,candor,candor,NOUN
phi0959.phi006.perseus-lat1.tb.xml@302,8,in,in,ADP
phi0959.phi006.perseus-lat1.tb.xml@302,9,illa,ille,DET
phi0959.phi006.perseus-lat1.tb.xml@302,10,.,.,PUNCT
phi0959.phi006.perseus-lat1.tb.xml@303,1-2,Officioque,_,_
phi0959.phi006.perseus-lat1.tb.xml@303,1,Officio,officium,NOUN
phi0959.phi006.perseus-lat1.tb.xml@303,2,que,que,CCONJ
phi0959.phi006.perseus-lat1.tb.xml@303,3,pedum,pes,NOUN
phi0959.phi006.perseus-lat1.tb.xml@303,4,nymphe,nymphe,NOUN
phi0959.phi006.perseus-lat1.tb.xml@303,5,contenta,contineo,VERB
phi0959.phi006.perseus-lat1.tb.xml@303,6,duorum,duo,NUM
phi0959.phi006.perseus-lat1.tb.xml@303,7,erigitur,erigo,VERB
phi0959.phi006.perseus-lat1.tb.xml@303,8-9,metuitque,_,_
phi0959.phi006.perseus-lat1.tb.xml@303,8,metuit,metuo,VERB
phi0959.phi006.perseus-lat1.tb.xml@303,9,que,que,CCONJ
phi0959.phi006.perseus-lat1.tb.xml@303,10,loqui,loquor,VERB
phi0959.phi006.perseus-lat1.tb.xml@303,11,",",",",PUNCT
phi0959.phi006.perseus-lat1.tb.xml@303,12,ne,ne,SCONJ
phi0959.phi006.perseus-lat1.tb.xml@303,13,more,mos,NOUN
phi0959.phi006.perseus-lat1.tb.xml@303,14,iuvencae,iuvenca,NOUN
phi0959.phi006.perseus-lat1.tb.xml@303,15,mugiat,mugio,VERB
phi0959.phi006.perseus-lat1.tb.xml@303,16,",",",",PUNCT
phi0959.phi006.perseus-lat1.tb.xml@303,17,et,et,CCONJ
phi0959.phi006.perseus-lat1.tb.xml@303,18,timide,timidus,ADV
phi0959.phi006.perseus-lat1.tb.xml@303,19,verba,verbum,NOUN
phi0959.phi006.perseus-lat1.tb.xml@303,20,intermissa,intermissus,ADJ
phi0959.phi006.perseus-lat1.tb.xml@303,21,retemptat,retento,VERB
phi0959.phi006.perseus-lat1.tb.xml@303,22,.,.,PUNCT
phi0959.phi006.perseus-lat1.tb.xml@305,1,Fuit,sum,AUX
phi0959.phi006.perseus-lat1.tb.xml@305,2,huic,hic,DET
phi0959.phi006.perseus-lat1.tb.xml@305,3,animis,animus,NOUN
phi0959.phi006.perseus-lat1.tb.xml@305,4,aequalis,aequalis,ADJ
phi0959.phi006.perseus-lat1.tb.xml@305,5,et,et,CCONJ
phi0959.phi006.perseus-lat1.tb.xml@305,6,annis,annus,NOUN
phi0959.phi006.perseus-lat1.tb.xml@305,7,Sole,sol,NOUN
phi0959.phi006.perseus-lat1.tb.xml@305,8,satus,sero,VERB
phi0959.phi006.perseus-lat1.tb.xml@305,9,Phaethon,Phaethon,PROPN
phi0959.phi006.perseus-lat1.tb.xml@305,10,.,.,PUNCT
phi0959.phi006.perseus-lat1.tb.xml@309,1,Pudet,pudeo,VERB
phi0959.phi006.perseus-lat1.tb.xml@309,2,haec,hic,DET
phi0959.phi006.perseus-lat1.tb.xml@309,3,opprobria,opprobrium,NOUN
phi0959.phi006.perseus-lat1.tb.xml@309,4,nobis,nos,PRON
phi0959.phi006.perseus-lat1.tb.xml@309,5,et,et,CCONJ
phi0959.phi006.perseus-lat1.tb.xml@309,6,dici,dico,VERB
phi0959.phi006.perseus-lat1.tb.xml@309,7,potuisse,possum,VERB
phi0959.phi006.perseus-lat1.tb.xml@309,8,et,et,CCONJ
phi0959.phi006.perseus-lat1.tb.xml@309,9,non,non,PART
phi0959.phi006.perseus-lat1.tb.xml@309,10,potuisse,possum,VERB
phi0959.phi006.perseus-lat1.tb.xml@309,11,refelli,refello,VERB
phi0959.phi006.perseus-lat1.tb.xml@309,12,.,.,PUNCT
phi0959.phi006.perseus-lat1.tb.xml@311,1,Dixit,dico,VERB
phi0959.phi006.perseus-lat1.tb.xml@311,2,et,et,CCONJ
phi0959.phi006.perseus-lat1.tb.xml@311,3,inplicuit,implico,VERB
phi0959.phi006.perseus-lat1.tb.xml@311,4,materno,maternus,ADJ
phi0959.phi006.perseus-lat1.tb.xml@311,5,bracchia,bracchium,NOUN
phi0959.phi006.perseus-lat1.tb.xml@311,6,collo,collum,NOUN
phi0959.phi006.perseus-lat1.tb.xml@311,7-8,perque,_,_
phi0959.phi006.perseus-lat1.tb.xml@311,7,per,per,ADP
phi0959.phi006.perseus-lat1.tb.xml@311,8,que,que,CCONJ
phi0959.phi006.perseus-lat1.tb.xml@311,9,suum,suus,DET
phi0959.phi006.perseus-lat1.tb.xml@311,10-11,Meropisque,_,_
phi0959.phi006.perseus-lat1.tb.xml@311,10,Meropis,merops,NOUN
phi0959.phi006.perseus-lat1.tb.xml@311,11,que,que,CCONJ
phi0959.phi006.perseus-lat1.tb.xml@311,12,caput,caput,NOUN
phi0959.phi006.perseus-lat1.tb.xml@311,13-14,taedasque,_,_
phi0959.phi006.perseus-lat1.tb.xml@311,13,taedas,taeda,NOUN
phi0959.phi006.perseus-lat1.tb.xml@311,14,que,que,CCONJ
phi0959.phi006.perseus-lat1.tb.xml@311,15,sororum,soror,NOUN
phi0959.phi006.perseus-lat1.tb.xml@311,16,traderet,trado,VERB
phi0959.phi006.perseus-lat1.tb.xml@311,17,oravit,oro,VERB
phi0959.phi006.perseus-lat1.tb.xml@311,18,veri,verus,ADJ
phi0959.phi006.perseus-lat1.tb.xml@311,19,sibi,sui,PRON
phi0959.phi006.perseus-lat1.tb.xml@311,20,signa,signum,NOUN
phi0959.phi006.perseus-lat1.tb.xml@311,21,parentis,parens,NOUN
phi0959.phi006.perseus-lat1.tb.xml@311,22,.,.,PUNCT
phi0959.phi006.perseus-lat1.tb.xml@312,1,Ambiguum,ambiguus,ADJ
phi0959.phi006.perseus-lat1.tb.xml@312,2,",",",",PUNCT
phi0959.phi006.perseus-lat1.tb.xml@312,3,Clymene,Clymene,PROPN
phi0959.phi006.perseus-lat1.tb.xml@312,4,",",",",PUNCT
phi0959.phi006.perseus-lat1.tb.xml@312,5,precibus,prex,NOUN
phi0959.phi006.perseus-lat1.tb.xml@312,6,Phaethontis,Phaethon,PROPN
phi0959.phi006.perseus-lat1.tb.xml@312,7,an,an,SCONJ
phi0959.phi006.perseus-lat1.tb.xml@312,8,ira,ira,NOUN
phi0959.phi006.perseus-lat1.tb.xml@312,9,mota,moveo,VERB
phi0959.phi006.perseus-lat1.tb.xml@312,10,magis,magis,ADV
phi0959.phi006.perseus-lat1.tb.xml@312,11,dicti,dictum,NOUN
phi0959.phi006.perseus-lat1.tb.xml@312,12,sibi,sui,PRON
phi0959.phi006.perseus-lat1.tb.xml@312,13,criminis,crimen,NOUN
phi0959.phi006.perseus-lat1.tb.xml@312,14,utraque,uterque,DET
phi0959.phi006.perseus-lat1.tb.xml@312,15,caelo,caelum,NOUN
phi0959.phi006.perseus-lat1.tb.xml@312,16,bracchia,bracchium,NOUN
phi0959.phi006.perseus-lat1.tb.xml@312,17,porrexit,porrigo,VERB
phi0959.phi006.perseus-lat1.tb.xml@312,18-19,spectansque,_,_
phi0959.phi006.perseus-lat1.tb.xml@312,18,spectans,specto,VERB
phi0959.phi006.perseus-lat1.tb.xml@312,19,que,que,CCONJ
phi0959.phi006.perseus-lat1.tb.xml@312,20,ad,ad,ADP
phi0959.phi006.perseus-lat1.tb.xml@312,21,lumina,lumen,NOUN
phi0959.phi006.perseus-lat1.tb.xml@312,22,solis,sol,NOUN
phi0959.phi006.perseus-lat1.tb.xml@312,23,',',PUNCT
phi0959.phi006.perseus-lat1.tb.xml@312,24,per,per,ADP
phi0959.phi006.perseus-lat1.tb.xml@312,25,iubar,iubar,NOUN
phi0959.phi006.perseus-lat1.tb.xml@312,26,hoc,hic,DET
phi0959.phi006.perseus-lat1.tb.xml@312,27,',',PUNCT
phi0959.phi006.perseus-lat1.tb.xml@312,28,inquit,inquam,VERB
phi0959.phi006.perseus-lat1.tb.xml@312,29,',',PUNCT
phi0959.phi006.perseus-lat1.tb.xml@312,30,radiis,radius,NOUN
phi0959.phi006.perseus-lat1.tb.xml@312,31,insigne,insignis,ADJ
phi0959.phi006.perseus-lat1.tb.xml@312,32,coruscis,coruscus,ADJ
phi0959.phi006.perseus-lat1.tb.xml@312,33,",",",",PUNCT
phi0959.phi006.perseus-lat1.tb.xml@312,34,nate,natus,NOUN
phi0959.phi006.perseus-lat1.tb.xml@312,35,",",",",PUNCT
phi0959.phi006.perseus-lat1.tb.xml@312,36,tibi,tu,PRON
phi0959.phi006.perseus-lat1.tb.xml@312,37,iuro,iuro,VERB
phi0959.phi006.perseus-lat1.tb.xml@312,38,",",",",PUNCT
phi0959.phi006.perseus-lat1.tb.xml@312,39,quod,qui,PRON
phi0959.phi006.perseus-lat1.tb.xml@312,40,nos,nos,PRON
phi0959.phi006.perseus-lat1.tb.xml@312,41-42,auditque,_,_
phi0959.phi006.perseus-lat1.tb.xml@312,41,audit,audio,VERB
phi0959.phi006.perseus-lat1.tb.xml@312,42,que,que,CCONJ
phi0959.phi006.perseus-lat1.tb.xml@312,43-44,videtque,_,_
phi0959.phi006.perseus-lat1.tb.xml@312,43,videt,video,VERB
phi0959.phi006.perseus-lat1.tb.xml@312,44,que,que,CCONJ
phi0959.phi006.perseus-lat1.tb.xml@312,45,",",",",PUNCT
phi0959.phi006.perseus-lat1.tb.xml@312,46,hoc,hic,DET
phi0959.phi006.perseus-lat1.tb.xml@312,47,te,tu,PRON
phi0959.phi006.perseus-lat1.tb.xml@312,48,",",",",PUNCT
phi0959.phi006.perseus-lat1.tb.xml@312,49,quem,qui,PRON
phi0959.phi006.perseus-lat1.tb.xml@312,50,spectas,specto,VERB
phi0959.phi006.perseus-lat1.tb.xml@312,51,",",",",PUNCT
phi0959.phi006.perseus-lat1.tb.xml@312,52,hoc,hic,DET
phi0959.phi006.perseus-lat1.tb.xml@312,53,te,tu,PRON
phi0959.phi006.perseus-lat1.tb.xml@312,54,",",",",PUNCT
phi0959.phi006.perseus-lat1.tb.xml@312,55,qui,qui,PRON
phi0959.phi006.perseus-lat1.tb.xml@312,56,temperat,tempero,VERB
phi0959.phi006.perseus-lat1.tb.xml@312,57,orbem,orbis,NOUN
phi0959.phi006.perseus-lat1.tb.xml@312,58,",",",",PUNCT
phi0959.phi006.perseus-lat1.tb.xml@312,59,Sole,sol,NOUN
phi0959.phi006.perseus-lat1.tb.xml@312,60,satum,sero,VERB
phi0959.phi006.perseus-lat1.tb.xml@312,61,.,.,PUNCT
phi0959.phi006.perseus-lat1.tb.xml@313,1,Si,si,SCONJ
phi0959.phi006.perseus-lat1.tb.xml@313,2,ficta,fictum,NOUN
phi0959.phi006.perseus-lat1.tb.xml@313,3,loquor,loquor,VERB
phi0959.phi006.perseus-lat1.tb.xml@313,4,",",",",PUNCT
phi0959.phi006.perseus-lat1.tb.xml@313,5,neget,nego,VERB
phi0959.phi006.perseus-lat1.tb.xml@313,6,ipse,ipse,DET
phi0959.phi006.perseus-lat1.tb.xml@313,7,videndum,video,VERB
phi0959.phi006.perseus-lat1.tb.xml@313,8,se,sui,PRON
phi0959.phi006.perseus-lat1.tb.xml@313,9,mihi,ego,PRON
phi0959.phi006.perseus-lat1.tb.xml@313,10,",",",",PUNCT
phi0959.phi006.perseus-lat1.tb.xml@313,11-12,sitque,_,_
phi0959.phi006.perseus-lat1.tb.xml@313,11,sit,sum,AUX
phi0959.phi006.perseus-lat1.tb.xml@313,12,que,que,CCONJ
phi0959.phi006.perseus-lat1.tb.xml@313,13,oculis,oculus,NOUN
phi0959.phi006.perseus-lat1.tb.xml@313,14,lux,lux,NOUN
phi0959.phi006.perseus-lat1.tb.xml@313,15,ista,iste,DET
phi0959.phi006.perseus-lat1.tb.xml@313,16,novissima,novissimus,ADJ
phi0959.phi006.perseus-lat1.tb.xml@313,17,nostris,noster,DET
phi0959.phi006.perseus-lat1.tb.xml@313,18,.,.,PUNCT
phi0959.phi006.perseus-lat1.tb.xml@315,1,unde,unde,ADV
phi0959.phi006.perseus-lat1.tb.xml@315,2,oritur,orior,VERB
phi0959.phi006.perseus-lat1.tb.xml@315,3,",",",",PUNCT
phi0959.phi006.perseus-lat1.tb.xml@315,4,domus,domus,NOUN
phi0959.phi006.perseus-lat1.tb.xml@315,5,est,sum,AUX
phi0959.phi006.perseus-lat1.tb.xml@315,6,terrae,terra,NOUN
phi0959.phi006.perseus-lat1.tb.xml@315,7,contermina,conterminus,ADJ
phi0959.phi006.perseus-lat1.tb.xml@315,8,nostrae,noster,DET
phi0959.phi006.perseus-lat1.tb.xml@315,9,.,.,PUNCT
phi0959.phi006.perseus-lat1.tb.xml@317,1,Emicat,emico,VERB
phi0959.phi006.perseus-lat1.tb.xml@317,2,extemplo,extemplo,ADV
phi0959.phi006.perseus-lat1.tb.xml@317,3,laetus,laetus,ADJ
phi0959.phi006.perseus-lat1.tb.xml@317,4,post,post,ADP
phi0959.phi006.perseus-lat1.tb.xml@317,5,talia,talis,DET
phi0959.phi006.perseus-lat1.tb.xml@317,6,matris,mater,NOUN
phi0959.phi006.perseus-lat1.tb.xml@317,7,dicta,dictum,NOUN
phi0959.phi006.perseus-lat1.tb.xml@317,8,suae,suus,DET
phi0959.phi006.perseus-lat1.tb.xml@317,9,Phaethon,Phaethon,PROPN
phi0959.phi006.perseus-lat1.tb.xml@317,10,et,et,CCONJ
phi0959.phi006.perseus-lat1.tb.xml@317,11,concipit,concipio,VERB
phi0959.phi006.perseus-lat1.tb.xml@317,12,aethera,aether,NOUN
phi0959.phi006.perseus-lat1.tb.xml@317,13,mente,mens,NOUN
phi0959.phi006.perseus-lat1.tb.xml@317,14,",",",",PUNCT
phi0959.phi006.perseus-lat1.tb.xml@317,15,Aethiopasque,Aethiopus,PROPN
phi0959.phi006.perseus-lat1.tb.xml@317,16,suos,suus,DET
phi0959.phi006.perseus-lat1.tb.xml@317,17-18,positosque,_,_
phi0959.phi006.perseus-lat1.tb.xml@317,17,positos,pono,VERB
phi0959.phi006.perseus-lat1.tb.xml@317,18,que,que,CCONJ
phi0959.phi006.perseus-lat1.tb.xml@317,19,sub,sub,ADP
phi0959.phi006.perseus-lat1.tb.xml@317,20,ignibus,ignis,NOUN
phi0959.phi006.perseus-lat1.tb.xml@317,21,Indos,Indus,PROPN
phi0959.phi006.perseus-lat1.tb.xml@317,22,sidereis,sidereus,ADJ
phi0959.phi006.perseus-lat1.tb.xml@317,23,transit,transeo,VERB
phi0959.phi006.perseus-lat1.tb.xml@317,24-25,patriosque,_,_
phi0959.phi006.perseus-lat1.tb.xml@317,24,patrios,patrius,ADJ
phi0959.phi006.perseus-lat1.tb.xml@317,25,que,que,CCONJ
phi0959.phi006.perseus-lat1.tb.xml@317,26,adit,adeo,VERB
phi0959.phi006.perseus-lat1.tb.xml@317,27,inpiger,impiger,ADJ
phi0959.phi006.perseus-lat1.tb.xml@317,28,ortus,ortus,NOUN
phi0959.phi006.perseus-lat1.tb.xml@317,29,.,.,PUNCT
phi0972.phi001.perseus-lat1.xml@5,1,Amicimur,"amicio,",VERB
phi0972.phi001.perseus-lat1.xml@5,2,ergo,ergo,ADV
phi0972.phi001.perseus-lat1.xml@5,3,diligenter,diligenter,ADV
phi0972.phi001.perseus-lat1.xml@5,4,obliti,obliviscor,VERB
phi0972.phi001.perseus-lat1.xml@5,5,omnium,omnis,DET
phi0972.phi001.perseus-lat1.xml@5,6,malorum,malum,NOUN
phi0972.phi001.perseus-lat1.xml@5,7,",",",",PUNCT
phi0972.phi001.perseus-lat1.xml@5,8,et,et,CCONJ
phi0972.phi001.perseus-lat1.xml@5,9,Gitona,Giton,PROPN
phi0972.phi001.perseus-lat1.xml@5,10,libentissime,libet,ADV
phi0972.phi001.perseus-lat1.xml@5,11,servile,servilis,ADJ
phi0972.phi001.perseus-lat1.xml@5,12,officium,officium,NOUN
phi0972.phi001.perseus-lat1.xml@5,13,tuentem,tueor,VERB
phi0972.phi001.perseus-lat1.xml@5,14,usque,usque,ADV
phi0972.phi001.perseus-lat1.xml@5,15,hoc,hic,DET
phi0972.phi001.perseus-lat1.xml@5,16,iubemus,iubeo,VERB
phi0972.phi001.perseus-lat1.xml@5,17,in,in,ADP
phi0972.phi001.perseus-lat1.xml@5,18,balnea,balneum,NOUN
phi0972.phi001.perseus-lat1.xml@5,19,sequi,sequor,VERB
phi0972.phi001.perseus-lat1.xml@5,20,.,.,PUNCT
phi0972.phi001.perseus-lat1.xml@6,1,Nos,nos,PRON
phi0972.phi001.perseus-lat1.xml@6,2,interim,interim,ADV
phi0972.phi001.perseus-lat1.xml@6,3,vestiti,vestio,VERB
phi0972.phi001.perseus-lat1.xml@6,4,errare,erro,VERB
phi0972.phi001.perseus-lat1.xml@6,5,coepimus,coepio,VERB
phi0972.phi001.perseus-lat1.xml@6,6,.,.,PUNCT
phi0972.phi001.perseus-lat1.xml@10,1,Notavimus,noto,VERB
phi0972.phi001.perseus-lat1.xml@10,2,etiam,etiam,ADV
phi0972.phi001.perseus-lat1.xml@10,3,res,res,NOUN
phi0972.phi001.perseus-lat1.xml@10,4,novas,novus,ADJ
phi0972.phi001.perseus-lat1.xml@10,5,.,.,PUNCT
phi0972.phi001.perseus-lat1.xml@11,1,Nam,nam,PART
phi0972.phi001.perseus-lat1.xml@11,2,duo,duo,NUM
phi0972.phi001.perseus-lat1.xml@11,3,spadones,spado,NOUN
phi0972.phi001.perseus-lat1.xml@11,4,in,in,ADP
phi0972.phi001.perseus-lat1.xml@11,5,diversa,diverto,VERB
phi0972.phi001.perseus-lat1.xml@11,6,parte,pars,NOUN
phi0972.phi001.perseus-lat1.xml@11,7,circuli,circulus,NOUN
phi0972.phi001.perseus-lat1.xml@11,8,stabant,sto,VERB
phi0972.phi001.perseus-lat1.xml@11,9,",",",",PUNCT
phi0972.phi001.perseus-lat1.xml@11,10,quorum,qui,PRON
phi0972.phi001.perseus-lat1.xml@11,11,alter,alter,DET
phi0972.phi001.perseus-lat1.xml@11,12,matellam,matella,NOUN
phi0972.phi001.perseus-lat1.xml@11,13,tenebat,teneo,VERB
phi0972.phi001.perseus-lat1.xml@11,14,argenteam,argenteus,ADJ
phi0972.phi001.perseus-lat1.xml@11,15,",",",",PUNCT
phi0972.phi001.perseus-lat1.xml@11,16,alter,alter,DET
phi0972.phi001.perseus-lat1.xml@11,17,numerabat,numero,VERB
phi0972.phi001.perseus-lat1.xml@11,18,pilas,pila,NOUN
phi0972.phi001.perseus-lat1.xml@11,19,",",",",PUNCT
phi0972.phi001.perseus-lat1.xml@11,20,non,non,PART
phi0972.phi001.perseus-lat1.xml@11,21,quidem,quidem,ADV
phi0972.phi001.perseus-lat1.xml@11,22,eas,is,PRON
phi0972.phi001.perseus-lat1.xml@11,23,quae,qui,PRON
phi0972.phi001.perseus-lat1.xml@11,24,inter,inter,ADP
phi0972.phi001.perseus-lat1.xml@11,25,manus,manus,NOUN
phi0972.phi001.perseus-lat1.xml@11,26,lusu,lusus,NOUN
phi0972.phi001.perseus-lat1.xml@11,27,expellente,"expello,",VERB
phi0972.phi001.perseus-lat1.xml@11,28,vibrabant,vibro,VERB
phi0972.phi001.perseus-lat1.xml@11,29,",",",",PUNCT
phi0972.phi001.perseus-lat1.xml@11,30,sed,sed,CCONJ
phi0972.phi001.perseus-lat1.xml@11,31,eas,is,PRON
phi0972.phi001.perseus-lat1.xml@11,32,quae,qui,PRON
phi0972.phi001.perseus-lat1.xml@11,33,in,in,ADP
phi0972.phi001.perseus-lat1.xml@11,34,terram,terra,NOUN
phi0972.phi001.perseus-lat1.xml@11,35,decidebant,decido,VERB
phi0972.phi001.perseus-lat1.xml@11,36,.,.,PUNCT
phi0972.phi001.perseus-lat1.xml@13,1,Et,et,CCONJ
phi0972.phi001.perseus-lat1.xml@13,2,iam,iam,ADV
phi0972.phi001.perseus-lat1.xml@13,3,non,non,PART
phi0972.phi001.perseus-lat1.xml@13,4,loquebatur,loquor,VERB
phi0972.phi001.perseus-lat1.xml@13,5,Menelaus,Menelaus,PROPN
phi0972.phi001.perseus-lat1.xml@13,6,cum,cum,SCONJ
phi0972.phi001.perseus-lat1.xml@13,7,Trimalchio,Trimalchio,PROPN
phi0972.phi001.perseus-lat1.xml@13,8,digitos,digitus,NOUN
phi0972.phi001.perseus-lat1.xml@13,9,concrepuit,concrepo,VERB
phi0972.phi001.perseus-lat1.xml@13,10,",",",",PUNCT
phi0972.phi001.perseus-lat1.xml@13,11,ad,ad,ADP
phi0972.phi001.perseus-lat1.xml@13,12,quod,qui,DET
phi0972.phi001.perseus-lat1.xml@13,13,signum,signum,NOUN
phi0972.phi001.perseus-lat1.xml@13,14,matellam,matella,NOUN
phi0972.phi001.perseus-lat1.xml@13,15,spado,spado,NOUN
phi0972.phi001.perseus-lat1.xml@13,16,ludenti,ludo,VERB
phi0972.phi001.perseus-lat1.xml@13,17,subiecit,"subicio,",VERB
phi0972.phi001.perseus-lat1.xml@13,18,.,.,PUNCT
phi0972.phi001.perseus-lat1.xml@14,1,Exonerata,exonero,VERB
phi0972.phi001.perseus-lat1.xml@14,2,ille,ille,DET
phi0972.phi001.perseus-lat1.xml@14,3,vesica,vesica,NOUN
phi0972.phi001.perseus-lat1.xml@14,4,aquam,aqua,NOUN
phi0972.phi001.perseus-lat1.xml@14,5,poposcit,posco,VERB
phi0972.phi001.perseus-lat1.xml@14,6,ad,ad,ADP
phi0972.phi001.perseus-lat1.xml@14,7,manus,manus,NOUN
phi0972.phi001.perseus-lat1.xml@14,8,",",",",PUNCT
phi0972.phi001.perseus-lat1.xml@14,9-10,digitosque,_,_
phi0972.phi001.perseus-lat1.xml@14,9,digitos,digitus,NOUN
phi0972.phi001.perseus-lat1.xml@14,10,que,que,CCONJ
phi0972.phi001.perseus-lat1.xml@14,11,paululum,paululum,ADV
phi0972.phi001.perseus-lat1.xml@14,12,adspersos,"aspergo,",VERB
phi0972.phi001.perseus-lat1.xml@14,13,in,in,ADP
phi0972.phi001.perseus-lat1.xml@14,14,capite,caput,NOUN
phi0972.phi001.perseus-lat1.xml@14,15,pueri,puer,NOUN
phi0972.phi001.perseus-lat1.xml@14,16,tersit,"tergeo,",VERB
phi0972.phi001.perseus-lat1.xml@14,17,.,.,PUNCT
phi0972.phi001.perseus-lat1.xml@15,1,Longum,longus,ADJ
phi0972.phi001.perseus-lat1.xml@15,2,erat,sum,AUX
phi0972.phi001.perseus-lat1.xml@15,3,singula,singulus,ADJ
phi0972.phi001.perseus-lat1.xml@15,4,excipere,excipio,VERB
phi0972.phi001.perseus-lat1.xml@15,5,.,.,PUNCT
phi0972.phi001.perseus-lat1.xml@16,1,Itaque,ita,ADV
phi0972.phi001.perseus-lat1.xml@16,2,intravimus,intro,VERB
phi0972.phi001.perseus-lat1.xml@16,3,balneum,balneum,NOUN
phi0972.phi001.perseus-lat1.xml@16,4,",",",",PUNCT
phi0972.phi001.perseus-lat1.xml@16,5,et,et,CCONJ
phi0972.phi001.perseus-lat1.xml@16,6,sudore,sudor,NOUN
phi0972.phi001.perseus-lat1.xml@16,7,calfacti,calefactus,VERB
phi0972.phi001.perseus-lat1.xml@16,8,momento,momentum,NOUN
phi0972.phi001.perseus-lat1.xml@16,9,temporis,tempus,NOUN
phi0972.phi001.perseus-lat1.xml@16,10,ad,ad,ADP
phi0972.phi001.perseus-lat1.xml@16,11,frigidam,frigida,NOUN
phi0972.phi001.perseus-lat1.xml@16,12,eximus,exeo,VERB
phi0972.phi001.perseus-lat1.xml@16,13,.,.,PUNCT
phi0972.phi001.perseus-lat1.xml@17,1,Iam,iam,ADV
phi0972.phi001.perseus-lat1.xml@17,2,Trimalchio,Trimalchio,PROPN
phi0972.phi001.perseus-lat1.xml@17,3,unguento,unguentum,NOUN
phi0972.phi001.perseus-lat1.xml@17,4,perfusus,perfundo,VERB
phi0972.phi001.perseus-lat1.xml@17,5,tergebatur,tergeo,VERB
phi0972.phi001.perseus-lat1.xml@17,6,",",",",PUNCT
phi0972.phi001.perseus-lat1.xml@17,7,non,non,PART
phi0972.phi001.perseus-lat1.xml@17,8,linteis,linteum,NOUN
phi0972.phi001.perseus-lat1.xml@17,9,",",",",PUNCT
phi0972.phi001.perseus-lat1.xml@17,10,sed,sed,CCONJ
phi0972.phi001.perseus-lat1.xml@17,11,palliis,pallium,NOUN
phi0972.phi001.perseus-lat1.xml@17,12,ex,ex,ADP
phi0972.phi001.perseus-lat1.xml@17,13,lana,lana,NOUN
phi0972.phi001.perseus-lat1.xml@17,14,mollissima,mollis,ADJ
phi0972.phi001.perseus-lat1.xml@17,15,factis,facio,VERB
phi0972.phi001.perseus-lat1.xml@17,16,.,.,PUNCT
phi0972.phi001.perseus-lat1.xml@18,1,Tres,tres,NUM
phi0972.phi001.perseus-lat1.xml@18,2,interim,interim,ADV
phi0972.phi001.perseus-lat1.xml@18,3,iatraliptae,iatralipta,NOUN
phi0972.phi001.perseus-lat1.xml@18,4,in,in,ADP
phi0972.phi001.perseus-lat1.xml@18,5,conspectu,conspectus,NOUN
phi0972.phi001.perseus-lat1.xml@18,6,eius,is,PRON
phi0972.phi001.perseus-lat1.xml@18,7,Falernum,Falernum,PROPN
phi0972.phi001.perseus-lat1.xml@18,8,potabant,"poto,",VERB
phi0972.phi001.perseus-lat1.xml@18,9,",",",",PUNCT
phi0972.phi001.perseus-lat1.xml@18,10,et,et,CCONJ
phi0972.phi001.perseus-lat1.xml@18,11,cum,cum,SCONJ
phi0972.phi001.perseus-lat1.xml@18,12,plurimum,plurimus,ADJ
phi0972.phi001.perseus-lat1.xml@18,13,rixantes,rixor,VERB
phi0972.phi001.perseus-lat1.xml@18,14,effunderent,effundo,VERB
phi0972.phi001.perseus-lat1.xml@18,15,",",",",PUNCT
phi0972.phi001.perseus-lat1.xml@18,16,Trimalchio,Trimalchio,PROPN
phi0972.phi001.perseus-lat1.xml@18,17,hoc,hic,DET
phi0972.phi001.perseus-lat1.xml@18,18,suum,suus,DET
phi0972.phi001.perseus-lat1.xml@18,19,propinasse,"propino,",VERB
phi0972.phi001.perseus-lat1.xml@18,20,dicebat,dico,VERB
phi0972.phi001.perseus-lat1.xml@18,21,.,.,PUNCT
phi0972.phi001.perseus-lat1.xml@20,1,Cum,cum,SCONJ
phi0972.phi001.perseus-lat1.xml@20,2,ergo,ergo,ADV
phi0972.phi001.perseus-lat1.xml@20,3,auferretur,aufero,VERB
phi0972.phi001.perseus-lat1.xml@20,4,",",",",PUNCT
phi0972.phi001.perseus-lat1.xml@20,5,ad,ad,ADP
phi0972.phi001.perseus-lat1.xml@20,6,caput,caput,NOUN
phi0972.phi001.perseus-lat1.xml@20,7,eius,is,PRON
phi0972.phi001.perseus-lat1.xml@20,8,symphoniacus,symphoniacus,ADJ
phi0972.phi001.perseus-lat1.xml@20,9,cum,cum,SCONJ
phi0972.phi001.perseus-lat1.xml@20,10,minimis,parvus,ADJ
phi0972.phi001.perseus-lat1.xml@20,11,tibiis,tibia,NOUN
phi0972.phi001.perseus-lat1.xml@20,12,accessit,accedo,VERB
phi0972.phi001.perseus-lat1.xml@20,13,et,et,CCONJ
phi0972.phi001.perseus-lat1.xml@20,14,tanquam,tamquam,SCONJ
phi0972.phi001.perseus-lat1.xml@20,15,in,in,ADP
phi0972.phi001.perseus-lat1.xml@20,16,aurem,auris,NOUN
phi0972.phi001.perseus-lat1.xml@20,17,aliquid,aliquis,PRON
phi0972.phi001.perseus-lat1.xml@20,18,secreto,secretum,ADV
phi0972.phi001.perseus-lat1.xml@20,19,diceret,dico,VERB
phi0972.phi001.perseus-lat1.xml@20,20,",",",",PUNCT
phi0972.phi001.perseus-lat1.xml@20,21,toto,totus,DET
phi0972.phi001.perseus-lat1.xml@20,22,itinere,iter,NOUN
phi0972.phi001.perseus-lat1.xml@20,23,cantavit,canto,VERB
phi0972.phi001.perseus-lat1.xml@20,24,.,.,PUNCT
phi0972.phi001.perseus-lat1.xml@23,1,In,in,ADP
phi0972.phi001.perseus-lat1.xml@23,2,aditu,aditus,NOUN
phi0972.phi001.perseus-lat1.xml@23,3,autem,autem,PART
phi0972.phi001.perseus-lat1.xml@23,4,ipso,ipse,DET
phi0972.phi001.perseus-lat1.xml@23,5,stabat,sto,VERB
phi0972.phi001.perseus-lat1.xml@23,6,ostiarius,ostiarius,NOUN
phi0972.phi001.perseus-lat1.xml@23,7,prasinatus,prasinatus,ADJ
phi0972.phi001.perseus-lat1.xml@23,8,",",",",PUNCT
phi0972.phi001.perseus-lat1.xml@23,9,cerasino,cerasinus,ADJ
phi0972.phi001.perseus-lat1.xml@23,10,succinctus,succingo,VERB
phi0972.phi001.perseus-lat1.xml@23,11,cingulo,cingulum,NOUN
phi0972.phi001.perseus-lat1.xml@23,12,",",",",PUNCT
phi0972.phi001.perseus-lat1.xml@23,13,atque,atque,CCONJ
phi0972.phi001.perseus-lat1.xml@23,14,in,in,ADP
phi0972.phi001.perseus-lat1.xml@23,15,lance,lanx,NOUN
phi0972.phi001.perseus-lat1.xml@23,16,argentea,argenteus,ADJ
phi0972.phi001.perseus-lat1.xml@23,17,pisum,pisum,NOUN
phi0972.phi001.perseus-lat1.xml@23,18,purgabat,purgo,VERB
phi0972.phi001.perseus-lat1.xml@23,19,.,.,PUNCT
phi0972.phi001.perseus-lat1.xml@24,1,Super,super,ADP
phi0972.phi001.perseus-lat1.xml@24,2,limen,limen,NOUN
phi0972.phi001.perseus-lat1.xml@24,3,autem,autem,PART
phi0972.phi001.perseus-lat1.xml@24,4,cavea,cavea,NOUN
phi0972.phi001.perseus-lat1.xml@24,5,pendebat,pendo,VERB
phi0972.phi001.perseus-lat1.xml@24,6,aurea,aureus,ADJ
phi0972.phi001.perseus-lat1.xml@24,7,",",",",PUNCT
phi0972.phi001.perseus-lat1.xml@24,8,in,in,ADP
phi0972.phi001.perseus-lat1.xml@24,9,qua,qui,PRON
phi0972.phi001.perseus-lat1.xml@24,10,pica,pica,NOUN
phi0972.phi001.perseus-lat1.xml@24,11,varia,varius,ADJ
phi0972.phi001.perseus-lat1.xml@24,12,intrantes,intro,VERB
phi0972.phi001.perseus-lat1.xml@24,13,salutabat,saluto,VERB
phi0972.phi001.perseus-lat1.xml@24,14,.,.,PUNCT
phi0972.phi001.perseus-lat1.xml@25,1,Ceterum,ceterum,ADV
phi0972.phi001.perseus-lat1.xml@25,2,ego,ego,PRON
phi0972.phi001.perseus-lat1.xml@25,3,dum,dum,SCONJ
phi0972.phi001.perseus-lat1.xml@25,4,omnia,omnis,DET
phi0972.phi001.perseus-lat1.xml@25,5,stupeo,stupeo,VERB
phi0972.phi001.perseus-lat1.xml@25,6,",",",",PUNCT
phi0972.phi001.perseus-lat1.xml@25,7,paene,paene,ADV
phi0972.phi001.perseus-lat1.xml@25,8,resupinatus,resupino,VERB
phi0972.phi001.perseus-lat1.xml@25,9,crura,crus,NOUN
phi0972.phi001.perseus-lat1.xml@25,10,mea,meus,DET
phi0972.phi001.perseus-lat1.xml@25,11,fregi,frango,VERB
phi0972.phi001.perseus-lat1.xml@25,12,.,.,PUNCT
phi0972.phi001.perseus-lat1.xml@30,1,In,in,ADP
phi0972.phi001.perseus-lat1.xml@30,2,deficiente,deficio,VERB
phi0972.phi001.perseus-lat1.xml@30,3,vero,vero,ADV
phi0972.phi001.perseus-lat1.xml@30,4,iam,iam,ADV
phi0972.phi001.perseus-lat1.xml@30,5,porticu,porticus,NOUN
phi0972.phi001.perseus-lat1.xml@30,6,levatum,levo,VERB
phi0972.phi001.perseus-lat1.xml@30,7,mento,mentum,NOUN
phi0972.phi001.perseus-lat1.xml@30,8,in,in,ADP
phi0972.phi001.perseus-lat1.xml@30,9,tribunal,"tribunal,",NOUN
phi0972.phi001.perseus-lat1.xml@30,10,excelsum,excello,VERB
phi0972.phi001.perseus-lat1.xml@30,11,Mercurius,Mercurius,PROPN
phi0972.phi001.perseus-lat1.xml@30,12,rapiebat,rapio,VERB
phi0972.phi001.perseus-lat1.xml@30,13,.,.,PUNCT
phi0972.phi001.perseus-lat1.xml@32,1,Notavi,noto,VERB
phi0972.phi001.perseus-lat1.xml@32,2,etiam,etiam,ADV
phi0972.phi001.perseus-lat1.xml@32,3,in,in,ADP
phi0972.phi001.perseus-lat1.xml@32,4,porticu,porticus,NOUN
phi0972.phi001.perseus-lat1.xml@32,5,gregem,grex,NOUN
phi0972.phi001.perseus-lat1.xml@32,6,cursorum,cursor,NOUN
phi0972.phi001.perseus-lat1.xml@32,7,cum,cum,ADP
phi0972.phi001.perseus-lat1.xml@32,8,magistro,magister,NOUN
phi0972.phi001.perseus-lat1.xml@32,9,se,sui,PRON
phi0972.phi001.perseus-lat1.xml@32,10,exercentem,exerceo,VERB
phi0972.phi001.perseus-lat1.xml@32,11,.,.,PUNCT
phi0972.phi001.perseus-lat1.xml@34,1,Interrogare,interrogo,VERB
phi0972.phi001.perseus-lat1.xml@34,2,ergo,ergo,ADV
phi0972.phi001.perseus-lat1.xml@34,3,atriensem,atriensis,NOUN
phi0972.phi001.perseus-lat1.xml@34,4,coepi,coepio,VERB
phi0972.phi001.perseus-lat1.xml@34,5,",",",",PUNCT
phi0972.phi001.perseus-lat1.xml@34,6,quas,qui,DET
phi0972.phi001.perseus-lat1.xml@34,7,in,in,ADP
phi0972.phi001.perseus-lat1.xml@34,8,medio,medium,NOUN
phi0972.phi001.perseus-lat1.xml@34,9,picturas,pictura,NOUN
phi0972.phi001.perseus-lat1.xml@34,10,haberent,habeo,VERB
phi0972.phi001.perseus-lat1.xml@34,11,.,.,PUNCT
phi0972.phi001.perseus-lat1.xml@36,1,Non,non,PART
phi0972.phi001.perseus-lat1.xml@36,2,licebat,licet,VERB
phi0972.phi001.perseus-lat1.xml@36,3,multaciam,multus,DET
phi0972.phi001.perseus-lat1.xml@36,4,considerare,considero,VERB
phi0972.phi001.perseus-lat1.xml@36,5,.,.,PUNCT
phi0972.phi001.perseus-lat1.xml@37,1,Nos,nos,PRON
phi0972.phi001.perseus-lat1.xml@37,2,iam,iam,ADV
phi0972.phi001.perseus-lat1.xml@37,3,ad,ad,ADP
phi0972.phi001.perseus-lat1.xml@37,4,triclinium,triclinium,NOUN
phi0972.phi001.perseus-lat1.xml@37,5,perveneramus,"pervenio,",VERB
phi0972.phi001.perseus-lat1.xml@37,6,",",",",PUNCT
phi0972.phi001.perseus-lat1.xml@37,7,in,in,ADP
phi0972.phi001.perseus-lat1.xml@37,8,cuius,qui,PRON
phi0972.phi001.perseus-lat1.xml@37,9,parte,pars,NOUN
phi0972.phi001.perseus-lat1.xml@37,10,prima,primus,ADJ
phi0972.phi001.perseus-lat1.xml@37,11,procurator,procurator,NOUN
phi0972.phi001.perseus-lat1.xml@37,12,rationes,ratio,NOUN
phi0972.phi001.perseus-lat1.xml@37,13,accipiebat,accipio,VERB
phi0972.phi001.perseus-lat1.xml@37,14,.,.,PUNCT
phi0972.phi001.perseus-lat1.xml@40,1,Sub,sub,ADP
phi0972.phi001.perseus-lat1.xml@40,2,eodem,idem,DET
phi0972.phi001.perseus-lat1.xml@40,3,titulo,titulus,NOUN
phi0972.phi001.perseus-lat1.xml@40,4,et,et,CCONJ
phi0972.phi001.perseus-lat1.xml@40,5,lucerna,lucerna,NOUN
phi0972.phi001.perseus-lat1.xml@40,6,bilychnis,bilychnis,ADJ
phi0972.phi001.perseus-lat1.xml@40,7,de,de,ADP
phi0972.phi001.perseus-lat1.xml@40,8,camera,camera,NOUN
phi0972.phi001.perseus-lat1.xml@40,9,pendebat,pendo,VERB
phi0972.phi001.perseus-lat1.xml@40,10,",",",",PUNCT
phi0972.phi001.perseus-lat1.xml@40,11,et,et,CCONJ
phi0972.phi001.perseus-lat1.xml@40,12,duae,duo,NUM
phi0972.phi001.perseus-lat1.xml@40,13,tabulae,tabula,NOUN
phi0972.phi001.perseus-lat1.xml@40,14,in,in,ADP
phi0972.phi001.perseus-lat1.xml@40,15,utroque,"uterque,",ADJ
phi0972.phi001.perseus-lat1.xml@40,16,poste,postis,NOUN
phi0972.phi001.perseus-lat1.xml@40,17,defixae,defigo,VERB
phi0972.phi001.perseus-lat1.xml@40,18,",",",",PUNCT
phi0972.phi001.perseus-lat1.xml@40,19,quarum,qui,PRON
phi0972.phi001.perseus-lat1.xml@40,20,altera,alter,DET
phi0972.phi001.perseus-lat1.xml@40,21,",",",",PUNCT
phi0972.phi001.perseus-lat1.xml@40,22,si,si,SCONJ
phi0972.phi001.perseus-lat1.xml@40,23,bene,benus,ADV
phi0972.phi001.perseus-lat1.xml@40,24,memini,memini,VERB
phi0972.phi001.perseus-lat1.xml@40,25,",",",",PUNCT
phi0972.phi001.perseus-lat1.xml@40,26,hoc,hic,DET
phi0972.phi001.perseus-lat1.xml@40,27,habebat,habeo,VERB
phi0972.phi001.perseus-lat1.xml@40,28,inscriptum,inscriptum,NOUN
phi0972.phi001.perseus-lat1.xml@40,29,:,:,PUNCT
phi0972.phi001.perseus-lat1.xml@44,1,Sine,sine,ADP
phi0972.phi001.perseus-lat1.xml@44,2,dubio,dubius,ADJ
phi0972.phi001.perseus-lat1.xml@44,3,paulisper,paulisper,ADV
phi0972.phi001.perseus-lat1.xml@44,4,trepidavimus,"trepido,",VERB
phi0972.phi001.perseus-lat1.xml@44,5,",",",",PUNCT
phi0972.phi001.perseus-lat1.xml@44,6,ne,ne,SCONJ
phi0972.phi001.perseus-lat1.xml@44,7,contra,contra,ADP
phi0972.phi001.perseus-lat1.xml@44,8,praeceptum,praeceptum,NOUN
phi0972.phi001.perseus-lat1.xml@44,9,aliquis,aliquis,PRON
phi0972.phi001.perseus-lat1.xml@44,10,nostrum,nos,PRON
phi0972.phi001.perseus-lat1.xml@44,11,limen,limen,NOUN
phi0972.phi001.perseus-lat1.xml@44,12,transiret,transeo,VERB
phi0972.phi001.perseus-lat1.xml@44,13,.,.,PUNCT
phi0972.phi001.perseus-lat1.xml@45,1,Ceterum,ceterum,ADV
phi0972.phi001.perseus-lat1.xml@45,2,ut,ut,SCONJ
phi0972.phi001.perseus-lat1.xml@45,3,pariter,pariter,ADV
phi0972.phi001.perseus-lat1.xml@45,4,movimus,moveo,VERB
phi0972.phi001.perseus-lat1.xml@45,5,dextros,dexter,ADJ
phi0972.phi001.perseus-lat1.xml@45,6,gressus,gressus,NOUN
phi0972.phi001.perseus-lat1.xml@45,7,",",",",PUNCT
phi0972.phi001.perseus-lat1.xml@45,8,servus,servus,NOUN
phi0972.phi001.perseus-lat1.xml@45,9,nobis,nos,PRON
phi0972.phi001.perseus-lat1.xml@45,10,despoliatus,despolio,VERB
phi0972.phi001.perseus-lat1.xml@45,11,procubuit,procumbo,VERB
phi0972.phi001.perseus-lat1.xml@45,12,ad,ad,ADP
phi0972.phi001.perseus-lat1.xml@45,13,pedes,pes,NOUN
phi0972.phi001.perseus-lat1.xml@45,14,ac,atque,CCONJ
phi0972.phi001.perseus-lat1.xml@45,15,rogare,rogo,VERB
phi0972.phi001.perseus-lat1.xml@45,16,coepit,coepio,VERB
phi0972.phi001.perseus-lat1.xml@45,17,",",",",PUNCT
phi0972.phi001.perseus-lat1.xml@45,18,ut,ut,SCONJ
phi0972.phi001.perseus-lat1.xml@45,19,se,sui,PRON
phi0972.phi001.perseus-lat1.xml@45,20,poenae,poena,NOUN
phi0972.phi001.perseus-lat1.xml@45,21,eriperemus,"eripio,",VERB
phi0972.phi001.perseus-lat1.xml@45,22,:,:,PUNCT
phi0972.phi001.perseus-lat1.xml@46,1-2,nec,_,_
phi0972.phi001.perseus-lat1.xml@46,1,ne,ne,ADV
phi0972.phi001.perseus-lat1.xml@46,2,c,que,CCONJ
phi0972.phi001.perseus-lat1.xml@46,3,magnum,magnus,ADJ
phi0972.phi001.perseus-lat1.xml@46,4,esse,sum,AUX
phi0972.phi001.perseus-lat1.xml@46,5,peccatum,peccatum,NOUN
phi0972.phi001.perseus-lat1.xml@46,6,suum,suus,DET
phi0972.phi001.perseus-lat1.xml@46,7,",",",",PUNCT
phi0972.phi001.perseus-lat1.xml@46,8,propter,propter,ADP
phi0972.phi001.perseus-lat1.xml@46,9,quod,qui,PRON
phi0972.phi001.perseus-lat1.xml@46,10,periclitaretur,periclitor,VERB
phi0972.phi001.perseus-lat1.xml@46,11,;,;,PUNCT
phi0972.phi001.perseus-lat1.xml@47,1,subducta,subduco,VERB
phi0972.phi001.perseus-lat1.xml@47,2,enim,enim,PART
phi0972.phi001.perseus-lat1.xml@47,3,sibi,sui,PRON
phi0972.phi001.perseus-lat1.xml@47,4,vestimenta,vestimentum,NOUN
phi0972.phi001.perseus-lat1.xml@47,5,dispensatoris,dispensator,NOUN
phi0972.phi001.perseus-lat1.xml@47,6,in,in,ADP
phi0972.phi001.perseus-lat1.xml@47,7,balneo,balneum,NOUN
phi0972.phi001.perseus-lat1.xml@47,8,",",",",PUNCT
phi0972.phi001.perseus-lat1.xml@47,9,quae,qui,PRON
phi0972.phi001.perseus-lat1.xml@47,10,vix,vix,ADV
phi0972.phi001.perseus-lat1.xml@47,11,fuissent,sum,AUX
phi0972.phi001.perseus-lat1.xml@47,12,decem,decem,NUM
phi0972.phi001.perseus-lat1.xml@47,13,sestertiorum,sestertium,NOUN
phi0972.phi001.perseus-lat1.xml@47,14,.,.,PUNCT
phi0972.phi001.perseus-lat1.xml@50,1,Vestimenta,vestimentum,NOUN
phi0972.phi001.perseus-lat1.xml@50,2,mea,meus,DET
phi0972.phi001.perseus-lat1.xml@50,3,cubitoria,cubitaria,ADJ
phi0972.phi001.perseus-lat1.xml@50,4,perdidit,perdo,VERB
phi0972.phi001.perseus-lat1.xml@50,5,",",",",PUNCT
phi0972.phi001.perseus-lat1.xml@50,6,quae,qui,PRON
phi0972.phi001.perseus-lat1.xml@50,7,mihi,ego,PRON
phi0972.phi001.perseus-lat1.xml@50,8,natali,natalis,NOUN
phi0972.phi001.perseus-lat1.xml@50,9,meo,meus,DET
phi0972.phi001.perseus-lat1.xml@50,10,cliens,cliens,NOUN
phi0972.phi001.perseus-lat1.xml@50,11,quidam,quidam,DET
phi0972.phi001.perseus-lat1.xml@50,12,donaverat,dono,VERB
phi0972.phi001.perseus-lat1.xml@50,13,",",",",PUNCT
phi0972.phi001.perseus-lat1.xml@50,14,Tyria,Tyrius,ADJ
phi0972.phi001.perseus-lat1.xml@50,15,sine,sine,ADP
phi0972.phi001.perseus-lat1.xml@50,16,dubio,dubius,ADJ
phi0972.phi001.perseus-lat1.xml@50,17,",",",",PUNCT
phi0972.phi001.perseus-lat1.xml@50,18,sed,sed,CCONJ
phi0972.phi001.perseus-lat1.xml@50,19,iam,iam,ADV
phi0972.phi001.perseus-lat1.xml@50,20,semel,semel,ADV
phi0972.phi001.perseus-lat1.xml@50,21,lota,"lavo,",VERB
phi0972.phi001.perseus-lat1.xml@50,22,.,.,PUNCT
phi0972.phi001.perseus-lat1.xml@58,1,Ego,ego,PRON
phi0972.phi001.perseus-lat1.xml@58,2,experiri,experior,VERB
phi0972.phi001.perseus-lat1.xml@58,3,volui,volo,VERB
phi0972.phi001.perseus-lat1.xml@58,4,",",",",PUNCT
phi0972.phi001.perseus-lat1.xml@58,5,an,an,SCONJ
phi0972.phi001.perseus-lat1.xml@58,6,tota,totus,DET
phi0972.phi001.perseus-lat1.xml@58,7,familia,familia,NOUN
phi0972.phi001.perseus-lat1.xml@58,8,cantaret,canto,VERB
phi0972.phi001.perseus-lat1.xml@58,9,",",",",PUNCT
phi0972.phi001.perseus-lat1.xml@58,10,itaque,ita,ADV
phi0972.phi001.perseus-lat1.xml@58,11,potionem,potio,NOUN
phi0972.phi001.perseus-lat1.xml@58,12,poposci,posco,VERB
phi0972.phi001.perseus-lat1.xml@58,13,.,.,PUNCT
phi0972.phi001.perseus-lat1.xml@62,1,nam,nam,PART
phi0972.phi001.perseus-lat1.xml@62,2,iam,iam,ADV
phi0972.phi001.perseus-lat1.xml@62,3,omnes,omnis,DET
phi0972.phi001.perseus-lat1.xml@62,4,discubuerant,discumbo,VERB
phi0972.phi001.perseus-lat1.xml@62,5,praeter,praeter,ADP
phi0972.phi001.perseus-lat1.xml@62,6,ipsum,ipse,DET
phi0972.phi001.perseus-lat1.xml@62,7,Trimalchionem,Trimalchio,PROPN
phi0972.phi001.perseus-lat1.xml@62,8,",",",",PUNCT
phi0972.phi001.perseus-lat1.xml@62,9,cui,qui,PRON
phi0972.phi001.perseus-lat1.xml@62,10,locus,locus,NOUN
phi0972.phi001.perseus-lat1.xml@62,11,novo,novus,ADJ
phi0972.phi001.perseus-lat1.xml@62,12,more,mos,NOUN
phi0972.phi001.perseus-lat1.xml@62,13,primus,primus,ADJ
phi0972.phi001.perseus-lat1.xml@62,14,servabatur,servo,VERB
phi0972.phi001.perseus-lat1.xml@62,15,.,.,PUNCT
phi0972.phi001.perseus-lat1.xml@65,1,Ponticuli,ponticulus,NOUN
phi0972.phi001.perseus-lat1.xml@65,2,etiam,etiam,ADV
phi0972.phi001.perseus-lat1.xml@65,3,ferruminati,ferrumino,VERB
phi0972.phi001.perseus-lat1.xml@65,4,sustinebant,sustineo,VERB
phi0972.phi001.perseus-lat1.xml@65,5,glires,glis,NOUN
phi0972.phi001.perseus-lat1.xml@65,6,melle,mel,NOUN
phi0972.phi001.perseus-lat1.xml@65,7,ac,atque,CCONJ
phi0972.phi001.perseus-lat1.xml@65,8,papavere,papaver,NOUN
phi0972.phi001.perseus-lat1.xml@65,9,sparsos,spargo,VERB
phi0972.phi001.perseus-lat1.xml@65,10,.,.,PUNCT
phi0972.phi001.perseus-lat1.xml@68,1,Pallio,pallium,NOUN
phi0972.phi001.perseus-lat1.xml@68,2,enim,enim,PART
phi0972.phi001.perseus-lat1.xml@68,3,coccineo,coccineus,ADJ
phi0972.phi001.perseus-lat1.xml@68,4,adrasum,adrado,VERB
phi0972.phi001.perseus-lat1.xml@68,5,excluserat,excludo,VERB
phi0972.phi001.perseus-lat1.xml@68,6,caput,caput,NOUN
phi0972.phi001.perseus-lat1.xml@68,7-8,circaque,_,_
phi0972.phi001.perseus-lat1.xml@68,7,circa,circa,ADP
phi0972.phi001.perseus-lat1.xml@68,8,que,que,CCONJ
phi0972.phi001.perseus-lat1.xml@68,9,oneratas,onero,VERB
phi0972.phi001.perseus-lat1.xml@68,10,veste,vestis,NOUN
phi0972.phi001.perseus-lat1.xml@68,11,cervices,cervix,NOUN
phi0972.phi001.perseus-lat1.xml@68,12,laticlaviam,laticlavius,ADJ
phi0972.phi001.perseus-lat1.xml@68,13,immiserat,immitto,VERB
phi0972.phi001.perseus-lat1.xml@68,14,mappam,mappa,NOUN
phi0972.phi001.perseus-lat1.xml@68,15,fimbriis,fimbriae,NOUN
phi0972.phi001.perseus-lat1.xml@68,16,hinc,hinc,ADV
phi0972.phi001.perseus-lat1.xml@68,17,atque,atque,CCONJ
phi0972.phi001.perseus-lat1.xml@68,18,illinc,illinc,ADV
phi0972.phi001.perseus-lat1.xml@68,19,pendentibus,pendeo,VERB
phi0972.phi001.perseus-lat1.xml@68,20,.,.,PUNCT
phi0972.phi001.perseus-lat1.xml@70,1,Et,et,CCONJ
phi0972.phi001.perseus-lat1.xml@70,2,ne,ne,SCONJ
phi0972.phi001.perseus-lat1.xml@70,3,has,hic,DET
phi0972.phi001.perseus-lat1.xml@70,4,tantum,tantus,ADV
phi0972.phi001.perseus-lat1.xml@70,5,ostenderet,ostendo,VERB
phi0972.phi001.perseus-lat1.xml@70,6,divitias,divitiae,NOUN
phi0972.phi001.perseus-lat1.xml@70,7,",",",",PUNCT
phi0972.phi001.perseus-lat1.xml@70,8,dextrum,dexter,ADJ
phi0972.phi001.perseus-lat1.xml@70,9,nudavit,nudo,VERB
phi0972.phi001.perseus-lat1.xml@70,10,lacertum,lacertus,NOUN
phi0972.phi001.perseus-lat1.xml@70,11,armilla,armilla,NOUN
phi0972.phi001.perseus-lat1.xml@70,12,aurea,aureus,ADJ
phi0972.phi001.perseus-lat1.xml@70,13,cultum,colo,VERB
phi0972.phi001.perseus-lat1.xml@70,14,et,et,CCONJ
phi0972.phi001.perseus-lat1.xml@70,15,eboreo,eboreus,ADJ
phi0972.phi001.perseus-lat1.xml@70,16,circulo,circulus,NOUN
phi0972.phi001.perseus-lat1.xml@70,17,lamina,lamina,NOUN
phi0972.phi001.perseus-lat1.xml@70,18,splendente,splendeo,VERB
phi0972.phi001.perseus-lat1.xml@70,19,conexo,conecto,VERB
phi0972.phi001.perseus-lat1.xml@70,20,.,.,PUNCT
phi0972.phi001.perseus-lat1.xml@71,1,Ut,ut,ADV
phi0972.phi001.perseus-lat1.xml@71,2,deinde,deinde,ADV
phi0972.phi001.perseus-lat1.xml@71,3,pinna,pinna,NOUN
phi0972.phi001.perseus-lat1.xml@71,4,argentea,argenteus,ADJ
phi0972.phi001.perseus-lat1.xml@71,5,dentes,dens,NOUN
phi0972.phi001.perseus-lat1.xml@71,6,perfodit,perfodio,VERB
phi0972.phi001.perseus-lat1.xml@71,7,",",",",PUNCT
phi0972.phi001.perseus-lat1.xml@71,8,',',PUNCT
phi0972.phi001.perseus-lat1.xml@71,9,Amici,amicus,NOUN
phi0972.phi001.perseus-lat1.xml@71,10,',',PUNCT
phi0972.phi001.perseus-lat1.xml@71,11,inquit,inquam,VERB
phi0972.phi001.perseus-lat1.xml@71,12,',',PUNCT
phi0972.phi001.perseus-lat1.xml@71,13,nondum,nondum,ADV
phi0972.phi001.perseus-lat1.xml@71,14,mihi,ego,PRON
phi0972.phi001.perseus-lat1.xml@71,15,suave,suavis,ADJ
phi0972.phi001.perseus-lat1.xml@71,16,erat,sum,AUX
phi0972.phi001.perseus-lat1.xml@71,17,in,in,ADP
phi0972.phi001.perseus-lat1.xml@71,18,triclinium,triclinium,NOUN
phi0972.phi001.perseus-lat1.xml@71,19,venire,venio,VERB
phi0972.phi001.perseus-lat1.xml@71,20,",",",",PUNCT
phi0972.phi001.perseus-lat1.xml@71,21,sed,sed,CCONJ
phi0972.phi001.perseus-lat1.xml@71,22,ne,ne,SCONJ
phi0972.phi001.perseus-lat1.xml@71,23,diutius,diu,ADV
phi0972.phi001.perseus-lat1.xml@71,24,absentivos,absentivus,ADJ
phi0972.phi001.perseus-lat1.xml@71,25,morae,mora,NOUN
phi0972.phi001.perseus-lat1.xml@71,26,vobis,tu,PRON
phi0972.phi001.perseus-lat1.xml@71,27,essem,sum,AUX
phi0972.phi001.perseus-lat1.xml@71,28,",",",",PUNCT
phi0972.phi001.perseus-lat1.xml@71,29,omnem,omnis,DET
phi0972.phi001.perseus-lat1.xml@71,30,voluptatem,voluptas,NOUN
phi0972.phi001.perseus-lat1.xml@71,31,mihi,ego,PRON
phi0972.phi001.perseus-lat1.xml@71,32,negavi,nego,VERB
phi0972.phi001.perseus-lat1.xml@71,33,.,.,PUNCT
phi0972.phi001.perseus-lat1.xml@73,1,Sequebatur,sequor,VERB
phi0972.phi001.perseus-lat1.xml@73,2,puer,puer,NOUN
phi0972.phi001.perseus-lat1.xml@73,3,cum,cum,ADP
phi0972.phi001.perseus-lat1.xml@73,4,tabula,tabula,NOUN
phi0972.phi001.perseus-lat1.xml@73,5,terebinthina,terebinthinus,ADJ
phi0972.phi001.perseus-lat1.xml@73,6,et,et,CCONJ
phi0972.phi001.perseus-lat1.xml@73,7,crystallinis,crystallinus,ADJ
phi0972.phi001.perseus-lat1.xml@73,8,tesseris,tessera,NOUN
phi0972.phi001.perseus-lat1.xml@73,9,",",",",PUNCT
phi0972.phi001.perseus-lat1.xml@73,10-11,notavique,_,_
phi0972.phi001.perseus-lat1.xml@73,10,notavi,noto,VERB
phi0972.phi001.perseus-lat1.xml@73,11,que,que,CCONJ
phi0972.phi001.perseus-lat1.xml@73,12,rem,res,NOUN
phi0972.phi001.perseus-lat1.xml@73,13,omnium,omnis,DET
phi0972.phi001.perseus-lat1.xml@73,14,delicatissimam,delicatus,ADJ
phi0972.phi001.perseus-lat1.xml@73,15,.,.,PUNCT
phi0972.phi001.perseus-lat1.xml@74,1,Pro,pro,ADP
phi0972.phi001.perseus-lat1.xml@74,2,calculis,calculus,NOUN
phi0972.phi001.perseus-lat1.xml@74,3,enim,enim,PART
phi0972.phi001.perseus-lat1.xml@74,4,albis,albus,ADJ
phi0972.phi001.perseus-lat1.xml@74,5,ac,atque,CCONJ
phi0972.phi001.perseus-lat1.xml@74,6,nigris,niger,ADJ
phi0972.phi001.perseus-lat1.xml@74,7,aureos,aureus,ADJ
phi0972.phi001.perseus-lat1.xml@74,8-9,argenteosque,_,_
phi0972.phi001.perseus-lat1.xml@74,8,argenteos,argenteus,ADJ
phi0972.phi001.perseus-lat1.xml@74,9,que,que,CCONJ
phi0972.phi001.perseus-lat1.xml@74,10,habebat,habeo,VERB
phi0972.phi001.perseus-lat1.xml@74,11,denarios,denarius,NOUN
phi0972.phi001.perseus-lat1.xml@74,12,.,.,PUNCT
phi0972.phi001.perseus-lat1.xml@76,1,Accessere,accedo,VERB
phi0972.phi001.perseus-lat1.xml@76,2,continuo,continuo,ADV
phi0972.phi001.perseus-lat1.xml@76,3,duo,duo,NUM
phi0972.phi001.perseus-lat1.xml@76,4,servi,servus,NOUN
phi0972.phi001.perseus-lat1.xml@76,5,et,et,CCONJ
phi0972.phi001.perseus-lat1.xml@76,6,symphonia,symphonia,NOUN
phi0972.phi001.perseus-lat1.xml@76,7,strepente,strepo,VERB
phi0972.phi001.perseus-lat1.xml@76,8,scrutari,scrutor,VERB
phi0972.phi001.perseus-lat1.xml@76,9,paleam,palea,NOUN
phi0972.phi001.perseus-lat1.xml@76,10,coeperunt,coepio,VERB
phi0972.phi001.perseus-lat1.xml@76,11-12,erutaque,_,_
phi0972.phi001.perseus-lat1.xml@76,11,eruta,eruo,VERB
phi0972.phi001.perseus-lat1.xml@76,12,que,que,CCONJ
phi0972.phi001.perseus-lat1.xml@76,13,subinde,subinde,ADV
phi0972.phi001.perseus-lat1.xml@76,14,pavonina,pavoninus,ADJ
phi0972.phi001.perseus-lat1.xml@76,15,ova,ovum,NOUN
phi0972.phi001.perseus-lat1.xml@76,16,divisere,divido,VERB
phi0972.phi001.perseus-lat1.xml@76,17,convivis,conviva,NOUN
phi0972.phi001.perseus-lat1.xml@76,18,.,.,PUNCT
phi0972.phi001.perseus-lat1.xml@80,1,Accipimus,accipio,VERB
phi0972.phi001.perseus-lat1.xml@80,2,nos,nos,PRON
phi0972.phi001.perseus-lat1.xml@80,3,cochlearia,cochlear,NOUN
phi0972.phi001.perseus-lat1.xml@80,4,non,non,PART
phi0972.phi001.perseus-lat1.xml@80,5,minus,parvus,ADV
phi0972.phi001.perseus-lat1.xml@80,6,selibras,selibra,NOUN
phi0972.phi001.perseus-lat1.xml@80,7,pendentia,pendo,VERB
phi0972.phi001.perseus-lat1.xml@80,8-9,ovaque,_,_
phi0972.phi001.perseus-lat1.xml@80,8,ova,ovum,NOUN
phi0972.phi001.perseus-lat1.xml@80,9,que,que,CCONJ
phi0972.phi001.perseus-lat1.xml@80,10,ex,ex,ADP
phi0972.phi001.perseus-lat1.xml@80,11,farina,farina,NOUN
phi0972.phi001.perseus-lat1.xml@80,12,pingui,pinguis,ADJ
phi0972.phi001.perseus-lat1.xml@80,13,figurata,figuro,VERB
phi0972.phi001.perseus-lat1.xml@80,14,pertundimus,pertundo,VERB
phi0972.phi001.perseus-lat1.xml@80,15,.,.,PUNCT
phi0972.phi001.perseus-lat1.xml@81,1,Ego,ego,PRON
phi0972.phi001.perseus-lat1.xml@81,2,quidem,quidem,PART
phi0972.phi001.perseus-lat1.xml@81,3,paene,paene,ADV
phi0972.phi001.perseus-lat1.xml@81,4,proieci,proicio,VERB
phi0972.phi001.perseus-lat1.xml@81,5,partem,pars,NOUN
phi0972.phi001.perseus-lat1.xml@81,6,meam,meus,DET
phi0972.phi001.perseus-lat1.xml@81,7,",",",",PUNCT
phi0972.phi001.perseus-lat1.xml@81,8,nam,nam,PART
phi0972.phi001.perseus-lat1.xml@81,9,videbatur,video,VERB
phi0972.phi001.perseus-lat1.xml@81,10,mihi,ego,PRON
phi0972.phi001.perseus-lat1.xml@81,11,iam,iam,ADV
phi0972.phi001.perseus-lat1.xml@81,12,in,in,ADP
phi0972.phi001.perseus-lat1.xml@81,13,pullum,pullus,NOUN
phi0972.phi001.perseus-lat1.xml@81,14,coisse,coeo,VERB
phi0972.phi001.perseus-lat1.xml@81,15,.,.,PUNCT
phi0972.phi001.perseus-lat1.xml@84,1,Iam,iam,ADV
phi0972.phi001.perseus-lat1.xml@84,2,Trimalchio,Trimalchio,PROPN
phi0972.phi001.perseus-lat1.xml@84,3,eadem,idem,DET
phi0972.phi001.perseus-lat1.xml@84,4,omnia,omnis,DET
phi0972.phi001.perseus-lat1.xml@84,5,lusu,lusus,NOUN
phi0972.phi001.perseus-lat1.xml@84,6,intermisso,intermitto,VERB
phi0972.phi001.perseus-lat1.xml@84,7,poposcerat,posco,VERB
phi0972.phi001.perseus-lat1.xml@84,8-9,feceratque,_,_
phi0972.phi001.perseus-lat1.xml@84,8,fecerat,facio,VERB
phi0972.phi001.perseus-lat1.xml@84,9,que,que,CCONJ
phi0972.phi001.perseus-lat1.xml@84,10,potestatem,potestas,NOUN
phi0972.phi001.perseus-lat1.xml@84,11,clara,clarus,ADJ
phi0972.phi001.perseus-lat1.xml@84,12,voce,vox,NOUN
phi0972.phi001.perseus-lat1.xml@84,13,",",",",PUNCT
phi0972.phi001.perseus-lat1.xml@84,14,si,si,SCONJ
phi0972.phi001.perseus-lat1.xml@84,15,quis,quis,PRON
phi0972.phi001.perseus-lat1.xml@84,16,nostrum,nos,PRON
phi0972.phi001.perseus-lat1.xml@84,17,iterum,iterum,ADV
phi0972.phi001.perseus-lat1.xml@84,18,vellet,volo,VERB
phi0972.phi001.perseus-lat1.xml@84,19,mulsum,mulsum,NOUN
phi0972.phi001.perseus-lat1.xml@84,20,sumere,sumo,VERB
phi0972.phi001.perseus-lat1.xml@84,21,",",",",PUNCT
phi0972.phi001.perseus-lat1.xml@84,22,cum,cum,SCONJ
phi0972.phi001.perseus-lat1.xml@84,23,subito,subito,ADV
phi0972.phi001.perseus-lat1.xml@84,24,signum,signum,NOUN
phi0972.phi001.perseus-lat1.xml@84,25,symphonia,symphonia,NOUN
phi0972.phi001.perseus-lat1.xml@84,26,datur,do,VERB
phi0972.phi001.perseus-lat1.xml@84,27,et,et,CCONJ
phi0972.phi001.perseus-lat1.xml@84,28,gustatoria,gustatorium,NOUN
phi0972.phi001.perseus-lat1.xml@84,29,pariter,pariter,ADV
phi0972.phi001.perseus-lat1.xml@84,30,a,ab,ADP
phi0972.phi001.perseus-lat1.xml@84,31,choro,chorus,NOUN
phi0972.phi001.perseus-lat1.xml@84,32,cantante,canto,VERB
phi0972.phi001.perseus-lat1.xml@84,33,rapiuntur,rapio,VERB
phi0972.phi001.perseus-lat1.xml@84,34,.,.,PUNCT
phi0972.phi001.perseus-lat1.xml@87,1,Subinde,subinde,ADV
phi0972.phi001.perseus-lat1.xml@87,2,intraverunt,intro,VERB
phi0972.phi001.perseus-lat1.xml@87,3,duo,duo,NUM
phi0972.phi001.perseus-lat1.xml@87,4,Aethiopes,Aethiops,PROPN
phi0972.phi001.perseus-lat1.xml@87,5,capillati,capillatus,ADJ
phi0972.phi001.perseus-lat1.xml@87,6,cum,cum,SCONJ
phi0972.phi001.perseus-lat1.xml@87,7,pusillis,pusillus,ADJ
phi0972.phi001.perseus-lat1.xml@87,8,utribus,uter,NOUN
phi0972.phi001.perseus-lat1.xml@87,9,",",",",PUNCT
phi0972.phi001.perseus-lat1.xml@87,10,quales,qualis,DET
phi0972.phi001.perseus-lat1.xml@87,11,solent,soleo,VERB
phi0972.phi001.perseus-lat1.xml@87,12,esse,sum,AUX
phi0972.phi001.perseus-lat1.xml@87,13,qui,qui,PRON
phi0972.phi001.perseus-lat1.xml@87,14,harenam,harena,NOUN
phi0972.phi001.perseus-lat1.xml@87,15,in,in,ADP
phi0972.phi001.perseus-lat1.xml@87,16,amphitheatro,amphitheatrum,NOUN
phi0972.phi001.perseus-lat1.xml@87,17,spargunt,spargo,VERB
phi0972.phi001.perseus-lat1.xml@87,18,",",",",PUNCT
phi0972.phi001.perseus-lat1.xml@87,19-20,vinumque,_,_
phi0972.phi001.perseus-lat1.xml@87,19,vinum,vinum,NOUN
phi0972.phi001.perseus-lat1.xml@87,20,que,que,CCONJ
phi0972.phi001.perseus-lat1.xml@87,21,dedere,do,VERB
phi0972.phi001.perseus-lat1.xml@87,22,in,in,ADP
phi0972.phi001.perseus-lat1.xml@87,23,manus,manus,NOUN
phi0972.phi001.perseus-lat1.xml@87,24,;,;,PUNCT
phi0972.phi001.perseus-lat1.xml@88,1,aquam,aqua,NOUN
phi0972.phi001.perseus-lat1.xml@88,2,enim,enim,PART
phi0972.phi001.perseus-lat1.xml@88,3,nemo,nemo,NOUN
phi0972.phi001.perseus-lat1.xml@88,4,porrexit,porrigo,VERB
phi0972.phi001.perseus-lat1.xml@88,5,.,.,PUNCT
phi0972.phi001.perseus-lat1.xml@90,1,Itaque,ita,ADV
phi0972.phi001.perseus-lat1.xml@90,2,iussi,iubeo,VERB
phi0972.phi001.perseus-lat1.xml@90,3,suam,suus,DET
phi0972.phi001.perseus-lat1.xml@90,4,cuique,quisque,DET
phi0972.phi001.perseus-lat1.xml@90,5,mensam,mensa,NOUN
phi0972.phi001.perseus-lat1.xml@90,6,assignari,assigno,VERB
phi0972.phi001.perseus-lat1.xml@90,7,.,.,PUNCT
phi0972.phi001.perseus-lat1.xml@95,1,Quare,quare,INTJ
phi0972.phi001.perseus-lat1.xml@95,2,tengomenas,tengomena,NOUN
phi0972.phi001.perseus-lat1.xml@95,3,faciamus,facio,VERB
phi0972.phi001.perseus-lat1.xml@95,4,.,.,PUNCT
phi0972.phi001.perseus-lat1.xml@96,1,vita,vita,NOUN
phi0972.phi001.perseus-lat1.xml@96,2,vinum,vinum,NOUN
phi0972.phi001.perseus-lat1.xml@96,3,est,sum,AUX
phi0972.phi001.perseus-lat1.xml@96,4,.,.,PUNCT
phi0972.phi001.perseus-lat1.xml@100,1,Hanc,hic,DET
phi0972.phi001.perseus-lat1.xml@100,2,cum,cum,SCONJ
phi0972.phi001.perseus-lat1.xml@100,3,super,super,ADP
phi0972.phi001.perseus-lat1.xml@100,4,mensam,mensa,NOUN
phi0972.phi001.perseus-lat1.xml@100,5,semel,semel,ADV
phi0972.phi001.perseus-lat1.xml@100,6-7,iterumque,_,_
phi0972.phi001.perseus-lat1.xml@100,6,iterum,iterum,ADV
phi0972.phi001.perseus-lat1.xml@100,7,que,que,CCONJ
phi0972.phi001.perseus-lat1.xml@100,8,abiecisset,abicio,VERB
phi0972.phi001.perseus-lat1.xml@100,9,",",",",PUNCT
phi0972.phi001.perseus-lat1.xml@100,10,et,et,CCONJ
phi0972.phi001.perseus-lat1.xml@100,11,catenatio,catenatio,NOUN
phi0972.phi001.perseus-lat1.xml@100,12,mobilis,mobilis,ADJ
phi0972.phi001.perseus-lat1.xml@100,13,aliquot,aliquot,ADJ
phi0972.phi001.perseus-lat1.xml@100,14,figuras,figura,NOUN
phi0972.phi001.perseus-lat1.xml@100,15,exprimeret,exprimo,VERB
phi0972.phi001.perseus-lat1.xml@100,16,",",",",PUNCT
phi0972.phi001.perseus-lat1.xml@100,17,Trimalchio,Trimalchio,PROPN
phi0972.phi001.perseus-lat1.xml@100,18,adiecit,adiicio,VERB
phi0972.phi001.perseus-lat1.xml@100,19,:,:,PUNCT
phi0972.phi001.perseus-lat1.xml@102,1,Sic,sic,ADV
phi0972.phi001.perseus-lat1.xml@102,2,erimus,sum,AUX
phi0972.phi001.perseus-lat1.xml@102,3,cuncti,cunctus,DET
phi0972.phi001.perseus-lat1.xml@102,4,",",",",PUNCT
phi0972.phi001.perseus-lat1.xml@102,5,postquam,postquam,SCONJ
phi0972.phi001.perseus-lat1.xml@102,6,nos,nos,PRON
phi0972.phi001.perseus-lat1.xml@102,7,auferet,aufero,VERB
phi0972.phi001.perseus-lat1.xml@102,8,Orcus,Orcus,PROPN
phi0972.phi001.perseus-lat1.xml@102,9,.,.,PUNCT
phi0972.phi001.perseus-lat1.xml@105,1,novitas,novitas,NOUN
phi0972.phi001.perseus-lat1.xml@105,2,tamen,tamen,ADV
phi0972.phi001.perseus-lat1.xml@105,3,omnium,omnis,DET
phi0972.phi001.perseus-lat1.xml@105,4,convertit,converto,VERB
phi0972.phi001.perseus-lat1.xml@105,5,oculos,oculus,NOUN
phi0972.phi001.perseus-lat1.xml@105,6,.,.,PUNCT
phi0972.phi001.perseus-lat1.xml@106,1,Rotundum,rotundus,ADJ
phi0972.phi001.perseus-lat1.xml@106,2,enim,enim,PART
phi0972.phi001.perseus-lat1.xml@106,3,repositorium,repositorium,NOUN
phi0972.phi001.perseus-lat1.xml@106,4,duodecim,duodecim,NUM
phi0972.phi001.perseus-lat1.xml@106,5,habebat,habeo,VERB
phi0972.phi001.perseus-lat1.xml@106,6,signa,signum,NOUN
phi0972.phi001.perseus-lat1.xml@106,7,in,in,ADP
phi0972.phi001.perseus-lat1.xml@106,8,orbe,orbis,NOUN
phi0972.phi001.perseus-lat1.xml@106,9,disposita,dispono,VERB
phi0972.phi001.perseus-lat1.xml@106,10,",",",",PUNCT
phi0972.phi001.perseus-lat1.xml@106,11,super,super,ADP
phi0972.phi001.perseus-lat1.xml@106,12,quae,qui,PRON
phi0972.phi001.perseus-lat1.xml@106,13,proprium,proprius,ADJ
phi0972.phi001.perseus-lat1.xml@106,14-15,convenientemque,_,_
phi0972.phi001.perseus-lat1.xml@106,14,convenientem,convenio,VERB
phi0972.phi001.perseus-lat1.xml@106,15,que,que,CCONJ
phi0972.phi001.perseus-lat1.xml@106,16,materiae,materia,NOUN
phi0972.phi001.perseus-lat1.xml@106,17,structor,structor,NOUN
phi0972.phi001.perseus-lat1.xml@106,18,imposuerat,impono,VERB
phi0972.phi001.perseus-lat1.xml@106,19,cibum,cibus,NOUN
phi0972.phi001.perseus-lat1.xml@106,20,:,:,PUNCT
phi0972.phi001.perseus-lat1.xml@108,1,In,in,ADP
phi0972.phi001.perseus-lat1.xml@108,2,medio,medius,NOUN
phi0972.phi001.perseus-lat1.xml@108,3,autem,autem,PART
phi0972.phi001.perseus-lat1.xml@108,4,caespes,caespes,NOUN
phi0972.phi001.perseus-lat1.xml@108,5,cum,cum,ADP
phi0972.phi001.perseus-lat1.xml@108,6,herbis,herba,NOUN
phi0972.phi001.perseus-lat1.xml@108,7,excisus,excido,VERB
phi0972.phi001.perseus-lat1.xml@108,8,favum,favus,NOUN
phi0972.phi001.perseus-lat1.xml@108,9,sustinebat,sustineo,VERB
phi0972.phi001.perseus-lat1.xml@108,10,.,.,PUNCT
phi0972.phi001.perseus-lat1.xml@109,1,Circumferebat,circumfero,VERB
phi0972.phi001.perseus-lat1.xml@109,2,Aegyptius,Aegyptius,PROPN
phi0972.phi001.perseus-lat1.xml@109,3,puer,puer,NOUN
phi0972.phi001.perseus-lat1.xml@109,4,clibano,clibanus,NOUN
phi0972.phi001.perseus-lat1.xml@109,5,argenteo,argenteus,ADJ
phi0972.phi001.perseus-lat1.xml@109,6,panem,panis,NOUN
phi0972.phi001.perseus-lat1.xml@109,7,.,.,PUNCT
phi0972.phi001.perseus-lat1.xml@110,1,Atque,atque,CCONJ
phi0972.phi001.perseus-lat1.xml@110,2,ipse,ipse,DET
phi0972.phi001.perseus-lat1.xml@110,3,etiam,etiam,ADV
phi0972.phi001.perseus-lat1.xml@110,4,taeterrima,taeter,ADJ
phi0972.phi001.perseus-lat1.xml@110,5,voice,vox,NOUN
phi0972.phi001.perseus-lat1.xml@110,6,de,de,ADP
phi0972.phi001.perseus-lat1.xml@110,7,Laserpiciario,laserpiciarius,ADJ
phi0972.phi001.perseus-lat1.xml@110,8,mimo,mimus,NOUN
phi0972.phi001.perseus-lat1.xml@110,9,canticum,canticum,NOUN
phi0972.phi001.perseus-lat1.xml@110,10,extorsit,extorqueo,VERB
phi0972.phi001.perseus-lat1.xml@110,11,.,.,PUNCT
phi0972.phi001.perseus-lat1.xml@113,1,Haec,hic,DET
phi0972.phi001.perseus-lat1.xml@113,2,ut,ut,SCONJ
phi0972.phi001.perseus-lat1.xml@113,3,dixit,dico,VERB
phi0972.phi001.perseus-lat1.xml@113,4,",",",",PUNCT
phi0972.phi001.perseus-lat1.xml@113,5,ad,ad,ADP
phi0972.phi001.perseus-lat1.xml@113,6,symphoniam,symphonia,NOUN
phi0972.phi001.perseus-lat1.xml@113,7,quattuor,quattuor,NUM
phi0972.phi001.perseus-lat1.xml@113,8,tripudiantes,tripudio,VERB
phi0972.phi001.perseus-lat1.xml@113,9,procurrerunt,procurro,VERB
phi0972.phi001.perseus-lat1.xml@113,10-11,superioremque,_,_
phi0972.phi001.perseus-lat1.xml@113,10,superiorem,superus,ADJ
phi0972.phi001.perseus-lat1.xml@113,11,que,que,CCONJ
phi0972.phi001.perseus-lat1.xml@113,12,partem,pars,NOUN
phi0972.phi001.perseus-lat1.xml@113,13,repositorii,repositorium,NOUN
phi0972.phi001.perseus-lat1.xml@113,14,abstulerunt,aufero,VERB
phi0972.phi001.perseus-lat1.xml@113,15,.,.,PUNCT
phi0972.phi001.perseus-lat1.xml@116,1,Damus,do,VERB
phi0972.phi001.perseus-lat1.xml@116,2,omnes,omnes,NOUN
phi0972.phi001.perseus-lat1.xml@116,3,plausum,plausus,NOUN
phi0972.phi001.perseus-lat1.xml@116,4,a,ab,ADP
phi0972.phi001.perseus-lat1.xml@116,5,familia,familia,NOUN
phi0972.phi001.perseus-lat1.xml@116,6,inceptum,incipio,VERB
phi0972.phi001.perseus-lat1.xml@116,7,et,et,CCONJ
phi0972.phi001.perseus-lat1.xml@116,8,res,res,NOUN
phi0972.phi001.perseus-lat1.xml@116,9,electissimas,electus,ADJ
phi0972.phi001.perseus-lat1.xml@116,10,ridentes,rideo,VERB
phi0972.phi001.perseus-lat1.xml@116,11,aggredimur,aggredior,VERB
phi0972.phi001.perseus-lat1.xml@116,12,.,.,PUNCT
phi0972.phi001.perseus-lat1.xml@118,1,Processit,procedo,VERB
phi0972.phi001.perseus-lat1.xml@118,2,statim,statim,ADV
phi0972.phi001.perseus-lat1.xml@118,3,scissor,scissor,NOUN
phi0972.phi001.perseus-lat1.xml@118,4,et,et,CCONJ
phi0972.phi001.perseus-lat1.xml@118,5,ad,ad,ADP
phi0972.phi001.perseus-lat1.xml@118,6,symphoniam,symphonia,NOUN
phi0972.phi001.perseus-lat1.xml@118,7,gesticulatus,gesticulor,VERB
phi0972.phi001.perseus-lat1.xml@118,8,ita,ita,ADV
phi0972.phi001.perseus-lat1.xml@118,9,laceravit,lacero,VERB
phi0972.phi001.perseus-lat1.xml@118,10,obsonium,obsonium,NOUN
phi0972.phi001.perseus-lat1.xml@118,11,",",",",PUNCT
phi0972.phi001.perseus-lat1.xml@118,12,ut,ut,SCONJ
phi0972.phi001.perseus-lat1.xml@118,13,putares,puto,VERB
phi0972.phi001.perseus-lat1.xml@118,14,essedarium,essedarius,NOUN
phi0972.phi001.perseus-lat1.xml@118,15,hydraule,hydraulus,NOUN
phi0972.phi001.perseus-lat1.xml@118,16,cantante,canto,VERB
phi0972.phi001.perseus-lat1.xml@118,17,pugnare,pugno,VERB
phi0972.phi001.perseus-lat1.xml@118,18,.,.,PUNCT
phi0972.phi001.perseus-lat1.xml@119,1,Ingerebat,ingero,VERB
phi0972.phi001.perseus-lat1.xml@119,2,nihilo,nihilum,NOUN
phi0972.phi001.perseus-lat1.xml@119,3,minus,parvus,ADV
phi0972.phi001.perseus-lat1.xml@119,4,Trimalchio,Trimalchio,PROPN
phi0972.phi001.perseus-lat1.xml@119,5,lentissima,lentus,ADJ
phi0972.phi001.perseus-lat1.xml@119,6,voce,vox,NOUN
phi0972.phi001.perseus-lat1.xml@119,7,:,:,PUNCT
phi0972.phi001.perseus-lat1.xml@121,1,Ego,ego,PRON
phi0972.phi001.perseus-lat1.xml@121,2,suspicatus,suspicor,VERB
phi0972.phi001.perseus-lat1.xml@121,3,ad,ad,ADP
phi0972.phi001.perseus-lat1.xml@121,4,aliquam,aliqui,DET
phi0972.phi001.perseus-lat1.xml@121,5,urbanitatem,urbanitas,NOUN
phi0972.phi001.perseus-lat1.xml@121,6,totiens,totiens,ADV
phi0972.phi001.perseus-lat1.xml@121,7,iteratam,itero,VERB
phi0972.phi001.perseus-lat1.xml@121,8,vocem,vox,NOUN
phi0972.phi001.perseus-lat1.xml@121,9,pertinere,pertineo,VERB
phi0972.phi001.perseus-lat1.xml@121,10,",",",",PUNCT
phi0972.phi001.perseus-lat1.xml@121,11,non,non,PART
phi0972.phi001.perseus-lat1.xml@121,12,erubui,erubesco,VERB
phi0972.phi001.perseus-lat1.xml@121,13,eum,is,PRON
phi0972.phi001.perseus-lat1.xml@121,14,",",",",PUNCT
phi0972.phi001.perseus-lat1.xml@121,15,qui,qui,PRON
phi0972.phi001.perseus-lat1.xml@121,16,supra,supra,ADP
phi0972.phi001.perseus-lat1.xml@121,17,me,ego,PRON
phi0972.phi001.perseus-lat1.xml@121,18,accumbebat,accumbo,VERB
phi0972.phi001.perseus-lat1.xml@121,19,",",",",PUNCT
phi0972.phi001.perseus-lat1.xml@121,20,hoc,hic,DET
phi0972.phi001.perseus-lat1.xml@121,21,ipsum,ipse,DET
phi0972.phi001.perseus-lat1.xml@121,22,interrogare,interrogo,VERB
phi0972.phi001.perseus-lat1.xml@121,23,.,.,PUNCT
phi0972.phi001.perseus-lat1.xml@123,1,Carpus,Carpus,PROPN
phi0972.phi001.perseus-lat1.xml@123,2,vocatur,voco,VERB
phi0972.phi001.perseus-lat1.xml@123,3,.,.,PUNCT
phi0972.phi001.perseus-lat1.xml@125,1,Non,non,PART
phi0972.phi001.perseus-lat1.xml@125,2,potui,possum,VERB
phi0972.phi001.perseus-lat1.xml@125,3,amplius,amplus,ADJ
phi0972.phi001.perseus-lat1.xml@125,4,quicquam,quisquam,DET
phi0972.phi001.perseus-lat1.xml@125,5,gustare,gusto,VERB
phi0972.phi001.perseus-lat1.xml@125,6,",",",",PUNCT
phi0972.phi001.perseus-lat1.xml@125,7,sed,sed,CCONJ
phi0972.phi001.perseus-lat1.xml@125,8,conversus,converto,VERB
phi0972.phi001.perseus-lat1.xml@125,9,ad,ad,ADP
phi0972.phi001.perseus-lat1.xml@125,10,eum,is,PRON
phi0972.phi001.perseus-lat1.xml@125,11,",",",",PUNCT
phi0972.phi001.perseus-lat1.xml@125,12,ut,ut,SCONJ
phi0972.phi001.perseus-lat1.xml@125,13,quam,quam,ADV
phi0972.phi001.perseus-lat1.xml@125,14,plurima,multus,DET
phi0972.phi001.perseus-lat1.xml@125,15,exciperem,excipio,VERB
phi0972.phi001.perseus-lat1.xml@125,16,",",",",PUNCT
phi0972.phi001.perseus-lat1.xml@125,17,longe,longus,ADV
phi0972.phi001.perseus-lat1.xml@125,18,accersere,arcesso,VERB
phi0972.phi001.perseus-lat1.xml@125,19,fabulas,fabula,NOUN
phi0972.phi001.perseus-lat1.xml@125,20,coepi,coepio,VERB
phi0972.phi001.perseus-lat1.xml@125,21-22,sciscitarique,_,_
phi0972.phi001.perseus-lat1.xml@125,21,sciscitari,sciscitor,VERB
phi0972.phi001.perseus-lat1.xml@125,22,que,que,CCONJ
phi0972.phi001.perseus-lat1.xml@125,23,",",",",PUNCT
phi0972.phi001.perseus-lat1.xml@125,24,quae,quis,PRON
phi0972.phi001.perseus-lat1.xml@125,25,esset,sum,AUX
phi0972.phi001.perseus-lat1.xml@125,26,mulier,mulier,NOUN
phi0972.phi001.perseus-lat1.xml@125,27,illa,ille,DET
phi0972.phi001.perseus-lat1.xml@125,28,",",",",PUNCT
phi0972.phi001.perseus-lat1.xml@125,29,quae,qui,PRON
phi0972.phi001.perseus-lat1.xml@125,30,huc,huc,ADV
phi0972.phi001.perseus-lat1.xml@125,31,atque,atque,CCONJ
phi0972.phi001.perseus-lat1.xml@125,32,illuc,illic,ADV
phi0972.phi001.perseus-lat1.xml@125,33,discurreret,discurro,VERB
phi0972.phi001.perseus-lat1.xml@125,34,.,.,PUNCT
phi0972.phi001.perseus-lat1.xml@128,1,Ignoscet,ignosco,VERB
phi0972.phi001.perseus-lat1.xml@128,2,milli,ego,PRON
phi0972.phi001.perseus-lat1.xml@128,3,genius,genius,NOUN
phi0972.phi001.perseus-lat1.xml@128,4,tuus,tuus,DET
phi0972.phi001.perseus-lat1.xml@128,5,",",",",PUNCT
phi0972.phi001.perseus-lat1.xml@128,6,noluisses,nolo,VERB
phi0972.phi001.perseus-lat1.xml@128,7,de,de,ADP
phi0972.phi001.perseus-lat1.xml@128,8,manu,manus,NOUN
phi0972.phi001.perseus-lat1.xml@128,9,illius,ille,DET
phi0972.phi001.perseus-lat1.xml@128,10,panem,panis,NOUN
phi0972.phi001.perseus-lat1.xml@128,11,accipere,accipio,VERB
phi0972.phi001.perseus-lat1.xml@128,12,.,.,PUNCT
phi0972.phi001.perseus-lat1.xml@132,1,sed,sed,CCONJ
phi0972.phi001.perseus-lat1.xml@132,2,haec,hic,DET
phi0972.phi001.perseus-lat1.xml@132,3,lupatria,lupatria,NOUN
phi0972.phi001.perseus-lat1.xml@132,4,providet,provideo,VERB
phi0972.phi001.perseus-lat1.xml@132,5,omnia,omnis,DET
phi0972.phi001.perseus-lat1.xml@132,6,et,et,ADV
phi0972.phi001.perseus-lat1.xml@132,7,ubi,ubi,SCONJ
phi0972.phi001.perseus-lat1.xml@132,8,non,non,PART
phi0972.phi001.perseus-lat1.xml@132,9,putes,puto,VERB
phi0972.phi001.perseus-lat1.xml@132,10,.,.,PUNCT
phi0972.phi001.perseus-lat1.xml@133,1,Ad,ad,ADP
phi0972.phi001.perseus-lat1.xml@133,2,summam,summa,NOUN
phi0972.phi001.perseus-lat1.xml@133,3,",",",",PUNCT
phi0972.phi001.perseus-lat1.xml@133,4,quemvis,quivis,PRON
phi0972.phi001.perseus-lat1.xml@133,5,ex,ex,ADP
phi0972.phi001.perseus-lat1.xml@133,6,istis,iste,DET
phi0972.phi001.perseus-lat1.xml@133,7,babaecalis,babaeculus,NOUN
phi0972.phi001.perseus-lat1.xml@133,8,in,in,ADP
phi0972.phi001.perseus-lat1.xml@133,9,rutae,ruta,NOUN
phi0972.phi001.perseus-lat1.xml@133,10,folium,folium,NOUN
phi0972.phi001.perseus-lat1.xml@133,11,coniciet,conicio,VERB
phi0972.phi001.perseus-lat1.xml@133,12,.,.,PUNCT
phi0972.phi001.perseus-lat1.xml@135,1,Omnia,omnis,DET
phi0972.phi001.perseus-lat1.xml@135,2,domi,domus,NOUN
phi0972.phi001.perseus-lat1.xml@135,3,nascuntur,nascor,VERB
phi0972.phi001.perseus-lat1.xml@135,4,:,:,PUNCT
phi0972.phi001.perseus-lat1.xml@136,1,lana,lana,NOUN
phi0972.phi001.perseus-lat1.xml@136,2,",",",",PUNCT
phi0972.phi001.perseus-lat1.xml@136,3,credrae,credra,NOUN
phi0972.phi001.perseus-lat1.xml@136,4,",",",",PUNCT
phi0972.phi001.perseus-lat1.xml@136,5,piper,piper,NOUN
phi0972.phi001.perseus-lat1.xml@136,6,",",",",PUNCT
phi0972.phi001.perseus-lat1.xml@136,7,lacte,lac,NOUN
phi0972.phi001.perseus-lat1.xml@136,8,gallinaceum,gallinaceus,ADJ
phi0972.phi001.perseus-lat1.xml@136,9,si,si,SCONJ
phi0972.phi001.perseus-lat1.xml@136,10,quaesieris,quaero,VERB
phi0972.phi001.perseus-lat1.xml@136,11,",",",",PUNCT
phi0972.phi001.perseus-lat1.xml@136,12,invenies,invenio,VERB
phi0972.phi001.perseus-lat1.xml@136,13,.,.,PUNCT
phi0972.phi001.perseus-lat1.xml@137,1,Ad,ad,ADP
phi0972.phi001.perseus-lat1.xml@137,2,summam,summa,NOUN
phi0972.phi001.perseus-lat1.xml@137,3,",",",",PUNCT
phi0972.phi001.perseus-lat1.xml@137,4,parum,parum,ADV
phi0972.phi001.perseus-lat1.xml@137,5,illi,ille,DET
phi0972.phi001.perseus-lat1.xml@137,6,bona,bonus,ADJ
phi0972.phi001.perseus-lat1.xml@137,7,lana,lana,NOUN
phi0972.phi001.perseus-lat1.xml@137,8,nascebatur,nascor,VERB
phi0972.phi001.perseus-lat1.xml@137,9,;,;,PUNCT
phi0972.phi001.perseus-lat1.xml@138,1,arietes,aries,NOUN
phi0972.phi001.perseus-lat1.xml@138,2,a,ab,ADP
phi0972.phi001.perseus-lat1.xml@138,3,Tarento,Tarentum,PROPN
phi0972.phi001.perseus-lat1.xml@138,4,emit,emo,VERB
phi0972.phi001.perseus-lat1.xml@138,5,",",",",PUNCT
phi0972.phi001.perseus-lat1.xml@138,6,et,et,CCONJ
phi0972.phi001.perseus-lat1.xml@138,7,eos,is,PRON
phi0972.phi001.perseus-lat1.xml@138,8,culavit,culo,VERB
phi0972.phi001.perseus-lat1.xml@138,9,in,in,ADP
phi0972.phi001.perseus-lat1.xml@138,10,gregem,grex,NOUN
phi0972.phi001.perseus-lat1.xml@138,11,.,.,PUNCT
phi0972.phi001.perseus-lat1.xml@139,1,Mel,mel,NOUN
phi0972.phi001.perseus-lat1.xml@139,2,Atticum,Atticus,ADJ
phi0972.phi001.perseus-lat1.xml@139,3,ut,ut,SCONJ
phi0972.phi001.perseus-lat1.xml@139,4,domi,domus,NOUN
phi0972.phi001.perseus-lat1.xml@139,5,nasceretur,nascor,VERB
phi0972.phi001.perseus-lat1.xml@139,6,",",",",PUNCT
phi0972.phi001.perseus-lat1.xml@139,7,apes,apis,NOUN
phi0972.phi001.perseus-lat1.xml@139,8,ab,ab,ADP
phi0972.phi001.perseus-lat1.xml@139,9,Athenis,Athenae,PROPN
phi0972.phi001.perseus-lat1.xml@139,10,iussit,iubeo,VERB
phi0972.phi001.perseus-lat1.xml@139,11,afferri,affero,VERB
phi0972.phi001.perseus-lat1.xml@139,12,;,;,PUNCT
phi0972.phi001.perseus-lat1.xml@140,1,obiter,obiter,ADV
phi0972.phi001.perseus-lat1.xml@140,2,et,et,CCONJ
phi0972.phi001.perseus-lat1.xml@140,3,vernaculae,vernaculus,ADJ
phi0972.phi001.perseus-lat1.xml@140,4,quae,qui,PRON
phi0972.phi001.perseus-lat1.xml@140,5,sunt,sum,AUX
phi0972.phi001.perseus-lat1.xml@140,6,",",",",PUNCT
phi0972.phi001.perseus-lat1.xml@140,7,meliusculae,meliusculus,ADJ
phi0972.phi001.perseus-lat1.xml@140,8,a,ab,ADP
phi0972.phi001.perseus-lat1.xml@140,9,Graeculis,Graeculus,PROPN
phi0972.phi001.perseus-lat1.xml@140,10,fient,fio,VERB
phi0972.phi001.perseus-lat1.xml@140,11,.,.,PUNCT
phi0972.phi001.perseus-lat1.xml@141,1,Ecce,ecce,PART
phi0972.phi001.perseus-lat1.xml@141,2,intra,intra,ADP
phi0972.phi001.perseus-lat1.xml@141,3,hos,hic,DET
phi0972.phi001.perseus-lat1.xml@141,4,dies,dies,NOUN
phi0972.phi001.perseus-lat1.xml@141,5,scripsit,scribo,VERB
phi0972.phi001.perseus-lat1.xml@141,6,",",",",PUNCT
phi0972.phi001.perseus-lat1.xml@141,7,ut,ut,SCONJ
phi0972.phi001.perseus-lat1.xml@141,8,illi,ille,DET
phi0972.phi001.perseus-lat1.xml@141,9,ex,ex,ADP
phi0972.phi001.perseus-lat1.xml@141,10,India,India,PROPN
phi0972.phi001.perseus-lat1.xml@141,11,semen,semen,NOUN
phi0972.phi001.perseus-lat1.xml@141,12,boletorum,boletus,NOUN
phi0972.phi001.perseus-lat1.xml@141,13,mitteretur,mitto,VERB
phi0972.phi001.perseus-lat1.xml@141,14,.,.,PUNCT
phi0972.phi001.perseus-lat1.xml@143,1,Vides,video,VERB
phi0972.phi001.perseus-lat1.xml@143,2,tot,tot,DET
phi0972.phi001.perseus-lat1.xml@143,3,culcitras,culcitra,NOUN
phi0972.phi001.perseus-lat1.xml@143,4,:,:,PUNCT
phi0972.phi001.perseus-lat1.xml@144,1,nulla,nullus,DET
phi0972.phi001.perseus-lat1.xml@144,2,non,non,PART
phi0972.phi001.perseus-lat1.xml@144,3,aut,aut,CCONJ
phi0972.phi001.perseus-lat1.xml@144,4,conchyliatum,conchyliatus,ADJ
phi0972.phi001.perseus-lat1.xml@144,5,aut,aut,CCONJ
phi0972.phi001.perseus-lat1.xml@144,6,coccineum,coccineus,ADJ
phi0972.phi001.perseus-lat1.xml@144,7,tomentum,tomentum,NOUN
phi0972.phi001.perseus-lat1.xml@144,8,habet,habeo,VERB
phi0972.phi001.perseus-lat1.xml@144,9,.,.,PUNCT
phi0972.phi001.perseus-lat1.xml@145,1,Tanta,tantus,DET
phi0972.phi001.perseus-lat1.xml@145,2,est,sum,AUX
phi0972.phi001.perseus-lat1.xml@145,3,animi,animus,NOUN
phi0972.phi001.perseus-lat1.xml@145,4,beatitudo,beatitudo,NOUN
phi0972.phi001.perseus-lat1.xml@145,5,.,.,PUNCT
phi0972.phi001.perseus-lat1.xml@146,1,Reliquos,reliquus,DET
phi0972.phi001.perseus-lat1.xml@146,2,autem,autem,PART
phi0972.phi001.perseus-lat1.xml@146,3,collibertos,collibertus,NOUN
phi0972.phi001.perseus-lat1.xml@146,4,eius,is,PRON
phi0972.phi001.perseus-lat1.xml@146,5,cave,caveo,VERB
phi0972.phi001.perseus-lat1.xml@146,6,contemnas,contemno,VERB
phi0972.phi001.perseus-lat1.xml@146,7,.,.,PUNCT
phi0972.phi001.perseus-lat1.xml@147,1,Valde,validus,ADV
phi0972.phi001.perseus-lat1.xml@147,2,sucossi,sucossus,ADJ
phi0972.phi001.perseus-lat1.xml@147,3,sunt,sum,AUX
phi0972.phi001.perseus-lat1.xml@147,4,.,.,PUNCT
phi0972.phi001.perseus-lat1.xml@149,1,hodie,hodie,ADV
phi0972.phi001.perseus-lat1.xml@149,2,sua,suus,DET
phi0972.phi001.perseus-lat1.xml@149,3,octingenta,octingenti,ADJ
phi0972.phi001.perseus-lat1.xml@149,4,possidet,possideo,VERB
phi0972.phi001.perseus-lat1.xml@149,5,.,.,PUNCT
phi0972.phi001.perseus-lat1.xml@150,1,De,de,ADP
phi0972.phi001.perseus-lat1.xml@150,2,nihilo,nihilum,NOUN
phi0972.phi001.perseus-lat1.xml@150,3,crevit,cerno,VERB
phi0972.phi001.perseus-lat1.xml@150,4,.,.,PUNCT
phi0972.phi001.perseus-lat1.xml@151,1,Modo,modo,ADV
phi0972.phi001.perseus-lat1.xml@151,2,solebat,soleo,VERB
phi0972.phi001.perseus-lat1.xml@151,3,collo,collum,NOUN
phi0972.phi001.perseus-lat1.xml@151,4,suo,suus,DET
phi0972.phi001.perseus-lat1.xml@151,5,ligna,lignum,NOUN
phi0972.phi001.perseus-lat1.xml@151,6,portare,porto,VERB
phi0972.phi001.perseus-lat1.xml@151,7,.,.,PUNCT
phi0972.phi001.perseus-lat1.xml@153,1,Ego,ego,PRON
phi0972.phi001.perseus-lat1.xml@153,2,nemini,nemo,NOUN
phi0972.phi001.perseus-lat1.xml@153,3,invideo,invideo,VERB
phi0972.phi001.perseus-lat1.xml@153,4,",",",",PUNCT
phi0972.phi001.perseus-lat1.xml@153,5,si,si,SCONJ
phi0972.phi001.perseus-lat1.xml@153,6,quid,quis,PRON
phi0972.phi001.perseus-lat1.xml@153,7,deus,deus,NOUN
phi0972.phi001.perseus-lat1.xml@153,8,dedit,dedo,VERB
phi0972.phi001.perseus-lat1.xml@153,9,.,.,PUNCT
phi0972.phi001.perseus-lat1.xml@155,1,Itaque,ita,ADV
phi0972.phi001.perseus-lat1.xml@155,2,proxime,proxime,ADV
phi0972.phi001.perseus-lat1.xml@155,3,casam,casa,NOUN
phi0972.phi001.perseus-lat1.xml@155,4,hoc,hic,DET
phi0972.phi001.perseus-lat1.xml@155,5,titulo,titulus,NOUN
phi0972.phi001.perseus-lat1.xml@155,6,proscripsit,proscribo,VERB
phi0972.phi001.perseus-lat1.xml@155,7,:,:,PUNCT
phi0972.phi001.perseus-lat1.xml@158,1,Quid,Quid,ADV
phi0972.phi001.perseus-lat1.xml@158,2,ille,ille,DET
phi0972.phi001.perseus-lat1.xml@158,3,qui,qui,PRON
phi0972.phi001.perseus-lat1.xml@158,4,libertini,libertinus,NOUN
phi0972.phi001.perseus-lat1.xml@158,5,loco,locus,NOUN
phi0972.phi001.perseus-lat1.xml@158,6,iacet,iaceo,VERB
phi0972.phi001.perseus-lat1.xml@158,7,",",",",PUNCT
phi0972.phi001.perseus-lat1.xml@158,8,quam,quam,ADV
phi0972.phi001.perseus-lat1.xml@158,9,bene,benus,ADV
phi0972.phi001.perseus-lat1.xml@158,10,se,sui,PRON
phi0972.phi001.perseus-lat1.xml@158,11,habuit,habeo,VERB
phi0972.phi001.perseus-lat1.xml@158,12,.,.,PUNCT
phi0972.phi001.perseus-lat1.xml@159,1,Non,non,PART
phi0972.phi001.perseus-lat1.xml@159,2,impropero,impropero,VERB
phi0972.phi001.perseus-lat1.xml@159,3,illi,ille,DET
phi0972.phi001.perseus-lat1.xml@159,4,.,.,PUNCT
phi0972.phi001.perseus-lat1.xml@160,1,Sestertium,sestertium,NOUN
phi0972.phi001.perseus-lat1.xml@160,2,suum,suus,DET
phi0972.phi001.perseus-lat1.xml@160,3,vidit,video,VERB
phi0972.phi001.perseus-lat1.xml@160,4,decies,decies,ADV
phi0972.phi001.perseus-lat1.xml@160,5,",",",",PUNCT
phi0972.phi001.perseus-lat1.xml@160,6,sed,sed,CCONJ
phi0972.phi001.perseus-lat1.xml@160,7,male,malus,ADV
phi0972.phi001.perseus-lat1.xml@160,8,vacillavit,vacillo,VERB
phi0972.phi001.perseus-lat1.xml@160,9,.,.,PUNCT
phi0972.phi001.perseus-lat1.xml@162,1,ipso,ipse,DET
phi0972.phi001.perseus-lat1.xml@162,2,enim,enim,PART
phi0972.phi001.perseus-lat1.xml@162,3,homo,homo,NOUN
phi0972.phi001.perseus-lat1.xml@162,4,melior,bonus,ADJ
phi0972.phi001.perseus-lat1.xml@162,5,non,non,PART
phi0972.phi001.perseus-lat1.xml@162,6,est,sum,AUX
phi0972.phi001.perseus-lat1.xml@162,7,;,;,PUNCT
phi0972.phi001.perseus-lat1.xml@163,1,sed,sed,CCONJ
phi0972.phi001.perseus-lat1.xml@163,2,liberti,libertus,NOUN
phi0972.phi001.perseus-lat1.xml@163,3,scelerati,scelero,VERB
phi0972.phi001.perseus-lat1.xml@163,4,",",",",PUNCT
phi0972.phi001.perseus-lat1.xml@163,5,qui,qui,PRON
phi0972.phi001.perseus-lat1.xml@163,6,omnia,omnis,DET
phi0972.phi001.perseus-lat1.xml@163,7,ad,ad,ADP
phi0972.phi001.perseus-lat1.xml@163,8,se,sui,PRON
phi0972.phi001.perseus-lat1.xml@163,9,fecerunt,facio,VERB
phi0972.phi001.perseus-lat1.xml@163,10,.,.,PUNCT
phi0972.phi001.perseus-lat1.xml@164,1,Scito,scio,VERB
phi0972.phi001.perseus-lat1.xml@164,2,autem,autem,PART
phi0972.phi001.perseus-lat1.xml@164,3,:,:,PUNCT
phi0972.phi001.perseus-lat1.xml@167,1,Libitinarius,libitinarius,NOUN
phi0972.phi001.perseus-lat1.xml@167,2,fuit,sum,AUX
phi0972.phi001.perseus-lat1.xml@167,3,.,.,PUNCT
phi0972.phi001.perseus-lat1.xml@170,1,Plus,multus,DET
phi0972.phi001.perseus-lat1.xml@170,2,vini,vinum,NOUN
phi0972.phi001.perseus-lat1.xml@170,3,sub,sub,ADP
phi0972.phi001.perseus-lat1.xml@170,4,mensa,mensa,NOUN
phi0972.phi001.perseus-lat1.xml@170,5,effundebatur,effundo,VERB
phi0972.phi001.perseus-lat1.xml@170,6,",",",",PUNCT
phi0972.phi001.perseus-lat1.xml@170,7,quam,quam,SCONJ
phi0972.phi001.perseus-lat1.xml@170,8,aliquis,aliquis,PRON
phi0972.phi001.perseus-lat1.xml@170,9,in,in,ADP
phi0972.phi001.perseus-lat1.xml@170,10,cella,cella,NOUN
phi0972.phi001.perseus-lat1.xml@170,11,habet,habeo,VERB
phi0972.phi001.perseus-lat1.xml@170,12,.,.,PUNCT
phi0972.phi001.perseus-lat1.xml@172,1,Inclinatis,inclino,VERB
phi0972.phi001.perseus-lat1.xml@172,2,quoque,quoque,PART
phi0972.phi001.perseus-lat1.xml@172,3,rebus,res,NOUN
phi0972.phi001.perseus-lat1.xml@172,4,suis,suus,DET
phi0972.phi001.perseus-lat1.xml@172,5,",",",",PUNCT
phi0972.phi001.perseus-lat1.xml@172,6,cum,cum,SCONJ
phi0972.phi001.perseus-lat1.xml@172,7,timeret,timeo,VERB
phi0972.phi001.perseus-lat1.xml@172,8,ne,ne,SCONJ
phi0972.phi001.perseus-lat1.xml@172,9,creditores,creditor,NOUN
phi0972.phi001.perseus-lat1.xml@172,10,ilium,ille,DET
phi0972.phi001.perseus-lat1.xml@172,11,conturbare,conturbo,VERB
phi0972.phi001.perseus-lat1.xml@172,12,existimarent,existimo,VERB
phi0972.phi001.perseus-lat1.xml@172,13,",",",",PUNCT
phi0972.phi001.perseus-lat1.xml@172,14,hoc,hic,DET
phi0972.phi001.perseus-lat1.xml@172,15,titulo,titulus,NOUN
phi0972.phi001.perseus-lat1.xml@172,16,auctionem,auctio,NOUN
phi0972.phi001.perseus-lat1.xml@172,17,proscripsit,proscribo,VERB
phi0972.phi001.perseus-lat1.xml@172,18,:,:,PUNCT
phi0972.phi001.perseus-lat1.xml@174,1,Interpellavit,interpello,VERB
phi0972.phi001.perseus-lat1.xml@174,2,tam,tam,ADV
phi0972.phi001.perseus-lat1.xml@174,3,dulces,dulcis,ADJ
phi0972.phi001.perseus-lat1.xml@174,4,fabulas,fabula,NOUN
phi0972.phi001.perseus-lat1.xml@174,5,Trimalchio,Trimalchio,PROPN
phi0972.phi001.perseus-lat1.xml@174,6,;,;,PUNCT
phi0972.phi001.perseus-lat1.xml@177,1,Pisces,piscis,NOUN
phi0972.phi001.perseus-lat1.xml@177,2,natare,nato,VERB
phi0972.phi001.perseus-lat1.xml@177,3,oportet,oportet,VERB
phi0972.phi001.perseus-lat1.xml@177,4,.,.,PUNCT
phi0972.phi001.perseus-lat1.xml@178,1,Rogo,rogo,VERB
phi0972.phi001.perseus-lat1.xml@178,2,",",",",PUNCT
phi0972.phi001.perseus-lat1.xml@178,3,me,ego,PRON
phi0972.phi001.perseus-lat1.xml@178,4,putatis,puto,VERB
phi0972.phi001.perseus-lat1.xml@178,5,illa,ille,DET
phi0972.phi001.perseus-lat1.xml@178,6,cena,cena,NOUN
phi0972.phi001.perseus-lat1.xml@178,7,esse,sum,AUX
phi0972.phi001.perseus-lat1.xml@178,8,contentum,contentus,ADJ
phi0972.phi001.perseus-lat1.xml@178,9,",",",",PUNCT
phi0972.phi001.perseus-lat1.xml@178,10,quam,qui,PRON
phi0972.phi001.perseus-lat1.xml@178,11,in,in,ADP
phi0972.phi001.perseus-lat1.xml@178,12,theca,theca,NOUN
phi0972.phi001.perseus-lat1.xml@178,13,repositorii,repositorium,NOUN
phi0972.phi001.perseus-lat1.xml@178,14,videratis,video,VERB
phi0972.phi001.perseus-lat1.xml@178,15,?,?,PUNCT
phi0972.phi001.perseus-lat1.xml@181,1,Oportet,oportet,VERB
phi0972.phi001.perseus-lat1.xml@181,2,etiam,etiam,ADV
phi0972.phi001.perseus-lat1.xml@181,3,inter,inter,ADV
phi0972.phi001.perseus-lat1.xml@181,4,cenandum,ceno,VERB
phi0972.phi001.perseus-lat1.xml@181,5,philologiam,philologia,NOUN
phi0972.phi001.perseus-lat1.xml@181,6,nosse,nosco,VERB
phi0972.phi001.perseus-lat1.xml@181,7,.,.,PUNCT
phi0972.phi001.perseus-lat1.xml@182,1,Patrono,patronus,NOUN
phi0972.phi001.perseus-lat1.xml@182,2,meo,meus,DET
phi0972.phi001.perseus-lat1.xml@182,3,ossa,ossum,NOUN
phi0972.phi001.perseus-lat1.xml@182,4,bene,benus,ADV
phi0972.phi001.perseus-lat1.xml@182,5,quiescant,quiesco,VERB
phi0972.phi001.perseus-lat1.xml@182,6,",",",",PUNCT
phi0972.phi001.perseus-lat1.xml@182,7,qui,qui,PRON
phi0972.phi001.perseus-lat1.xml@182,8,me,ego,PRON
phi0972.phi001.perseus-lat1.xml@182,9,hominem,homo,NOUN
phi0972.phi001.perseus-lat1.xml@182,10,inter,inter,ADP
phi0972.phi001.perseus-lat1.xml@182,11,homines,homo,NOUN
phi0972.phi001.perseus-lat1.xml@182,12,voluit,volo,VERB
phi0972.phi001.perseus-lat1.xml@182,13,esse,sum,AUX
phi0972.phi001.perseus-lat1.xml@182,14,.,.,PUNCT
phi0972.phi001.perseus-lat1.xml@183,1,Nam,nam,PART
phi0972.phi001.perseus-lat1.xml@183,2,mihi,ego,PRON
phi0972.phi001.perseus-lat1.xml@183,3,nihil,nihil,PRON
phi0972.phi001.perseus-lat1.xml@183,4,novi,novus,ADJ
phi0972.phi001.perseus-lat1.xml@183,5,potest,possum,VERB
phi0972.phi001.perseus-lat1.xml@183,6,afferri,affero,VERB
phi0972.phi001.perseus-lat1.xml@183,7,",",",",PUNCT
phi0972.phi001.perseus-lat1.xml@183,8,sicut,sicut,SCONJ
phi0972.phi001.perseus-lat1.xml@183,9,ille,ille,DET
phi0972.phi001.perseus-lat1.xml@183,10,fericulus,fericulus,NOUN
phi0972.phi001.perseus-lat1.xml@183,11,iam,iam,ADV
phi0972.phi001.perseus-lat1.xml@183,12,habuit,habeo,VERB
phi0972.phi001.perseus-lat1.xml@183,13,praxim,praxim,NOUN
phi0972.phi001.perseus-lat1.xml@183,14,.,.,PUNCT
phi0972.phi001.perseus-lat1.xml@184,1,Caelus,caelus,NOUN
phi0972.phi001.perseus-lat1.xml@184,2,hic,hic,DET
phi0972.phi001.perseus-lat1.xml@184,3,",",",",PUNCT
phi0972.phi001.perseus-lat1.xml@184,4,in,in,ADP
phi0972.phi001.perseus-lat1.xml@184,5,quo,qui,PRON
phi0972.phi001.perseus-lat1.xml@184,6,duodecim,duodecim,NUM
phi0972.phi001.perseus-lat1.xml@184,7,dii,dius,NOUN
phi0972.phi001.perseus-lat1.xml@184,8,habitant,habito,VERB
phi0972.phi001.perseus-lat1.xml@184,9,",",",",PUNCT
phi0972.phi001.perseus-lat1.xml@184,10,in,in,ADP
phi0972.phi001.perseus-lat1.xml@184,11,totidem,totidem,DET
phi0972.phi001.perseus-lat1.xml@184,12,se,sui,PRON
phi0972.phi001.perseus-lat1.xml@184,13,figuras,figura,NOUN
phi0972.phi001.perseus-lat1.xml@184,14,convertit,converto,VERB
phi0972.phi001.perseus-lat1.xml@184,15,",",",",PUNCT
phi0972.phi001.perseus-lat1.xml@184,16,et,et,CCONJ
phi0972.phi001.perseus-lat1.xml@184,17,modo,modo,ADV
phi0972.phi001.perseus-lat1.xml@184,18,fit,fio,VERB
phi0972.phi001.perseus-lat1.xml@184,19,aries,aries,NOUN
phi0972.phi001.perseus-lat1.xml@184,20,.,.,PUNCT
phi0972.phi001.perseus-lat1.xml@185,1,Itaque,ita,ADV
phi0972.phi001.perseus-lat1.xml@185,2,quisquis,quisquis,PRON
phi0972.phi001.perseus-lat1.xml@185,3,nascitur,nascor,VERB
phi0972.phi001.perseus-lat1.xml@185,4,illo,ille,DET
phi0972.phi001.perseus-lat1.xml@185,5,signo,signum,NOUN
phi0972.phi001.perseus-lat1.xml@185,6,",",",",PUNCT
phi0972.phi001.perseus-lat1.xml@185,7,multa,multus,DET
phi0972.phi001.perseus-lat1.xml@185,8,pecora,pecus,NOUN
phi0972.phi001.perseus-lat1.xml@185,9,habet,habeo,VERB
phi0972.phi001.perseus-lat1.xml@185,10,",",",",PUNCT
phi0972.phi001.perseus-lat1.xml@185,11,multum,multus,DET
phi0972.phi001.perseus-lat1.xml@185,12,lanae,lana,NOUN
phi0972.phi001.perseus-lat1.xml@185,13,",",",",PUNCT
phi0972.phi001.perseus-lat1.xml@185,14,caput,caput,NOUN
phi0972.phi001.perseus-lat1.xml@185,15,praeterea,praeterea,ADV
phi0972.phi001.perseus-lat1.xml@185,16,durum,durus,ADJ
phi0972.phi001.perseus-lat1.xml@185,17,",",",",PUNCT
phi0972.phi001.perseus-lat1.xml@185,18,frontem,frons,NOUN
phi0972.phi001.perseus-lat1.xml@185,19,expudoratam,expudoro,ADJ
phi0972.phi001.perseus-lat1.xml@185,20,",",",",PUNCT
phi0972.phi001.perseus-lat1.xml@185,21,cornum,cornum,NOUN
phi0972.phi001.perseus-lat1.xml@185,22,acutum,acutus,ADJ
phi0972.phi001.perseus-lat1.xml@185,23,.,.,PUNCT
phi0972.phi001.perseus-lat1.xml@187,1,Laudamus,laudo,VERB
phi0972.phi001.perseus-lat1.xml@187,2,urbanitatem,urbanitas,NOUN
phi0972.phi001.perseus-lat1.xml@187,3,mathematici,mathematicus,NOUN
phi0972.phi001.perseus-lat1.xml@187,4,;,;,PUNCT
phi0972.phi001.perseus-lat1.xml@188,1,itaque,ita,ADV
phi0972.phi001.perseus-lat1.xml@188,2,adiecit,adiicio,VERB
phi0972.phi001.perseus-lat1.xml@188,3,:,:,PUNCT
phi0972.phi001.perseus-lat1.xml@192,1,Ideo,ideo,ADV
phi0972.phi001.perseus-lat1.xml@192,2,multis,multus,DET
phi0972.phi001.perseus-lat1.xml@192,3,pedibus,pedis,NOUN
phi0972.phi001.perseus-lat1.xml@192,4,sto,sto,VERB
phi0972.phi001.perseus-lat1.xml@192,5,",",",",PUNCT
phi0972.phi001.perseus-lat1.xml@192,6,et,et,CCONJ
phi0972.phi001.perseus-lat1.xml@192,7,in,in,ADP
phi0972.phi001.perseus-lat1.xml@192,8,mari,mare,NOUN
phi0972.phi001.perseus-lat1.xml@192,9,et,et,CCONJ
phi0972.phi001.perseus-lat1.xml@192,10,in,in,ADP
phi0972.phi001.perseus-lat1.xml@192,11,terra,terra,NOUN
phi0972.phi001.perseus-lat1.xml@192,12,multa,multa,NOUN
phi0972.phi001.perseus-lat1.xml@192,13,possideo,possideo,VERB
phi0972.phi001.perseus-lat1.xml@192,14,;,;,PUNCT
phi0972.phi001.perseus-lat1.xml@193,1,nam,nam,PART
phi0972.phi001.perseus-lat1.xml@193,2,cancer,cancer,NOUN
phi0972.phi001.perseus-lat1.xml@193,3,et,et,CCONJ
phi0972.phi001.perseus-lat1.xml@193,4,hoc,huc,ADV
phi0972.phi001.perseus-lat1.xml@193,5,et,et,CCONJ
phi0972.phi001.perseus-lat1.xml@193,6,illoc,ille,ADV
phi0972.phi001.perseus-lat1.xml@193,7,quadrat,quadro,VERB
phi0972.phi001.perseus-lat1.xml@193,8,.,.,PUNCT
phi0972.phi001.perseus-lat1.xml@194,1,Et,et,CCONJ
phi0972.phi001.perseus-lat1.xml@194,2,ideo,ideo,ADV
phi0972.phi001.perseus-lat1.xml@194,3,iam,iam,ADV
phi0972.phi001.perseus-lat1.xml@194,4,dudum,dudum,ADV
phi0972.phi001.perseus-lat1.xml@194,5,nihil,nihil,PRON
phi0972.phi001.perseus-lat1.xml@194,6,super,super,ADP
phi0972.phi001.perseus-lat1.xml@194,7,illum,ille,DET
phi0972.phi001.perseus-lat1.xml@194,8,posui,pono,VERB
phi0972.phi001.perseus-lat1.xml@194,9,",",",",PUNCT
phi0972.phi001.perseus-lat1.xml@194,10,ne,ne,SCONJ
phi0972.phi001.perseus-lat1.xml@194,11,genesim,genesis,NOUN
phi0972.phi001.perseus-lat1.xml@194,12,meam,meus,DET
phi0972.phi001.perseus-lat1.xml@194,13,premerem,premo,VERB
phi0972.phi001.perseus-lat1.xml@194,14,.,.,PUNCT
phi0972.phi001.perseus-lat1.xml@195,1,In,in,ADP
phi0972.phi001.perseus-lat1.xml@195,2,leone,leo,NOUN
phi0972.phi001.perseus-lat1.xml@195,3,cataphagae,cataphaga,NOUN
phi0972.phi001.perseus-lat1.xml@195,4,nascuntur,nascor,VERB
phi0972.phi001.perseus-lat1.xml@195,5,et,et,CCONJ
phi0972.phi001.perseus-lat1.xml@195,6,imperiosi,imperiosus,ADJ
phi0972.phi001.perseus-lat1.xml@195,7,;,;,PUNCT
phi0972.phi001.perseus-lat1.xml@205,1,Et,et,CCONJ
phi0972.phi001.perseus-lat1.xml@205,2,hi,hic,DET
phi0972.phi001.perseus-lat1.xml@205,3,quidem,quidem,PART
phi0972.phi001.perseus-lat1.xml@205,4,apophoreti,apophoretus,NOUN
phi0972.phi001.perseus-lat1.xml@205,5,fuerunt,sum,AUX
phi0972.phi001.perseus-lat1.xml@205,6,.,.,PUNCT
phi0972.phi001.perseus-lat1.xml@206,1,Ceterum,ceterum,ADV
phi0972.phi001.perseus-lat1.xml@206,2,ad,ad,ADP
phi0972.phi001.perseus-lat1.xml@206,3,scindendum,scindo,VERB
phi0972.phi001.perseus-lat1.xml@206,4,aprum,aper,NOUN
phi0972.phi001.perseus-lat1.xml@206,5,non,non,PART
phi0972.phi001.perseus-lat1.xml@206,6,ille,ille,DET
phi0972.phi001.perseus-lat1.xml@206,7,Carpus,Carpus,PROPN
phi0972.phi001.perseus-lat1.xml@206,8,accessit,accedo,VERB
phi0972.phi001.perseus-lat1.xml@206,9,",",",",PUNCT
phi0972.phi001.perseus-lat1.xml@206,10,qui,qui,PRON
phi0972.phi001.perseus-lat1.xml@206,11,altilia,altilis,ADJ
phi0972.phi001.perseus-lat1.xml@206,12,laceraverat,lacero,VERB
phi0972.phi001.perseus-lat1.xml@206,13,",",",",PUNCT
phi0972.phi001.perseus-lat1.xml@206,14,sed,sed,CCONJ
phi0972.phi001.perseus-lat1.xml@206,15,barbatus,barbatus,ADJ
phi0972.phi001.perseus-lat1.xml@206,16,ingens,ingens,ADJ
phi0972.phi001.perseus-lat1.xml@206,17,",",",",PUNCT
phi0972.phi001.perseus-lat1.xml@206,18,fasciis,fascia,NOUN
phi0972.phi001.perseus-lat1.xml@206,19,cruralibus,cruralis,ADJ
phi0972.phi001.perseus-lat1.xml@206,20,alligatus,alligo,VERB
phi0972.phi001.perseus-lat1.xml@206,21,et,et,CCONJ
phi0972.phi001.perseus-lat1.xml@206,22,alicula,alicula,NOUN
phi0972.phi001.perseus-lat1.xml@206,23,subornatus,suborno,VERB
phi0972.phi001.perseus-lat1.xml@206,24,polymita,polymitus,ADJ
phi0972.phi001.perseus-lat1.xml@206,25,",",",",PUNCT
phi0972.phi001.perseus-lat1.xml@206,26-27,strictoque,_,_
phi0972.phi001.perseus-lat1.xml@206,26,stricto,stringo,VERB
phi0972.phi001.perseus-lat1.xml@206,27,que,que,CCONJ
phi0972.phi001.perseus-lat1.xml@206,28,venatorio,venatorius,ADJ
phi0972.phi001.perseus-lat1.xml@206,29,cultro,culter,NOUN
phi0972.phi001.perseus-lat1.xml@206,30,latus,latus,NOUN
phi0972.phi001.perseus-lat1.xml@206,31,apri,aper,NOUN
phi0972.phi001.perseus-lat1.xml@206,32,vehementer,vehementer,ADV
phi0972.phi001.perseus-lat1.xml@206,33,percussit,percutio,VERB
phi0972.phi001.perseus-lat1.xml@206,34,",",",",PUNCT
phi0972.phi001.perseus-lat1.xml@206,35,ex,ex,ADP
phi0972.phi001.perseus-lat1.xml@206,36,cuius,qui,PRON
phi0972.phi001.perseus-lat1.xml@206,37,plaga,plaga,NOUN
phi0972.phi001.perseus-lat1.xml@206,38,turdi,turdus,NOUN
phi0972.phi001.perseus-lat1.xml@206,39,evolaverunt,evolo,VERB
phi0972.phi001.perseus-lat1.xml@206,40,.,.,PUNCT
phi0972.phi001.perseus-lat1.xml@208,1,Inde,inde,ADV
phi0972.phi001.perseus-lat1.xml@208,2,cum,cum,SCONJ
phi0972.phi001.perseus-lat1.xml@208,3,suum,suus,DET
phi0972.phi001.perseus-lat1.xml@208,4,cuique,quisque,DET
phi0972.phi001.perseus-lat1.xml@208,5,iussisset,iubeo,VERB
phi0972.phi001.perseus-lat1.xml@208,6,referri,refero,VERB
phi0972.phi001.perseus-lat1.xml@208,7,Trimalchio,Trimalchio,PROPN
phi0972.phi001.perseus-lat1.xml@208,8,",",",",PUNCT
phi0972.phi001.perseus-lat1.xml@208,9,adiecit,adiicio,VERB
phi0972.phi001.perseus-lat1.xml@208,10,:,:,PUNCT
phi0972.phi001.perseus-lat1.xml@210,1,Statim,statim,ADV
phi0972.phi001.perseus-lat1.xml@210,2,pueri,puer,NOUN
phi0972.phi001.perseus-lat1.xml@210,3,ad,ad,ADP
phi0972.phi001.perseus-lat1.xml@210,4,sportellas,sportella,NOUN
phi0972.phi001.perseus-lat1.xml@210,5,accesserunt,accedo,VERB
phi0972.phi001.perseus-lat1.xml@210,6,",",",",PUNCT
phi0972.phi001.perseus-lat1.xml@210,7,quae,qui,PRON
phi0972.phi001.perseus-lat1.xml@210,8,pendebant,pendo,VERB
phi0972.phi001.perseus-lat1.xml@210,9,e,ex,ADP
phi0972.phi001.perseus-lat1.xml@210,10,dentibus,dens,NOUN
phi0972.phi001.perseus-lat1.xml@210,11,",",",",PUNCT
phi0972.phi001.perseus-lat1.xml@210,12,thebaicasque,thebaica,NOUN
phi0972.phi001.perseus-lat1.xml@210,13,et,et,CCONJ
phi0972.phi001.perseus-lat1.xml@210,14,caryotas,caryota,NOUN
phi0972.phi001.perseus-lat1.xml@210,15,ad,ad,ADP
phi0972.phi001.perseus-lat1.xml@210,16,numerum,numerus,NOUN
phi0972.phi001.perseus-lat1.xml@210,17,divisere,divido,VERB
phi0972.phi001.perseus-lat1.xml@210,18,cenantibus,ceno,VERB
phi0972.phi001.perseus-lat1.xml@210,19,.,.,PUNCT
phi0972.phi001.perseus-lat1.xml@212,1,Postquam,postquam,SCONJ
phi0972.phi001.perseus-lat1.xml@212,2,itaque,ita,ADV
phi0972.phi001.perseus-lat1.xml@212,3,omnis,omnis,DET
phi0972.phi001.perseus-lat1.xml@212,4,bacalusias,bacalusia,NOUN
phi0972.phi001.perseus-lat1.xml@212,5,consumpsi,consumo,VERB
phi0972.phi001.perseus-lat1.xml@212,6,",",",",PUNCT
phi0972.phi001.perseus-lat1.xml@212,7,duravi,duro,VERB
phi0972.phi001.perseus-lat1.xml@212,8,interrogare,interrogo,VERB
phi0972.phi001.perseus-lat1.xml@212,9,illum,ille,DET
phi0972.phi001.perseus-lat1.xml@212,10,interpretem,interpres,NOUN
phi0972.phi001.perseus-lat1.xml@212,11,meum,meus,DET
phi0972.phi001.perseus-lat1.xml@212,12,",",",",PUNCT
phi0972.phi001.perseus-lat1.xml@212,13,quod,qui,PRON
phi0972.phi001.perseus-lat1.xml@212,14,me,ego,PRON
phi0972.phi001.perseus-lat1.xml@212,15,torqueret,torqueo,VERB
phi0972.phi001.perseus-lat1.xml@212,16,.,.,PUNCT
phi0972.phi001.perseus-lat1.xml@218,1,Damnavi,damno,VERB
phi0972.phi001.perseus-lat1.xml@218,2,ego,ego,PRON
phi0972.phi001.perseus-lat1.xml@218,3,stuporem,stupor,NOUN
phi0972.phi001.perseus-lat1.xml@218,4,meum,meus,DET
phi0972.phi001.perseus-lat1.xml@218,5,et,et,CCONJ
phi0972.phi001.perseus-lat1.xml@218,6,nihil,nihil,PRON
phi0972.phi001.perseus-lat1.xml@218,7,amplius,amplus,ADJ
phi0972.phi001.perseus-lat1.xml@218,8,interrogavi,interrogo,VERB
phi0972.phi001.perseus-lat1.xml@218,9,",",",",PUNCT
phi0972.phi001.perseus-lat1.xml@218,10,ne,ne,SCONJ
phi0972.phi001.perseus-lat1.xml@218,11,viderer,video,VERB
phi0972.phi001.perseus-lat1.xml@218,12,nunquam,numquam,ADV
phi0972.phi001.perseus-lat1.xml@218,13,inter,inter,ADP
phi0972.phi001.perseus-lat1.xml@218,14,honestos,honestus,ADJ
phi0972.phi001.perseus-lat1.xml@218,15,cenasse,ceno,VERB
phi0972.phi001.perseus-lat1.xml@218,16,.,.,PUNCT
phi0972.phi001.perseus-lat1.xml@221,1,Puer,puer,NOUN
phi0972.phi001.perseus-lat1.xml@221,2,detraxit,detraho,VERB
phi0972.phi001.perseus-lat1.xml@221,3,pilleum,pilleum,NOUN
phi0972.phi001.perseus-lat1.xml@221,4,apro,aper,NOUN
phi0972.phi001.perseus-lat1.xml@221,5-6,capitique,_,_
phi0972.phi001.perseus-lat1.xml@221,5,capiti,caput,NOUN
phi0972.phi001.perseus-lat1.xml@221,6,que,que,CCONJ
phi0972.phi001.perseus-lat1.xml@221,7,suo,suus,DET
phi0972.phi001.perseus-lat1.xml@221,8,imposuit,impono,VERB
phi0972.phi001.perseus-lat1.xml@221,9,.,.,PUNCT
phi0972.phi001.perseus-lat1.xml@222,1,Tum,tum,ADV
phi0972.phi001.perseus-lat1.xml@222,2,Trimalchio,Trimalchio,PROPN
phi0972.phi001.perseus-lat1.xml@222,3,rursus,rursus,ADV
phi0972.phi001.perseus-lat1.xml@222,4,adiecit,adiicio,VERB
phi0972.phi001.perseus-lat1.xml@222,5,:,:,PUNCT
phi0972.phi001.perseus-lat1.xml@224,1,Laudavimus,laudo,VERB
phi0972.phi001.perseus-lat1.xml@224,2,dictum,dictum,NOUN
phi0972.phi001.perseus-lat1.xml@224,3,Trimalchionis,Trimalchio,PROPN
phi0972.phi001.perseus-lat1.xml@224,4,et,et,CCONJ
phi0972.phi001.perseus-lat1.xml@224,5,circumeuntem,circumeo,VERB
phi0972.phi001.perseus-lat1.xml@224,6,puerum,puer,NOUN
phi0972.phi001.perseus-lat1.xml@224,7,sane,sanus,ADV
phi0972.phi001.perseus-lat1.xml@224,8,perbasiamus,perbasio,VERB
phi0972.phi001.perseus-lat1.xml@224,9,.,.,PUNCT
phi0972.phi001.perseus-lat1.xml@225,1,Ab,ab,ADP
phi0972.phi001.perseus-lat1.xml@225,2,hoc,hic,DET
phi0972.phi001.perseus-lat1.xml@225,3,ferculo,ferculum,NOUN
phi0972.phi001.perseus-lat1.xml@225,4,Trimalchio,Trimalchio,PROPN
phi0972.phi001.perseus-lat1.xml@225,5,ad,ad,ADP
phi0972.phi001.perseus-lat1.xml@225,6,lasanum,lasanum,NOUN
phi0972.phi001.perseus-lat1.xml@225,7,surrexit,surgo,VERB
phi0972.phi001.perseus-lat1.xml@225,8,.,.,PUNCT
phi0972.phi001.perseus-lat1.xml@226,1,Nos,nos,PRON
phi0972.phi001.perseus-lat1.xml@226,2,libertatem,libertas,NOUN
phi0972.phi001.perseus-lat1.xml@226,3,sine,sine,ADP
phi0972.phi001.perseus-lat1.xml@226,4,tyranno,tyrannus,NOUN
phi0972.phi001.perseus-lat1.xml@226,5,nacti,nanciscor,VERB
phi0972.phi001.perseus-lat1.xml@226,6,coepimus,coepio,VERB
phi0972.phi001.perseus-lat1.xml@226,7,invitare,invito,VERB
phi0972.phi001.perseus-lat1.xml@226,8,convivarum,conviva,NOUN
phi0972.phi001.perseus-lat1.xml@226,9,sermones,sermo,NOUN
phi0972.phi001.perseus-lat1.xml@226,10,.,.,PUNCT
phi0972.phi001.perseus-lat1.xml@228,1,Dum,dum,SCONJ
phi0972.phi001.perseus-lat1.xml@228,2,versas,verso,VERB
phi0972.phi001.perseus-lat1.xml@228,3,te,tu,PRON
phi0972.phi001.perseus-lat1.xml@228,4,",",",",PUNCT
phi0972.phi001.perseus-lat1.xml@228,5,nox,nox,NOUN
phi0972.phi001.perseus-lat1.xml@228,6,fit,fio,VERB
phi0972.phi001.perseus-lat1.xml@228,7,.,.,PUNCT
phi0972.phi001.perseus-lat1.xml@230,1,Et,et,CCONJ
phi0972.phi001.perseus-lat1.xml@230,2,mundum,mundus,ADJ
phi0972.phi001.perseus-lat1.xml@230,3,frigus,frigus,NOUN
phi0972.phi001.perseus-lat1.xml@230,4,habuimus,habeo,VERB
phi0972.phi001.perseus-lat1.xml@230,5,.,.,PUNCT
phi0972.phi001.perseus-lat1.xml@231,1,Vix,vix,ADV
phi0972.phi001.perseus-lat1.xml@231,2,me,ego,PRON
phi0972.phi001.perseus-lat1.xml@231,3,balneus,balneus,NOUN
phi0972.phi001.perseus-lat1.xml@231,4,calfecit,calfacio,VERB
phi0972.phi001.perseus-lat1.xml@231,5,.,.,PUNCT
phi0972.phi001.perseus-lat1.xml@232,1,Tamen,tamen,ADV
phi0972.phi001.perseus-lat1.xml@232,2,calda,calidus,ADJ
phi0972.phi001.perseus-lat1.xml@232,3,potio,potio,NOUN
phi0972.phi001.perseus-lat1.xml@232,4,vestiarius,vestiarius,NOUN
phi0972.phi001.perseus-lat1.xml@232,5,est,sum,AUX
phi0972.phi001.perseus-lat1.xml@232,6,.,.,PUNCT
phi0972.phi001.perseus-lat1.xml@233,1,Staminatas,staminata,NOUN
phi0972.phi001.perseus-lat1.xml@233,2,duxi,duco,VERB
phi0972.phi001.perseus-lat1.xml@233,3,",",",",PUNCT
phi0972.phi001.perseus-lat1.xml@233,4,et,et,CCONJ
phi0972.phi001.perseus-lat1.xml@233,5,plane,planus,ADV
phi0972.phi001.perseus-lat1.xml@233,6,matus,mattus,ADJ
phi0972.phi001.perseus-lat1.xml@233,7,sum,sum,AUX
phi0972.phi001.perseus-lat1.xml@233,8,.,.,PUNCT
phi0972.phi001.perseus-lat1.xml@236,1,baliscus,baliscus,NOUN
phi0972.phi001.perseus-lat1.xml@236,2,enim,enim,PART
phi0972.phi001.perseus-lat1.xml@236,3,fullo,fullo,NOUN
phi0972.phi001.perseus-lat1.xml@236,4,est,sum,AUX
phi0972.phi001.perseus-lat1.xml@236,5,",",",",PUNCT
phi0972.phi001.perseus-lat1.xml@236,6,aqua,aqua,NOUN
phi0972.phi001.perseus-lat1.xml@236,7,dentes,dens,NOUN
phi0972.phi001.perseus-lat1.xml@236,8,habet,habeo,VERB
phi0972.phi001.perseus-lat1.xml@236,9,",",",",PUNCT
phi0972.phi001.perseus-lat1.xml@236,10,et,et,CCONJ
phi0972.phi001.perseus-lat1.xml@236,11,cor,cor,NOUN
phi0972.phi001.perseus-lat1.xml@236,12,nostrum,noster,DET
phi0972.phi001.perseus-lat1.xml@236,13,cotidie,cotidie,ADV
phi0972.phi001.perseus-lat1.xml@236,14,liquescit,liquesco,VERB
phi0972.phi001.perseus-lat1.xml@236,15,.,.,PUNCT
phi0972.phi001.perseus-lat1.xml@237,1,Sed,sed,CCONJ
phi0972.phi001.perseus-lat1.xml@237,2,cum,cum,SCONJ
phi0972.phi001.perseus-lat1.xml@237,3,mulsi,mulsum,NOUN
phi0972.phi001.perseus-lat1.xml@237,4,pultarium,pultarium,NOUN
phi0972.phi001.perseus-lat1.xml@237,5,obduxi,obduco,VERB
phi0972.phi001.perseus-lat1.xml@237,6,",",",",PUNCT
phi0972.phi001.perseus-lat1.xml@237,7,frigori,frigor,NOUN
phi0972.phi001.perseus-lat1.xml@237,8,laecasin,laecasin,INTJ
phi0972.phi001.perseus-lat1.xml@237,9,dico,dico,VERB
phi0972.phi001.perseus-lat1.xml@237,10,.,.,PUNCT
phi0972.phi001.perseus-lat1.xml@240,1,Homo,homo,NOUN
phi0972.phi001.perseus-lat1.xml@240,2,bellus,bellus,ADJ
phi0972.phi001.perseus-lat1.xml@240,3,",",",",PUNCT
phi0972.phi001.perseus-lat1.xml@240,4,tam,tam,ADV
phi0972.phi001.perseus-lat1.xml@240,5,bonus,bonus,ADJ
phi0972.phi001.perseus-lat1.xml@240,6,Chrysanthus,Chrysanthus,PROPN
phi0972.phi001.perseus-lat1.xml@240,7,animam,anima,NOUN
phi0972.phi001.perseus-lat1.xml@240,8,ebulliit,ebullio,VERB
phi0972.phi001.perseus-lat1.xml@240,9,.,.,PUNCT
phi0972.phi001.perseus-lat1.xml@241,1,Modo,modo,ADV
phi0972.phi001.perseus-lat1.xml@241,2,",",",",PUNCT
phi0972.phi001.perseus-lat1.xml@241,3,modo,modo,ADV
phi0972.phi001.perseus-lat1.xml@241,4,me,ego,PRON
phi0972.phi001.perseus-lat1.xml@241,5,appellavit,appello,VERB
phi0972.phi001.perseus-lat1.xml@241,6,.,.,PUNCT
phi0972.phi001.perseus-lat1.xml@242,1,Videor,video,VERB
phi0972.phi001.perseus-lat1.xml@242,2,mihi,ego,PRON
phi0972.phi001.perseus-lat1.xml@242,3,cum,cum,ADP
phi0972.phi001.perseus-lat1.xml@242,4,illo,ille,DET
phi0972.phi001.perseus-lat1.xml@242,5,loqui,loquor,VERB
phi0972.phi001.perseus-lat1.xml@242,6,.,.,PUNCT
phi0972.phi001.perseus-lat1.xml@244,1,Utres,utris,NOUN
phi0972.phi001.perseus-lat1.xml@244,2,inflati,inflo,VERB
phi0972.phi001.perseus-lat1.xml@244,3,ambulamus,ambulo,VERB
phi0972.phi001.perseus-lat1.xml@244,4,.,.,PUNCT
phi0972.phi001.perseus-lat1.xml@247,1,Quinque,quinque,NUM
phi0972.phi001.perseus-lat1.xml@247,2,dies,dies,NOUN
phi0972.phi001.perseus-lat1.xml@247,3,aquam,aqua,NOUN
phi0972.phi001.perseus-lat1.xml@247,4,in,in,ADP
phi0972.phi001.perseus-lat1.xml@247,5,os,os,NOUN
phi0972.phi001.perseus-lat1.xml@247,6,suum,suus,DET
phi0972.phi001.perseus-lat1.xml@247,7,non,non,PART
phi0972.phi001.perseus-lat1.xml@247,8,coniecit,conicio,VERB
phi0972.phi001.perseus-lat1.xml@247,9,",",",",PUNCT
phi0972.phi001.perseus-lat1.xml@247,10,non,non,PART
phi0972.phi001.perseus-lat1.xml@247,11,micam,mica,NOUN
phi0972.phi001.perseus-lat1.xml@247,12,panis,panis,NOUN
phi0972.phi001.perseus-lat1.xml@247,13,.,.,PUNCT
phi0972.phi001.perseus-lat1.xml@248,1,Tamen,tamen,ADV
phi0972.phi001.perseus-lat1.xml@248,2,abiit,abeo,VERB
phi0972.phi001.perseus-lat1.xml@248,3,ad,ad,ADP
phi0972.phi001.perseus-lat1.xml@248,4,plures,multus,DET
phi0972.phi001.perseus-lat1.xml@248,5,.,.,PUNCT
phi0972.phi001.perseus-lat1.xml@255,1,Neminem,nemo,NOUN
phi0972.phi001.perseus-lat1.xml@255,2,nihil,nihil,PRON
phi0972.phi001.perseus-lat1.xml@255,3,boni,bonus,ADJ
phi0972.phi001.perseus-lat1.xml@255,4,facere,facio,VERB
phi0972.phi001.perseus-lat1.xml@255,5,oportet,oportet,VERB
phi0972.phi001.perseus-lat1.xml@255,6,;,;,PUNCT
phi0972.phi001.perseus-lat1.xml@260,1,Ille,ille,DET
phi0972.phi001.perseus-lat1.xml@260,2,habet,habeo,VERB
phi0972.phi001.perseus-lat1.xml@260,3,",",",",PUNCT
phi0972.phi001.perseus-lat1.xml@260,4,quod,qui,PRON
phi0972.phi001.perseus-lat1.xml@260,5,sibi,sui,PRON
phi0972.phi001.perseus-lat1.xml@260,6,debebatur,debeo,VERB
phi0972.phi001.perseus-lat1.xml@260,7,:,:,PUNCT
phi0972.phi001.perseus-lat1.xml@261,1,honeste,honestus,ADV
phi0972.phi001.perseus-lat1.xml@261,2,vixit,vivo,VERB
phi0972.phi001.perseus-lat1.xml@261,3,",",",",PUNCT
phi0972.phi001.perseus-lat1.xml@261,4,honeste,honestus,ADV
phi0972.phi001.perseus-lat1.xml@261,5,obiit,obeo,VERB
phi0972.phi001.perseus-lat1.xml@261,6,.,.,PUNCT
phi0972.phi001.perseus-lat1.xml@262,1,Quid,quis,PRON
phi0972.phi001.perseus-lat1.xml@262,2,habet,habeo,VERB
phi0972.phi001.perseus-lat1.xml@262,3,quod,qui,PRON
phi0972.phi001.perseus-lat1.xml@262,4,queratur,queror,VERB
phi0972.phi001.perseus-lat1.xml@262,5,?,?,PUNCT
phi0972.phi001.perseus-lat1.xml@265,1,Puto,puto,VERB
phi0972.phi001.perseus-lat1.xml@265,2,mehercules,Hercules,INTJ
phi0972.phi001.perseus-lat1.xml@265,3,illum,ille,DET
phi0972.phi001.perseus-lat1.xml@265,4,reliquisse,relinquo,VERB
phi0972.phi001.perseus-lat1.xml@265,5,lida,solidus,ADJ
phi0972.phi001.perseus-lat1.xml@265,6,centum,centum,NUM
phi0972.phi001.perseus-lat1.xml@265,7,",",",",PUNCT
phi0972.phi001.perseus-lat1.xml@265,8,et,et,CCONJ
phi0972.phi001.perseus-lat1.xml@265,9,omnia,omnis,DET
phi0972.phi001.perseus-lat1.xml@265,10,in,in,ADP
phi0972.phi001.perseus-lat1.xml@265,11,nummis,nummus,NOUN
phi0972.phi001.perseus-lat1.xml@265,12,habuit,habeo,VERB
phi0972.phi001.perseus-lat1.xml@265,13,.,.,PUNCT
phi0972.phi001.perseus-lat1.xml@266,1,De,de,ADP
phi0972.phi001.perseus-lat1.xml@266,2,re,res,NOUN
phi0972.phi001.perseus-lat1.xml@266,3,tamen,tamen,ADV
phi0972.phi001.perseus-lat1.xml@266,4,ego,ego,PRON
phi0972.phi001.perseus-lat1.xml@266,5,verum,verum,NOUN
phi0972.phi001.perseus-lat1.xml@266,6,dicam,dico,VERB
phi0972.phi001.perseus-lat1.xml@266,7,",",",",PUNCT
phi0972.phi001.perseus-lat1.xml@266,8,qui,qui,PRON
phi0972.phi001.perseus-lat1.xml@266,9,linguam,lingua,NOUN
phi0972.phi001.perseus-lat1.xml@266,10,caninam,caninus,ADJ
phi0972.phi001.perseus-lat1.xml@266,11,comedi,comedo,VERB
phi0972.phi001.perseus-lat1.xml@266,12,:,:,PUNCT
phi0972.phi001.perseus-lat1.xml@270,1,vendidit,vendo,VERB
phi0972.phi001.perseus-lat1.xml@270,2,enim,enim,PART
phi0972.phi001.perseus-lat1.xml@270,3,vinum,vinum,NOUN
phi0972.phi001.perseus-lat1.xml@270,4,",",",",PUNCT
phi0972.phi001.perseus-lat1.xml@270,5,quanti,quantus,ADJ
phi0972.phi001.perseus-lat1.xml@270,6,ipse,ipse,DET
phi0972.phi001.perseus-lat1.xml@270,7,voluit,volo,VERB
phi0972.phi001.perseus-lat1.xml@270,8,.,.,PUNCT
phi0972.phi001.perseus-lat1.xml@272,1,Et,et,CCONJ
phi0972.phi001.perseus-lat1.xml@272,2,ille,ille,DET
phi0972.phi001.perseus-lat1.xml@272,3,stips,stips,NOUN
phi0972.phi001.perseus-lat1.xml@272,4,",",",",PUNCT
phi0972.phi001.perseus-lat1.xml@272,5,dum,dum,SCONJ
phi0972.phi001.perseus-lat1.xml@272,6,fratri,frater,NOUN
phi0972.phi001.perseus-lat1.xml@272,7,suo,suus,DET
phi0972.phi001.perseus-lat1.xml@272,8,irascitur,irascor,VERB
phi0972.phi001.perseus-lat1.xml@272,9,",",",",PUNCT
phi0972.phi001.perseus-lat1.xml@272,10,nescio,nescius,ADJ
phi0972.phi001.perseus-lat1.xml@272,11,cui,qui,DET
phi0972.phi001.perseus-lat1.xml@272,12,terrae,terra,NOUN
phi0972.phi001.perseus-lat1.xml@272,13,filio,filius,NOUN
phi0972.phi001.perseus-lat1.xml@272,14,patrimonium,patrimonium,NOUN
phi0972.phi001.perseus-lat1.xml@272,15,elegavit,elego,VERB
phi0972.phi001.perseus-lat1.xml@272,16,.,.,PUNCT
phi0972.phi001.perseus-lat1.xml@273,1,Longe,longus,ADV
phi0972.phi001.perseus-lat1.xml@273,2,fugit,fugio,VERB
phi0972.phi001.perseus-lat1.xml@273,3,",",",",PUNCT
phi0972.phi001.perseus-lat1.xml@273,4,quisquis,quisquis,PRON
phi0972.phi001.perseus-lat1.xml@273,5,suos,suus,DET
phi0972.phi001.perseus-lat1.xml@273,6,fugit,fugio,VERB
phi0972.phi001.perseus-lat1.xml@273,7,.,.,PUNCT
phi0972.phi001.perseus-lat1.xml@274,1,Habuit,habeo,VERB
phi0972.phi001.perseus-lat1.xml@274,2,autem,autem,PART
phi0972.phi001.perseus-lat1.xml@274,3,oricularios,oricularius,ADJ
phi0972.phi001.perseus-lat1.xml@274,4,servos,servus,NOUN
phi0972.phi001.perseus-lat1.xml@274,5,",",",",PUNCT
phi0972.phi001.perseus-lat1.xml@274,6,qui,qui,PRON
phi0972.phi001.perseus-lat1.xml@274,7,illum,ille,DET
phi0972.phi001.perseus-lat1.xml@274,8,pessum,pessum,ADV
phi0972.phi001.perseus-lat1.xml@274,9,dederunt,do,VERB
phi0972.phi001.perseus-lat1.xml@274,10,.,.,PUNCT
phi0972.phi001.perseus-lat1.xml@275,1,Nunquam,numquam,ADV
phi0972.phi001.perseus-lat1.xml@275,2,autem,autem,PART
phi0972.phi001.perseus-lat1.xml@275,3,recte,rectus,ADV
phi0972.phi001.perseus-lat1.xml@275,4,faciet,facio,VERB
phi0972.phi001.perseus-lat1.xml@275,5,",",",",PUNCT
phi0972.phi001.perseus-lat1.xml@275,6,qui,qui,PRON
phi0972.phi001.perseus-lat1.xml@275,7,cito,cito,ADV
phi0972.phi001.perseus-lat1.xml@275,8,credit,credo,VERB
phi0972.phi001.perseus-lat1.xml@275,9,",",",",PUNCT
phi0972.phi001.perseus-lat1.xml@275,10,utique,utique,ADV
phi0972.phi001.perseus-lat1.xml@275,11,homo,homo,NOUN
phi0972.phi001.perseus-lat1.xml@275,12,negotians,negotior,VERB
phi0972.phi001.perseus-lat1.xml@275,13,.,.,PUNCT
phi0972.phi001.perseus-lat1.xml@279,1,Facile,facilis,ADJ
phi0972.phi001.perseus-lat1.xml@279,2,est,sum,AUX
phi0972.phi001.perseus-lat1.xml@279,3,autem,autem,PART
phi0972.phi001.perseus-lat1.xml@279,4,",",",",PUNCT
phi0972.phi001.perseus-lat1.xml@279,5,ubi,ubi,SCONJ
phi0972.phi001.perseus-lat1.xml@279,6,omnia,omnis,DET
phi0972.phi001.perseus-lat1.xml@279,7,quadrata,quadratum,NOUN
phi0972.phi001.perseus-lat1.xml@279,8,currunt,curro,VERB
phi0972.phi001.perseus-lat1.xml@279,9,.,.,PUNCT
phi0972.phi001.perseus-lat1.xml@280,1,Et,et,CCONJ
phi0972.phi001.perseus-lat1.xml@280,2,quot,quot,DET
phi0972.phi001.perseus-lat1.xml@280,3,putas,puto,VERB
phi0972.phi001.perseus-lat1.xml@280,4,illum,ille,DET
phi0972.phi001.perseus-lat1.xml@280,5,annos,annus,NOUN
phi0972.phi001.perseus-lat1.xml@280,6-7,secum,_,_
phi0972.phi001.perseus-lat1.xml@280,6,se,sui,PRON
phi0972.phi001.perseus-lat1.xml@280,7,cum,cum,ADP
phi0972.phi001.perseus-lat1.xml@280,8,tulisse,fero,VERB
phi0972.phi001.perseus-lat1.xml@280,9,?,?,PUNCT
phi0972.phi001.perseus-lat1.xml@283,1,Noveram,nosco,VERB
phi0972.phi001.perseus-lat1.xml@283,2,hominem,homo,NOUN
phi0972.phi001.perseus-lat1.xml@283,3,olim,olim,ADV
phi0972.phi001.perseus-lat1.xml@283,4,oliorum,oliorum,ADV
phi0972.phi001.perseus-lat1.xml@283,5,et,et,CCONJ
phi0972.phi001.perseus-lat1.xml@283,6,adhuc,adhuc,ADV
phi0972.phi001.perseus-lat1.xml@283,7,salax,salax,ADJ
phi0972.phi001.perseus-lat1.xml@283,8,erat,sum,AUX
phi0972.phi001.perseus-lat1.xml@283,9,.,.,PUNCT
phi0972.phi001.perseus-lat1.xml@284,1,Non,non,PART
phi0972.phi001.perseus-lat1.xml@284,2,mehercules,Hercules,INTJ
phi0972.phi001.perseus-lat1.xml@284,3,illum,ille,DET
phi0972.phi001.perseus-lat1.xml@284,4,puto,puto,VERB
phi0972.phi001.perseus-lat1.xml@284,5,in,in,ADP
phi0972.phi001.perseus-lat1.xml@284,6,domo,domus,NOUN
phi0972.phi001.perseus-lat1.xml@284,7,canem,canis,NOUN
phi0972.phi001.perseus-lat1.xml@284,8,reliquisse,relinquo,VERB
phi0972.phi001.perseus-lat1.xml@284,9,.,.,PUNCT
phi0972.phi001.perseus-lat1.xml@287,1,Haec,hic,DET
phi0972.phi001.perseus-lat1.xml@287,2,Phileros,Phileros,PROPN
phi0972.phi001.perseus-lat1.xml@287,3,dixit,dico,VERB
phi0972.phi001.perseus-lat1.xml@287,4,",",",",PUNCT
phi0972.phi001.perseus-lat1.xml@287,5,illa,ille,DET
phi0972.phi001.perseus-lat1.xml@287,6,Ganymedes,Ganymedes,PROPN
phi0972.phi001.perseus-lat1.xml@287,7,:,:,PUNCT
phi0972.phi001.perseus-lat1.xml@289,1,Non,non,PART
phi0972.phi001.perseus-lat1.xml@289,2,mehercules,Hercules,INTJ
phi0972.phi001.perseus-lat1.xml@289,3,hodie,hodie,ADV
phi0972.phi001.perseus-lat1.xml@289,4,buccam,bucca,NOUN
phi0972.phi001.perseus-lat1.xml@289,5,panis,panis,NOUN
phi0972.phi001.perseus-lat1.xml@289,6,invenire,invenio,VERB
phi0972.phi001.perseus-lat1.xml@289,7,potui,possum,VERB
phi0972.phi001.perseus-lat1.xml@289,8,.,.,PUNCT
phi0972.phi001.perseus-lat1.xml@290,1,Et,et,CCONJ
phi0972.phi001.perseus-lat1.xml@290,2,quomodo,quomodo,ADV
phi0972.phi001.perseus-lat1.xml@290,3,siccitas,siccitas,NOUN
phi0972.phi001.perseus-lat1.xml@290,4,perseverat,persevero,VERB
phi0972.phi001.perseus-lat1.xml@290,5,.,.,PUNCT
phi0972.phi001.perseus-lat1.xml@292,1,Aediles,aedilis,NOUN
phi0972.phi001.perseus-lat1.xml@292,2,male,malus,ADV
phi0972.phi001.perseus-lat1.xml@292,3,eveniat,evenio,VERB
phi0972.phi001.perseus-lat1.xml@292,4,",",",",PUNCT
phi0972.phi001.perseus-lat1.xml@292,5,qui,qui,PRON
phi0972.phi001.perseus-lat1.xml@292,6,cum,cum,ADP
phi0972.phi001.perseus-lat1.xml@292,7,pistoribus,pistor,NOUN
phi0972.phi001.perseus-lat1.xml@292,8,colludunt,colludo,VERB
phi0972.phi001.perseus-lat1.xml@292,9,',',PUNCT
phi0972.phi001.perseus-lat1.xml@292,10,Serva,servo,VERB
phi0972.phi001.perseus-lat1.xml@292,11,me,ego,PRON
phi0972.phi001.perseus-lat1.xml@292,12,",",",",PUNCT
phi0972.phi001.perseus-lat1.xml@292,13,servabo,servo,VERB
phi0972.phi001.perseus-lat1.xml@292,14,te,tu,PRON
phi0972.phi001.perseus-lat1.xml@292,15,.,.,PUNCT
phi0972.phi001.perseus-lat1.xml@292,16,',',PUNCT
phi0972.phi001.perseus-lat1.xml@293,1,Itaque,ita,ADV
phi0972.phi001.perseus-lat1.xml@293,2,populus,populus,NOUN
phi0972.phi001.perseus-lat1.xml@293,3,minutus,minuo,VERB
phi0972.phi001.perseus-lat1.xml@293,4,laborat,laboro,VERB
phi0972.phi001.perseus-lat1.xml@293,5,;,;,PUNCT
phi0972.phi001.perseus-lat1.xml@296,1,Illud,ille,DET
phi0972.phi001.perseus-lat1.xml@296,2,erat,sum,AUX
phi0972.phi001.perseus-lat1.xml@296,3,vivere,vivo,VERB
phi0972.phi001.perseus-lat1.xml@296,4,.,.,PUNCT
phi0972.phi001.perseus-lat1.xml@300,1,Is,is,PRON
phi0972.phi001.perseus-lat1.xml@300,2,quacunque,quacumque,ADV
phi0972.phi001.perseus-lat1.xml@300,3,ibat,eo,VERB
phi0972.phi001.perseus-lat1.xml@300,4,",",",",PUNCT
phi0972.phi001.perseus-lat1.xml@300,5,terram,terra,NOUN
phi0972.phi001.perseus-lat1.xml@300,6,adurebat,aduro,VERB
phi0972.phi001.perseus-lat1.xml@300,7,.,.,PUNCT
phi0972.phi001.perseus-lat1.xml@303,1,Cum,cum,SCONJ
phi0972.phi001.perseus-lat1.xml@303,2,ageret,ago,VERB
phi0972.phi001.perseus-lat1.xml@303,3,porro,porro,ADV
phi0972.phi001.perseus-lat1.xml@303,4,in,in,ADP
phi0972.phi001.perseus-lat1.xml@303,5,foro,forum,NOUN
phi0972.phi001.perseus-lat1.xml@303,6,",",",",PUNCT
phi0972.phi001.perseus-lat1.xml@303,7,sic,sic,ADV
phi0972.phi001.perseus-lat1.xml@303,8,illius,ille,DET
phi0972.phi001.perseus-lat1.xml@303,9,vox,vox,NOUN
phi0972.phi001.perseus-lat1.xml@303,10,crescebat,cresco,VERB
phi0972.phi001.perseus-lat1.xml@303,11,tanquam,tamquam,SCONJ
phi0972.phi001.perseus-lat1.xml@303,12,tuba,tuba,NOUN
phi0972.phi001.perseus-lat1.xml@303,13,.,.,PUNCT
phi0972.phi001.perseus-lat1.xml@306,1,Itaque,ita,ADV
phi0972.phi001.perseus-lat1.xml@306,2,illo,ille,DET
phi0972.phi001.perseus-lat1.xml@306,3,tempore,tempus,NOUN
phi0972.phi001.perseus-lat1.xml@306,4,annona,annona,NOUN
phi0972.phi001.perseus-lat1.xml@306,5,pro,pro,ADP
phi0972.phi001.perseus-lat1.xml@306,6,luto,lutum,NOUN
phi0972.phi001.perseus-lat1.xml@306,7,erat,sum,AUX
phi0972.phi001.perseus-lat1.xml@306,8,",",",",PUNCT
phi0972.phi001.perseus-lat1.xml@306,9,Asse,assis,NOUN
phi0972.phi001.perseus-lat1.xml@306,10,panem,panis,NOUN
phi0972.phi001.perseus-lat1.xml@306,11,quem,qui,PRON
phi0972.phi001.perseus-lat1.xml@306,12,emisses,emo,VERB
phi0972.phi001.perseus-lat1.xml@306,13,",",",",PUNCT
phi0972.phi001.perseus-lat1.xml@306,14,non,non,PART
phi0972.phi001.perseus-lat1.xml@306,15,potuisses,possum,VERB
phi0972.phi001.perseus-lat1.xml@306,16,cum,cum,ADP
phi0972.phi001.perseus-lat1.xml@306,17,altera,alter,DET
phi0972.phi001.perseus-lat1.xml@306,18,devorare,devoro,VERB
phi0972.phi001.perseus-lat1.xml@306,19,.,.,PUNCT
phi0972.phi001.perseus-lat1.xml@307,1,Nunc,nunc,ADV
phi0972.phi001.perseus-lat1.xml@307,2,oculum,oculus,NOUN
phi0972.phi001.perseus-lat1.xml@307,3,bublum,bublus,ADJ
phi0972.phi001.perseus-lat1.xml@307,4,vidi,video,VERB
phi0972.phi001.perseus-lat1.xml@307,5,maiorem,magnus,ADJ
phi0972.phi001.perseus-lat1.xml@307,6,.,.,PUNCT
phi0972.phi001.perseus-lat1.xml@309,1,Haec,hic,DET
phi0972.phi001.perseus-lat1.xml@309,2,colonia,colonia,NOUN
phi0972.phi001.perseus-lat1.xml@309,3,retroversus,retroversus,ADV
phi0972.phi001.perseus-lat1.xml@309,4,crescit,cresco,VERB
phi0972.phi001.perseus-lat1.xml@309,5,tanquam,tamquam,SCONJ
phi0972.phi001.perseus-lat1.xml@309,6,coda,cauda,NOUN
phi0972.phi001.perseus-lat1.xml@309,7,vituli,vitulus,NOUN
phi0972.phi001.perseus-lat1.xml@309,8,.,.,PUNCT
phi0972.phi001.perseus-lat1.xml@310,1,Sed,sed,CCONJ
phi0972.phi001.perseus-lat1.xml@310,2,quare,quare,ADV
phi0972.phi001.perseus-lat1.xml@310,3,nos,nos,PRON
phi0972.phi001.perseus-lat1.xml@310,4,habemus,habeo,VERB
phi0972.phi001.perseus-lat1.xml@310,5,aedilem,aedilis,NOUN
phi0972.phi001.perseus-lat1.xml@310,6,trium,tres,NUM
phi0972.phi001.perseus-lat1.xml@310,7,cauniarum,caunea,NOUN
phi0972.phi001.perseus-lat1.xml@310,8,",",",",PUNCT
phi0972.phi001.perseus-lat1.xml@310,9,qui,qui,PRON
phi0972.phi001.perseus-lat1.xml@310,10,sibi,sui,PRON
phi0972.phi001.perseus-lat1.xml@310,11,mavult,malo,VERB
phi0972.phi001.perseus-lat1.xml@310,12,assem,assis,NOUN
phi0972.phi001.perseus-lat1.xml@310,13,quam,quam,SCONJ
phi0972.phi001.perseus-lat1.xml@310,14,vitam,vita,NOUN
phi0972.phi001.perseus-lat1.xml@310,15,nostram,noster,DET
phi0972.phi001.perseus-lat1.xml@310,16,?,?,PUNCT
phi0972.phi001.perseus-lat1.xml@311,1,Itaque,ita,ADV
phi0972.phi001.perseus-lat1.xml@311,2,domi,domus,ADV
phi0972.phi001.perseus-lat1.xml@311,3,gaudet,gaudeo,VERB
phi0972.phi001.perseus-lat1.xml@311,4,",",",",PUNCT
phi0972.phi001.perseus-lat1.xml@311,5,plus,multus,DET
phi0972.phi001.perseus-lat1.xml@311,6,in,in,ADP
phi0972.phi001.perseus-lat1.xml@311,7,die,dies,NOUN
phi0972.phi001.perseus-lat1.xml@311,8,nummorum,nummus,NOUN
phi0972.phi001.perseus-lat1.xml@311,9,accipit,accipio,VERB
phi0972.phi001.perseus-lat1.xml@311,10,",",",",PUNCT
phi0972.phi001.perseus-lat1.xml@311,11,quam,quam,SCONJ
phi0972.phi001.perseus-lat1.xml@311,12,alter,alter,DET
phi0972.phi001.perseus-lat1.xml@311,13,patrimonium,patrimonium,NOUN
phi0972.phi001.perseus-lat1.xml@311,14,habet,habeo,VERB
phi0972.phi001.perseus-lat1.xml@311,15,.,.,PUNCT
phi0972.phi001.perseus-lat1.xml@312,1,Iam,iam,ADV
phi0972.phi001.perseus-lat1.xml@312,2,scio,scio,VERB
phi0972.phi001.perseus-lat1.xml@312,3,",",",",PUNCT
phi0972.phi001.perseus-lat1.xml@312,4,unde,unde,ADV
phi0972.phi001.perseus-lat1.xml@312,5,acceperit,accipio,VERB
phi0972.phi001.perseus-lat1.xml@312,6,denarios,denarius,NOUN
phi0972.phi001.perseus-lat1.xml@312,7,mille,mille,NUM
phi0972.phi001.perseus-lat1.xml@312,8,aureos,aureus,NOUN
phi0972.phi001.perseus-lat1.xml@312,9,.,.,PUNCT
phi0972.phi001.perseus-lat1.xml@313,1,Sed,sed,CCONJ
phi0972.phi001.perseus-lat1.xml@313,2,si,si,SCONJ
phi0972.phi001.perseus-lat1.xml@313,3,nos,nos,PRON
phi0972.phi001.perseus-lat1.xml@313,4,coleos,coleus,NOUN
phi0972.phi001.perseus-lat1.xml@313,5,haberemus,habeo,VERB
phi0972.phi001.perseus-lat1.xml@313,6,",",",",PUNCT
phi0972.phi001.perseus-lat1.xml@313,7,non,non,PART
phi0972.phi001.perseus-lat1.xml@313,8,tantum,tantus,ADV
phi0972.phi001.perseus-lat1.xml@313,9,sibi,sui,PRON
phi0972.phi001.perseus-lat1.xml@313,10,placeret,placeo,VERB
phi0972.phi001.perseus-lat1.xml@313,11,.,.,PUNCT
phi0972.phi001.perseus-lat1.xml@314,1,Nunc,nunc,ADV
phi0972.phi001.perseus-lat1.xml@314,2,populus,populus,NOUN
phi0972.phi001.perseus-lat1.xml@314,3,est,sum,AUX
phi0972.phi001.perseus-lat1.xml@314,4,domi,domus,ADV
phi0972.phi001.perseus-lat1.xml@314,5,leones,leo,NOUN
phi0972.phi001.perseus-lat1.xml@314,6,",",",",PUNCT
phi0972.phi001.perseus-lat1.xml@314,7,foras,foras,ADV
phi0972.phi001.perseus-lat1.xml@314,8,vulpes,vulpis,NOUN
phi0972.phi001.perseus-lat1.xml@314,9,.,.,PUNCT
phi0972.phi001.perseus-lat1.xml@315,1,Quod,qui,PRON
phi0972.phi001.perseus-lat1.xml@315,2,ad,ad,ADP
phi0972.phi001.perseus-lat1.xml@315,3,me,ego,PRON
phi0972.phi001.perseus-lat1.xml@315,4,attinet,attineo,VERB
phi0972.phi001.perseus-lat1.xml@315,5,",",",",PUNCT
phi0972.phi001.perseus-lat1.xml@315,6,iam,iam,ADV
phi0972.phi001.perseus-lat1.xml@315,7,pannos,pannus,NOUN
phi0972.phi001.perseus-lat1.xml@315,8,meos,meus,DET
phi0972.phi001.perseus-lat1.xml@315,9,comedi,comedo,VERB
phi0972.phi001.perseus-lat1.xml@315,10,",",",",PUNCT
phi0972.phi001.perseus-lat1.xml@315,11,et,et,CCONJ
phi0972.phi001.perseus-lat1.xml@315,12,si,si,SCONJ
phi0972.phi001.perseus-lat1.xml@315,13,perseverat,persevero,VERB
phi0972.phi001.perseus-lat1.xml@315,14,haec,hic,DET
phi0972.phi001.perseus-lat1.xml@315,15,annona,annona,NOUN
phi0972.phi001.perseus-lat1.xml@315,16,",",",",PUNCT
phi0972.phi001.perseus-lat1.xml@315,17,casulas,casula,NOUN
phi0972.phi001.perseus-lat1.xml@315,18,meas,meus,DET
phi0972.phi001.perseus-lat1.xml@315,19,vendam,vendo,VERB
phi0972.phi001.perseus-lat1.xml@315,20,.,.,PUNCT
phi0972.phi001.perseus-lat1.xml@317,1,Ita,ita,ADV
phi0972.phi001.perseus-lat1.xml@317,2,meos,meus,DET
phi0972.phi001.perseus-lat1.xml@317,3,fruniscar,fruniscor,VERB
phi0972.phi001.perseus-lat1.xml@317,4,",",",",PUNCT
phi0972.phi001.perseus-lat1.xml@317,5,ut,ut,SCONJ
phi0972.phi001.perseus-lat1.xml@317,6,ego,ego,PRON
phi0972.phi001.perseus-lat1.xml@317,7,puto,puto,VERB
phi0972.phi001.perseus-lat1.xml@317,8,omnia,omnis,DET
phi0972.phi001.perseus-lat1.xml@317,9,illa,ille,DET
phi0972.phi001.perseus-lat1.xml@317,10,a,ab,ADP
phi0972.phi001.perseus-lat1.xml@317,11,diibus,dius,NOUN
phi0972.phi001.perseus-lat1.xml@317,12,fieri,fio,VERB
phi0972.phi001.perseus-lat1.xml@317,13,.,.,PUNCT
phi0972.phi001.perseus-lat1.xml@319,1,Antea,antea,ADV
phi0972.phi001.perseus-lat1.xml@319,2,stolatae,stolatus,ADJ
phi0972.phi001.perseus-lat1.xml@319,3,ibant,eo,VERB
phi0972.phi001.perseus-lat1.xml@319,4,nudis,nudus,ADJ
phi0972.phi001.perseus-lat1.xml@319,5,pedibus,pes,NOUN
phi0972.phi001.perseus-lat1.xml@319,6,in,in,ADP
phi0972.phi001.perseus-lat1.xml@319,7,clivum,clivus,NOUN
phi0972.phi001.perseus-lat1.xml@319,8,",",",",PUNCT
phi0972.phi001.perseus-lat1.xml@319,9,passis,patior,VERB
phi0972.phi001.perseus-lat1.xml@319,10,capillis,capillus,NOUN
phi0972.phi001.perseus-lat1.xml@319,11,",",",",PUNCT
phi0972.phi001.perseus-lat1.xml@319,12,mentibus,mens,NOUN
phi0972.phi001.perseus-lat1.xml@319,13,puris,purus,ADJ
phi0972.phi001.perseus-lat1.xml@319,14,",",",",PUNCT
phi0972.phi001.perseus-lat1.xml@319,15,et,et,CCONJ
phi0972.phi001.perseus-lat1.xml@319,16,Iovem,Iuppiter,PROPN
phi0972.phi001.perseus-lat1.xml@319,17,aquam,aqua,NOUN
phi0972.phi001.perseus-lat1.xml@319,18,exorabant,exoro,VERB
phi0972.phi001.perseus-lat1.xml@319,19,.,.,PUNCT
phi0972.phi001.perseus-lat1.xml@320,1,Itaque,ita,ADV
phi0972.phi001.perseus-lat1.xml@320,2,statim,statim,ADV
phi0972.phi001.perseus-lat1.xml@320,3,urceatim,urceatim,ADV
phi0972.phi001.perseus-lat1.xml@320,4,plovebat,plu,VERB
phi0972.phi001.perseus-lat1.xml@320,5,:,:,PUNCT
phi0972.phi001.perseus-lat1.xml@321,1,aut,aut,CCONJ
phi0972.phi001.perseus-lat1.xml@321,2,ne,ne,SCONJ
phi0972.phi001.perseus-lat1.xml@321,3,tu,tu,PRON
phi0972.phi001.perseus-lat1.xml@321,4,aut,aut,CCONJ
phi0972.phi001.perseus-lat1.xml@321,5,nunquam,numquam,ADV
phi0972.phi001.perseus-lat1.xml@321,6,:,:,PUNCT
phi0972.phi001.perseus-lat1.xml@322,1,et,et,CCONJ
phi0972.phi001.perseus-lat1.xml@322,2,omnes,omnis,DET
phi0972.phi001.perseus-lat1.xml@322,3,redibant,redeo,VERB
phi0972.phi001.perseus-lat1.xml@322,4,udi,udus,ADJ
phi0972.phi001.perseus-lat1.xml@322,5,tanquam,tamquam,SCONJ
phi0972.phi001.perseus-lat1.xml@322,6,mures,mus,NOUN
phi0972.phi001.perseus-lat1.xml@322,7,.,.,PUNCT
phi0972.phi001.perseus-lat1.xml@323,1,Itaque,ita,ADV
phi0972.phi001.perseus-lat1.xml@323,2,dii,dius,ADJ
phi0972.phi001.perseus-lat1.xml@323,3,pedes,pes,NOUN
phi0972.phi001.perseus-lat1.xml@323,4,lanatos,lanatus,ADJ
phi0972.phi001.perseus-lat1.xml@323,5,habent,habeo,VERB
phi0972.phi001.perseus-lat1.xml@323,6,",",",",PUNCT
phi0972.phi001.perseus-lat1.xml@323,7,quia,quia,SCONJ
phi0972.phi001.perseus-lat1.xml@323,8,nos,nos,PRON
phi0972.phi001.perseus-lat1.xml@323,9,religiosi,religiosus,ADJ
phi0972.phi001.perseus-lat1.xml@323,10,non,non,PART
phi0972.phi001.perseus-lat1.xml@323,11,sumus,sum,AUX
phi0972.phi001.perseus-lat1.xml@323,12,.,.,PUNCT
phi0972.phi001.perseus-lat1.xml@327,1,varium,varius,ADJ
phi0972.phi001.perseus-lat1.xml@327,2,porcum,porcus,NOUN
phi0972.phi001.perseus-lat1.xml@327,3,perdiderat,perdo,VERB
phi0972.phi001.perseus-lat1.xml@327,4,.,.,PUNCT
phi0972.phi001.perseus-lat1.xml@329,1,sic,sic,ADV
phi0972.phi001.perseus-lat1.xml@329,2,vita,vita,NOUN
phi0972.phi001.perseus-lat1.xml@329,3,truditur,trudo,VERB
phi0972.phi001.perseus-lat1.xml@329,4,.,.,PUNCT
phi0972.phi001.perseus-lat1.xml@330,1,Non,non,PART
phi0972.phi001.perseus-lat1.xml@330,2,mehercules,Hercules,INTJ
phi0972.phi001.perseus-lat1.xml@330,3,patria,patria,NOUN
phi0972.phi001.perseus-lat1.xml@330,4,melior,bonus,ADJ
phi0972.phi001.perseus-lat1.xml@330,5,dici,dico,VERB
phi0972.phi001.perseus-lat1.xml@330,6,potest,possum,VERB
phi0972.phi001.perseus-lat1.xml@330,7,",",",",PUNCT
phi0972.phi001.perseus-lat1.xml@330,8,si,si,SCONJ
phi0972.phi001.perseus-lat1.xml@330,9,homines,homo,NOUN
phi0972.phi001.perseus-lat1.xml@330,10,haberet,habeo,VERB
phi0972.phi001.perseus-lat1.xml@330,11,.,.,PUNCT
phi0972.phi001.perseus-lat1.xml@336,1,Et,et,CCONJ
phi0972.phi001.perseus-lat1.xml@336,2,Titus,Titus,PROPN
phi0972.phi001.perseus-lat1.xml@336,3,noster,noster,DET
phi0972.phi001.perseus-lat1.xml@336,4,magnum,magnus,ADJ
phi0972.phi001.perseus-lat1.xml@336,5,animum,animus,NOUN
phi0972.phi001.perseus-lat1.xml@336,6,habet,habeo,VERB
phi0972.phi001.perseus-lat1.xml@336,7,et,et,CCONJ
phi0972.phi001.perseus-lat1.xml@336,8,est,sum,AUX
phi0972.phi001.perseus-lat1.xml@336,9,ealdicerebrius,caldicerebrius,ADJ
phi0972.phi001.perseus-lat1.xml@336,10,:,:,PUNCT
phi0972.phi001.perseus-lat1.xml@340,1,Et,et,CCONJ
phi0972.phi001.perseus-lat1.xml@340,2,habet,habeo,VERB
phi0972.phi001.perseus-lat1.xml@340,3,unde,unde,ADV
phi0972.phi001.perseus-lat1.xml@340,4,:,:,PUNCT
phi0972.phi001.perseus-lat1.xml@342,1,Ut,ut,SCONJ
phi0972.phi001.perseus-lat1.xml@342,2,quadringenta,quadringenti,ADJ
phi0972.phi001.perseus-lat1.xml@342,3,impendat,impendo,VERB
phi0972.phi001.perseus-lat1.xml@342,4,",",",",PUNCT
phi0972.phi001.perseus-lat1.xml@342,5,non,non,PART
phi0972.phi001.perseus-lat1.xml@342,6,sentiet,sentio,VERB
phi0972.phi001.perseus-lat1.xml@342,7,patrimonium,patrimonium,NOUN
phi0972.phi001.perseus-lat1.xml@342,8,illius,ille,DET
phi0972.phi001.perseus-lat1.xml@342,9,",",",",PUNCT
phi0972.phi001.perseus-lat1.xml@342,10,et,et,CCONJ
phi0972.phi001.perseus-lat1.xml@342,11,sempiterno,sempiternus,ADV
phi0972.phi001.perseus-lat1.xml@342,12,nominabitur,nomino,VERB
phi0972.phi001.perseus-lat1.xml@342,13,.,.,PUNCT
phi0972.phi001.perseus-lat1.xml@344,1,Videbis,video,VERB
phi0972.phi001.perseus-lat1.xml@344,2,populi,populus,NOUN
phi0972.phi001.perseus-lat1.xml@344,3,rixam,rixa,NOUN
phi0972.phi001.perseus-lat1.xml@344,4,inter,inter,ADP
phi0972.phi001.perseus-lat1.xml@344,5,zelotypos,zelotypus,NOUN
phi0972.phi001.perseus-lat1.xml@344,6,et,et,CCONJ
phi0972.phi001.perseus-lat1.xml@344,7,amasiunculos,amasiunculus,NOUN
phi0972.phi001.perseus-lat1.xml@344,8,.,.,PUNCT
phi0972.phi001.perseus-lat1.xml@345,1,Glyco,Glyco,PROPN
phi0972.phi001.perseus-lat1.xml@345,2,autem,autem,PART
phi0972.phi001.perseus-lat1.xml@345,3,",",",",PUNCT
phi0972.phi001.perseus-lat1.xml@345,4,sestertiarius,sestertiarius,ADJ
phi0972.phi001.perseus-lat1.xml@345,5,homo,homo,NOUN
phi0972.phi001.perseus-lat1.xml@345,6,",",",",PUNCT
phi0972.phi001.perseus-lat1.xml@345,7,dispensatorem,dispensator,NOUN
phi0972.phi001.perseus-lat1.xml@345,8,ad,ad,ADP
phi0972.phi001.perseus-lat1.xml@345,9,bestias,bestia,NOUN
phi0972.phi001.perseus-lat1.xml@345,10,dedit,do,VERB
phi0972.phi001.perseus-lat1.xml@345,11,.,.,PUNCT
phi0972.phi001.perseus-lat1.xml@346,1,Hoc,hic,DET
phi0972.phi001.perseus-lat1.xml@346,2,est,sum,AUX
phi0972.phi001.perseus-lat1.xml@346,3,se,sui,PRON
phi0972.phi001.perseus-lat1.xml@346,4,ipsum,ipse,DET
phi0972.phi001.perseus-lat1.xml@346,5,traducere,traduco,VERB
phi0972.phi001.perseus-lat1.xml@346,6,.,.,PUNCT
phi0972.phi001.perseus-lat1.xml@348,1,Magis,magis,ADV
phi0972.phi001.perseus-lat1.xml@348,2,illa,ille,DET
phi0972.phi001.perseus-lat1.xml@348,3,matella,matella,NOUN
phi0972.phi001.perseus-lat1.xml@348,4,digna,dignus,ADJ
phi0972.phi001.perseus-lat1.xml@348,5,fuit,sum,AUX
phi0972.phi001.perseus-lat1.xml@348,6,quam,quam,SCONJ
phi0972.phi001.perseus-lat1.xml@348,7,taurus,taurus,NOUN
phi0972.phi001.perseus-lat1.xml@348,8,iactaret,iacto,VERB
phi0972.phi001.perseus-lat1.xml@348,9,.,.,PUNCT
phi0972.phi001.perseus-lat1.xml@349,1,Sed,sed,CCONJ
phi0972.phi001.perseus-lat1.xml@349,2,qui,qui,PRON
phi0972.phi001.perseus-lat1.xml@349,3,asinum,asinus,NOUN
phi0972.phi001.perseus-lat1.xml@349,4,non,non,PART
phi0972.phi001.perseus-lat1.xml@349,5,potest,possum,VERB
phi0972.phi001.perseus-lat1.xml@349,6,",",",",PUNCT
phi0972.phi001.perseus-lat1.xml@349,7,stratum,stratus,NOUN
phi0972.phi001.perseus-lat1.xml@349,8,caedit,caedo,VERB
phi0972.phi001.perseus-lat1.xml@349,9,.,.,PUNCT
phi0972.phi001.perseus-lat1.xml@350,1,Quid,Quid,ADV
phi0972.phi001.perseus-lat1.xml@350,2,autem,autem,PART
phi0972.phi001.perseus-lat1.xml@350,3,Glyco,Glyco,PROPN
phi0972.phi001.perseus-lat1.xml@350,4,putabat,puto,VERB
phi0972.phi001.perseus-lat1.xml@350,5,Hermogenis,Hermogenes,PROPN
phi0972.phi001.perseus-lat1.xml@350,6,filicem,filix,NOUN
phi0972.phi001.perseus-lat1.xml@350,7,unquam,umquam,ADV
phi0972.phi001.perseus-lat1.xml@350,8,bonum,bonus,ADJ
phi0972.phi001.perseus-lat1.xml@350,9,exitum,exitus,NOUN
phi0972.phi001.perseus-lat1.xml@350,10,facturam,factura,NOUN
phi0972.phi001.perseus-lat1.xml@350,11,?,?,PUNCT
phi0972.phi001.perseus-lat1.xml@351,1,Ille,ille,DET
phi0972.phi001.perseus-lat1.xml@351,2,milvo,miluus,NOUN
phi0972.phi001.perseus-lat1.xml@351,3,volanti,volo,VERB
phi0972.phi001.perseus-lat1.xml@351,4,poterat,possum,VERB
phi0972.phi001.perseus-lat1.xml@351,5,ungues,unguis,NOUN
phi0972.phi001.perseus-lat1.xml@351,6,resecare,reseco,VERB
phi0972.phi001.perseus-lat1.xml@351,7,;,;,PUNCT
phi0972.phi001.perseus-lat1.xml@352,1,colubra,colubra,NOUN
phi0972.phi001.perseus-lat1.xml@352,2,restem,restis,NOUN
phi0972.phi001.perseus-lat1.xml@352,3,non,non,PART
phi0972.phi001.perseus-lat1.xml@352,4,parit,pario,VERB
phi0972.phi001.perseus-lat1.xml@352,5,.,.,PUNCT
phi0972.phi001.perseus-lat1.xml@353,1,Glyco,Glyco,PROPN
phi0972.phi001.perseus-lat1.xml@353,2,",",",",PUNCT
phi0972.phi001.perseus-lat1.xml@353,3,Glyco,Glyco,PROPN
phi0972.phi001.perseus-lat1.xml@353,4,dedit,dedo,VERB
phi0972.phi001.perseus-lat1.xml@353,5,suas,suus,DET
phi0972.phi001.perseus-lat1.xml@353,6,;,;,PUNCT
phi0972.phi001.perseus-lat1.xml@354,1,itaque,ita,ADV
phi0972.phi001.perseus-lat1.xml@354,2,quamdiu,quamdiu,SCONJ
phi0972.phi001.perseus-lat1.xml@354,3,vixerit,vivo,VERB
phi0972.phi001.perseus-lat1.xml@354,4,",",",",PUNCT
phi0972.phi001.perseus-lat1.xml@354,5,habebit,habeo,VERB
phi0972.phi001.perseus-lat1.xml@354,6,stigmam,stigma,NOUN
phi0972.phi001.perseus-lat1.xml@354,7,",",",",PUNCT
phi0972.phi001.perseus-lat1.xml@354,8-9,nec,_,_
phi0972.phi001.perseus-lat1.xml@354,8,ne,ne,SCONJ
phi0972.phi001.perseus-lat1.xml@354,9,c,que,CCONJ
phi0972.phi001.perseus-lat1.xml@354,10,illam,ille,DET
phi0972.phi001.perseus-lat1.xml@354,11,nisi,nisi,SCONJ
phi0972.phi001.perseus-lat1.xml@354,12,Orcus,Orcus,PROPN
phi0972.phi001.perseus-lat1.xml@354,13,delebit,deleo,VERB
phi0972.phi001.perseus-lat1.xml@354,14,.,.,PUNCT
phi0972.phi001.perseus-lat1.xml@355,1,Sed,sed,CCONJ
phi0972.phi001.perseus-lat1.xml@355,2,sibi,sui,PRON
phi0972.phi001.perseus-lat1.xml@355,3,quisque,quisque,DET
phi0972.phi001.perseus-lat1.xml@355,4,peccat,pecco,VERB
phi0972.phi001.perseus-lat1.xml@355,5,.,.,PUNCT
phi0972.phi001.perseus-lat1.xml@357,1,Quod,qui,PRON
phi0972.phi001.perseus-lat1.xml@357,2,si,si,SCONJ
phi0972.phi001.perseus-lat1.xml@357,3,hoc,hic,DET
phi0972.phi001.perseus-lat1.xml@357,4,fecerit,facio,VERB
phi0972.phi001.perseus-lat1.xml@357,5,",",",",PUNCT
phi0972.phi001.perseus-lat1.xml@357,6,eripiat,eripio,VERB
phi0972.phi001.perseus-lat1.xml@357,7,Norbano,Norbanus,PROPN
phi0972.phi001.perseus-lat1.xml@357,8,totum,totus,DET
phi0972.phi001.perseus-lat1.xml@357,9,favorem,favor,NOUN
phi0972.phi001.perseus-lat1.xml@357,10,.,.,PUNCT
phi0972.phi001.perseus-lat1.xml@358,1,Scias,scio,VERB
phi0972.phi001.perseus-lat1.xml@358,2,oportet,oportet,VERB
phi0972.phi001.perseus-lat1.xml@358,3,plenis,plenus,ADJ
phi0972.phi001.perseus-lat1.xml@358,4,velis,velum,NOUN
phi0972.phi001.perseus-lat1.xml@358,5,hunc,hic,DET
phi0972.phi001.perseus-lat1.xml@358,6,vinciturum,vinco,VERB
phi0972.phi001.perseus-lat1.xml@358,7,.,.,PUNCT
phi0972.phi001.perseus-lat1.xml@359,1,Et,et,CCONJ
phi0972.phi001.perseus-lat1.xml@359,2,revera,revera,ADV
phi0972.phi001.perseus-lat1.xml@359,3,",",",",PUNCT
phi0972.phi001.perseus-lat1.xml@359,4,quid,quis,PRON
phi0972.phi001.perseus-lat1.xml@359,5,ille,ille,DET
phi0972.phi001.perseus-lat1.xml@359,6,nobis,nos,PRON
phi0972.phi001.perseus-lat1.xml@359,7,boni,bonum,NOUN
phi0972.phi001.perseus-lat1.xml@359,8,fecit,facio,VERB
phi0972.phi001.perseus-lat1.xml@359,9,?,?,PUNCT
phi0972.phi001.perseus-lat1.xml@360,1,Dedit,dedo,VERB
phi0972.phi001.perseus-lat1.xml@360,2,gladiatores,gladiator,NOUN
phi0972.phi001.perseus-lat1.xml@360,3,sestertiarios,sestertiarios,NOUN
phi0972.phi001.perseus-lat1.xml@360,4,iam,iam,ADV
phi0972.phi001.perseus-lat1.xml@360,5,decrepitos,decrepitus,ADJ
phi0972.phi001.perseus-lat1.xml@360,6,",",",",PUNCT
phi0972.phi001.perseus-lat1.xml@360,7,quos,qui,PRON
phi0972.phi001.perseus-lat1.xml@360,8,si,si,SCONJ
phi0972.phi001.perseus-lat1.xml@360,9,sufflasses,sufflo,VERB
phi0972.phi001.perseus-lat1.xml@360,10,",",",",PUNCT
phi0972.phi001.perseus-lat1.xml@360,11,cecidissent,caedo,VERB
phi0972.phi001.perseus-lat1.xml@360,12,;,;,PUNCT
phi0972.phi001.perseus-lat1.xml@361,1,iam,iam,ADV
phi0972.phi001.perseus-lat1.xml@361,2,meliores,bonus,ADJ
phi0972.phi001.perseus-lat1.xml@361,3,bestiarios,bestiarius,NOUN
phi0972.phi001.perseus-lat1.xml@361,4,vidi,video,VERB
phi0972.phi001.perseus-lat1.xml@361,5,.,.,PUNCT
phi0972.phi001.perseus-lat1.xml@368,1,et,et,CCONJ
phi0972.phi001.perseus-lat1.xml@368,2,ego,ego,PRON
phi0972.phi001.perseus-lat1.xml@368,3,tibi,tu,PRON
phi0972.phi001.perseus-lat1.xml@368,4,plodo,plodo,VERB
phi0972.phi001.perseus-lat1.xml@368,5,.,.,PUNCT
phi0972.phi001.perseus-lat1.xml@369,1,Computa,computo,VERB
phi0972.phi001.perseus-lat1.xml@369,2,",",",",PUNCT
phi0972.phi001.perseus-lat1.xml@369,3,et,et,CCONJ
phi0972.phi001.perseus-lat1.xml@369,4,tibi,tu,PRON
phi0972.phi001.perseus-lat1.xml@369,5,plus,multus,DET
phi0972.phi001.perseus-lat1.xml@369,6,do,do,VERB
phi0972.phi001.perseus-lat1.xml@369,7,quam,quam,SCONJ
phi0972.phi001.perseus-lat1.xml@369,8,accepi,accipio,VERB
phi0972.phi001.perseus-lat1.xml@369,9,.,.,PUNCT
phi0972.phi001.perseus-lat1.xml@370,1,Manus,manus,NOUN
phi0972.phi001.perseus-lat1.xml@370,2,manum,manus,NOUN
phi0972.phi001.perseus-lat1.xml@370,3,lavat,lavo,VERB
phi0972.phi001.perseus-lat1.xml@370,4,.,.,PUNCT
phi0972.phi001.perseus-lat1.xml@371,1,Videris,video,VERB
phi0972.phi001.perseus-lat1.xml@371,2,mihi,ego,PRON
phi0972.phi001.perseus-lat1.xml@371,3,",",",",PUNCT
phi0972.phi001.perseus-lat1.xml@371,4,Agamemnon,Agamemnon,PROPN
phi0972.phi001.perseus-lat1.xml@371,5,",",",",PUNCT
phi0972.phi001.perseus-lat1.xml@371,6,dicere,dico,VERB
phi0972.phi001.perseus-lat1.xml@371,7,:,:,PUNCT
phi0972.phi001.perseus-lat1.xml@374,1,Non,non,PART
phi0972.phi001.perseus-lat1.xml@374,2,es,sum,AUX
phi0972.phi001.perseus-lat1.xml@374,3,nostrae,noster,DET
phi0972.phi001.perseus-lat1.xml@374,4,fasciae,fascia,NOUN
phi0972.phi001.perseus-lat1.xml@374,5,",",",",PUNCT
phi0972.phi001.perseus-lat1.xml@374,6,et,et,CCONJ
phi0972.phi001.perseus-lat1.xml@374,7,ideo,ideo,ADV
phi0972.phi001.perseus-lat1.xml@374,8,pauperorum,pauper,NOUN
phi0972.phi001.perseus-lat1.xml@374,9,verba,verbum,NOUN
phi0972.phi001.perseus-lat1.xml@374,10,derides,derideo,VERB
phi0972.phi001.perseus-lat1.xml@374,11,.,.,PUNCT
phi0972.phi001.perseus-lat1.xml@375,1,Scimus,scio,VERB
phi0972.phi001.perseus-lat1.xml@375,2,te,tu,PRON
phi0972.phi001.perseus-lat1.xml@375,3,prae,prae,ADP
phi0972.phi001.perseus-lat1.xml@375,4,litteras,littera,NOUN
phi0972.phi001.perseus-lat1.xml@375,5,fatuum,fatuus,ADJ
phi0972.phi001.perseus-lat1.xml@375,6,esse,sum,AUX
phi0972.phi001.perseus-lat1.xml@375,7,.,.,PUNCT
phi0972.phi001.perseus-lat1.xml@377,1,aliqua,aliqui,DET
phi0972.phi001.perseus-lat1.xml@377,2,die,dies,NOUN
phi0972.phi001.perseus-lat1.xml@377,3,te,tu,PRON
phi0972.phi001.perseus-lat1.xml@377,4,persuadeam,persuadeo,VERB
phi0972.phi001.perseus-lat1.xml@377,5,",",",",PUNCT
phi0972.phi001.perseus-lat1.xml@377,6,ut,ut,SCONJ
phi0972.phi001.perseus-lat1.xml@377,7,ad,ad,ADP
phi0972.phi001.perseus-lat1.xml@377,8,villam,villa,NOUN
phi0972.phi001.perseus-lat1.xml@377,9,venias,venio,VERB
phi0972.phi001.perseus-lat1.xml@377,10,et,et,CCONJ
phi0972.phi001.perseus-lat1.xml@377,11,videas,video,VERB
phi0972.phi001.perseus-lat1.xml@377,12,casulas,casula,NOUN
phi0972.phi001.perseus-lat1.xml@377,13,nostras,noster,DET
phi0972.phi001.perseus-lat1.xml@377,14,?,?,PUNCT
phi0972.phi001.perseus-lat1.xml@378,1,Inveniemus,invenio,VERB
phi0972.phi001.perseus-lat1.xml@378,2,quod,qui,PRON
phi0972.phi001.perseus-lat1.xml@378,3,manducemus,manduco,VERB
phi0972.phi001.perseus-lat1.xml@378,4,",",",",PUNCT
phi0972.phi001.perseus-lat1.xml@378,5,pullum,pullus,NOUN
phi0972.phi001.perseus-lat1.xml@378,6,",",",",PUNCT
phi0972.phi001.perseus-lat1.xml@378,7,ova,ovum,NOUN
phi0972.phi001.perseus-lat1.xml@378,8,:,:,PUNCT
phi0972.phi001.perseus-lat1.xml@380,1,inveniemus,invenio,VERB
phi0972.phi001.perseus-lat1.xml@380,2,ergo,ergo,ADV
phi0972.phi001.perseus-lat1.xml@380,3,unde,unde,ADV
phi0972.phi001.perseus-lat1.xml@380,4,saturi,satur,ADJ
phi0972.phi001.perseus-lat1.xml@380,5,fiamus,fio,VERB
phi0972.phi001.perseus-lat1.xml@380,6,.,.,PUNCT
phi0972.phi001.perseus-lat1.xml@381,1,Et,et,CCONJ
phi0972.phi001.perseus-lat1.xml@381,2,iam,iam,ADV
phi0972.phi001.perseus-lat1.xml@381,3,tibi,tu,PRON
phi0972.phi001.perseus-lat1.xml@381,4,discipulus,discipulus,NOUN
phi0972.phi001.perseus-lat1.xml@381,5,crescit,cresco,VERB
phi0972.phi001.perseus-lat1.xml@381,6,cicaro,cicaro,NOUN
phi0972.phi001.perseus-lat1.xml@381,7,meus,meus,DET
phi0972.phi001.perseus-lat1.xml@381,8,.,.,PUNCT
phi0972.phi001.perseus-lat1.xml@382,1,Iam,iam,ADV
phi0972.phi001.perseus-lat1.xml@382,2,quattuor,quattuor,NUM
phi0972.phi001.perseus-lat1.xml@382,3,partis,pars,NOUN
phi0972.phi001.perseus-lat1.xml@382,4,dicit,dico,VERB
phi0972.phi001.perseus-lat1.xml@382,5,;,;,PUNCT
phi0972.phi001.perseus-lat1.xml@383,1,si,si,SCONJ
phi0972.phi001.perseus-lat1.xml@383,2,vixerit,vivo,VERB
phi0972.phi001.perseus-lat1.xml@383,3,",",",",PUNCT
phi0972.phi001.perseus-lat1.xml@383,4,habebis,habeo,VERB
phi0972.phi001.perseus-lat1.xml@383,5,ad,ad,ADP
phi0972.phi001.perseus-lat1.xml@383,6,latus,latus,NOUN
phi0972.phi001.perseus-lat1.xml@383,7,servulum,servulus,NOUN
phi0972.phi001.perseus-lat1.xml@383,8,.,.,PUNCT
phi0972.phi001.perseus-lat1.xml@385,1,Ingeniosus,ingeniosus,ADJ
phi0972.phi001.perseus-lat1.xml@385,2,est,sum,AUX
phi0972.phi001.perseus-lat1.xml@385,3,et,et,CCONJ
phi0972.phi001.perseus-lat1.xml@385,4,bono,bonus,ADJ
phi0972.phi001.perseus-lat1.xml@385,5,filo,filum,NOUN
phi0972.phi001.perseus-lat1.xml@385,6,",",",",PUNCT
phi0972.phi001.perseus-lat1.xml@385,7,etiam,etiam,ADV
phi0972.phi001.perseus-lat1.xml@385,8,si,si,SCONJ
phi0972.phi001.perseus-lat1.xml@385,9,in,in,ADP
phi0972.phi001.perseus-lat1.xml@385,10,aves,avis,NOUN
phi0972.phi001.perseus-lat1.xml@385,11,morbosus,morbosus,ADJ
phi0972.phi001.perseus-lat1.xml@385,12,est,sum,AUX
phi0972.phi001.perseus-lat1.xml@385,13,.,.,PUNCT
phi0972.phi001.perseus-lat1.xml@386,1,Ego,ego,PRON
phi0972.phi001.perseus-lat1.xml@386,2,illi,ille,DET
phi0972.phi001.perseus-lat1.xml@386,3,iam,iam,ADV
phi0972.phi001.perseus-lat1.xml@386,4,tres,tres,NUM
phi0972.phi001.perseus-lat1.xml@386,5,cardeles,cardelis,NOUN
phi0972.phi001.perseus-lat1.xml@386,6,occidi,occido,VERB
phi0972.phi001.perseus-lat1.xml@386,7,",",",",PUNCT
phi0972.phi001.perseus-lat1.xml@386,8,et,et,CCONJ
phi0972.phi001.perseus-lat1.xml@386,9,dixi,dico,VERB
phi0972.phi001.perseus-lat1.xml@386,10,quod,quod,SCONJ
phi0972.phi001.perseus-lat1.xml@386,11,mustella,mustela,NOUN
phi0972.phi001.perseus-lat1.xml@386,12,comedit,comedo,VERB
phi0972.phi001.perseus-lat1.xml@386,13,.,.,PUNCT
phi0972.phi001.perseus-lat1.xml@387,1,Invenit,invenio,VERB
phi0972.phi001.perseus-lat1.xml@387,2,tamen,tamen,ADV
phi0972.phi001.perseus-lat1.xml@387,3,alias,alius,DET
phi0972.phi001.perseus-lat1.xml@387,4,nenias,nenia,NOUN
phi0972.phi001.perseus-lat1.xml@387,5,",",",",PUNCT
phi0972.phi001.perseus-lat1.xml@387,6,et,et,CCONJ
phi0972.phi001.perseus-lat1.xml@387,7,libentissime,libet,ADV
phi0972.phi001.perseus-lat1.xml@387,8,pingit,pingo,VERB
phi0972.phi001.perseus-lat1.xml@387,9,.,.,PUNCT
phi0972.phi001.perseus-lat1.xml@390,1,Itaque,ita,ADV
phi0972.phi001.perseus-lat1.xml@390,2,feriatis,ferior,VERB
phi0972.phi001.perseus-lat1.xml@390,3,diebus,dies,NOUN
phi0972.phi001.perseus-lat1.xml@390,4,solet,soleo,VERB
phi0972.phi001.perseus-lat1.xml@390,5,domum,domus,NOUN
phi0972.phi001.perseus-lat1.xml@390,6,venire,venio,VERB
phi0972.phi001.perseus-lat1.xml@390,7,",",",",PUNCT
phi0972.phi001.perseus-lat1.xml@390,8,et,et,CCONJ
phi0972.phi001.perseus-lat1.xml@390,9,quicquid,quisquis,PRON
phi0972.phi001.perseus-lat1.xml@390,10,dederis,do,VERB
phi0972.phi001.perseus-lat1.xml@390,11,",",",",PUNCT
phi0972.phi001.perseus-lat1.xml@390,12,contentus,contentus,ADJ
phi0972.phi001.perseus-lat1.xml@390,13,est,sum,AUX
phi0972.phi001.perseus-lat1.xml@390,14,.,.,PUNCT
phi0972.phi001.perseus-lat1.xml@391,1,Emi,emo,VERB
phi0972.phi001.perseus-lat1.xml@391,2,ergo,ergo,ADV
phi0972.phi001.perseus-lat1.xml@391,3,nunc,nunc,ADV
phi0972.phi001.perseus-lat1.xml@391,4,puero,puer,NOUN
phi0972.phi001.perseus-lat1.xml@391,5,aliquot,aliquot,DET
phi0972.phi001.perseus-lat1.xml@391,6,libra,liber,NOUN
phi0972.phi001.perseus-lat1.xml@391,7,rubricata,rubricatus,ADJ
phi0972.phi001.perseus-lat1.xml@391,8,",",",",PUNCT
phi0972.phi001.perseus-lat1.xml@391,9,quia,quia,SCONJ
phi0972.phi001.perseus-lat1.xml@391,10,volo,volo,VERB
phi0972.phi001.perseus-lat1.xml@391,11,illum,ille,DET
phi0972.phi001.perseus-lat1.xml@391,12,ad,ad,ADP
phi0972.phi001.perseus-lat1.xml@391,13,domusionem,domusio,NOUN
phi0972.phi001.perseus-lat1.xml@391,14,aliquid,aliquis,PRON
phi0972.phi001.perseus-lat1.xml@391,15,de,de,ADP
phi0972.phi001.perseus-lat1.xml@391,16,iure,ius,NOUN
phi0972.phi001.perseus-lat1.xml@391,17,gustare,gusto,VERB
phi0972.phi001.perseus-lat1.xml@391,18,.,.,PUNCT
phi0972.phi001.perseus-lat1.xml@392,1,Habet,habeo,VERB
phi0972.phi001.perseus-lat1.xml@392,2,haec,hic,DET
phi0972.phi001.perseus-lat1.xml@392,3,res,res,NOUN
phi0972.phi001.perseus-lat1.xml@392,4,panem,panis,NOUN
phi0972.phi001.perseus-lat1.xml@392,5,.,.,PUNCT
phi0972.phi001.perseus-lat1.xml@394,1,Quod,quod,SCONJ
phi0972.phi001.perseus-lat1.xml@394,2,si,si,SCONJ
phi0972.phi001.perseus-lat1.xml@394,3,resilient,resilio,VERB
phi0972.phi001.perseus-lat1.xml@394,4,",",",",PUNCT
phi0972.phi001.perseus-lat1.xml@394,5,destinavi,destino,VERB
phi0972.phi001.perseus-lat1.xml@394,6,illum,ille,DET
phi0972.phi001.perseus-lat1.xml@394,7,artificii,artificium,NOUN
phi0972.phi001.perseus-lat1.xml@394,8,docere,doceo,VERB
phi0972.phi001.perseus-lat1.xml@394,9,",",",",PUNCT
phi0972.phi001.perseus-lat1.xml@394,10,aut,aut,CCONJ
phi0972.phi001.perseus-lat1.xml@394,11,tonstreinum,tonstreinus,NOUN
phi0972.phi001.perseus-lat1.xml@394,12,aut,aut,CCONJ
phi0972.phi001.perseus-lat1.xml@394,13,praeconem,praeco,NOUN
phi0972.phi001.perseus-lat1.xml@394,14,aut,aut,CCONJ
phi0972.phi001.perseus-lat1.xml@394,15,certe,certus,ADV
phi0972.phi001.perseus-lat1.xml@394,16,causidicum,causidicus,NOUN
phi0972.phi001.perseus-lat1.xml@394,17,",",",",PUNCT
phi0972.phi001.perseus-lat1.xml@394,18,quod,qui,PRON
phi0972.phi001.perseus-lat1.xml@394,19,illi,ille,DET
phi0972.phi001.perseus-lat1.xml@394,20,auferre,aufero,VERB
phi0972.phi001.perseus-lat1.xml@394,21,non,non,PART
phi0972.phi001.perseus-lat1.xml@394,22,possit,possum,VERB
phi0972.phi001.perseus-lat1.xml@394,23,nisi,nisi,SCONJ
phi0972.phi001.perseus-lat1.xml@394,24,Orcus,Orcus,PROPN
phi0972.phi001.perseus-lat1.xml@394,25,.,.,PUNCT
phi0972.phi001.perseus-lat1.xml@395,1,Ideo,ideo,ADV
phi0972.phi001.perseus-lat1.xml@395,2,illi,ille,DET
phi0972.phi001.perseus-lat1.xml@395,3,cotidie,cotidie,ADV
phi0972.phi001.perseus-lat1.xml@395,4,clamo,clamo,VERB
phi0972.phi001.perseus-lat1.xml@395,5,:,:,PUNCT
phi0972.phi001.perseus-lat1.xml@397,1,Vides,video,VERB
phi0972.phi001.perseus-lat1.xml@397,2,Phileronem,Phileros,PROPN
phi0972.phi001.perseus-lat1.xml@397,3,causidicum,causidicus,NOUN
phi0972.phi001.perseus-lat1.xml@397,4,:,:,PUNCT
phi0972.phi001.perseus-lat1.xml@398,1,si,si,SCONJ
phi0972.phi001.perseus-lat1.xml@398,2,non,non,PART
phi0972.phi001.perseus-lat1.xml@398,3,didicisset,disco,VERB
phi0972.phi001.perseus-lat1.xml@398,4,",",",",PUNCT
phi0972.phi001.perseus-lat1.xml@398,5,hodie,hodie,ADV
phi0972.phi001.perseus-lat1.xml@398,6,famem,fames,NOUN
phi0972.phi001.perseus-lat1.xml@398,7,a,ab,ADP
phi0972.phi001.perseus-lat1.xml@398,8,labris,labrum,NOUN
phi0972.phi001.perseus-lat1.xml@398,9,non,non,PART
phi0972.phi001.perseus-lat1.xml@398,10,abigeret,abigo,VERB
phi0972.phi001.perseus-lat1.xml@398,11,.,.,PUNCT
phi0972.phi001.perseus-lat1.xml@399,1,Modo,modo,ADV
phi0972.phi001.perseus-lat1.xml@399,2,",",",",PUNCT
phi0972.phi001.perseus-lat1.xml@399,3,modo,modo,ADV
phi0972.phi001.perseus-lat1.xml@399,4,collo,collum,NOUN
phi0972.phi001.perseus-lat1.xml@399,5,suocircumferebat,circumfero,VERB
phi0972.phi001.perseus-lat1.xml@399,6,onera,onus,NOUN
phi0972.phi001.perseus-lat1.xml@399,7,venalia,venalis,ADJ
phi0972.phi001.perseus-lat1.xml@399,8,",",",",PUNCT
phi0972.phi001.perseus-lat1.xml@399,9,nunc,nunc,ADV
phi0972.phi001.perseus-lat1.xml@399,10,etiam,etiam,ADV
phi0972.phi001.perseus-lat1.xml@399,11,adversus,adversus,ADP
phi0972.phi001.perseus-lat1.xml@399,12,Norbanum,Norbanus,PROPN
phi0972.phi001.perseus-lat1.xml@399,13,se,sui,PRON
phi0972.phi001.perseus-lat1.xml@399,14,extendit,extendo,VERB
phi0972.phi001.perseus-lat1.xml@399,15,.,.,PUNCT
phi0972.phi001.perseus-lat1.xml@401,1,Eiusmodi,eiusmodi,ADV
phi0972.phi001.perseus-lat1.xml@401,2,fabulae,fabula,NOUN
phi0972.phi001.perseus-lat1.xml@401,3,vibrabant,vibro,VERB
phi0972.phi001.perseus-lat1.xml@401,4,",",",",PUNCT
phi0972.phi001.perseus-lat1.xml@401,5,cum,cum,SCONJ
phi0972.phi001.perseus-lat1.xml@401,6,Trimalchio,Trimalchio,PROPN
phi0972.phi001.perseus-lat1.xml@401,7,intravit,intro,VERB
phi0972.phi001.perseus-lat1.xml@401,8,et,et,CCONJ
phi0972.phi001.perseus-lat1.xml@401,9,detersa,detergeo,VERB
phi0972.phi001.perseus-lat1.xml@401,10,fronte,frons,NOUN
phi0972.phi001.perseus-lat1.xml@401,11,unguento,unguentum,NOUN
phi0972.phi001.perseus-lat1.xml@401,12,manus,manus,NOUN
phi0972.phi001.perseus-lat1.xml@401,13,lavit,lavo,VERB
phi0972.phi001.perseus-lat1.xml@401,14-15,spatioque,_,_
phi0972.phi001.perseus-lat1.xml@401,14,spatio,spatium,NOUN
phi0972.phi001.perseus-lat1.xml@401,15,que,que,CCONJ
phi0972.phi001.perseus-lat1.xml@401,16,minimo,minimus,ADJ
phi0972.phi001.perseus-lat1.xml@401,17,interposito,interpono,VERB
phi0972.phi001.perseus-lat1.xml@401,18,',',PUNCT
phi0972.phi001.perseus-lat1.xml@401,19,Ignoscite,ignosco,VERB
phi0972.phi001.perseus-lat1.xml@401,20,mihi,ego,PRON
phi0972.phi001.perseus-lat1.xml@401,21,',',PUNCT
phi0972.phi001.perseus-lat1.xml@401,22,inquit,inquam,VERB
phi0972.phi001.perseus-lat1.xml@401,23,',',PUNCT
phi0972.phi001.perseus-lat1.xml@401,24,amici,amicus,NOUN
phi0972.phi001.perseus-lat1.xml@401,25,",",",",PUNCT
phi0972.phi001.perseus-lat1.xml@401,26,multis,multa,NOUN
phi0972.phi001.perseus-lat1.xml@401,27,iam,iam,ADV
phi0972.phi001.perseus-lat1.xml@401,28,diebus,dies,NOUN
phi0972.phi001.perseus-lat1.xml@401,29,venter,venter,NOUN
phi0972.phi001.perseus-lat1.xml@401,30,mihi,ego,PRON
phi0972.phi001.perseus-lat1.xml@401,31,non,non,PART
phi0972.phi001.perseus-lat1.xml@401,32,respondit,respondeo,VERB
phi0972.phi001.perseus-lat1.xml@401,33,.,.,PUNCT
phi0972.phi001.perseus-lat1.xml@402,1-2,Nec,_,_
phi0972.phi001.perseus-lat1.xml@402,1,Ne,ne,ADV
phi0972.phi001.perseus-lat1.xml@402,2,c,que,CCONJ
phi0972.phi001.perseus-lat1.xml@402,3,medici,medicus,NOUN
phi0972.phi001.perseus-lat1.xml@402,4,se,sui,PRON
phi0972.phi001.perseus-lat1.xml@402,5,inveniunt,invenio,VERB
phi0972.phi001.perseus-lat1.xml@402,6,.,.,PUNCT
phi0972.phi001.perseus-lat1.xml@403,1,Profuit,prosum,VERB
phi0972.phi001.perseus-lat1.xml@403,2,mihi,ego,PRON
phi0972.phi001.perseus-lat1.xml@403,3,tamen,tamen,ADV
phi0972.phi001.perseus-lat1.xml@403,4,malicorium,malicorium,NOUN
phi0972.phi001.perseus-lat1.xml@403,5,et,et,CCONJ
phi0972.phi001.perseus-lat1.xml@403,6,taeda,taeda,NOUN
phi0972.phi001.perseus-lat1.xml@403,7,ex,ex,ADP
phi0972.phi001.perseus-lat1.xml@403,8,aceto,acetum,NOUN
phi0972.phi001.perseus-lat1.xml@403,9,.,.,PUNCT
phi0972.phi001.perseus-lat1.xml@404,1,Spero,spero,VERB
phi0972.phi001.perseus-lat1.xml@404,2,tamen,tamen,ADV
phi0972.phi001.perseus-lat1.xml@404,3,",",",",PUNCT
phi0972.phi001.perseus-lat1.xml@404,4,iamveterem,vetus,ADJ
phi0972.phi001.perseus-lat1.xml@404,5,pudorem,pudor,NOUN
phi0972.phi001.perseus-lat1.xml@404,6,sibi,sui,PRON
phi0972.phi001.perseus-lat1.xml@404,7,imponet,impono,VERB
phi0972.phi001.perseus-lat1.xml@404,8,.,.,PUNCT
phi0972.phi001.perseus-lat1.xml@405,1,Alioquin,alioqui,ADV
phi0972.phi001.perseus-lat1.xml@405,2,circa,circa,ADP
phi0972.phi001.perseus-lat1.xml@405,3,stomachum,stomachus,NOUN
phi0972.phi001.perseus-lat1.xml@405,4,mihi,ego,PRON
phi0972.phi001.perseus-lat1.xml@405,5,sonat,sono,VERB
phi0972.phi001.perseus-lat1.xml@405,6,",",",",PUNCT
phi0972.phi001.perseus-lat1.xml@405,7,putes,puteo,VERB
phi0972.phi001.perseus-lat1.xml@405,8,taurum,taurus,NOUN
phi0972.phi001.perseus-lat1.xml@405,9,.,.,PUNCT
phi0972.phi001.perseus-lat1.xml@408,1,Ego,ego,PRON
phi0972.phi001.perseus-lat1.xml@408,2,nullum,nullus,DET
phi0972.phi001.perseus-lat1.xml@408,3,puto,puto,VERB
phi0972.phi001.perseus-lat1.xml@408,4,tam,tam,ADV
phi0972.phi001.perseus-lat1.xml@408,5,magnum,magnus,ADJ
phi0972.phi001.perseus-lat1.xml@408,6,tormentum,tormentum,NOUN
phi0972.phi001.perseus-lat1.xml@408,7,esse,sum,AUX
phi0972.phi001.perseus-lat1.xml@408,8,quam,quam,SCONJ
phi0972.phi001.perseus-lat1.xml@408,9,continere,contineo,VERB
phi0972.phi001.perseus-lat1.xml@408,10,.,.,PUNCT
phi0972.phi001.perseus-lat1.xml@409,1,Hoc,hic,DET
phi0972.phi001.perseus-lat1.xml@409,2,solum,solus,DET
phi0972.phi001.perseus-lat1.xml@409,3,vetare,veto,VERB
phi0972.phi001.perseus-lat1.xml@409,4,ne,ne,ADV
phi0972.phi001.perseus-lat1.xml@409,5,Iovis,Iovis,PROPN
phi0972.phi001.perseus-lat1.xml@409,6,potest,possum,VERB
phi0972.phi001.perseus-lat1.xml@409,7,.,.,PUNCT
phi0972.phi001.perseus-lat1.xml@410,1,Rides,rideo,VERB
phi0972.phi001.perseus-lat1.xml@410,2,",",",",PUNCT
phi0972.phi001.perseus-lat1.xml@410,3,Fortunata,fortuno,NOUN
phi0972.phi001.perseus-lat1.xml@410,4,",",",",PUNCT
phi0972.phi001.perseus-lat1.xml@410,5,quae,qui,PRON
phi0972.phi001.perseus-lat1.xml@410,6,soles,soleo,VERB
phi0972.phi001.perseus-lat1.xml@410,7,me,ego,PRON
phi0972.phi001.perseus-lat1.xml@410,8,nocte,nox,NOUN
phi0972.phi001.perseus-lat1.xml@410,9,desomnem,desomnis,ADJ
phi0972.phi001.perseus-lat1.xml@410,10,facere,facio,VERB
phi0972.phi001.perseus-lat1.xml@410,11,?,?,PUNCT
phi0972.phi001.perseus-lat1.xml@416,1,Gratias,gratia,NOUN
phi0972.phi001.perseus-lat1.xml@416,2,agimus,ago,VERB
phi0972.phi001.perseus-lat1.xml@416,3,liberalitati,liberalitas,NOUN
phi0972.phi001.perseus-lat1.xml@416,4-5,indulgentiaeque,_,_
phi0972.phi001.perseus-lat1.xml@416,4,indulgentiae,indulgentia,NOUN
phi0972.phi001.perseus-lat1.xml@416,5,que,que,CCONJ
phi0972.phi001.perseus-lat1.xml@416,6,eius,is,PRON
phi0972.phi001.perseus-lat1.xml@416,7,",",",",PUNCT
phi0972.phi001.perseus-lat1.xml@416,8,et,et,CCONJ
phi0972.phi001.perseus-lat1.xml@416,9,subinde,subinde,ADV
phi0972.phi001.perseus-lat1.xml@416,10,castigamus,castigo,VERB
phi0972.phi001.perseus-lat1.xml@416,11,crebris,creber,ADJ
phi0972.phi001.perseus-lat1.xml@416,12,potiunculis,potiuncula,NOUN
phi0972.phi001.perseus-lat1.xml@416,13,risum,risus,NOUN
phi0972.phi001.perseus-lat1.xml@416,14,.,.,PUNCT
phi0972.phi001.perseus-lat1.xml@417,1-2,Nec,_,_
phi0972.phi001.perseus-lat1.xml@417,1,Ne,ne,ADV
phi0972.phi001.perseus-lat1.xml@417,2,c,que,CCONJ
phi0972.phi001.perseus-lat1.xml@417,3,adhuc,adhuc,ADV
phi0972.phi001.perseus-lat1.xml@417,4,sciebamus,scio,VERB
phi0972.phi001.perseus-lat1.xml@417,5,nos,nos,PRON
phi0972.phi001.perseus-lat1.xml@417,6,in,in,ADP
phi0972.phi001.perseus-lat1.xml@417,7,medio,medius,ADJ
phi0972.phi001.perseus-lat1.xml@417,8,lautitiarum,lautitia,NOUN
phi0972.phi001.perseus-lat1.xml@417,9,",",",",PUNCT
phi0972.phi001.perseus-lat1.xml@417,10,quod,qui,PRON
phi0972.phi001.perseus-lat1.xml@417,11,aiunt,aio,VERB
phi0972.phi001.perseus-lat1.xml@417,12,",",",",PUNCT
phi0972.phi001.perseus-lat1.xml@417,13,clivo,clivus,NOUN
phi0972.phi001.perseus-lat1.xml@417,14,laborare,laboro,VERB
phi0972.phi001.perseus-lat1.xml@417,15,.,.,PUNCT
phi0972.phi001.perseus-lat1.xml@420,1,gallum,gallus,NOUN
phi0972.phi001.perseus-lat1.xml@420,2,enim,enim,PART
phi0972.phi001.perseus-lat1.xml@420,3,gallinaceum,gallinaceus,ADJ
phi0972.phi001.perseus-lat1.xml@420,4,",",",",PUNCT
phi0972.phi001.perseus-lat1.xml@420,5,penthiacum,penthiacus,NOUN
phi0972.phi001.perseus-lat1.xml@420,6,et,et,CCONJ
phi0972.phi001.perseus-lat1.xml@420,7,eiusmodi,eiusmodi,DET
phi0972.phi001.perseus-lat1.xml@420,8,nenias,nenia,NOUN
phi0972.phi001.perseus-lat1.xml@420,9,rustici,rusticus,NOUN
phi0972.phi001.perseus-lat1.xml@420,10,faciunt,facio,VERB
phi0972.phi001.perseus-lat1.xml@420,11,:,:,PUNCT
phi0972.phi001.perseus-lat1.xml@429,1,vos,tu,PRON
phi0972.phi001.perseus-lat1.xml@429,2,illud,ille,DET
phi0972.phi001.perseus-lat1.xml@429,3,oportet,oportet,VERB
phi0972.phi001.perseus-lat1.xml@429,4,bonum,bonus,ADJ
phi0972.phi001.perseus-lat1.xml@429,5,faciatis,facio,VERB
phi0972.phi001.perseus-lat1.xml@429,6,.,.,PUNCT
phi0972.phi001.perseus-lat1.xml@430,1,Deorum,deus,NOUN
phi0972.phi001.perseus-lat1.xml@430,2,beneficio,beneficium,NOUN
phi0972.phi001.perseus-lat1.xml@430,3,non,non,PART
phi0972.phi001.perseus-lat1.xml@430,4,emo,emo,VERB
phi0972.phi001.perseus-lat1.xml@430,5,",",",",PUNCT
phi0972.phi001.perseus-lat1.xml@430,6,sed,sed,CCONJ
phi0972.phi001.perseus-lat1.xml@430,7,nunc,nunc,ADV
phi0972.phi001.perseus-lat1.xml@430,8,quicquid,quisquis,PRON
phi0972.phi001.perseus-lat1.xml@430,9,ad,ad,ADP
phi0972.phi001.perseus-lat1.xml@430,10,salivam,saliva,NOUN
phi0972.phi001.perseus-lat1.xml@430,11,facit,facio,VERB
phi0972.phi001.perseus-lat1.xml@430,12,",",",",PUNCT
phi0972.phi001.perseus-lat1.xml@430,13,in,in,ADP
phi0972.phi001.perseus-lat1.xml@430,14,suburbano,suburbanus,ADJ
phi0972.phi001.perseus-lat1.xml@430,15,nascitur,nascor,VERB
phi0972.phi001.perseus-lat1.xml@430,16,eo,is,PRON
phi0972.phi001.perseus-lat1.xml@430,17,",",",",PUNCT
phi0972.phi001.perseus-lat1.xml@430,18,quod,qui,PRON
phi0972.phi001.perseus-lat1.xml@430,19,ego,ego,PRON
phi0972.phi001.perseus-lat1.xml@430,20,adhuc,adhuc,ADV
phi0972.phi001.perseus-lat1.xml@430,21,non,non,PART
phi0972.phi001.perseus-lat1.xml@430,22,novi,nosco,VERB
phi0972.phi001.perseus-lat1.xml@430,23,.,.,PUNCT
phi0972.phi001.perseus-lat1.xml@431,1,Dicitur,dico,VERB
phi0972.phi001.perseus-lat1.xml@431,2,confine,confinis,ADJ
phi0972.phi001.perseus-lat1.xml@431,3,esse,sum,AUX
phi0972.phi001.perseus-lat1.xml@431,4,Tarraciniensibus,Tarraciniensis,ADJ
phi0972.phi001.perseus-lat1.xml@431,5,et,et,CCONJ
phi0972.phi001.perseus-lat1.xml@431,6,Tarentinis,Tarentinus,ADJ
phi0972.phi001.perseus-lat1.xml@431,7,.,.,PUNCT
phi0972.phi001.perseus-lat1.xml@432,1,Nunc,nunc,ADV
phi0972.phi001.perseus-lat1.xml@432,2,coniungere,coniungo,VERB
phi0972.phi001.perseus-lat1.xml@432,3,agellis,agellus,NOUN
phi0972.phi001.perseus-lat1.xml@432,4,Siciliam,Sicilia,PROPN
phi0972.phi001.perseus-lat1.xml@432,5,volo,volo,VERB
phi0972.phi001.perseus-lat1.xml@432,6,",",",",PUNCT
phi0972.phi001.perseus-lat1.xml@432,7,ut,ut,SCONJ
phi0972.phi001.perseus-lat1.xml@432,8,cum,cum,SCONJ
phi0972.phi001.perseus-lat1.xml@432,9,Africam,Africa,PROPN
phi0972.phi001.perseus-lat1.xml@432,10,libuerit,libet,VERB
phi0972.phi001.perseus-lat1.xml@432,11,ire,eo,VERB
phi0972.phi001.perseus-lat1.xml@432,12,",",",",PUNCT
phi0972.phi001.perseus-lat1.xml@432,13,per,per,ADP
phi0972.phi001.perseus-lat1.xml@432,14,meos,meus,DET
phi0972.phi001.perseus-lat1.xml@432,15,fines,finis,NOUN
phi0972.phi001.perseus-lat1.xml@432,16,navigem,navigo,VERB
phi0972.phi001.perseus-lat1.xml@432,17,.,.,PUNCT
phi0972.phi001.perseus-lat1.xml@434,1,Ego,ego,PRON
phi0972.phi001.perseus-lat1.xml@434,2,etiam,etiam,ADV
phi0972.phi001.perseus-lat1.xml@434,3,si,si,SCONJ
phi0972.phi001.perseus-lat1.xml@434,4,causas,causa,NOUN
phi0972.phi001.perseus-lat1.xml@434,5,non,non,PART
phi0972.phi001.perseus-lat1.xml@434,6,ago,ago,VERB
phi0972.phi001.perseus-lat1.xml@434,7,",",",",PUNCT
phi0972.phi001.perseus-lat1.xml@434,8,in,in,ADP
phi0972.phi001.perseus-lat1.xml@434,9,domusionem,domusio,NOUN
phi0972.phi001.perseus-lat1.xml@434,10,tamen,tamen,ADV
phi0972.phi001.perseus-lat1.xml@434,11,litteras,littera,NOUN
phi0972.phi001.perseus-lat1.xml@434,12,didici,disco,VERB
phi0972.phi001.perseus-lat1.xml@434,13,.,.,PUNCT
phi0972.phi001.perseus-lat1.xml@435,1,Et,et,CCONJ
phi0972.phi001.perseus-lat1.xml@435,2,ne,ne,SCONJ
phi0972.phi001.perseus-lat1.xml@435,3,me,ego,PRON
phi0972.phi001.perseus-lat1.xml@435,4,putes,puteo,VERB
phi0972.phi001.perseus-lat1.xml@435,5,studia,studium,NOUN
phi0972.phi001.perseus-lat1.xml@435,6,fastiditum,fastidio,VERB
phi0972.phi001.perseus-lat1.xml@435,7,",",",",PUNCT
phi0972.phi001.perseus-lat1.xml@435,8,II,II,NUM
phi0972.phi001.perseus-lat1.xml@435,9,bybliothecas,bybliotheca,NOUN
phi0972.phi001.perseus-lat1.xml@435,10,habeo,habeo,VERB
phi0972.phi001.perseus-lat1.xml@435,11,",",",",PUNCT
phi0972.phi001.perseus-lat1.xml@435,12,unam,unus,ADJ
phi0972.phi001.perseus-lat1.xml@435,13,Graecam,Graecus,ADJ
phi0972.phi001.perseus-lat1.xml@435,14,",",",",PUNCT
phi0972.phi001.perseus-lat1.xml@435,15,alteram,alter,DET
phi0972.phi001.perseus-lat1.xml@435,16,Latinam,Latinus,ADJ
phi0972.phi001.perseus-lat1.xml@435,17,.,.,PUNCT
phi0972.phi001.perseus-lat1.xml@443,1,Solebam,soleo,VERB
phi0972.phi001.perseus-lat1.xml@443,2,haec,hic,DET
phi0972.phi001.perseus-lat1.xml@443,3,ego,ego,PRON
phi0972.phi001.perseus-lat1.xml@443,4,puer,puer,NOUN
phi0972.phi001.perseus-lat1.xml@443,5,apud,apud,ADP
phi0972.phi001.perseus-lat1.xml@443,6,Homerum,Homerus,PROPN
phi0972.phi001.perseus-lat1.xml@443,7,legere,lego,VERB
phi0972.phi001.perseus-lat1.xml@443,8,.,.,PUNCT
phi0972.phi001.perseus-lat1.xml@445,1,respondebat,respondeo,VERB
phi0972.phi001.perseus-lat1.xml@445,2,illa,ille,DET
phi0972.phi001.perseus-lat1.xml@445,3,:,:,PUNCT
phi0972.phi001.perseus-lat1.xml@446,1,Nondum,nondum,ADV
phi0972.phi001.perseus-lat1.xml@446,2,efflaverat,efflo,VERB
phi0972.phi001.perseus-lat1.xml@446,3,omnia,omnis,DET
phi0972.phi001.perseus-lat1.xml@446,4,",",",",PUNCT
phi0972.phi001.perseus-lat1.xml@446,5,cum,cum,SCONJ
phi0972.phi001.perseus-lat1.xml@446,6,repositorium,repositorium,NOUN
phi0972.phi001.perseus-lat1.xml@446,7,cum,cum,ADP
phi0972.phi001.perseus-lat1.xml@446,8,sue,sus,NOUN
phi0972.phi001.perseus-lat1.xml@446,9,ingenti,ingens,ADJ
phi0972.phi001.perseus-lat1.xml@446,10,mensam,mensa,NOUN
phi0972.phi001.perseus-lat1.xml@446,11,occupavit,occupo,VERB
phi0972.phi001.perseus-lat1.xml@446,12,.,.,PUNCT
phi0972.phi001.perseus-lat1.xml@458,1,Deprecari,deprecor,VERB
phi0972.phi001.perseus-lat1.xml@458,2,tamen,tamen,ADV
phi0972.phi001.perseus-lat1.xml@458,3,omnes,omnes,NOUN
phi0972.phi001.perseus-lat1.xml@458,4,coeperunt,coepio,VERB
phi0972.phi001.perseus-lat1.xml@458,5,et,et,CCONJ
phi0972.phi001.perseus-lat1.xml@458,6,dicere,dico,VERB
phi0972.phi001.perseus-lat1.xml@458,7,:,:,PUNCT
phi0972.phi001.perseus-lat1.xml@460,1,rogamus,rogo,VERB
phi0972.phi001.perseus-lat1.xml@460,2,",",",",PUNCT
phi0972.phi001.perseus-lat1.xml@460,3,mittas,mitto,VERB
phi0972.phi001.perseus-lat1.xml@460,4,;,;,PUNCT
phi0972.phi001.perseus-lat1.xml@463,1,aliquis,aliquis,PRON
phi0972.phi001.perseus-lat1.xml@463,2,oblivisceretur,obliviscor,VERB
phi0972.phi001.perseus-lat1.xml@463,3,porcum,porcus,NOUN
phi0972.phi001.perseus-lat1.xml@463,4,exinterare,exintero,VERB
phi0972.phi001.perseus-lat1.xml@463,5,?,?,PUNCT
phi0972.phi001.perseus-lat1.xml@466,1,Recepta,recipio,VERB
phi0972.phi001.perseus-lat1.xml@466,2,cocus,coquus,NOUN
phi0972.phi001.perseus-lat1.xml@466,3,tunica,tunica,NOUN
phi0972.phi001.perseus-lat1.xml@466,4,cultrum,culter,NOUN
phi0972.phi001.perseus-lat1.xml@466,5,arripuit,arripio,VERB
phi0972.phi001.perseus-lat1.xml@466,6-7,porcique,_,_
phi0972.phi001.perseus-lat1.xml@466,6,porci,porcus,NOUN
phi0972.phi001.perseus-lat1.xml@466,7,que,que,CCONJ
phi0972.phi001.perseus-lat1.xml@466,8,ventrem,venter,NOUN
phi0972.phi001.perseus-lat1.xml@466,9,hinec,hinc,ADV
phi0972.phi001.perseus-lat1.xml@466,10,atque,atque,CCONJ
phi0972.phi001.perseus-lat1.xml@466,11,illinc,illinc,ADV
phi0972.phi001.perseus-lat1.xml@466,12,timida,timidus,ADJ
phi0972.phi001.perseus-lat1.xml@466,13,manu,manus,NOUN
phi0972.phi001.perseus-lat1.xml@466,14,secuit,seco,VERB
phi0972.phi001.perseus-lat1.xml@466,15,.,.,PUNCT
phi0972.phi001.perseus-lat1.xml@470,1,Quam,qui,PRON
phi0972.phi001.perseus-lat1.xml@470,2,cum,cum,SCONJ
phi0972.phi001.perseus-lat1.xml@470,3,Agamemnon,Agamemnon,PROPN
phi0972.phi001.perseus-lat1.xml@470,4,propius,propius,ADV
phi0972.phi001.perseus-lat1.xml@470,5,consideraret,considero,VERB
phi0972.phi001.perseus-lat1.xml@470,6,",",",",PUNCT
phi0972.phi001.perseus-lat1.xml@470,7,ait,aio,VERB
phi0972.phi001.perseus-lat1.xml@470,8,Trimalchio,Trimalchio,PROPN
phi0972.phi001.perseus-lat1.xml@470,9,:,:,PUNCT
phi0972.phi001.perseus-lat1.xml@472,1,Expectabam,expecto,VERB
phi0972.phi001.perseus-lat1.xml@472,2,",",",",PUNCT
phi0972.phi001.perseus-lat1.xml@472,3,ut,ut,SCONJ
phi0972.phi001.perseus-lat1.xml@472,4,pro,pro,ADP
phi0972.phi001.perseus-lat1.xml@472,5,reliqua,reliquus,DET
phi0972.phi001.perseus-lat1.xml@472,6,insolentia,insolentia,NOUN
phi0972.phi001.perseus-lat1.xml@472,7,diceret,dico,VERB
phi0972.phi001.perseus-lat1.xml@472,8,sibi,sui,PRON
phi0972.phi001.perseus-lat1.xml@472,9,vasa,vasum,NOUN
phi0972.phi001.perseus-lat1.xml@472,10,Corintho,Corinthus,PROPN
phi0972.phi001.perseus-lat1.xml@472,11,afferri,affero,VERB
phi0972.phi001.perseus-lat1.xml@472,12,.,.,PUNCT
phi0972.phi001.perseus-lat1.xml@473,1,Sed,sed,CCONJ
phi0972.phi001.perseus-lat1.xml@473,2,ille,ille,DET
phi0972.phi001.perseus-lat1.xml@473,3,melius,melius,ADV
phi0972.phi001.perseus-lat1.xml@473,4,:,:,PUNCT
phi0972.phi001.perseus-lat1.xml@476,1,Quid,quis,PRON
phi0972.phi001.perseus-lat1.xml@476,2,est,sum,AUX
phi0972.phi001.perseus-lat1.xml@476,3,autem,autem,PART
phi0972.phi001.perseus-lat1.xml@476,4,Corintheum,Corintheus,ADJ
phi0972.phi001.perseus-lat1.xml@476,5,",",",",PUNCT
phi0972.phi001.perseus-lat1.xml@476,6,nisi,nisi,SCONJ
phi0972.phi001.perseus-lat1.xml@476,7,quis,qui,PRON
phi0972.phi001.perseus-lat1.xml@476,8,Corinthum,Corinthus,PROPN
phi0972.phi001.perseus-lat1.xml@476,9,habet,habeo,VERB
phi0972.phi001.perseus-lat1.xml@476,10,?,?,PUNCT
phi0972.phi001.perseus-lat1.xml@481,1,Ignoscetis,ignosco,VERB
phi0972.phi001.perseus-lat1.xml@481,2,mihi,ego,PRON
phi0972.phi001.perseus-lat1.xml@481,3,",",",",PUNCT
phi0972.phi001.perseus-lat1.xml@481,4,quod,qui,PRON
phi0972.phi001.perseus-lat1.xml@481,5,dixero,dico,VERB
phi0972.phi001.perseus-lat1.xml@481,6,:,:,PUNCT
phi0972.phi001.perseus-lat1.xml@482,1,ego,ego,PRON
phi0972.phi001.perseus-lat1.xml@482,2,malo,malo,VERB
phi0972.phi001.perseus-lat1.xml@482,3,mihi,ego,PRON
phi0972.phi001.perseus-lat1.xml@482,4,vitrea,vitreus,ADJ
phi0972.phi001.perseus-lat1.xml@482,5,",",",",PUNCT
phi0972.phi001.perseus-lat1.xml@482,6,certe,certus,ADV
phi0972.phi001.perseus-lat1.xml@482,7,non,non,PART
phi0972.phi001.perseus-lat1.xml@482,8,olunt,oleo,VERB
phi0972.phi001.perseus-lat1.xml@482,9,.,.,PUNCT
phi0972.phi001.perseus-lat1.xml@485,1,nunc,nunc,ADV
phi0972.phi001.perseus-lat1.xml@485,2,autem,autem,PART
phi0972.phi001.perseus-lat1.xml@485,3,vilia,vilis,ADJ
phi0972.phi001.perseus-lat1.xml@485,4,sunt,sum,AUX
phi0972.phi001.perseus-lat1.xml@485,5,.,.,PUNCT
phi0972.phi001.perseus-lat1.xml@489,1,At,at,CCONJ
phi0972.phi001.perseus-lat1.xml@489,2,ille,ille,DET
phi0972.phi001.perseus-lat1.xml@489,3,sustulit,tollo,VERB
phi0972.phi001.perseus-lat1.xml@489,4,phialam,phiala,NOUN
phi0972.phi001.perseus-lat1.xml@489,5,de,de,ADP
phi0972.phi001.perseus-lat1.xml@489,6,terra,terra,NOUN
phi0972.phi001.perseus-lat1.xml@489,7,;,;,PUNCT
phi0972.phi001.perseus-lat1.xml@491,1,deinde,deinde,ADV
phi0972.phi001.perseus-lat1.xml@491,2,martiolum,martiolus,NOUN
phi0972.phi001.perseus-lat1.xml@491,3,de,de,ADP
phi0972.phi001.perseus-lat1.xml@491,4,sinu,sinus,NOUN
phi0972.phi001.perseus-lat1.xml@491,5,protulit,profero,VERB
phi0972.phi001.perseus-lat1.xml@491,6,et,et,CCONJ
phi0972.phi001.perseus-lat1.xml@491,7,phialam,phiala,NOUN
phi0972.phi001.perseus-lat1.xml@491,8,otio,otium,NOUN
phi0972.phi001.perseus-lat1.xml@491,9,belle,bellus,ADV
phi0972.phi001.perseus-lat1.xml@491,10,correxit,corrigo,VERB
phi0972.phi001.perseus-lat1.xml@491,11,.,.,PUNCT
phi0972.phi001.perseus-lat1.xml@492,1,Hoc,hic,DET
phi0972.phi001.perseus-lat1.xml@492,2,facto,facio,VERB
phi0972.phi001.perseus-lat1.xml@492,3,putabat,puto,VERB
phi0972.phi001.perseus-lat1.xml@492,4,se,sui,PRON
phi0972.phi001.perseus-lat1.xml@492,5,solium,solium,NOUN
phi0972.phi001.perseus-lat1.xml@492,6,Iovis,Iuppiter,PROPN
phi0972.phi001.perseus-lat1.xml@492,7,tenere,teneo,VERB
phi0972.phi001.perseus-lat1.xml@492,8,",",",",PUNCT
phi0972.phi001.perseus-lat1.xml@492,9,utique,utique,ADV
phi0972.phi001.perseus-lat1.xml@492,10,postquam,postquam,ADV
phi0972.phi001.perseus-lat1.xml@492,11,Caesar,Caesar,PROPN
phi0972.phi001.perseus-lat1.xml@492,12,illi,ille,DET
phi0972.phi001.perseus-lat1.xml@492,13,dixit,dico,VERB
phi0972.phi001.perseus-lat1.xml@492,14,:,:,PUNCT
phi0972.phi001.perseus-lat1.xml@494,1,vide,video,VERB
phi0972.phi001.perseus-lat1.xml@494,2,modo,modo,ADV
phi0972.phi001.perseus-lat1.xml@494,3,.,.,PUNCT
phi0972.phi001.perseus-lat1.xml@495,1,Postquam,postquam,SCONJ
phi0972.phi001.perseus-lat1.xml@495,2,negavit,nego,VERB
phi0972.phi001.perseus-lat1.xml@495,3,",",",",PUNCT
phi0972.phi001.perseus-lat1.xml@495,4,iussit,iubeo,VERB
phi0972.phi001.perseus-lat1.xml@495,5,illum,ille,DET
phi0972.phi001.perseus-lat1.xml@495,6,Caesar,Caesar,PROPN
phi0972.phi001.perseus-lat1.xml@495,7,decollari,decollo,VERB
phi0972.phi001.perseus-lat1.xml@495,8,:,:,PUNCT
phi0972.phi001.perseus-lat1.xml@499,1,quemadmodum,quemadmodum,ADV
phi0972.phi001.perseus-lat1.xml@499,2,Cassandra,Cassandra,PROPN
phi0972.phi001.perseus-lat1.xml@499,3,occidit,occido,VERB
phi0972.phi001.perseus-lat1.xml@499,4,filios,filius,NOUN
phi0972.phi001.perseus-lat1.xml@499,5,suos,suus,DET
phi0972.phi001.perseus-lat1.xml@499,6,",",",",PUNCT
phi0972.phi001.perseus-lat1.xml@499,7,et,et,CCONJ
phi0972.phi001.perseus-lat1.xml@499,8,pueri,puer,NOUN
phi0972.phi001.perseus-lat1.xml@499,9,mortui,mortuus,ADJ
phi0972.phi001.perseus-lat1.xml@499,10,iacent,iaceo,VERB
phi0972.phi001.perseus-lat1.xml@499,11,sic,sic,ADV
phi0972.phi001.perseus-lat1.xml@499,12,ut,ut,SCONJ
phi0972.phi001.perseus-lat1.xml@499,13,vivere,vivo,VERB
phi0972.phi001.perseus-lat1.xml@499,14,putes,puto,VERB
phi0972.phi001.perseus-lat1.xml@499,15,.,.,PUNCT
phi0972.phi001.perseus-lat1.xml@500,1,Habeo,habeo,VERB
phi0972.phi001.perseus-lat1.xml@500,2,capides,capis,NOUN
phi0972.phi001.perseus-lat1.xml@500,3,M,mille,NUM
phi0972.phi001.perseus-lat1.xml@500,4,",",",",PUNCT
phi0972.phi001.perseus-lat1.xml@500,5,quas,qui,PRON
phi0972.phi001.perseus-lat1.xml@500,6,reliquit,relinquo,VERB
phi0972.phi001.perseus-lat1.xml@500,7,patrono,patronus,NOUN
phi0972.phi001.perseus-lat1.xml@500,8,meo,meus,DET
phi0972.phi001.perseus-lat1.xml@500,9,Mummius,Mummius,ADJ
phi0972.phi001.perseus-lat1.xml@500,10,",",",",PUNCT
phi0972.phi001.perseus-lat1.xml@500,11,ubi,ubi,ADV
phi0972.phi001.perseus-lat1.xml@500,12,Daedalus,Daedalus,PROPN
phi0972.phi001.perseus-lat1.xml@500,13,Niobam,Nioba,PROPN
phi0972.phi001.perseus-lat1.xml@500,14,in,in,ADP
phi0972.phi001.perseus-lat1.xml@500,15,equum,equus,NOUN
phi0972.phi001.perseus-lat1.xml@500,16,Troianum,Troianus,ADJ
phi0972.phi001.perseus-lat1.xml@500,17,includit,includo,VERB
phi0972.phi001.perseus-lat1.xml@500,18,.,.,PUNCT
phi0972.phi001.perseus-lat1.xml@503,1,Haec,hic,DET
phi0972.phi001.perseus-lat1.xml@503,2,dum,dum,SCONJ
phi0972.phi001.perseus-lat1.xml@503,3,refert,refero,VERB
phi0972.phi001.perseus-lat1.xml@503,4,",",",",PUNCT
phi0972.phi001.perseus-lat1.xml@503,5,puer,puer,NOUN
phi0972.phi001.perseus-lat1.xml@503,6,calicem,calix,NOUN
phi0972.phi001.perseus-lat1.xml@503,7,proiecit,proicio,VERB
phi0972.phi001.perseus-lat1.xml@503,8,.,.,PUNCT
phi0972.phi001.perseus-lat1.xml@509,1,Tandem,tandem,ADV
phi0972.phi001.perseus-lat1.xml@509,2,ergo,ergo,ADV
phi0972.phi001.perseus-lat1.xml@509,3,exoratus,exoro,VERB
phi0972.phi001.perseus-lat1.xml@509,4,a,ab,ADP
phi0972.phi001.perseus-lat1.xml@509,5,nobis,nos,PRON
phi0972.phi001.perseus-lat1.xml@509,6,missionem,missio,NOUN
phi0972.phi001.perseus-lat1.xml@509,7,dedit,do,VERB
phi0972.phi001.perseus-lat1.xml@509,8,puero,puer,NOUN
phi0972.phi001.perseus-lat1.xml@509,9,.,.,PUNCT
phi0972.phi001.perseus-lat1.xml@510,1,Ille,ille,DET
phi0972.phi001.perseus-lat1.xml@510,2,dimissus,dimitto,VERB
phi0972.phi001.perseus-lat1.xml@510,3,circa,circa,ADP
phi0972.phi001.perseus-lat1.xml@510,4,mensam,mensa,NOUN
phi0972.phi001.perseus-lat1.xml@510,5,percucurrit,percurro,VERB
phi0972.phi001.perseus-lat1.xml@510,6,.,.,PUNCT
phi0972.phi001.perseus-lat1.xml@514,1,Credite,credo,VERB
phi0972.phi001.perseus-lat1.xml@514,2,mihi,ego,PRON
phi0972.phi001.perseus-lat1.xml@514,3,:,:,PUNCT
phi0972.phi001.perseus-lat1.xml@516,1,Atque,atque,CCONJ
phi0972.phi001.perseus-lat1.xml@516,2,ipse,ipse,DET
phi0972.phi001.perseus-lat1.xml@516,3,erectis,erigo,VERB
phi0972.phi001.perseus-lat1.xml@516,4,supra,supra,ADP
phi0972.phi001.perseus-lat1.xml@516,5,frontem,frons,NOUN
phi0972.phi001.perseus-lat1.xml@516,6,manibus,manus,NOUN
phi0972.phi001.perseus-lat1.xml@516,7,Syrum,Syrus,PROPN
phi0972.phi001.perseus-lat1.xml@516,8,histrionem,histrio,NOUN
phi0972.phi001.perseus-lat1.xml@516,9,exhibebat,exhibeo,VERB
phi0972.phi001.perseus-lat1.xml@516,10,concinente,concino,VERB
phi0972.phi001.perseus-lat1.xml@516,11,tota,totus,DET
phi0972.phi001.perseus-lat1.xml@516,12,familia,familia,NOUN
phi0972.phi001.perseus-lat1.xml@516,13,:,:,PUNCT
phi0972.phi001.perseus-lat1.xml@518,1,Et,et,CCONJ
phi0972.phi001.perseus-lat1.xml@518,2,prodisset,prodeo,VERB
phi0972.phi001.perseus-lat1.xml@518,3,in,in,ADP
phi0972.phi001.perseus-lat1.xml@518,4,medium,medium,NOUN
phi0972.phi001.perseus-lat1.xml@518,5,",",",",PUNCT
phi0972.phi001.perseus-lat1.xml@518,6,nisi,nisi,SCONJ
phi0972.phi001.perseus-lat1.xml@518,7,Fortunata,Fortunata,PROPN
phi0972.phi001.perseus-lat1.xml@518,8,ad,ad,ADP
phi0972.phi001.perseus-lat1.xml@518,9,aurem,auris,NOUN
phi0972.phi001.perseus-lat1.xml@518,10,accessisset,accedo,VERB
phi0972.phi001.perseus-lat1.xml@518,11,;,;,PUNCT
phi0972.phi001.perseus-lat1.xml@520,1,Nihil,nihil,PRON
phi0972.phi001.perseus-lat1.xml@520,2,autem,autem,PART
phi0972.phi001.perseus-lat1.xml@520,3,tam,tam,ADV
phi0972.phi001.perseus-lat1.xml@520,4,inaequale,inaequalis,ADJ
phi0972.phi001.perseus-lat1.xml@520,5,erat,sum,AUX
phi0972.phi001.perseus-lat1.xml@520,6,;,;,PUNCT
phi0972.phi001.perseus-lat1.xml@522,1,Et,et,CCONJ
phi0972.phi001.perseus-lat1.xml@522,2,plane,planus,ADV
phi0972.phi001.perseus-lat1.xml@522,3,interpellavit,interpello,VERB
phi0972.phi001.perseus-lat1.xml@522,4,saltationis,saltatio,NOUN
phi0972.phi001.perseus-lat1.xml@522,5,libidinem,libido,NOUN
phi0972.phi001.perseus-lat1.xml@522,6,actuarius,actuarius,NOUN
phi0972.phi001.perseus-lat1.xml@522,7,",",",",PUNCT
phi0972.phi001.perseus-lat1.xml@522,8,qui,qui,PRON
phi0972.phi001.perseus-lat1.xml@522,9,tanquam,tamquam,SCONJ
phi0972.phi001.perseus-lat1.xml@522,10,urbis,urbs,NOUN
phi0972.phi001.perseus-lat1.xml@522,11,acta,actum,NOUN
phi0972.phi001.perseus-lat1.xml@522,12,recitavit,recito,VERB
phi0972.phi001.perseus-lat1.xml@522,13,:,:,PUNCT
phi0972.phi001.perseus-lat1.xml@525,1,sublata,tollo,VERB
phi0972.phi001.perseus-lat1.xml@525,2,in,in,ADP
phi0972.phi001.perseus-lat1.xml@525,3,horreum,horreum,NOUN
phi0972.phi001.perseus-lat1.xml@525,4,ex,ex,ADP
phi0972.phi001.perseus-lat1.xml@525,5,area,area,NOUN
phi0972.phi001.perseus-lat1.xml@525,6,tritici,triticum,NOUN
phi0972.phi001.perseus-lat1.xml@525,7,millia,mille,NUM
phi0972.phi001.perseus-lat1.xml@525,8,modium,modius,NOUN
phi0972.phi001.perseus-lat1.xml@525,9,quingenta,quingenti,ADJ
phi0972.phi001.perseus-lat1.xml@525,10,;,;,PUNCT
phi0972.phi001.perseus-lat1.xml@526,1,boves,bos,NOUN
phi0972.phi001.perseus-lat1.xml@526,2,domiti,domo,VERB
phi0972.phi001.perseus-lat1.xml@526,3,quingenti,quingenti,ADJ
phi0972.phi001.perseus-lat1.xml@526,4,.,.,PUNCT
phi0972.phi001.perseus-lat1.xml@527,1,Eodem,idem,DET
phi0972.phi001.perseus-lat1.xml@527,2,die,dies,NOUN
phi0972.phi001.perseus-lat1.xml@527,3,:,:,PUNCT
phi0972.phi001.perseus-lat1.xml@529,1,Eodem,idem,DET
phi0972.phi001.perseus-lat1.xml@529,2,die,dies,NOUN
phi0972.phi001.perseus-lat1.xml@529,3,:,:,PUNCT
phi0972.phi001.perseus-lat1.xml@531,1,Eodem,idem,DET
phi0972.phi001.perseus-lat1.xml@531,2,die,dies,NOUN
phi0972.phi001.perseus-lat1.xml@531,3,:,:,PUNCT
phi0972.phi001.perseus-lat1.xml@537,1,Iam,iam,ADV
phi0972.phi001.perseus-lat1.xml@537,2,etiam,etiam,ADV
phi0972.phi001.perseus-lat1.xml@537,3,edicta,edictum,NOUN
phi0972.phi001.perseus-lat1.xml@537,4,aedilium,aedilis,NOUN
phi0972.phi001.perseus-lat1.xml@537,5,recitabantur,recito,VERB
phi0972.phi001.perseus-lat1.xml@537,6,et,et,CCONJ
phi0972.phi001.perseus-lat1.xml@537,7,saltuariorum,saltuarius,NOUN
phi0972.phi001.perseus-lat1.xml@537,8,testamenta,testamentum,NOUN
phi0972.phi001.perseus-lat1.xml@537,9,",",",",PUNCT
phi0972.phi001.perseus-lat1.xml@537,10,quibus,qui,PRON
phi0972.phi001.perseus-lat1.xml@537,11,Trimalchio,Trimalchio,PROPN
phi0972.phi001.perseus-lat1.xml@537,12,cum,cum,SCONJ
phi0972.phi001.perseus-lat1.xml@537,13,elogio,elogium,NOUN
phi0972.phi001.perseus-lat1.xml@537,14,exheredabatur,exheredo,VERB
phi0972.phi001.perseus-lat1.xml@537,15,;,;,PUNCT
phi0972.phi001.perseus-lat1.xml@538,1,iam,iam,ADV
phi0972.phi001.perseus-lat1.xml@538,2,nomina,nomen,NOUN
phi0972.phi001.perseus-lat1.xml@538,3,vilicorum,vilicus,NOUN
phi0972.phi001.perseus-lat1.xml@538,4,et,et,CCONJ
phi0972.phi001.perseus-lat1.xml@538,5,repudiata,repudio,VERB
phi0972.phi001.perseus-lat1.xml@538,6,a,ab,ADP
phi0972.phi001.perseus-lat1.xml@538,7,cilcitore,circumitor,NOUN
phi0972.phi001.perseus-lat1.xml@538,8,Iiberta,liberta,NOUN
phi0972.phi001.perseus-lat1.xml@538,9,in,in,ADP
phi0972.phi001.perseus-lat1.xml@538,10,balneatoris,balneator,NOUN
phi0972.phi001.perseus-lat1.xml@538,11,contubernio,contubernium,NOUN
phi0972.phi001.perseus-lat1.xml@538,12,deprehensa,deprehendo,VERB
phi0972.phi001.perseus-lat1.xml@538,13,et,et,CCONJ
phi0972.phi001.perseus-lat1.xml@538,14,atriensis,atriensis,NOUN
phi0972.phi001.perseus-lat1.xml@538,15,Baias,Baiae,PROPN
phi0972.phi001.perseus-lat1.xml@538,16,relegatus,relego,VERB
phi0972.phi001.perseus-lat1.xml@538,17,;,;,PUNCT
phi0972.phi001.perseus-lat1.xml@539,1,iam,iam,ADV
phi0972.phi001.perseus-lat1.xml@539,2,reus,reus,NOUN
phi0972.phi001.perseus-lat1.xml@539,3,factus,facio,VERB
phi0972.phi001.perseus-lat1.xml@539,4,dispensator,dispensator,NOUN
phi0972.phi001.perseus-lat1.xml@539,5,et,et,CCONJ
phi0972.phi001.perseus-lat1.xml@539,6,iudicium,iudicium,NOUN
phi0972.phi001.perseus-lat1.xml@539,7,inter,inter,ADP
phi0972.phi001.perseus-lat1.xml@539,8,cubicularios,cubicularius,NOUN
phi0972.phi001.perseus-lat1.xml@539,9,actum,ago,VERB
phi0972.phi001.perseus-lat1.xml@539,10,.,.,PUNCT
phi0972.phi001.perseus-lat1.xml@540,1,Petauristarii,Petauristarius,PROPN
phi0972.phi001.perseus-lat1.xml@540,2,autem,autem,PART
phi0972.phi001.perseus-lat1.xml@540,3,tandem,tandem,ADV
phi0972.phi001.perseus-lat1.xml@540,4,venerunt,venio,VERB
phi0972.phi001.perseus-lat1.xml@540,5,.,.,PUNCT
phi0972.phi001.perseus-lat1.xml@542,1,Mirabatur,miror,VERB
phi0972.phi001.perseus-lat1.xml@542,2,haec,hic,DET
phi0972.phi001.perseus-lat1.xml@542,3,solus,solus,DET
phi0972.phi001.perseus-lat1.xml@542,4,Trimalchio,Trimalchio,PROPN
phi0972.phi001.perseus-lat1.xml@542,5-6,dicebatque,_,_
phi0972.phi001.perseus-lat1.xml@542,5,dicebat,dico,VERB
phi0972.phi001.perseus-lat1.xml@542,6,que,que,CCONJ
phi0972.phi001.perseus-lat1.xml@542,7,ingratum,ingratus,ADJ
phi0972.phi001.perseus-lat1.xml@542,8,artificium,artificium,NOUN
phi0972.phi001.perseus-lat1.xml@542,9,esse,sum,AUX
phi0972.phi001.perseus-lat1.xml@542,10,.,.,PUNCT
phi0972.phi001.perseus-lat1.xml@543,1,Ceterum,ceterum,ADV
phi0972.phi001.perseus-lat1.xml@543,2,duo,duo,NUM
phi0972.phi001.perseus-lat1.xml@543,3,esse,sum,AUX
phi0972.phi001.perseus-lat1.xml@543,4,in,in,ADP
phi0972.phi001.perseus-lat1.xml@543,5,rebus,res,NOUN
phi0972.phi001.perseus-lat1.xml@543,6,humanis,humanus,ADJ
phi0972.phi001.perseus-lat1.xml@543,7,",",",",PUNCT
phi0972.phi001.perseus-lat1.xml@543,8,quae,qui,PRON
phi0972.phi001.perseus-lat1.xml@543,9,libentissime,libet,ADV
phi0972.phi001.perseus-lat1.xml@543,10,spectaret,specto,VERB
phi0972.phi001.perseus-lat1.xml@543,11,",",",",PUNCT
phi0972.phi001.perseus-lat1.xml@543,12,petauristarios,petauristarius,NOUN
phi0972.phi001.perseus-lat1.xml@543,13,et,et,CCONJ
phi0972.phi001.perseus-lat1.xml@543,14,cornicines,cornicen,NOUN
phi0972.phi001.perseus-lat1.xml@543,15,;,;,PUNCT
phi0972.phi001.perseus-lat1.xml@548,1,Conclamavit,conclamo,VERB
phi0972.phi001.perseus-lat1.xml@548,2,familia,familia,NOUN
phi0972.phi001.perseus-lat1.xml@548,3,",",",",PUNCT
phi0972.phi001.perseus-lat1.xml@548,4-5,nec,_,_
phi0972.phi001.perseus-lat1.xml@548,4,ne,ne,ADV
phi0972.phi001.perseus-lat1.xml@548,5,c,que,CCONJ
phi0972.phi001.perseus-lat1.xml@548,6,minus,parvus,ADV
phi0972.phi001.perseus-lat1.xml@548,7,convivae,conviva,NOUN
phi0972.phi001.perseus-lat1.xml@548,8,",",",",PUNCT
phi0972.phi001.perseus-lat1.xml@548,9,non,non,PART
phi0972.phi001.perseus-lat1.xml@548,10,propter,propter,ADP
phi0972.phi001.perseus-lat1.xml@548,11,hominem,homo,NOUN
phi0972.phi001.perseus-lat1.xml@548,12,tam,tam,ADV
phi0972.phi001.perseus-lat1.xml@548,13,putidum,putidus,ADJ
phi0972.phi001.perseus-lat1.xml@548,14,",",",",PUNCT
phi0972.phi001.perseus-lat1.xml@548,15,cuius,qui,PRON
phi0972.phi001.perseus-lat1.xml@548,16,et,et,ADV
phi0972.phi001.perseus-lat1.xml@548,17,cervices,cervix,NOUN
phi0972.phi001.perseus-lat1.xml@548,18,fractas,frango,VERB
phi0972.phi001.perseus-lat1.xml@548,19,libenter,libet,ADV
phi0972.phi001.perseus-lat1.xml@548,20,vidissent,video,VERB
phi0972.phi001.perseus-lat1.xml@548,21,",",",",PUNCT
phi0972.phi001.perseus-lat1.xml@548,22,sed,sed,CCONJ
phi0972.phi001.perseus-lat1.xml@548,23,propter,propter,ADP
phi0972.phi001.perseus-lat1.xml@548,24,malum,malus,ADJ
phi0972.phi001.perseus-lat1.xml@548,25,exitum,exitus,NOUN
phi0972.phi001.perseus-lat1.xml@548,26,cenae,cena,NOUN
phi0972.phi001.perseus-lat1.xml@548,27,",",",",PUNCT
phi0972.phi001.perseus-lat1.xml@548,28,ne,ne,SCONJ
phi0972.phi001.perseus-lat1.xml@548,29,necesse,necesse,ADJ
phi0972.phi001.perseus-lat1.xml@548,30,haberent,habeo,VERB
phi0972.phi001.perseus-lat1.xml@548,31,alienum,alienus,NOUN
phi0972.phi001.perseus-lat1.xml@548,32,mortuum,mortuus,ADJ
phi0972.phi001.perseus-lat1.xml@548,33,plorare,ploro,VERB
phi0972.phi001.perseus-lat1.xml@548,34,.,.,PUNCT
phi0972.phi001.perseus-lat1.xml@553,1,Itaque,ita,ADV
phi0972.phi001.perseus-lat1.xml@553,2,totum,totus,DET
phi0972.phi001.perseus-lat1.xml@553,3,circumspicere,circumspicio,VERB
phi0972.phi001.perseus-lat1.xml@553,4,triclinium,triclinium,NOUN
phi0972.phi001.perseus-lat1.xml@553,5,coepi,coepio,VERB
phi0972.phi001.perseus-lat1.xml@553,6,",",",",PUNCT
phi0972.phi001.perseus-lat1.xml@553,7,ne,ne,SCONJ
phi0972.phi001.perseus-lat1.xml@553,8,per,per,ADP
phi0972.phi001.perseus-lat1.xml@553,9,parietem,paries,NOUN
phi0972.phi001.perseus-lat1.xml@553,10,automatum,automatus,ADJ
phi0972.phi001.perseus-lat1.xml@553,11,aliquod,aliqui,DET
phi0972.phi001.perseus-lat1.xml@553,12,exiret,exeo,VERB
phi0972.phi001.perseus-lat1.xml@553,13,",",",",PUNCT
phi0972.phi001.perseus-lat1.xml@553,14,utique,utique,ADV
phi0972.phi001.perseus-lat1.xml@553,15,postquam,postquam,SCONJ
phi0972.phi001.perseus-lat1.xml@553,16,servus,servus,NOUN
phi0972.phi001.perseus-lat1.xml@553,17,verberari,verbero,VERB
phi0972.phi001.perseus-lat1.xml@553,18,coepit,coepio,VERB
phi0972.phi001.perseus-lat1.xml@553,19,",",",",PUNCT
phi0972.phi001.perseus-lat1.xml@553,20,qui,qui,PRON
phi0972.phi001.perseus-lat1.xml@553,21,brachium,bracchium,NOUN
phi0972.phi001.perseus-lat1.xml@553,22,domini,dominus,NOUN
phi0972.phi001.perseus-lat1.xml@553,23,contusum,contundo,VERB
phi0972.phi001.perseus-lat1.xml@553,24,alba,albus,ADJ
phi0972.phi001.perseus-lat1.xml@553,25,potius,potis,ADV
phi0972.phi001.perseus-lat1.xml@553,26,quam,quam,SCONJ
phi0972.phi001.perseus-lat1.xml@553,27,conchyliata,conchyliatus,ADJ
phi0972.phi001.perseus-lat1.xml@553,28,involverat,involvo,VERB
phi0972.phi001.perseus-lat1.xml@553,29,lana,lana,NOUN
phi0972.phi001.perseus-lat1.xml@553,30,.,.,PUNCT
phi0972.phi001.perseus-lat1.xml@556,1,Comprobamus,conprobo,VERB
phi0972.phi001.perseus-lat1.xml@556,2,nos,nos,PRON
phi0972.phi001.perseus-lat1.xml@556,3,factum,factum,NOUN
phi0972.phi001.perseus-lat1.xml@556,4,et,et,CCONJ
phi0972.phi001.perseus-lat1.xml@556,5,quam,quam,ADV
phi0972.phi001.perseus-lat1.xml@556,6,in,in,ADP
phi0972.phi001.perseus-lat1.xml@556,7,praecipiti,praeceps,ADJ
phi0972.phi001.perseus-lat1.xml@556,8,res,res,NOUN
phi0972.phi001.perseus-lat1.xml@556,9,humanae,humanus,ADJ
phi0972.phi001.perseus-lat1.xml@556,10,essent,sum,AUX
phi0972.phi001.perseus-lat1.xml@556,11,",",",",PUNCT
phi0972.phi001.perseus-lat1.xml@556,12,vario,varius,ADJ
phi0972.phi001.perseus-lat1.xml@556,13,sermone,sermo,NOUN
phi0972.phi001.perseus-lat1.xml@556,14,garrimus,garrio,VERB
phi0972.phi001.perseus-lat1.xml@556,15,.,.,PUNCT
phi0972.phi001.perseus-lat1.xml@559,1,et,et,CCONJ
phi0972.phi001.perseus-lat1.xml@559,2,supra,supra,ADP
phi0972.phi001.perseus-lat1.xml@559,3,nos,nos,PRON
phi0972.phi001.perseus-lat1.xml@559,4,Fortuna,fortuna,NOUN
phi0972.phi001.perseus-lat1.xml@559,5,negotia,negotium,NOUN
phi0972.phi001.perseus-lat1.xml@559,6,curat,curo,VERB
phi0972.phi001.perseus-lat1.xml@559,7,.,.,PUNCT
phi0972.phi001.perseus-lat1.xml@562,1,Ego,ego,PRON
phi0972.phi001.perseus-lat1.xml@562,2,alterum,alter,DET
phi0972.phi001.perseus-lat1.xml@562,3,puto,puto,VERB
phi0972.phi001.perseus-lat1.xml@562,4,disertiorem,disertus,ADJ
phi0972.phi001.perseus-lat1.xml@562,5,fuisse,sum,AUX
phi0972.phi001.perseus-lat1.xml@562,6,",",",",PUNCT
phi0972.phi001.perseus-lat1.xml@562,7,alterum,alter,DET
phi0972.phi001.perseus-lat1.xml@562,8,honestiorem,honestus,ADJ
phi0972.phi001.perseus-lat1.xml@562,9,.,.,PUNCT
phi0972.phi001.perseus-lat1.xml@566,1,ciconia,ciconia,NOUN
phi0972.phi001.perseus-lat1.xml@566,2,etiam,etiam,ADV
phi0972.phi001.perseus-lat1.xml@566,3,",",",",PUNCT
phi0972.phi001.perseus-lat1.xml@566,4,grata,gratus,ADJ
phi0972.phi001.perseus-lat1.xml@566,5,peregrina,peregrinus,ADJ
phi0972.phi001.perseus-lat1.xml@566,6,hospita,hospita,NOUN
phi0972.phi001.perseus-lat1.xml@566,7,pietaticultrix,pietaticultrix,NOUN
phi0972.phi001.perseus-lat1.xml@566,8,gracilipes,gracilipes,ADJ
phi0972.phi001.perseus-lat1.xml@566,9,crotalistria,crotalistria,NOUN
phi0972.phi001.perseus-lat1.xml@566,10,",",",",PUNCT
phi0972.phi001.perseus-lat1.xml@566,11,avis,avis,NOUN
phi0972.phi001.perseus-lat1.xml@566,12,exul,exul,NOUN
phi0972.phi001.perseus-lat1.xml@566,13,hiemis,hiems,NOUN
phi0972.phi001.perseus-lat1.xml@566,14,",",",",PUNCT
phi0972.phi001.perseus-lat1.xml@566,15,titulus,titulus,NOUN
phi0972.phi001.perseus-lat1.xml@566,16,tepidi,tepidus,ADJ
phi0972.phi001.perseus-lat1.xml@566,17,temporis,tempus,NOUN
phi0972.phi001.perseus-lat1.xml@566,18,",",",",PUNCT
phi0972.phi001.perseus-lat1.xml@566,19,nequitiae,nequitia,NOUN
phi0972.phi001.perseus-lat1.xml@566,20,nidum,nidus,NOUN
phi0972.phi001.perseus-lat1.xml@566,21,in,in,ADP
phi0972.phi001.perseus-lat1.xml@566,22,caccabo,caccabus,NOUN
phi0972.phi001.perseus-lat1.xml@566,23,fecit,facio,VERB
phi0972.phi001.perseus-lat1.xml@566,24,modo,modo,ADV
phi0972.phi001.perseus-lat1.xml@566,25,.,.,PUNCT
phi0972.phi001.perseus-lat1.xml@573,1,Ego,ego,PRON
phi0972.phi001.perseus-lat1.xml@573,2,puto,puto,VERB
phi0972.phi001.perseus-lat1.xml@573,3,medicum,medicus,NOUN
phi0972.phi001.perseus-lat1.xml@573,4,et,et,CCONJ
phi0972.phi001.perseus-lat1.xml@573,5,nummularium,nummularius,NOUN
phi0972.phi001.perseus-lat1.xml@573,6,:,:,PUNCT
phi0972.phi001.perseus-lat1.xml@575,1,nummularius,nummularius,NOUN
phi0972.phi001.perseus-lat1.xml@575,2,",",",",PUNCT
phi0972.phi001.perseus-lat1.xml@575,3,qui,qui,PRON
phi0972.phi001.perseus-lat1.xml@575,4,per,per,ADP
phi0972.phi001.perseus-lat1.xml@575,5,argentum,argentum,NOUN
phi0972.phi001.perseus-lat1.xml@575,6,aes,aes,NOUN
phi0972.phi001.perseus-lat1.xml@575,7,videt,video,VERB
phi0972.phi001.perseus-lat1.xml@575,8,.,.,PUNCT
phi0972.phi001.perseus-lat1.xml@577,1,boves,bos,NOUN
phi0972.phi001.perseus-lat1.xml@577,2,",",",",PUNCT
phi0972.phi001.perseus-lat1.xml@577,3,quorum,qui,PRON
phi0972.phi001.perseus-lat1.xml@577,4,beneficio,beneficium,NOUN
phi0972.phi001.perseus-lat1.xml@577,5,panem,panis,NOUN
phi0972.phi001.perseus-lat1.xml@577,6,manducamus,manduco,VERB
phi0972.phi001.perseus-lat1.xml@577,7,;,;,PUNCT
phi0972.phi001.perseus-lat1.xml@580,1,Apes,apis,NOUN
phi0972.phi001.perseus-lat1.xml@580,2,enim,enim,PART
phi0972.phi001.perseus-lat1.xml@580,3,ego,ego,PRON
phi0972.phi001.perseus-lat1.xml@580,4,divinas,divinus,ADJ
phi0972.phi001.perseus-lat1.xml@580,5,bestias,bestia,NOUN
phi0972.phi001.perseus-lat1.xml@580,6,puto,puto,VERB
phi0972.phi001.perseus-lat1.xml@580,7,",",",",PUNCT
phi0972.phi001.perseus-lat1.xml@580,8,quae,qui,PRON
phi0972.phi001.perseus-lat1.xml@580,9,mel,mel,NOUN
phi0972.phi001.perseus-lat1.xml@580,10,vomunt,vomo,VERB
phi0972.phi001.perseus-lat1.xml@580,11,",",",",PUNCT
phi0972.phi001.perseus-lat1.xml@580,12,etiam,etiam,ADV
phi0972.phi001.perseus-lat1.xml@580,13,si,si,SCONJ
phi0972.phi001.perseus-lat1.xml@580,14,dicuntur,dico,VERB
phi0972.phi001.perseus-lat1.xml@580,15,illud,ille,DET
phi0972.phi001.perseus-lat1.xml@580,16,a,ab,ADP
phi0972.phi001.perseus-lat1.xml@580,17,Iove,Iuppiter,PROPN
phi0972.phi001.perseus-lat1.xml@580,18,afferre,affero,VERB
phi0972.phi001.perseus-lat1.xml@580,19,;,;,PUNCT
phi0972.phi001.perseus-lat1.xml@582,1,Iam,iam,ADV
phi0972.phi001.perseus-lat1.xml@582,2,etiam,etiam,ADV
phi0972.phi001.perseus-lat1.xml@582,3,philosophos,philosophus,NOUN
phi0972.phi001.perseus-lat1.xml@582,4,de,de,ADP
phi0972.phi001.perseus-lat1.xml@582,5,negotio,negotium,NOUN
phi0972.phi001.perseus-lat1.xml@582,6,deiciebat,deicio,VERB
phi0972.phi001.perseus-lat1.xml@582,7,",",",",PUNCT
phi0972.phi001.perseus-lat1.xml@582,8,cum,cum,SCONJ
phi0972.phi001.perseus-lat1.xml@582,9,pittacia,pittacium,NOUN
phi0972.phi001.perseus-lat1.xml@582,10,in,in,ADP
phi0972.phi001.perseus-lat1.xml@582,11,scypho,scyphus,NOUN
phi0972.phi001.perseus-lat1.xml@582,12,circumferri,circumfero,VERB
phi0972.phi001.perseus-lat1.xml@582,13,coeperunt,coepio,VERB
phi0972.phi001.perseus-lat1.xml@582,14,",",",",PUNCT
phi0972.phi001.perseus-lat1.xml@582,15-16,puerque,_,_
phi0972.phi001.perseus-lat1.xml@582,15,puer,puer,NOUN
phi0972.phi001.perseus-lat1.xml@582,16,que,que,CCONJ
phi0972.phi001.perseus-lat1.xml@582,17,super,super,ADP
phi0972.phi001.perseus-lat1.xml@582,18,hoc,hic,DET
phi0972.phi001.perseus-lat1.xml@582,19,positus,pono,VERB
phi0972.phi001.perseus-lat1.xml@582,20,officium,officium,NOUN
phi0972.phi001.perseus-lat1.xml@582,21,apophoreta,apophoreta,NOUN
phi0972.phi001.perseus-lat1.xml@582,22,recitavit,recito,VERB
phi0972.phi001.perseus-lat1.xml@582,23,:,:,PUNCT
phi0972.phi001.perseus-lat1.xml@590,1,flagellum,flagellum,NOUN
phi0972.phi001.perseus-lat1.xml@590,2,et,et,CCONJ
phi0972.phi001.perseus-lat1.xml@590,3,cultrum,culter,NOUN
phi0972.phi001.perseus-lat1.xml@590,4,accepit,accipio,VERB
phi0972.phi001.perseus-lat1.xml@590,5,;,;,PUNCT
phi0972.phi001.perseus-lat1.xml@592,1,uvam,uva,NOUN
phi0972.phi001.perseus-lat1.xml@592,2,passam,patior,VERB
phi0972.phi001.perseus-lat1.xml@592,3,et,et,CCONJ
phi0972.phi001.perseus-lat1.xml@592,4,mel,mel,NOUN
phi0972.phi001.perseus-lat1.xml@592,5,Atticum,Atticus,ADJ
phi0972.phi001.perseus-lat1.xml@592,6,.,.,PUNCT
phi0972.phi001.perseus-lat1.xml@594,1,offlam,offula,NOUN
phi0972.phi001.perseus-lat1.xml@594,2,et,et,CCONJ
phi0972.phi001.perseus-lat1.xml@594,3,tabulas,tabula,NOUN
phi0972.phi001.perseus-lat1.xml@594,4,accepit,accipio,VERB
phi0972.phi001.perseus-lat1.xml@594,5,.,.,PUNCT
phi0972.phi001.perseus-lat1.xml@598,1,murem,mus,NOUN
phi0972.phi001.perseus-lat1.xml@598,2,cum,cum,SCONJ
phi0972.phi001.perseus-lat1.xml@598,3,rana,rana,NOUN
phi0972.phi001.perseus-lat1.xml@598,4,alligata,alligo,VERB
phi0972.phi001.perseus-lat1.xml@598,5-6,fascemque,_,_
phi0972.phi001.perseus-lat1.xml@598,5,fascem,fascis,NOUN
phi0972.phi001.perseus-lat1.xml@598,6,que,que,CCONJ
phi0972.phi001.perseus-lat1.xml@598,7,betae,beta,NOUN
phi0972.phi001.perseus-lat1.xml@598,8,accepit,accipio,VERB
phi0972.phi001.perseus-lat1.xml@598,9,.,.,PUNCT
phi0972.phi001.perseus-lat1.xml@599,1,Diu,diu,ADV
phi0972.phi001.perseus-lat1.xml@599,2,risimus,rideo,VERB
phi0972.phi001.perseus-lat1.xml@599,3,:,:,PUNCT
phi0972.phi001.perseus-lat1.xml@603,1,Tu,tu,PRON
phi0972.phi001.perseus-lat1.xml@603,2,enim,enim,PART
phi0972.phi001.perseus-lat1.xml@603,3,beatior,beo,ADJ
phi0972.phi001.perseus-lat1.xml@603,4,es,sum,AUX
phi0972.phi001.perseus-lat1.xml@603,5,et,et,CCONJ
phi0972.phi001.perseus-lat1.xml@603,6,convivare,convivo,VERB
phi0972.phi001.perseus-lat1.xml@603,7,melius,melius,ADV
phi0972.phi001.perseus-lat1.xml@603,8,soles,soleo,VERB
phi0972.phi001.perseus-lat1.xml@603,9,.,.,PUNCT
phi0972.phi001.perseus-lat1.xml@608,1,Non,non,PART
phi0972.phi001.perseus-lat1.xml@608,2,mehercules,Hercules,INTJ
phi0972.phi001.perseus-lat1.xml@608,3,soleo,soleo,VERB
phi0972.phi001.perseus-lat1.xml@608,4,cito,cito,ADV
phi0972.phi001.perseus-lat1.xml@608,5,fervere,fervo,VERB
phi0972.phi001.perseus-lat1.xml@608,6,",",",",PUNCT
phi0972.phi001.perseus-lat1.xml@608,7,sed,sed,CCONJ
phi0972.phi001.perseus-lat1.xml@608,8,in,in,ADP
phi0972.phi001.perseus-lat1.xml@608,9,molle,mollis,ADJ
phi0972.phi001.perseus-lat1.xml@608,10,carne,carnis,NOUN
phi0972.phi001.perseus-lat1.xml@608,11,vermes,vermis,NOUN
phi0972.phi001.perseus-lat1.xml@608,12,nascuntur,nascor,VERB
phi0972.phi001.perseus-lat1.xml@608,13,.,.,PUNCT
phi0972.phi001.perseus-lat1.xml@609,1,Ridet,rideo,VERB
phi0972.phi001.perseus-lat1.xml@609,2,.,.,PUNCT
phi0972.phi001.perseus-lat1.xml@610,1,Quid,quis,PRON
phi0972.phi001.perseus-lat1.xml@610,2,habet,habeo,VERB
phi0972.phi001.perseus-lat1.xml@610,3,quod,qui,PRON
phi0972.phi001.perseus-lat1.xml@610,4,rideat,rideo,VERB
phi0972.phi001.perseus-lat1.xml@610,5,?,?,PUNCT
phi0972.phi001.perseus-lat1.xml@611,1,Numquid,numquid,ADV
phi0972.phi001.perseus-lat1.xml@611,2,pater,pater,NOUN
phi0972.phi001.perseus-lat1.xml@611,3,fetum,fetus,NOUN
phi0972.phi001.perseus-lat1.xml@611,4,emit,emo,VERB
phi0972.phi001.perseus-lat1.xml@611,5,lamna,lamina,NOUN
phi0972.phi001.perseus-lat1.xml@611,6,?,?,PUNCT
phi0972.phi001.perseus-lat1.xml@612,1,Eques,eques,NOUN
phi0972.phi001.perseus-lat1.xml@612,2,Romanus,Romanus,ADJ
phi0972.phi001.perseus-lat1.xml@612,3,es,sum,AUX
phi0972.phi001.perseus-lat1.xml@612,4,:,:,PUNCT
phi0972.phi001.perseus-lat1.xml@613,1,et,et,CCONJ
phi0972.phi001.perseus-lat1.xml@613,2,ego,ego,PRON
phi0972.phi001.perseus-lat1.xml@613,3,regis,rex,NOUN
phi0972.phi001.perseus-lat1.xml@613,4,filius,filius,NOUN
phi0972.phi001.perseus-lat1.xml@613,5,.,.,PUNCT
phi0972.phi001.perseus-lat1.xml@614,1,Quare,quare,ADV
phi0972.phi001.perseus-lat1.xml@614,2,ergo,ergo,ADV
phi0972.phi001.perseus-lat1.xml@614,3,servivisti,servio,VERB
phi0972.phi001.perseus-lat1.xml@614,4,?,?,PUNCT
phi0972.phi001.perseus-lat1.xml@616,1,Et,et,CCONJ
phi0972.phi001.perseus-lat1.xml@616,2,nunc,nunc,ADV
phi0972.phi001.perseus-lat1.xml@616,3,spero,spero,VERB
phi0972.phi001.perseus-lat1.xml@616,4,me,ego,PRON
phi0972.phi001.perseus-lat1.xml@616,5,sic,sic,ADV
phi0972.phi001.perseus-lat1.xml@616,6,vivere,vivo,VERB
phi0972.phi001.perseus-lat1.xml@616,7,",",",",PUNCT
phi0972.phi001.perseus-lat1.xml@616,8,ut,ut,SCONJ
phi0972.phi001.perseus-lat1.xml@616,9,nemini,nemo,NOUN
phi0972.phi001.perseus-lat1.xml@616,10,iocus,iocus,NOUN
phi0972.phi001.perseus-lat1.xml@616,11,sim,sum,AUX
phi0972.phi001.perseus-lat1.xml@616,12,.,.,PUNCT
phi0972.phi001.perseus-lat1.xml@617,1,Homo,homo,NOUN
phi0972.phi001.perseus-lat1.xml@617,2,inter,inter,ADP
phi0972.phi001.perseus-lat1.xml@617,3,homines,homo,NOUN
phi0972.phi001.perseus-lat1.xml@617,4,sum,sum,AUX
phi0972.phi001.perseus-lat1.xml@617,5,",",",",PUNCT
phi0972.phi001.perseus-lat1.xml@617,6,capite,caput,NOUN
phi0972.phi001.perseus-lat1.xml@617,7,aperto,apertus,ADJ
phi0972.phi001.perseus-lat1.xml@617,8,ambulo,ambulo,VERB
phi0972.phi001.perseus-lat1.xml@617,9,;,;,PUNCT
phi0972.phi001.perseus-lat1.xml@618,1,assem,assis,NOUN
phi0972.phi001.perseus-lat1.xml@618,2,aerarium,aerarius,ADJ
phi0972.phi001.perseus-lat1.xml@618,3,nemini,nemo,NOUN
phi0972.phi001.perseus-lat1.xml@618,4,debeo,debeo,VERB
phi0972.phi001.perseus-lat1.xml@618,5,;,;,PUNCT
phi0972.phi001.perseus-lat1.xml@619,1,constitutum,constitutum,NOUN
phi0972.phi001.perseus-lat1.xml@619,2,habui,habeo,VERB
phi0972.phi001.perseus-lat1.xml@619,3,nunquam,numquam,ADV
phi0972.phi001.perseus-lat1.xml@619,4,;,;,PUNCT
phi0972.phi001.perseus-lat1.xml@620,1,nemo,nemo,NOUN
phi0972.phi001.perseus-lat1.xml@620,2,mihi,ego,PRON
phi0972.phi001.perseus-lat1.xml@620,3,in,in,ADP
phi0972.phi001.perseus-lat1.xml@620,4,foro,forum,NOUN
phi0972.phi001.perseus-lat1.xml@620,5,dixit,dico,VERB
phi0972.phi001.perseus-lat1.xml@620,6,redde,reddo,VERB
phi0972.phi001.perseus-lat1.xml@620,7,quod,qui,PRON
phi0972.phi001.perseus-lat1.xml@620,8,debes,debeo,VERB
phi0972.phi001.perseus-lat1.xml@620,9,.,.,PUNCT
phi0972.phi001.perseus-lat1.xml@621,1,Glebulas,glaebula,NOUN
phi0972.phi001.perseus-lat1.xml@621,2,emi,emo,VERB
phi0972.phi001.perseus-lat1.xml@621,3,",",",",PUNCT
phi0972.phi001.perseus-lat1.xml@621,4,lamellulas,lamellula,NOUN
phi0972.phi001.perseus-lat1.xml@621,5,paravi,paro,VERB
phi0972.phi001.perseus-lat1.xml@621,6,;,;,PUNCT
phi0972.phi001.perseus-lat1.xml@622,1,viginti,viginti,NUM
phi0972.phi001.perseus-lat1.xml@622,2,ventres,venter,NOUN
phi0972.phi001.perseus-lat1.xml@622,3,pasco,pasco,VERB
phi0972.phi001.perseus-lat1.xml@622,4,et,et,CCONJ
phi0972.phi001.perseus-lat1.xml@622,5,canem,canis,NOUN
phi0972.phi001.perseus-lat1.xml@622,6,;,;,PUNCT
phi0972.phi001.perseus-lat1.xml@623,1,contubernalem,contubernalis,NOUN
phi0972.phi001.perseus-lat1.xml@623,2,meam,meus,DET
phi0972.phi001.perseus-lat1.xml@623,3,redemi,redemo,VERB
phi0972.phi001.perseus-lat1.xml@623,4,",",",",PUNCT
phi0972.phi001.perseus-lat1.xml@623,5,ne,ne,SCONJ
phi0972.phi001.perseus-lat1.xml@623,6,quis,quis,PRON
phi0972.phi001.perseus-lat1.xml@623,7,in,in,ADP
phi0972.phi001.perseus-lat1.xml@623,8,sinu,sinus,NOUN
phi0972.phi001.perseus-lat1.xml@623,9,illius,ille,DET
phi0972.phi001.perseus-lat1.xml@623,10,manus,manus,NOUN
phi0972.phi001.perseus-lat1.xml@623,11,tergeret,tergeo,VERB
phi0972.phi001.perseus-lat1.xml@623,12,;,;,PUNCT
phi0972.phi001.perseus-lat1.xml@624,1,mille,mille,NUM
phi0972.phi001.perseus-lat1.xml@624,2,denarios,denarius,NOUN
phi0972.phi001.perseus-lat1.xml@624,3,pro,pro,ADP
phi0972.phi001.perseus-lat1.xml@624,4,capite,caput,NOUN
phi0972.phi001.perseus-lat1.xml@624,5,solvi,solvo,VERB
phi0972.phi001.perseus-lat1.xml@624,6,;,;,PUNCT
phi0972.phi001.perseus-lat1.xml@626,1,spero,spero,VERB
phi0972.phi001.perseus-lat1.xml@626,2,",",",",PUNCT
phi0972.phi001.perseus-lat1.xml@626,3,sic,sic,ADV
phi0972.phi001.perseus-lat1.xml@626,4,moriar,morior,VERB
phi0972.phi001.perseus-lat1.xml@626,5,",",",",PUNCT
phi0972.phi001.perseus-lat1.xml@626,6,ut,ut,SCONJ
phi0972.phi001.perseus-lat1.xml@626,7,mortuus,morior,VERB
phi0972.phi001.perseus-lat1.xml@626,8,non,non,PART
phi0972.phi001.perseus-lat1.xml@626,9,erubescam,erubesco,VERB
phi0972.phi001.perseus-lat1.xml@626,10,.,.,PUNCT
phi0972.phi001.perseus-lat1.xml@627,1,Tu,tu,PRON
phi0972.phi001.perseus-lat1.xml@627,2,autem,autem,PART
phi0972.phi001.perseus-lat1.xml@627,3,tam,tam,ADV
phi0972.phi001.perseus-lat1.xml@627,4,laboriosus,laboriosus,ADJ
phi0972.phi001.perseus-lat1.xml@627,5,es,sum,AUX
phi0972.phi001.perseus-lat1.xml@627,6,",",",",PUNCT
phi0972.phi001.perseus-lat1.xml@627,7,ut,ut,SCONJ
phi0972.phi001.perseus-lat1.xml@627,8,post,post,ADP
phi0972.phi001.perseus-lat1.xml@627,9,te,tu,PRON
phi0972.phi001.perseus-lat1.xml@627,10,non,non,PART
phi0972.phi001.perseus-lat1.xml@627,11,respicias,respicio,VERB
phi0972.phi001.perseus-lat1.xml@627,12,?,?,PUNCT
phi0972.phi001.perseus-lat1.xml@628,1,In,in,ADP
phi0972.phi001.perseus-lat1.xml@628,2,alio,alius,DET
phi0972.phi001.perseus-lat1.xml@628,3,peduclum,pediculus,NOUN
phi0972.phi001.perseus-lat1.xml@628,4,vides,video,VERB
phi0972.phi001.perseus-lat1.xml@628,5,",",",",PUNCT
phi0972.phi001.perseus-lat1.xml@628,6,in,in,ADP
phi0972.phi001.perseus-lat1.xml@628,7,te,tu,PRON
phi0972.phi001.perseus-lat1.xml@628,8,ricinum,ricinus,NOUN
phi0972.phi001.perseus-lat1.xml@628,9,non,non,PART
phi0972.phi001.perseus-lat1.xml@628,10,vides,video,VERB
phi0972.phi001.perseus-lat1.xml@628,11,.,.,PUNCT
phi0972.phi001.perseus-lat1.xml@629,1,Tibi,tu,PRON
phi0972.phi001.perseus-lat1.xml@629,2,soli,solus,DET
phi0972.phi001.perseus-lat1.xml@629,3,ridiclei,ridiculus,ADJ
phi0972.phi001.perseus-lat1.xml@629,4,videmur,video,VERB
phi0972.phi001.perseus-lat1.xml@629,5,;,;,PUNCT
phi0972.phi001.perseus-lat1.xml@631,1,placemus,placeo,VERB
phi0972.phi001.perseus-lat1.xml@631,2,illi,ille,DET
phi0972.phi001.perseus-lat1.xml@631,3,.,.,PUNCT
phi0972.phi001.perseus-lat1.xml@633,1,Tu,tu,PRON
phi0972.phi001.perseus-lat1.xml@633,2,beatior,beo,ADJ
phi0972.phi001.perseus-lat1.xml@633,3,es,sum,AUX
phi0972.phi001.perseus-lat1.xml@633,4,:,:,PUNCT
phi0972.phi001.perseus-lat1.xml@634,1,bis,bis,ADV
phi0972.phi001.perseus-lat1.xml@634,2,prande,prandeo,VERB
phi0972.phi001.perseus-lat1.xml@634,3,",",",",PUNCT
phi0972.phi001.perseus-lat1.xml@634,4,bis,bis,ADV
phi0972.phi001.perseus-lat1.xml@634,5,cena,ceno,VERB
phi0972.phi001.perseus-lat1.xml@634,6,.,.,PUNCT
phi0972.phi001.perseus-lat1.xml@635,1,Ego,ego,PRON
phi0972.phi001.perseus-lat1.xml@635,2,fidem,fides,NOUN
phi0972.phi001.perseus-lat1.xml@635,3,meam,meus,DET
phi0972.phi001.perseus-lat1.xml@635,4,malo,malo,VERB
phi0972.phi001.perseus-lat1.xml@635,5,quam,quam,SCONJ
phi0972.phi001.perseus-lat1.xml@635,6,thesauros,thesaurus,NOUN
phi0972.phi001.perseus-lat1.xml@635,7,.,.,PUNCT
phi0972.phi001.perseus-lat1.xml@637,1,Annis,annus,NOUN
phi0972.phi001.perseus-lat1.xml@637,2,quadraginta,quadraginta,NUM
phi0972.phi001.perseus-lat1.xml@637,3,servivi,servio,VERB
phi0972.phi001.perseus-lat1.xml@637,4,;,;,PUNCT
phi0972.phi001.perseus-lat1.xml@638,1,nemo,nemo,NOUN
phi0972.phi001.perseus-lat1.xml@638,2,tamen,tamen,ADV
phi0972.phi001.perseus-lat1.xml@638,3,sciit,scio,VERB
phi0972.phi001.perseus-lat1.xml@638,4,",",",",PUNCT
phi0972.phi001.perseus-lat1.xml@638,5,utrum,utrum,CCONJ
phi0972.phi001.perseus-lat1.xml@638,6,servus,servus,ADJ
phi0972.phi001.perseus-lat1.xml@638,7,essem,sum,AUX
phi0972.phi001.perseus-lat1.xml@638,8,an,an,SCONJ
phi0972.phi001.perseus-lat1.xml@638,9,liber,liber,ADJ
phi0972.phi001.perseus-lat1.xml@638,10,.,.,PUNCT
phi0972.phi001.perseus-lat1.xml@639,1,Et,et,CCONJ
phi0972.phi001.perseus-lat1.xml@639,2,puer,puer,NOUN
phi0972.phi001.perseus-lat1.xml@639,3,capillatus,capillatus,ADJ
phi0972.phi001.perseus-lat1.xml@639,4,in,in,ADP
phi0972.phi001.perseus-lat1.xml@639,5,hanc,hic,DET
phi0972.phi001.perseus-lat1.xml@639,6,coloniam,colonia,NOUN
phi0972.phi001.perseus-lat1.xml@639,7,veni,venio,VERB
phi0972.phi001.perseus-lat1.xml@639,8,;,;,PUNCT
phi0972.phi001.perseus-lat1.xml@642,1,Et,et,CCONJ
phi0972.phi001.perseus-lat1.xml@642,2,habebam,habeo,VERB
phi0972.phi001.perseus-lat1.xml@642,3,in,in,ADP
phi0972.phi001.perseus-lat1.xml@642,4,domo,domus,NOUN
phi0972.phi001.perseus-lat1.xml@642,5,",",",",PUNCT
phi0972.phi001.perseus-lat1.xml@642,6,qui,qui,PRON
phi0972.phi001.perseus-lat1.xml@642,7,mihi,ego,PRON
phi0972.phi001.perseus-lat1.xml@642,8,pedem,pedis,NOUN
phi0972.phi001.perseus-lat1.xml@642,9,opponerent,oppono,VERB
phi0972.phi001.perseus-lat1.xml@642,10,hac,hac,ADV
phi0972.phi001.perseus-lat1.xml@642,11,illac,illac,ADV
phi0972.phi001.perseus-lat1.xml@642,12,;,;,PUNCT
phi0972.phi001.perseus-lat1.xml@643,1,tamengenio,genius,NOUN
phi0972.phi001.perseus-lat1.xml@643,2,illius,ille,DET
phi0972.phi001.perseus-lat1.xml@643,3,gratias,gratia,NOUN
phi0972.phi001.perseus-lat1.xml@643,4,enatavi,enato,VERB
phi0972.phi001.perseus-lat1.xml@643,5,.,.,PUNCT
phi0972.phi001.perseus-lat1.xml@644,1,Haec,hic,DET
phi0972.phi001.perseus-lat1.xml@644,2,sunt,sum,AUX
phi0972.phi001.perseus-lat1.xml@644,3,vera,verus,ADJ
phi0972.phi001.perseus-lat1.xml@644,4,athla,athlon,NOUN
phi0972.phi001.perseus-lat1.xml@644,5,;,;,PUNCT
phi0972.phi001.perseus-lat1.xml@647,1,Post,post,ADP
phi0972.phi001.perseus-lat1.xml@647,2,hoc,hic,DET
phi0972.phi001.perseus-lat1.xml@647,3,dictum,dictum,NOUN
phi0972.phi001.perseus-lat1.xml@647,4,Giton,Giton,PROPN
phi0972.phi001.perseus-lat1.xml@647,5,",",",",PUNCT
phi0972.phi001.perseus-lat1.xml@647,6,qui,qui,PRON
phi0972.phi001.perseus-lat1.xml@647,7,ad,ad,ADP
phi0972.phi001.perseus-lat1.xml@647,8,pedes,pes,NOUN
phi0972.phi001.perseus-lat1.xml@647,9,stabat,sto,VERB
phi0972.phi001.perseus-lat1.xml@647,10,",",",",PUNCT
phi0972.phi001.perseus-lat1.xml@647,11,risum,risus,NOUN
phi0972.phi001.perseus-lat1.xml@647,12,iam,iam,ADV
phi0972.phi001.perseus-lat1.xml@647,13,diu,diu,ADV
phi0972.phi001.perseus-lat1.xml@647,14,compressum,comprimo,VERB
phi0972.phi001.perseus-lat1.xml@647,15,etiam,etiam,ADV
phi0972.phi001.perseus-lat1.xml@647,16,indecenter,indecenter,ADV
phi0972.phi001.perseus-lat1.xml@647,17,effudit,effundo,VERB
phi0972.phi001.perseus-lat1.xml@647,18,.,.,PUNCT
phi0972.phi001.perseus-lat1.xml@649,1,Io,io,INTJ
phi0972.phi001.perseus-lat1.xml@649,2,Saturnalia,Saturnalia,PROPN
phi0972.phi001.perseus-lat1.xml@649,3,",",",",PUNCT
phi0972.phi001.perseus-lat1.xml@649,4,rogo,rogo,VERB
phi0972.phi001.perseus-lat1.xml@649,5,",",",",PUNCT
phi0972.phi001.perseus-lat1.xml@649,6,mensis,mensis,NOUN
phi0972.phi001.perseus-lat1.xml@649,7,december,December,PROPN
phi0972.phi001.perseus-lat1.xml@649,8,est,sum,AUX
phi0972.phi001.perseus-lat1.xml@649,9,?,?,PUNCT
phi0972.phi001.perseus-lat1.xml@650,1,Quando,quando,ADV
phi0972.phi001.perseus-lat1.xml@650,2,vicesimam,vicesimus,ADJ
phi0972.phi001.perseus-lat1.xml@650,3,numerasti,numero,VERB
phi0972.phi001.perseus-lat1.xml@650,4,?,?,PUNCT
phi0972.phi001.perseus-lat1.xml@651,1,Nescit,nescio,VERB
phi0972.phi001.perseus-lat1.xml@651,2,quid,quis,PRON
phi0972.phi001.perseus-lat1.xml@651,3,faciat,facio,VERB
phi0972.phi001.perseus-lat1.xml@651,4,",",",",PUNCT
phi0972.phi001.perseus-lat1.xml@651,5,crucis,crux,NOUN
phi0972.phi001.perseus-lat1.xml@651,6,offla,offula,NOUN
phi0972.phi001.perseus-lat1.xml@651,7,",",",",PUNCT
phi0972.phi001.perseus-lat1.xml@651,8,corvorum,corvus,NOUN
phi0972.phi001.perseus-lat1.xml@651,9,cibaria,cibaria,NOUN
phi0972.phi001.perseus-lat1.xml@651,10,.,.,PUNCT
phi0972.phi001.perseus-lat1.xml@653,1,Ita,ita,ADV
phi0972.phi001.perseus-lat1.xml@653,2,satur,satur,ADJ
phi0972.phi001.perseus-lat1.xml@653,3,pane,panis,NOUN
phi0972.phi001.perseus-lat1.xml@653,4,fiam,fio,VERB
phi0972.phi001.perseus-lat1.xml@653,5,",",",",PUNCT
phi0972.phi001.perseus-lat1.xml@653,6,ut,ut,SCONJ
phi0972.phi001.perseus-lat1.xml@653,7,ego,ego,PRON
phi0972.phi001.perseus-lat1.xml@653,8,istud,iste,DET
phi0972.phi001.perseus-lat1.xml@653,9,conliberto,collibertus,NOUN
phi0972.phi001.perseus-lat1.xml@653,10,meo,meus,DET
phi0972.phi001.perseus-lat1.xml@653,11,dono,dono,VERB
phi0972.phi001.perseus-lat1.xml@653,12,;,;,PUNCT
phi0972.phi001.perseus-lat1.xml@654,1,alioquin,alioqui,ADV
phi0972.phi001.perseus-lat1.xml@654,2,iam,iam,ADV
phi0972.phi001.perseus-lat1.xml@654,3,tibi,tu,PRON
phi0972.phi001.perseus-lat1.xml@654,4,depraesentiarum,depraesentiarum,ADV
phi0972.phi001.perseus-lat1.xml@654,5,reddidissem,reddo,VERB
phi0972.phi001.perseus-lat1.xml@654,6,.,.,PUNCT
phi0972.phi001.perseus-lat1.xml@655,1,Bene,benus,ADV
phi0972.phi001.perseus-lat1.xml@655,2,nos,nos,PRON
phi0972.phi001.perseus-lat1.xml@655,3,habemus,habeo,VERB
phi0972.phi001.perseus-lat1.xml@655,4,",",",",PUNCT
phi0972.phi001.perseus-lat1.xml@655,5,at,at,CCONJ
phi0972.phi001.perseus-lat1.xml@655,6,isti,iste,DET
phi0972.phi001.perseus-lat1.xml@655,7,nugae,nugae,NOUN
phi0972.phi001.perseus-lat1.xml@655,8,",",",",PUNCT
phi0972.phi001.perseus-lat1.xml@655,9,qui,qui,PRON
phi0972.phi001.perseus-lat1.xml@655,10,tibi,tu,PRON
phi0972.phi001.perseus-lat1.xml@655,11,non,non,PART
phi0972.phi001.perseus-lat1.xml@655,12,imperant,impero,VERB
phi0972.phi001.perseus-lat1.xml@655,13,.,.,PUNCT
phi0972.phi001.perseus-lat1.xml@657,1,Vix,vix,ADV
phi0972.phi001.perseus-lat1.xml@657,2,me,ego,PRON
phi0972.phi001.perseus-lat1.xml@657,3,teneo,teneo,VERB
phi0972.phi001.perseus-lat1.xml@657,4,",",",",PUNCT
phi0972.phi001.perseus-lat1.xml@657,5-6,nec,_,_
phi0972.phi001.perseus-lat1.xml@657,5,ne,ne,ADV
phi0972.phi001.perseus-lat1.xml@657,6,c,que,CCONJ
phi0972.phi001.perseus-lat1.xml@657,7,sum,sum,AUX
phi0972.phi001.perseus-lat1.xml@657,8,natura,natura,NOUN
phi0972.phi001.perseus-lat1.xml@657,9,caldicerebrius,caldicerebrius,ADJ
phi0972.phi001.perseus-lat1.xml@657,10,",",",",PUNCT
phi0972.phi001.perseus-lat1.xml@657,11,sed,sed,CCONJ
phi0972.phi001.perseus-lat1.xml@657,12,cum,cum,SCONJ
phi0972.phi001.perseus-lat1.xml@657,13,coepi,coepio,VERB
phi0972.phi001.perseus-lat1.xml@657,14,",",",",PUNCT
phi0972.phi001.perseus-lat1.xml@657,15,matrem,mater,NOUN
phi0972.phi001.perseus-lat1.xml@657,16,meam,meus,DET
phi0972.phi001.perseus-lat1.xml@657,17,dupundii,dupundius,NOUN
phi0972.phi001.perseus-lat1.xml@657,18,non,non,PART
phi0972.phi001.perseus-lat1.xml@657,19,facio,facio,VERB
phi0972.phi001.perseus-lat1.xml@657,20,.,.,PUNCT
phi0972.phi001.perseus-lat1.xml@660,1,Curabo,curo,VERB
phi0972.phi001.perseus-lat1.xml@660,2,",",",",PUNCT
phi0972.phi001.perseus-lat1.xml@660,3,longe,longus,ADV
phi0972.phi001.perseus-lat1.xml@660,4,tibi,tu,PRON
phi0972.phi001.perseus-lat1.xml@660,5,sit,sum,AUX
phi0972.phi001.perseus-lat1.xml@660,6,comula,comula,NOUN
phi0972.phi001.perseus-lat1.xml@660,7,ista,iste,DET
phi0972.phi001.perseus-lat1.xml@660,8,besalis,besalis,ADJ
phi0972.phi001.perseus-lat1.xml@660,9,et,et,CCONJ
phi0972.phi001.perseus-lat1.xml@660,10,dominus,dominus,NOUN
phi0972.phi001.perseus-lat1.xml@660,11,dupunduarius,dupunduarius,ADJ
phi0972.phi001.perseus-lat1.xml@660,12,.,.,PUNCT
phi0972.phi001.perseus-lat1.xml@661,1,Recte,rectus,ADV
phi0972.phi001.perseus-lat1.xml@661,2,",",",",PUNCT
phi0972.phi001.perseus-lat1.xml@661,3,venies,venio,VERB
phi0972.phi001.perseus-lat1.xml@661,4,sub,sub,ADP
phi0972.phi001.perseus-lat1.xml@661,5,dentem,dens,NOUN
phi0972.phi001.perseus-lat1.xml@661,6,:,:,PUNCT
phi0972.phi001.perseus-lat1.xml@662,1,aut,aut,CCONJ
phi0972.phi001.perseus-lat1.xml@662,2,ego,ego,PRON
phi0972.phi001.perseus-lat1.xml@662,3,non,non,PART
phi0972.phi001.perseus-lat1.xml@662,4,me,ego,PRON
phi0972.phi001.perseus-lat1.xml@662,5,novi,nosco,VERB
phi0972.phi001.perseus-lat1.xml@662,6,",",",",PUNCT
phi0972.phi001.perseus-lat1.xml@662,7,aut,aut,CCONJ
phi0972.phi001.perseus-lat1.xml@662,8,non,non,PART
phi0972.phi001.perseus-lat1.xml@662,9,deridebis,derideo,VERB
phi0972.phi001.perseus-lat1.xml@662,10,",",",",PUNCT
phi0972.phi001.perseus-lat1.xml@662,11,licet,licet,SCONJ
phi0972.phi001.perseus-lat1.xml@662,12,barbam,barba,NOUN
phi0972.phi001.perseus-lat1.xml@662,13,auream,aureus,ADJ
phi0972.phi001.perseus-lat1.xml@662,14,habeas,habeo,VERB
phi0972.phi001.perseus-lat1.xml@662,15,.,.,PUNCT
phi0972.phi001.perseus-lat1.xml@666,1,exi,exeo,VERB
phi0972.phi001.perseus-lat1.xml@666,2,",",",",PUNCT
phi0972.phi001.perseus-lat1.xml@666,3,defero,defero,VERB
phi0972.phi001.perseus-lat1.xml@666,4,lamnam,lamna,NOUN
phi0972.phi001.perseus-lat1.xml@666,5,.,.,PUNCT
phi0972.phi001.perseus-lat1.xml@667,1,Iam,iam,ADV
phi0972.phi001.perseus-lat1.xml@667,2,scies,scio,VERB
phi0972.phi001.perseus-lat1.xml@667,3,patrem,pater,NOUN
phi0972.phi001.perseus-lat1.xml@667,4,tuum,tuus,DET
phi0972.phi001.perseus-lat1.xml@667,5,mercedes,merces,NOUN
phi0972.phi001.perseus-lat1.xml@667,6,perdidisse,perdo,VERB
phi0972.phi001.perseus-lat1.xml@667,7,",",",",PUNCT
phi0972.phi001.perseus-lat1.xml@667,8,quamvis,quamvis,SCONJ
phi0972.phi001.perseus-lat1.xml@667,9,et,et,ADV
phi0972.phi001.perseus-lat1.xml@667,10,rhetoricam,rhetorice,NOUN
phi0972.phi001.perseus-lat1.xml@667,11,scis,scio,VERB
phi0972.phi001.perseus-lat1.xml@667,12,.,.,PUNCT
phi0972.phi001.perseus-lat1.xml@670,1,Dicam,dico,VERB
phi0972.phi001.perseus-lat1.xml@670,2,tibi,tu,PRON
phi0972.phi001.perseus-lat1.xml@670,3,",",",",PUNCT
phi0972.phi001.perseus-lat1.xml@670,4,qui,qui,PRON
phi0972.phi001.perseus-lat1.xml@670,5,de,de,ADP
phi0972.phi001.perseus-lat1.xml@670,6,nobis,nos,PRON
phi0972.phi001.perseus-lat1.xml@670,7,currit,curro,VERB
phi0972.phi001.perseus-lat1.xml@670,8,et,et,CCONJ
phi0972.phi001.perseus-lat1.xml@670,9,de,de,ADP
phi0972.phi001.perseus-lat1.xml@670,10,loco,locus,NOUN
phi0972.phi001.perseus-lat1.xml@670,11,non,non,PART
phi0972.phi001.perseus-lat1.xml@670,12,movetur,moveo,VERB
phi0972.phi001.perseus-lat1.xml@670,13,;,;,PUNCT
phi0972.phi001.perseus-lat1.xml@671,1,qui,qui,PRON
phi0972.phi001.perseus-lat1.xml@671,2,de,de,ADP
phi0972.phi001.perseus-lat1.xml@671,3,nobis,nos,PRON
phi0972.phi001.perseus-lat1.xml@671,4,crescit,cresco,VERB
phi0972.phi001.perseus-lat1.xml@671,5,et,et,CCONJ
phi0972.phi001.perseus-lat1.xml@671,6,minor,parvus,ADJ
phi0972.phi001.perseus-lat1.xml@671,7,fit,fio,VERB
phi0972.phi001.perseus-lat1.xml@671,8,.,.,PUNCT
phi0972.phi001.perseus-lat1.xml@672,1,Curris,curro,VERB
phi0972.phi001.perseus-lat1.xml@672,2,",",",",PUNCT
phi0972.phi001.perseus-lat1.xml@672,3,stupes,stupeo,VERB
phi0972.phi001.perseus-lat1.xml@672,4,",",",",PUNCT
phi0972.phi001.perseus-lat1.xml@672,5,satagis,satago,VERB
phi0972.phi001.perseus-lat1.xml@672,6,",",",",PUNCT
phi0972.phi001.perseus-lat1.xml@672,7,tanquam,tamquam,SCONJ
phi0972.phi001.perseus-lat1.xml@672,8,mus,mus,NOUN
phi0972.phi001.perseus-lat1.xml@672,9,in,in,ADP
phi0972.phi001.perseus-lat1.xml@672,10,matella,matella,NOUN
phi0972.phi001.perseus-lat1.xml@672,11,.,.,PUNCT
phi0972.phi001.perseus-lat1.xml@673,1,Ergo,ergo,ADV
phi0972.phi001.perseus-lat1.xml@673,2,aut,aut,CCONJ
phi0972.phi001.perseus-lat1.xml@673,3,tace,taceo,VERB
phi0972.phi001.perseus-lat1.xml@673,4,aut,aut,CCONJ
phi0972.phi001.perseus-lat1.xml@673,5,meliorem,bonus,ADJ
phi0972.phi001.perseus-lat1.xml@673,6,noli,nolo,VERB
phi0972.phi001.perseus-lat1.xml@673,7,molestare,molesto,VERB
phi0972.phi001.perseus-lat1.xml@673,8,",",",",PUNCT
phi0972.phi001.perseus-lat1.xml@673,9,qui,qui,PRON
phi0972.phi001.perseus-lat1.xml@673,10,te,tu,PRON
phi0972.phi001.perseus-lat1.xml@673,11,natum,natus,VERB
phi0972.phi001.perseus-lat1.xml@673,12,non,non,PART
phi0972.phi001.perseus-lat1.xml@673,13,putat,puto,VERB
phi0972.phi001.perseus-lat1.xml@673,14,;,;,PUNCT
phi0972.phi001.perseus-lat1.xml@676,1,Eamus,eo,VERB
phi0972.phi001.perseus-lat1.xml@676,2,in,in,ADP
phi0972.phi001.perseus-lat1.xml@676,3,forum,forum,NOUN
phi0972.phi001.perseus-lat1.xml@676,4,et,et,CCONJ
phi0972.phi001.perseus-lat1.xml@676,5,pecunias,pecunia,NOUN
phi0972.phi001.perseus-lat1.xml@676,6,mutuemur,mutuor,VERB
phi0972.phi001.perseus-lat1.xml@676,7,:,:,PUNCT
phi0972.phi001.perseus-lat1.xml@677,1,iam,iam,ADV
phi0972.phi001.perseus-lat1.xml@677,2,scies,scio,VERB
phi0972.phi001.perseus-lat1.xml@677,3,hoc,hic,DET
phi0972.phi001.perseus-lat1.xml@677,4,ferrum,ferrum,NOUN
phi0972.phi001.perseus-lat1.xml@677,5,fidem,fides,NOUN
phi0972.phi001.perseus-lat1.xml@677,6,habere,habeo,VERB
phi0972.phi001.perseus-lat1.xml@677,7,.,.,PUNCT
phi0972.phi001.perseus-lat1.xml@678,1,Vah,vah,INTJ
phi0972.phi001.perseus-lat1.xml@678,2,",",",",PUNCT
phi0972.phi001.perseus-lat1.xml@678,3,bella,bellus,ADJ
phi0972.phi001.perseus-lat1.xml@678,4,res,res,NOUN
phi0972.phi001.perseus-lat1.xml@678,5,est,sum,AUX
phi0972.phi001.perseus-lat1.xml@678,6,volpis,volpis,NOUN
phi0972.phi001.perseus-lat1.xml@678,7,uda,udus,ADJ
phi0972.phi001.perseus-lat1.xml@678,8,.,.,PUNCT
phi0972.phi001.perseus-lat1.xml@684,1,cave,caveo,VERB
phi0972.phi001.perseus-lat1.xml@684,2,",",",",PUNCT
phi0972.phi001.perseus-lat1.xml@684,3,circumspicias,circumspicio,VERB
phi0972.phi001.perseus-lat1.xml@684,4,;,;,PUNCT
phi0972.phi001.perseus-lat1.xml@685,1,cave,caveo,VERB
phi0972.phi001.perseus-lat1.xml@685,2,",",",",PUNCT
phi0972.phi001.perseus-lat1.xml@685,3,maiorem,magnus,ADJ
phi0972.phi001.perseus-lat1.xml@685,4,maledicas,maledico,VERB
phi0972.phi001.perseus-lat1.xml@685,5,.,.,PUNCT
phi0972.phi001.perseus-lat1.xml@686,1,Aut,aut,CCONJ
phi0972.phi001.perseus-lat1.xml@686,2,numera,numero,VERB
phi0972.phi001.perseus-lat1.xml@686,3,mapalia,mapalia,NOUN
phi0972.phi001.perseus-lat1.xml@686,4,:,:,PUNCT
phi0972.phi001.perseus-lat1.xml@691,1,Sanguen,sanguen,NOUN
phi0972.phi001.perseus-lat1.xml@691,2,illi,ille,DET
phi0972.phi001.perseus-lat1.xml@691,3,fervet,ferveo,VERB
phi0972.phi001.perseus-lat1.xml@691,4,",",",",PUNCT
phi0972.phi001.perseus-lat1.xml@691,5,tu,tu,PRON
phi0972.phi001.perseus-lat1.xml@691,6,melior,bonus,ADJ
phi0972.phi001.perseus-lat1.xml@691,7,esto,sum,AUX
phi0972.phi001.perseus-lat1.xml@691,8,.,.,PUNCT
phi0972.phi001.perseus-lat1.xml@692,1,Semper,semper,ADV
phi0972.phi001.perseus-lat1.xml@692,2,in,in,ADP
phi0972.phi001.perseus-lat1.xml@692,3,hac,hic,DET
phi0972.phi001.perseus-lat1.xml@692,4,re,res,NOUN
phi0972.phi001.perseus-lat1.xml@692,5,qui,qui,PRON
phi0972.phi001.perseus-lat1.xml@692,6,vincitur,vinco,VERB
phi0972.phi001.perseus-lat1.xml@692,7,",",",",PUNCT
phi0972.phi001.perseus-lat1.xml@692,8,vincit,vinco,VERB
phi0972.phi001.perseus-lat1.xml@692,9,.,.,PUNCT
phi0972.phi001.perseus-lat1.xml@695,1,Intravit,intro,VERB
phi0972.phi001.perseus-lat1.xml@695,2,factio,factio,NOUN
phi0972.phi001.perseus-lat1.xml@695,3,statim,statim,ADV
phi0972.phi001.perseus-lat1.xml@695,4-5,hastisque,_,_
phi0972.phi001.perseus-lat1.xml@695,4,hastis,hasta,NOUN
phi0972.phi001.perseus-lat1.xml@695,5,que,que,CCONJ
phi0972.phi001.perseus-lat1.xml@695,6,scuta,scutum,NOUN
phi0972.phi001.perseus-lat1.xml@695,7,concrepuit,concrepo,VERB
phi0972.phi001.perseus-lat1.xml@695,8,.,.,PUNCT
phi0972.phi001.perseus-lat1.xml@696,1,Ipse,ipse,DET
phi0972.phi001.perseus-lat1.xml@696,2,Trimalchio,Trimalchio,PROPN
phi0972.phi001.perseus-lat1.xml@696,3,in,in,ADP
phi0972.phi001.perseus-lat1.xml@696,4,pulvino,pulvinus,NOUN
phi0972.phi001.perseus-lat1.xml@696,5,consedit,consido,VERB
phi0972.phi001.perseus-lat1.xml@696,6,",",",",PUNCT
phi0972.phi001.perseus-lat1.xml@696,7,et,et,CCONJ
phi0972.phi001.perseus-lat1.xml@696,8,cum,cum,SCONJ
phi0972.phi001.perseus-lat1.xml@696,9,Homeristae,Homerista,PROPN
phi0972.phi001.perseus-lat1.xml@696,10,Graecis,Graecus,ADJ
phi0972.phi001.perseus-lat1.xml@696,11,versibus,versus,NOUN
phi0972.phi001.perseus-lat1.xml@696,12,colloquerentur,colloquor,VERB
phi0972.phi001.perseus-lat1.xml@696,13,",",",",PUNCT
phi0972.phi001.perseus-lat1.xml@696,14,ut,ut,SCONJ
phi0972.phi001.perseus-lat1.xml@696,15,insolenter,insolenter,ADV
phi0972.phi001.perseus-lat1.xml@696,16,solent,soleo,VERB
phi0972.phi001.perseus-lat1.xml@696,17,",",",",PUNCT
phi0972.phi001.perseus-lat1.xml@696,18,ille,ille,DET
phi0972.phi001.perseus-lat1.xml@696,19,canora,canorus,ADJ
phi0972.phi001.perseus-lat1.xml@696,20,voce,vox,NOUN
phi0972.phi001.perseus-lat1.xml@696,21,Latine,Latine,ADV
phi0972.phi001.perseus-lat1.xml@696,22,legebat,lego,VERB
phi0972.phi001.perseus-lat1.xml@696,23,librum,liber,NOUN
phi0972.phi001.perseus-lat1.xml@696,24,.,.,PUNCT
phi0972.phi001.perseus-lat1.xml@698,1,Diomedes,Diomedes,PROPN
phi0972.phi001.perseus-lat1.xml@698,2,et,et,CCONJ
phi0972.phi001.perseus-lat1.xml@698,3,Ganymedes,Ganymedes,PROPN
phi0972.phi001.perseus-lat1.xml@698,4,duo,duo,NUM
phi0972.phi001.perseus-lat1.xml@698,5,fratres,frater,NOUN
phi0972.phi001.perseus-lat1.xml@698,6,fuerunt,sum,AUX
phi0972.phi001.perseus-lat1.xml@698,7,.,.,PUNCT
phi0972.phi001.perseus-lat1.xml@699,1,Horum,hic,DET
phi0972.phi001.perseus-lat1.xml@699,2,soror,soror,NOUN
phi0972.phi001.perseus-lat1.xml@699,3,erat,sum,AUX
phi0972.phi001.perseus-lat1.xml@699,4,Helena,Helena,PROPN
phi0972.phi001.perseus-lat1.xml@699,5,.,.,PUNCT
phi0972.phi001.perseus-lat1.xml@700,1,Agamemnon,Agamemnon,PROPN
phi0972.phi001.perseus-lat1.xml@700,2,illam,ille,DET
phi0972.phi001.perseus-lat1.xml@700,3,rapuit,rapio,VERB
phi0972.phi001.perseus-lat1.xml@700,4,et,et,CCONJ
phi0972.phi001.perseus-lat1.xml@700,5,Dianae,Diana,PROPN
phi0972.phi001.perseus-lat1.xml@700,6,cervam,cerva,NOUN
phi0972.phi001.perseus-lat1.xml@700,7,subiecit,subicio,VERB
phi0972.phi001.perseus-lat1.xml@700,8,.,.,PUNCT
phi0972.phi001.perseus-lat1.xml@701,1,Ita,ita,ADV
phi0972.phi001.perseus-lat1.xml@701,2,nunc,nunc,ADV
phi0972.phi001.perseus-lat1.xml@701,3,Homeros,Homeros,PROPN
phi0972.phi001.perseus-lat1.xml@701,4,dicit,dico,VERB
phi0972.phi001.perseus-lat1.xml@701,5,",",",",PUNCT
phi0972.phi001.perseus-lat1.xml@701,6,quemadmodum,quemadmodum,ADV
phi0972.phi001.perseus-lat1.xml@701,7,inter,inter,ADP
phi0972.phi001.perseus-lat1.xml@701,8,se,sui,PRON
phi0972.phi001.perseus-lat1.xml@701,9,pugnent,pugno,VERB
phi0972.phi001.perseus-lat1.xml@701,10,Troiani,Troiani,PROPN
phi0972.phi001.perseus-lat1.xml@701,11,et,et,CCONJ
phi0972.phi001.perseus-lat1.xml@701,12,Parentini,parentinus,ADJ
phi0972.phi001.perseus-lat1.xml@701,13,.,.,PUNCT
phi0972.phi001.perseus-lat1.xml@702,1,Vicit,vinco,VERB
phi0972.phi001.perseus-lat1.xml@702,2,scilicet,scilicet,ADV
phi0972.phi001.perseus-lat1.xml@702,3,et,et,CCONJ
phi0972.phi001.perseus-lat1.xml@702,4,Iphigeniam,Iphigenia,PROPN
phi0972.phi001.perseus-lat1.xml@702,5,",",",",PUNCT
phi0972.phi001.perseus-lat1.xml@702,6,filiam,filia,NOUN
phi0972.phi001.perseus-lat1.xml@702,7,suam,suus,DET
phi0972.phi001.perseus-lat1.xml@702,8,",",",",PUNCT
phi0972.phi001.perseus-lat1.xml@702,9,Achilli,Achilles,PROPN
phi0972.phi001.perseus-lat1.xml@702,10,dedit,do,VERB
phi0972.phi001.perseus-lat1.xml@702,11,uxorem,uxor,NOUN
phi0972.phi001.perseus-lat1.xml@702,12,.,.,PUNCT
phi0972.phi001.perseus-lat1.xml@708,1,Consternatus,consterno,VERB
phi0972.phi001.perseus-lat1.xml@708,2,ego,ego,PRON
phi0972.phi001.perseus-lat1.xml@708,3,exsurrexi,exsurgo,VERB
phi0972.phi001.perseus-lat1.xml@708,4,et,et,CCONJ
phi0972.phi001.perseus-lat1.xml@708,5,timui,timeo,VERB
phi0972.phi001.perseus-lat1.xml@708,6,",",",",PUNCT
phi0972.phi001.perseus-lat1.xml@708,7,ne,ne,SCONJ
phi0972.phi001.perseus-lat1.xml@708,8,per,per,ADP
phi0972.phi001.perseus-lat1.xml@708,9,tectum,tectum,NOUN
phi0972.phi001.perseus-lat1.xml@708,10,petauristarius,petauristarius,NOUN
phi0972.phi001.perseus-lat1.xml@708,11,aliquis,aliquis,PRON
phi0972.phi001.perseus-lat1.xml@708,12,descenderet,descendo,VERB
phi0972.phi001.perseus-lat1.xml@708,13,.,.,PUNCT
phi0972.phi001.perseus-lat1.xml@709,1-2,Nec,_,_
phi0972.phi001.perseus-lat1.xml@709,1,Ne,ne,ADV
phi0972.phi001.perseus-lat1.xml@709,2,c,que,CCONJ
phi0972.phi001.perseus-lat1.xml@709,3,minus,parvus,ADV
phi0972.phi001.perseus-lat1.xml@709,4,reliqui,reliquus,DET
phi0972.phi001.perseus-lat1.xml@709,5,convivae,conviva,NOUN
phi0972.phi001.perseus-lat1.xml@709,6,mirantes,miror,VERB
phi0972.phi001.perseus-lat1.xml@709,7,erexere,erigo,VERB
phi0972.phi001.perseus-lat1.xml@709,8,vultus,vultus,NOUN
phi0972.phi001.perseus-lat1.xml@709,9,",",",",PUNCT
phi0972.phi001.perseus-lat1.xml@709,10,expectantes,exspecto,VERB
phi0972.phi001.perseus-lat1.xml@709,11,quid,quis,PRON
phi0972.phi001.perseus-lat1.xml@709,12,novi,novus,ADJ
phi0972.phi001.perseus-lat1.xml@709,13,de,de,ADP
phi0972.phi001.perseus-lat1.xml@709,14,caelo,caelum,NOUN
phi0972.phi001.perseus-lat1.xml@709,15,nuntiaretur,nuntio,VERB
phi0972.phi001.perseus-lat1.xml@709,16,.,.,PUNCT
phi0972.phi001.perseus-lat1.xml@710,1,Ecce,ecce,PART
phi0972.phi001.perseus-lat1.xml@710,2,autem,autem,PART
phi0972.phi001.perseus-lat1.xml@710,3,diductis,diduco,VERB
phi0972.phi001.perseus-lat1.xml@710,4,lacunaribus,lacunar,NOUN
phi0972.phi001.perseus-lat1.xml@710,5,subito,subito,ADV
phi0972.phi001.perseus-lat1.xml@710,6,circulus,circulus,NOUN
phi0972.phi001.perseus-lat1.xml@710,7,ingens,ingens,ADJ
phi0972.phi001.perseus-lat1.xml@710,8,",",",",PUNCT
phi0972.phi001.perseus-lat1.xml@710,9,de,de,ADP
phi0972.phi001.perseus-lat1.xml@710,10,cupa,cupa,NOUN
phi0972.phi001.perseus-lat1.xml@710,11,videlicet,videlicet,ADV
phi0972.phi001.perseus-lat1.xml@710,12,grandi,grandis,ADJ
phi0972.phi001.perseus-lat1.xml@710,13,excussus,excutio,VERB
phi0972.phi001.perseus-lat1.xml@710,14,",",",",PUNCT
phi0972.phi001.perseus-lat1.xml@710,15,demittitur,demitto,VERB
phi0972.phi001.perseus-lat1.xml@710,16,",",",",PUNCT
phi0972.phi001.perseus-lat1.xml@710,17,cuius,qui,PRON
phi0972.phi001.perseus-lat1.xml@710,18,per,per,ADP
phi0972.phi001.perseus-lat1.xml@710,19,totum,totus,DET
phi0972.phi001.perseus-lat1.xml@710,20,orbem,orbis,NOUN
phi0972.phi001.perseus-lat1.xml@710,21,coronae,corona,NOUN
phi0972.phi001.perseus-lat1.xml@710,22,aureae,aureus,ADJ
phi0972.phi001.perseus-lat1.xml@710,23,cum,cum,SCONJ
phi0972.phi001.perseus-lat1.xml@710,24,alabastris,alabaster,NOUN
phi0972.phi001.perseus-lat1.xml@710,25,unguenti,unguentum,NOUN
phi0972.phi001.perseus-lat1.xml@710,26,pendebant,pendo,VERB
phi0972.phi001.perseus-lat1.xml@710,27,.,.,PUNCT
phi0972.phi001.perseus-lat1.xml@713,1,Avidius,avidus,ADV
phi0972.phi001.perseus-lat1.xml@713,2,ad,ad,ADP
phi0972.phi001.perseus-lat1.xml@713,3,pompam,pompa,NOUN
phi0972.phi001.perseus-lat1.xml@713,4,manus,manus,NOUN
phi0972.phi001.perseus-lat1.xml@713,5,porreximus,porrigo,VERB
phi0972.phi001.perseus-lat1.xml@713,6,",",",",PUNCT
phi0972.phi001.perseus-lat1.xml@713,7,et,et,CCONJ
phi0972.phi001.perseus-lat1.xml@713,8,repente,repens,ADV
phi0972.phi001.perseus-lat1.xml@713,9,nova,novus,ADJ
phi0972.phi001.perseus-lat1.xml@713,10,ludorum,ludus,NOUN
phi0972.phi001.perseus-lat1.xml@713,11,remissio,remissio,NOUN
phi0972.phi001.perseus-lat1.xml@713,12,hilaritatem,hilaritas,NOUN
phi0972.phi001.perseus-lat1.xml@713,13,hic,hic,ADV
phi0972.phi001.perseus-lat1.xml@713,14,refecit,reficio,VERB
phi0972.phi001.perseus-lat1.xml@713,15,.,.,PUNCT
phi0972.phi001.perseus-lat1.xml@719,1,Nos,nos,PRON
phi0972.phi001.perseus-lat1.xml@719,2,etiam,etiam,ADV
phi0972.phi001.perseus-lat1.xml@719,3,veram,verus,ADJ
phi0972.phi001.perseus-lat1.xml@719,4,imaginem,imago,NOUN
phi0972.phi001.perseus-lat1.xml@719,5,ipsius,ipse,DET
phi0972.phi001.perseus-lat1.xml@719,6,Trimalchionis,Trimalchio,PROPN
phi0972.phi001.perseus-lat1.xml@719,7,",",",",PUNCT
phi0972.phi001.perseus-lat1.xml@719,8,cum,cum,SCONJ
phi0972.phi001.perseus-lat1.xml@719,9,iam,iam,ADV
phi0972.phi001.perseus-lat1.xml@719,10,omnes,omnes,NOUN
phi0972.phi001.perseus-lat1.xml@719,11,basiarent,basio,VERB
phi0972.phi001.perseus-lat1.xml@719,12,",",",",PUNCT
phi0972.phi001.perseus-lat1.xml@719,13,erubuimus,erubesco,VERB
phi0972.phi001.perseus-lat1.xml@719,14,praeterire,praetereo,VERB
phi0972.phi001.perseus-lat1.xml@719,15,.,.,PUNCT
phi0972.phi001.perseus-lat1.xml@721,1,nescio,nescio,VERB
phi0972.phi001.perseus-lat1.xml@721,2,quid,quid,ADV
phi0972.phi001.perseus-lat1.xml@721,3,nunc,nunc,ADV
phi0972.phi001.perseus-lat1.xml@721,4,taces,taceo,VERB
phi0972.phi001.perseus-lat1.xml@721,5-6,nec,_,_
phi0972.phi001.perseus-lat1.xml@721,5,ne,nec,SCONJ
phi0972.phi001.perseus-lat1.xml@721,6,c,que,CCONJ
phi0972.phi001.perseus-lat1.xml@721,7,muttis,mutio,VERB
phi0972.phi001.perseus-lat1.xml@721,8,.,.,PUNCT
phi0972.phi001.perseus-lat1.xml@724,1,Itaque,ita,ADV
phi0972.phi001.perseus-lat1.xml@724,2,hilaria,hilaria,NOUN
phi0972.phi001.perseus-lat1.xml@724,3,mera,merus,ADJ
phi0972.phi001.perseus-lat1.xml@724,4,sint,sum,AUX
phi0972.phi001.perseus-lat1.xml@724,5,",",",",PUNCT
phi0972.phi001.perseus-lat1.xml@724,6,etsi,etsi,SCONJ
phi0972.phi001.perseus-lat1.xml@724,7,timeo,timeo,VERB
phi0972.phi001.perseus-lat1.xml@724,8,istos,iste,DET
phi0972.phi001.perseus-lat1.xml@724,9,scholasticos,scholasticus,NOUN
phi0972.phi001.perseus-lat1.xml@724,10,",",",",PUNCT
phi0972.phi001.perseus-lat1.xml@724,11,ne,ne,SCONJ
phi0972.phi001.perseus-lat1.xml@724,12,me,ego,PRON
phi0972.phi001.perseus-lat1.xml@724,13,rideant,rideo,VERB
phi0972.phi001.perseus-lat1.xml@724,14,.,.,PUNCT
phi0972.phi001.perseus-lat1.xml@725,1,Viderint,video,VERB
phi0972.phi001.perseus-lat1.xml@725,2,:,:,PUNCT
phi0972.phi001.perseus-lat1.xml@726,1,narrabo,narro,VERB
phi0972.phi001.perseus-lat1.xml@726,2,tamen,tamen,ADV
phi0972.phi001.perseus-lat1.xml@726,3,:,:,PUNCT
phi0972.phi001.perseus-lat1.xml@727,1,quid,quis,PRON
phi0972.phi001.perseus-lat1.xml@727,2,enim,enim,PART
phi0972.phi001.perseus-lat1.xml@727,3,mihi,ego,PRON
phi0972.phi001.perseus-lat1.xml@727,4,aufert,aufero,VERB
phi0972.phi001.perseus-lat1.xml@727,5,",",",",PUNCT
phi0972.phi001.perseus-lat1.xml@727,6,qui,qui,PRON
phi0972.phi001.perseus-lat1.xml@727,7,ridet,rideo,VERB
phi0972.phi001.perseus-lat1.xml@727,8,?,?,PUNCT
phi0972.phi001.perseus-lat1.xml@731,1,nune,nunc,ADV
phi0972.phi001.perseus-lat1.xml@731,2,Gavillae,Gavilla,PROPN
phi0972.phi001.perseus-lat1.xml@731,3,domus,domus,NOUN
phi0972.phi001.perseus-lat1.xml@731,4,est,sum,AUX
phi0972.phi001.perseus-lat1.xml@731,5,.,.,PUNCT
phi0972.phi001.perseus-lat1.xml@732,1,Ibi,ibi,ADV
phi0972.phi001.perseus-lat1.xml@732,2,",",",",PUNCT
phi0972.phi001.perseus-lat1.xml@732,3,quomodo,quomodo,ADV
phi0972.phi001.perseus-lat1.xml@732,4,dii,dius,ADJ
phi0972.phi001.perseus-lat1.xml@732,5,volunt,volo,VERB
phi0972.phi001.perseus-lat1.xml@732,6,",",",",PUNCT
phi0972.phi001.perseus-lat1.xml@732,7,amare,amo,VERB
phi0972.phi001.perseus-lat1.xml@732,8,coepi,coepio,VERB
phi0972.phi001.perseus-lat1.xml@732,9,uxorem,uxor,NOUN
phi0972.phi001.perseus-lat1.xml@732,10,Terentii,Terentius,PROPN
phi0972.phi001.perseus-lat1.xml@732,11,coponis,copo,NOUN
phi0972.phi001.perseus-lat1.xml@732,12,:,:,PUNCT
phi0972.phi001.perseus-lat1.xml@735,1,Si,si,SCONJ
phi0972.phi001.perseus-lat1.xml@735,2,quid,quis,PRON
phi0972.phi001.perseus-lat1.xml@735,3,ab,ab,ADP
phi0972.phi001.perseus-lat1.xml@735,4,illa,ille,DET
phi0972.phi001.perseus-lat1.xml@735,5,petii,peto,VERB
phi0972.phi001.perseus-lat1.xml@735,6,",",",",PUNCT
phi0972.phi001.perseus-lat1.xml@735,7,nunquam,numquam,ADV
phi0972.phi001.perseus-lat1.xml@735,8,mihi,ego,PRON
phi0972.phi001.perseus-lat1.xml@735,9,negatum,nego,VERB
phi0972.phi001.perseus-lat1.xml@735,10,;,;,PUNCT
phi0972.phi001.perseus-lat1.xml@736,1,fecit,facio,VERB
phi0972.phi001.perseus-lat1.xml@736,2,assem,assis,NOUN
phi0972.phi001.perseus-lat1.xml@736,3,",",",",PUNCT
phi0972.phi001.perseus-lat1.xml@736,4,semissem,semis,ADJ
phi0972.phi001.perseus-lat1.xml@736,5,habui,habeo,VERB
phi0972.phi001.perseus-lat1.xml@736,6,;,;,PUNCT
phi0972.phi001.perseus-lat1.xml@738,1,Huius,hic,DET
phi0972.phi001.perseus-lat1.xml@738,2,contubernalis,contubernalis,NOUN
phi0972.phi001.perseus-lat1.xml@738,3,ad,ad,ADP
phi0972.phi001.perseus-lat1.xml@738,4,villam,villa,NOUN
phi0972.phi001.perseus-lat1.xml@738,5,supremum,superus,ADJ
phi0972.phi001.perseus-lat1.xml@738,6,diem,dies,NOUN
phi0972.phi001.perseus-lat1.xml@738,7,obiit,obeo,VERB
phi0972.phi001.perseus-lat1.xml@738,8,.,.,PUNCT
phi0972.phi001.perseus-lat1.xml@742,1,Nactus,nanciscor,VERB
phi0972.phi001.perseus-lat1.xml@742,2,ego,ego,PRON
phi0972.phi001.perseus-lat1.xml@742,3,occasionem,occasio,NOUN
phi0972.phi001.perseus-lat1.xml@742,4,persuadeo,persuadeo,VERB
phi0972.phi001.perseus-lat1.xml@742,5,hospitem,hospes,NOUN
phi0972.phi001.perseus-lat1.xml@742,6,nostrum,noster,DET
phi0972.phi001.perseus-lat1.xml@742,7,",",",",PUNCT
phi0972.phi001.perseus-lat1.xml@742,8,ut,ut,SCONJ
phi0972.phi001.perseus-lat1.xml@742,9-10,mecum,_,_
phi0972.phi001.perseus-lat1.xml@742,9,me,ego,PRON
phi0972.phi001.perseus-lat1.xml@742,10,cum,cum,ADP
phi0972.phi001.perseus-lat1.xml@742,11,ad,ad,ADP
phi0972.phi001.perseus-lat1.xml@742,12,quintum,quintus,ADJ
phi0972.phi001.perseus-lat1.xml@742,13,miliarium,miliarium,NOUN
phi0972.phi001.perseus-lat1.xml@742,14,veniat,venio,VERB
phi0972.phi001.perseus-lat1.xml@742,15,.,.,PUNCT
phi0972.phi001.perseus-lat1.xml@743,1,Erat,sum,AUX
phi0972.phi001.perseus-lat1.xml@743,2,autem,autem,PART
phi0972.phi001.perseus-lat1.xml@743,3,miles,miles,NOUN
phi0972.phi001.perseus-lat1.xml@743,4,",",",",PUNCT
phi0972.phi001.perseus-lat1.xml@743,5,fortis,fortis,ADJ
phi0972.phi001.perseus-lat1.xml@743,6,tanquam,tamquam,SCONJ
phi0972.phi001.perseus-lat1.xml@743,7,Orcus,Orcus,PROPN
phi0972.phi001.perseus-lat1.xml@743,8,.,.,PUNCT
phi0972.phi001.perseus-lat1.xml@744,1,Apoculamus,apoculo,VERB
phi0972.phi001.perseus-lat1.xml@744,2,nos,nos,PRON
phi0972.phi001.perseus-lat1.xml@744,3,circa,circa,ADP
phi0972.phi001.perseus-lat1.xml@744,4,gallicinia,gallicinia,NOUN
phi0972.phi001.perseus-lat1.xml@744,5,",",",",PUNCT
phi0972.phi001.perseus-lat1.xml@744,6,luna,luna,NOUN
phi0972.phi001.perseus-lat1.xml@744,7,lucebat,luceo,VERB
phi0972.phi001.perseus-lat1.xml@744,8,tanquam,tamquam,SCONJ
phi0972.phi001.perseus-lat1.xml@744,9,meridie,meridies,NOUN
phi0972.phi001.perseus-lat1.xml@744,10,.,.,PUNCT
phi0972.phi001.perseus-lat1.xml@745,1,Venimus,venio,VERB
phi0972.phi001.perseus-lat1.xml@745,2,intra,intra,ADP
phi0972.phi001.perseus-lat1.xml@745,3,monimenta,monumentum,NOUN
phi0972.phi001.perseus-lat1.xml@745,4,:,:,PUNCT
phi0972.phi001.perseus-lat1.xml@747,1,Deinde,deinde,ADV
phi0972.phi001.perseus-lat1.xml@747,2,ut,ut,SCONJ
phi0972.phi001.perseus-lat1.xml@747,3,respexi,respicio,VERB
phi0972.phi001.perseus-lat1.xml@747,4,ad,ad,ADP
phi0972.phi001.perseus-lat1.xml@747,5,comitem,comes,NOUN
phi0972.phi001.perseus-lat1.xml@747,6,",",",",PUNCT
phi0972.phi001.perseus-lat1.xml@747,7,ille,ille,DET
phi0972.phi001.perseus-lat1.xml@747,8,exuit,exuo,VERB
phi0972.phi001.perseus-lat1.xml@747,9,se,sui,PRON
phi0972.phi001.perseus-lat1.xml@747,10,et,et,CCONJ
phi0972.phi001.perseus-lat1.xml@747,11,omnia,omnis,DET
phi0972.phi001.perseus-lat1.xml@747,12,vestimenta,vestimentum,NOUN
phi0972.phi001.perseus-lat1.xml@747,13,secundum,secundum,ADP
phi0972.phi001.perseus-lat1.xml@747,14,viam,via,NOUN
phi0972.phi001.perseus-lat1.xml@747,15,posuit,pono,VERB
phi0972.phi001.perseus-lat1.xml@747,16,.,.,PUNCT
phi0972.phi001.perseus-lat1.xml@750,1,ut,ut,SCONJ
phi0972.phi001.perseus-lat1.xml@750,2,mentiar,mentior,VERB
phi0972.phi001.perseus-lat1.xml@750,3,",",",",PUNCT
phi0972.phi001.perseus-lat1.xml@750,4,nullius,nullus,DET
phi0972.phi001.perseus-lat1.xml@750,5,patrimonium,patrimonium,NOUN
phi0972.phi001.perseus-lat1.xml@750,6,tanti,tantus,DET
phi0972.phi001.perseus-lat1.xml@750,7,facio,facio,VERB
phi0972.phi001.perseus-lat1.xml@750,8,.,.,PUNCT
phi0972.phi001.perseus-lat1.xml@753,1,Qui,qui,PRON
phi0972.phi001.perseus-lat1.xml@753,2,mori,morior,VERB
phi0972.phi001.perseus-lat1.xml@753,3,timore,timor,NOUN
phi0972.phi001.perseus-lat1.xml@753,4,nisi,nisi,SCONJ
phi0972.phi001.perseus-lat1.xml@753,5,ego,ego,PRON
phi0972.phi001.perseus-lat1.xml@753,6,?,?,PUNCT
phi0972.phi001.perseus-lat1.xml@754,1,Gladium,gladius,NOUN
phi0972.phi001.perseus-lat1.xml@754,2,tamen,tamen,ADV
phi0972.phi001.perseus-lat1.xml@754,3,strinxi,stringo,VERB
phi0972.phi001.perseus-lat1.xml@754,4,et,et,CCONJ
phi0972.phi001.perseus-lat1.xml@754,5,in,in,ADP
phi0972.phi001.perseus-lat1.xml@754,6,tota,totus,DET
phi0972.phi001.perseus-lat1.xml@754,7,via,via,NOUN
phi0972.phi001.perseus-lat1.xml@754,8,umbras,umbra,NOUN
phi0972.phi001.perseus-lat1.xml@754,9,cecidi,caedo,VERB
phi0972.phi001.perseus-lat1.xml@754,10,",",",",PUNCT
phi0972.phi001.perseus-lat1.xml@754,11,done,donec,SCONJ
phi0972.phi001.perseus-lat1.xml@754,12,ad,ad,ADP
phi0972.phi001.perseus-lat1.xml@754,13,villam,villa,NOUN
phi0972.phi001.perseus-lat1.xml@754,14,amicae,amica,NOUN
phi0972.phi001.perseus-lat1.xml@754,15,meae,meus,DET
phi0972.phi001.perseus-lat1.xml@754,16,pervenirem,pervenio,VERB
phi0972.phi001.perseus-lat1.xml@754,17,.,.,PUNCT
phi0972.phi001.perseus-lat1.xml@756,1,Melissa,Melissa,PROPN
phi0972.phi001.perseus-lat1.xml@756,2,mea,meus,DET
phi0972.phi001.perseus-lat1.xml@756,3,mirari,miror,VERB
phi0972.phi001.perseus-lat1.xml@756,4,coepit,coepio,VERB
phi0972.phi001.perseus-lat1.xml@756,5,",",",",PUNCT
phi0972.phi001.perseus-lat1.xml@756,6,quod,quod,SCONJ
phi0972.phi001.perseus-lat1.xml@756,7,tam,tam,ADV
phi0972.phi001.perseus-lat1.xml@756,8,sero,sero,ADV
phi0972.phi001.perseus-lat1.xml@756,9,ambularem,ambulo,VERB
phi0972.phi001.perseus-lat1.xml@756,10,",",",",PUNCT
phi0972.phi001.perseus-lat1.xml@756,11,et,et,CCONJ
phi0972.phi001.perseus-lat1.xml@756,12,',',PUNCT
phi0972.phi001.perseus-lat1.xml@756,13,Si,si,SCONJ
phi0972.phi001.perseus-lat1.xml@756,14,ante,ante,ADV
phi0972.phi001.perseus-lat1.xml@756,15,',',PUNCT
phi0972.phi001.perseus-lat1.xml@756,16,inquit,inquam,VERB
phi0972.phi001.perseus-lat1.xml@756,17,',',PUNCT
phi0972.phi001.perseus-lat1.xml@756,18,venisses,venio,VERB
phi0972.phi001.perseus-lat1.xml@756,19,",",",",PUNCT
phi0972.phi001.perseus-lat1.xml@756,20,saltem,saltem,ADV
phi0972.phi001.perseus-lat1.xml@756,21,nobis,nos,PRON
phi0972.phi001.perseus-lat1.xml@756,22,adiutasses,adiuto,VERB
phi0972.phi001.perseus-lat1.xml@756,23,;,;,PUNCT
phi0972.phi001.perseus-lat1.xml@757,1,lupus,lupus,NOUN
phi0972.phi001.perseus-lat1.xml@757,2,enim,enim,PART
phi0972.phi001.perseus-lat1.xml@757,3,villam,villa,NOUN
phi0972.phi001.perseus-lat1.xml@757,4,intravit,intro,VERB
phi0972.phi001.perseus-lat1.xml@757,5,et,et,CCONJ
phi0972.phi001.perseus-lat1.xml@757,6,omnia,omnis,DET
phi0972.phi001.perseus-lat1.xml@757,7,pecora,pecus,NOUN
phi0972.phi001.perseus-lat1.xml@757,8,perculit,percello,VERB
phi0972.phi001.perseus-lat1.xml@757,9,",",",",PUNCT
phi0972.phi001.perseus-lat1.xml@757,10,tanquam,tamquam,SCONJ
phi0972.phi001.perseus-lat1.xml@757,11,lanius,lanius,NOUN
phi0972.phi001.perseus-lat1.xml@757,12,sanguinem,sanguis,NOUN
phi0972.phi001.perseus-lat1.xml@757,13,illis,ille,DET
phi0972.phi001.perseus-lat1.xml@757,14,misit,mitto,VERB
phi0972.phi001.perseus-lat1.xml@757,15,.,.,PUNCT
phi0972.phi001.perseus-lat1.xml@758,1-2,Nec,_,_
phi0972.phi001.perseus-lat1.xml@758,1,Ne,nec,SCONJ
phi0972.phi001.perseus-lat1.xml@758,2,c,que,CCONJ
phi0972.phi001.perseus-lat1.xml@758,3,tamen,tamen,ADV
phi0972.phi001.perseus-lat1.xml@758,4,derisit,derideo,VERB
phi0972.phi001.perseus-lat1.xml@758,5,",",",",PUNCT
phi0972.phi001.perseus-lat1.xml@758,6,etiam,etiam,ADV
phi0972.phi001.perseus-lat1.xml@758,7,si,si,SCONJ
phi0972.phi001.perseus-lat1.xml@758,8,fugit,fugio,VERB
phi0972.phi001.perseus-lat1.xml@758,9,;,;,PUNCT
phi0972.phi001.perseus-lat1.xml@761,1,Ut,ut,SCONJ
phi0972.phi001.perseus-lat1.xml@761,2,vero,vero,ADV
phi0972.phi001.perseus-lat1.xml@761,3,domum,domus,NOUN
phi0972.phi001.perseus-lat1.xml@761,4,veni,venio,VERB
phi0972.phi001.perseus-lat1.xml@761,5,",",",",PUNCT
phi0972.phi001.perseus-lat1.xml@761,6,iacebat,iaceo,VERB
phi0972.phi001.perseus-lat1.xml@761,7,miles,miles,NOUN
phi0972.phi001.perseus-lat1.xml@761,8,meus,meus,DET
phi0972.phi001.perseus-lat1.xml@761,9,in,in,ADP
phi0972.phi001.perseus-lat1.xml@761,10,lecto,lectus,NOUN
phi0972.phi001.perseus-lat1.xml@761,11,tanquam,tamquam,SCONJ
phi0972.phi001.perseus-lat1.xml@761,12,bovis,bovis,NOUN
phi0972.phi001.perseus-lat1.xml@761,13,",",",",PUNCT
phi0972.phi001.perseus-lat1.xml@761,14,et,et,CCONJ
phi0972.phi001.perseus-lat1.xml@761,15,collum,collum,NOUN
phi0972.phi001.perseus-lat1.xml@761,16,illius,ille,DET
phi0972.phi001.perseus-lat1.xml@761,17,medicus,medicus,NOUN
phi0972.phi001.perseus-lat1.xml@761,18,curabat,curo,VERB
phi0972.phi001.perseus-lat1.xml@761,19,.,.,PUNCT
phi0972.phi001.perseus-lat1.xml@762,1,Intellexi,intellego,VERB
phi0972.phi001.perseus-lat1.xml@762,2,illum,ille,DET
phi0972.phi001.perseus-lat1.xml@762,3,versipellem,versipellis,NOUN
phi0972.phi001.perseus-lat1.xml@762,4,esse,sum,AUX
phi0972.phi001.perseus-lat1.xml@762,5,",",",",PUNCT
phi0972.phi001.perseus-lat1.xml@762,6-7,nec,_,_
phi0972.phi001.perseus-lat1.xml@762,6,ne,nec,SCONJ
phi0972.phi001.perseus-lat1.xml@762,7,c,que,CCONJ
phi0972.phi001.perseus-lat1.xml@762,8,postea,postea,ADV
phi0972.phi001.perseus-lat1.xml@762,9,cum,cum,ADP
phi0972.phi001.perseus-lat1.xml@762,10,illo,ille,DET
phi0972.phi001.perseus-lat1.xml@762,11,panem,panis,NOUN
phi0972.phi001.perseus-lat1.xml@762,12,gustare,gusto,VERB
phi0972.phi001.perseus-lat1.xml@762,13,potui,possum,VERB
phi0972.phi001.perseus-lat1.xml@762,14,",",",",PUNCT
phi0972.phi001.perseus-lat1.xml@762,15,non,non,PART
phi0972.phi001.perseus-lat1.xml@762,16,si,si,SCONJ
phi0972.phi001.perseus-lat1.xml@762,17,me,ego,PRON
phi0972.phi001.perseus-lat1.xml@762,18,occidisses,occido,VERB
phi0972.phi001.perseus-lat1.xml@762,19,.,.,PUNCT
phi0972.phi001.perseus-lat1.xml@763,1,Viderint,video,VERB
phi0972.phi001.perseus-lat1.xml@763,2,alii,alius,DET
phi0972.phi001.perseus-lat1.xml@763,3,quid,quis,PRON
phi0972.phi001.perseus-lat1.xml@763,4,de,de,ADP
phi0972.phi001.perseus-lat1.xml@763,5,hoc,hic,DET
phi0972.phi001.perseus-lat1.xml@763,6,exopinissent,exopinisso,VERB
phi0972.phi001.perseus-lat1.xml@763,7,;,;,PUNCT
phi0972.phi001.perseus-lat1.xml@766,1,immo,immo,ADV
phi0972.phi001.perseus-lat1.xml@766,2,certus,certus,ADJ
phi0972.phi001.perseus-lat1.xml@766,3,est,sum,AUX
phi0972.phi001.perseus-lat1.xml@766,4,et,et,CCONJ
phi0972.phi001.perseus-lat1.xml@766,5,minime,minimus,ADV
phi0972.phi001.perseus-lat1.xml@766,6,linguosus,linguosus,ADJ
phi0972.phi001.perseus-lat1.xml@766,7,.,.,PUNCT
phi0972.phi001.perseus-lat1.xml@768,1,asinus,asinus,NOUN
phi0972.phi001.perseus-lat1.xml@768,2,in,in,ADP
phi0972.phi001.perseus-lat1.xml@768,3,tegulis,tegula,NOUN
phi0972.phi001.perseus-lat1.xml@768,4,.,.,PUNCT
phi0972.phi001.perseus-lat1.xml@769,1,Cum,cum,SCONJ
phi0972.phi001.perseus-lat1.xml@769,2,adhuc,adhuc,ADV
phi0972.phi001.perseus-lat1.xml@769,3,capillatus,capillatus,ADJ
phi0972.phi001.perseus-lat1.xml@769,4,essem,sum,AUX
phi0972.phi001.perseus-lat1.xml@769,5,",",",",PUNCT
phi0972.phi001.perseus-lat1.xml@769,6,nam,nam,PART
phi0972.phi001.perseus-lat1.xml@769,7,a,ab,ADP
phi0972.phi001.perseus-lat1.xml@769,8,puero,puer,NOUN
phi0972.phi001.perseus-lat1.xml@769,9,vitam,vita,NOUN
phi0972.phi001.perseus-lat1.xml@769,10,Chiam,Chius,ADJ
phi0972.phi001.perseus-lat1.xml@769,11,gessi,gero,VERB
phi0972.phi001.perseus-lat1.xml@769,12,",",",",PUNCT
phi0972.phi001.perseus-lat1.xml@769,13,ipsimi,ipsimus,NOUN
phi0972.phi001.perseus-lat1.xml@769,14,nostri,noster,DET
phi0972.phi001.perseus-lat1.xml@769,15,delicatus,delicatus,ADJ
phi0972.phi001.perseus-lat1.xml@769,16,decessit,decedo,VERB
phi0972.phi001.perseus-lat1.xml@769,17,",",",",PUNCT
phi0972.phi001.perseus-lat1.xml@769,18,mehercules,Hercules,INTJ
phi0972.phi001.perseus-lat1.xml@769,19,margaritum,margaritum,NOUN
phi0972.phi001.perseus-lat1.xml@769,20,",",",",PUNCT
phi0972.phi001.perseus-lat1.xml@769,21,zacritus,zacritus,ADJ
phi0972.phi001.perseus-lat1.xml@769,22,et,et,CCONJ
phi0972.phi001.perseus-lat1.xml@769,23,omnium,omnis,DET
phi0972.phi001.perseus-lat1.xml@769,24,numerum,numerus,NOUN
phi0972.phi001.perseus-lat1.xml@769,25,.,.,PUNCT
phi0972.phi001.perseus-lat1.xml@770,1,Cum,cum,SCONJ
phi0972.phi001.perseus-lat1.xml@770,2,ergo,ergo,ADV
phi0972.phi001.perseus-lat1.xml@770,3,illum,ille,DET
phi0972.phi001.perseus-lat1.xml@770,4,mater,mater,NOUN
phi0972.phi001.perseus-lat1.xml@770,5,misella,misellus,ADJ
phi0972.phi001.perseus-lat1.xml@770,6,plangeret,plango,VERB
phi0972.phi001.perseus-lat1.xml@770,7,et,et,CCONJ
phi0972.phi001.perseus-lat1.xml@770,8,nos,nos,PRON
phi0972.phi001.perseus-lat1.xml@770,9,tum,tum,ADV
phi0972.phi001.perseus-lat1.xml@770,10,plures,multus,DET
phi0972.phi001.perseus-lat1.xml@770,11,in,in,ADP
phi0972.phi001.perseus-lat1.xml@770,12,tristimonio,tristimonium,NOUN
phi0972.phi001.perseus-lat1.xml@770,13,essemus,sum,AUX
phi0972.phi001.perseus-lat1.xml@770,14,",",",",PUNCT
phi0972.phi001.perseus-lat1.xml@770,15,subito,subito,ADV
phi0972.phi001.perseus-lat1.xml@770,16,strigae,striga,NOUN
phi0972.phi001.perseus-lat1.xml@770,17,stridere,strido,VERB
phi0972.phi001.perseus-lat1.xml@770,18,coeperunt,coepio,VERB
phi0972.phi001.perseus-lat1.xml@770,19,;,;,PUNCT
phi0972.phi001.perseus-lat1.xml@771,1,putares,puto,VERB
phi0972.phi001.perseus-lat1.xml@771,2,canem,canis,NOUN
phi0972.phi001.perseus-lat1.xml@771,3,leporem,lepor,NOUN
phi0972.phi001.perseus-lat1.xml@771,4,persequi,persequor,VERB
phi0972.phi001.perseus-lat1.xml@771,5,.,.,PUNCT
phi0972.phi001.perseus-lat1.xml@773,1,poterat,possum,VERB
phi0972.phi001.perseus-lat1.xml@773,2,bovem,bos,NOUN
phi0972.phi001.perseus-lat1.xml@773,3,iratum,irascor,VERB
phi0972.phi001.perseus-lat1.xml@773,4,tollere,tollo,VERB
phi0972.phi001.perseus-lat1.xml@773,5,.,.,PUNCT
phi0972.phi001.perseus-lat1.xml@774,1,Hic,hic,DET
phi0972.phi001.perseus-lat1.xml@774,2,audacter,audacter,ADV
phi0972.phi001.perseus-lat1.xml@774,3,stricto,stringo,VERB
phi0972.phi001.perseus-lat1.xml@774,4,gladio,gladium,NOUN
phi0972.phi001.perseus-lat1.xml@774,5,extra,extra,ADP
phi0972.phi001.perseus-lat1.xml@774,6,ostium,ostium,NOUN
phi0972.phi001.perseus-lat1.xml@774,7,procucurrit,procurro,VERB
phi0972.phi001.perseus-lat1.xml@774,8,",",",",PUNCT
phi0972.phi001.perseus-lat1.xml@774,9,involuta,involvo,VERB
phi0972.phi001.perseus-lat1.xml@774,10,sinistra,sinistra,NOUN
phi0972.phi001.perseus-lat1.xml@774,11,manu,manus,NOUN
phi0972.phi001.perseus-lat1.xml@774,12,curiose,curiosus,ADV
phi0972.phi001.perseus-lat1.xml@774,13,",",",",PUNCT
phi0972.phi001.perseus-lat1.xml@774,14,et,et,CCONJ
phi0972.phi001.perseus-lat1.xml@774,15,mulierem,mulier,NOUN
phi0972.phi001.perseus-lat1.xml@774,16,tanquam,tamquam,ADV
phi0972.phi001.perseus-lat1.xml@774,17,hoc,hic,DET
phi0972.phi001.perseus-lat1.xml@774,18,loco,locus,NOUN
phi0972.phi001.perseus-lat1.xml@774,19,salvum,salvus,ADJ
phi0972.phi001.perseus-lat1.xml@774,20,sit,sum,AUX
phi0972.phi001.perseus-lat1.xml@774,21,",",",",PUNCT
phi0972.phi001.perseus-lat1.xml@774,22,quod,qui,PRON
phi0972.phi001.perseus-lat1.xml@774,23,tangomediam,tango,VERB
phi0972.phi001.perseus-lat1.xml@774,24,traiecit,transiacio,VERB
phi0972.phi001.perseus-lat1.xml@774,25,.,.,PUNCT
phi0972.phi001.perseus-lat1.xml@775,1,Audimus,audio,VERB
phi0972.phi001.perseus-lat1.xml@775,2,gemitum,gemitus,NOUN
phi0972.phi001.perseus-lat1.xml@775,3,",",",",PUNCT
phi0972.phi001.perseus-lat1.xml@775,4,et,et,CCONJ
phi0972.phi001.perseus-lat1.xml@775,5,plane,planus,ADV
phi0972.phi001.perseus-lat1.xml@775,6,non,non,PART
phi0972.phi001.perseus-lat1.xml@775,7,mentiar,mentior,VERB
phi0972.phi001.perseus-lat1.xml@775,8,ipsas,ipse,DET
phi0972.phi001.perseus-lat1.xml@775,9,non,non,PART
phi0972.phi001.perseus-lat1.xml@775,10,vidimus,video,VERB
phi0972.phi001.perseus-lat1.xml@775,11,.,.,PUNCT
phi0972.phi001.perseus-lat1.xml@776,1,Baro,baro,NOUN
phi0972.phi001.perseus-lat1.xml@776,2,autem,autem,PART
phi0972.phi001.perseus-lat1.xml@776,3,noster,noster,DET
phi0972.phi001.perseus-lat1.xml@776,4,introversus,introverto,VERB
phi0972.phi001.perseus-lat1.xml@776,5,se,sui,PRON
phi0972.phi001.perseus-lat1.xml@776,6,proiecit,proicio,VERB
phi0972.phi001.perseus-lat1.xml@776,7,in,in,ADP
phi0972.phi001.perseus-lat1.xml@776,8,lectum,lectus,NOUN
phi0972.phi001.perseus-lat1.xml@776,9,",",",",PUNCT
phi0972.phi001.perseus-lat1.xml@776,10,et,et,CCONJ
phi0972.phi001.perseus-lat1.xml@776,11,corpus,corpus,NOUN
phi0972.phi001.perseus-lat1.xml@776,12,totum,totus,DET
phi0972.phi001.perseus-lat1.xml@776,13,lividum,lividus,ADJ
phi0972.phi001.perseus-lat1.xml@776,14,habebat,habeo,VERB
phi0972.phi001.perseus-lat1.xml@776,15,quasi,quasi,SCONJ
phi0972.phi001.perseus-lat1.xml@776,16,flagellis,flagellum,NOUN
phi0972.phi001.perseus-lat1.xml@776,17,caesus,caedo,VERB
phi0972.phi001.perseus-lat1.xml@776,18,",",",",PUNCT
phi0972.phi001.perseus-lat1.xml@776,19,quia,quia,SCONJ
phi0972.phi001.perseus-lat1.xml@776,20,scilicet,scilicet,ADV
phi0972.phi001.perseus-lat1.xml@776,21,illum,ille,DET
phi0972.phi001.perseus-lat1.xml@776,22,tetigerat,tango,VERB
phi0972.phi001.perseus-lat1.xml@776,23,mala,malus,ADJ
phi0972.phi001.perseus-lat1.xml@776,24,manus,manus,NOUN
phi0972.phi001.perseus-lat1.xml@776,25,.,.,PUNCT
phi0972.phi001.perseus-lat1.xml@778,1,Non,non,PART
phi0972.phi001.perseus-lat1.xml@778,2,cor,cor,NOUN
phi0972.phi001.perseus-lat1.xml@778,3,habebat,habeo,VERB
phi0972.phi001.perseus-lat1.xml@778,4,",",",",PUNCT
phi0972.phi001.perseus-lat1.xml@778,5,non,non,PART
phi0972.phi001.perseus-lat1.xml@778,6,intestina,intestinum,NOUN
phi0972.phi001.perseus-lat1.xml@778,7,",",",",PUNCT
phi0972.phi001.perseus-lat1.xml@778,8,non,non,PART
phi0972.phi001.perseus-lat1.xml@778,9,quicquam,quisquam,DET
phi0972.phi001.perseus-lat1.xml@778,10,:,:,PUNCT
phi0972.phi001.perseus-lat1.xml@779,1,scilicet,scilicet,ADV
phi0972.phi001.perseus-lat1.xml@779,2,iam,iam,ADV
phi0972.phi001.perseus-lat1.xml@779,3,puerum,puer,NOUN
phi0972.phi001.perseus-lat1.xml@779,4,strigae,striga,NOUN
phi0972.phi001.perseus-lat1.xml@779,5,involaverant,involo,VERB
phi0972.phi001.perseus-lat1.xml@779,6,et,et,CCONJ
phi0972.phi001.perseus-lat1.xml@779,7,supposuerant,suppono,VERB
phi0972.phi001.perseus-lat1.xml@779,8,stramenticium,stramenticius,ADJ
phi0972.phi001.perseus-lat1.xml@779,9,vavatonem,vavato,NOUN
phi0972.phi001.perseus-lat1.xml@779,10,.,.,PUNCT
phi0972.phi001.perseus-lat1.xml@782,1,Miramur,miror,VERB
phi0972.phi001.perseus-lat1.xml@782,2,nos,nos,PRON
phi0972.phi001.perseus-lat1.xml@782,3,et,et,CCONJ
phi0972.phi001.perseus-lat1.xml@782,4,pariter,pariter,ADV
phi0972.phi001.perseus-lat1.xml@782,5,credimus,credo,VERB
phi0972.phi001.perseus-lat1.xml@782,6,",",",",PUNCT
phi0972.phi001.perseus-lat1.xml@782,7-8,osculatique,_,_
phi0972.phi001.perseus-lat1.xml@782,7,osculati,osculor,VERB
phi0972.phi001.perseus-lat1.xml@782,8,que,que,CCONJ
phi0972.phi001.perseus-lat1.xml@782,9,mensam,mensa,NOUN
phi0972.phi001.perseus-lat1.xml@782,10,rogamus,rogo,VERB
phi0972.phi001.perseus-lat1.xml@782,11,nocturnas,nocturna,NOUN
phi0972.phi001.perseus-lat1.xml@782,12,",",",",PUNCT
phi0972.phi001.perseus-lat1.xml@782,13,ut,ut,SCONJ
phi0972.phi001.perseus-lat1.xml@782,14,suis,suus,DET
phi0972.phi001.perseus-lat1.xml@782,15,se,sui,PRON
phi0972.phi001.perseus-lat1.xml@782,16,teneant,teneo,VERB
phi0972.phi001.perseus-lat1.xml@782,17,",",",",PUNCT
phi0972.phi001.perseus-lat1.xml@782,18,dum,dum,SCONJ
phi0972.phi001.perseus-lat1.xml@782,19,redimus,redeo,VERB
phi0972.phi001.perseus-lat1.xml@782,20,a,ab,ADP
phi0972.phi001.perseus-lat1.xml@782,21,cena,cena,NOUN
phi0972.phi001.perseus-lat1.xml@782,22,.,.,PUNCT
phi0972.phi001.perseus-lat1.xml@784,1,Nihil,nihil,ADV
phi0972.phi001.perseus-lat1.xml@784,2,nos,nos,PRON
phi0972.phi001.perseus-lat1.xml@784,3,delectaris,delector,VERB
phi0972.phi001.perseus-lat1.xml@784,4,?,?,PUNCT
phi0972.phi001.perseus-lat1.xml@789,1,Quid,Quid,ADV
phi0972.phi001.perseus-lat1.xml@789,2,saltare,salto,VERB
phi0972.phi001.perseus-lat1.xml@789,3,?,?,PUNCT
phi0972.phi001.perseus-lat1.xml@793,1-2,Appositaque,_,_
phi0972.phi001.perseus-lat1.xml@793,1,Apposita,appono,VERB
phi0972.phi001.perseus-lat1.xml@793,2,que,que,CCONJ
phi0972.phi001.perseus-lat1.xml@793,3,ad,ad,ADP
phi0972.phi001.perseus-lat1.xml@793,4,os,os,NOUN
phi0972.phi001.perseus-lat1.xml@793,5,manu,manus,NOUN
phi0972.phi001.perseus-lat1.xml@793,6,nescio,nescio,VERB
phi0972.phi001.perseus-lat1.xml@793,7,quid,quis,PRON
phi0972.phi001.perseus-lat1.xml@793,8,taetrum,taeter,ADJ
phi0972.phi001.perseus-lat1.xml@793,9,exsibilavit,exsibilo,VERB
phi0972.phi001.perseus-lat1.xml@793,10,",",",",PUNCT
phi0972.phi001.perseus-lat1.xml@793,11,quod,qui,PRON
phi0972.phi001.perseus-lat1.xml@793,12,postea,postea,ADV
phi0972.phi001.perseus-lat1.xml@793,13,Graecum,Graecus,ADJ
phi0972.phi001.perseus-lat1.xml@793,14,esse,sum,AUX
phi0972.phi001.perseus-lat1.xml@793,15,affirmabat,affirmo,VERB
phi0972.phi001.perseus-lat1.xml@793,16,.,.,PUNCT
phi0972.phi001.perseus-lat1.xml@800,1,Scylax,Scylax,PROPN
phi0972.phi001.perseus-lat1.xml@800,2,",",",",PUNCT
phi0972.phi001.perseus-lat1.xml@800,3,canino,caninus,ADJ
phi0972.phi001.perseus-lat1.xml@800,4,scilicet,scilicet,ADV
phi0972.phi001.perseus-lat1.xml@800,5,usus,utor,VERB
phi0972.phi001.perseus-lat1.xml@800,6,ingenio,ingenium,NOUN
phi0972.phi001.perseus-lat1.xml@800,7,",",",",PUNCT
phi0972.phi001.perseus-lat1.xml@800,8,taeterrimo,taeter,ADJ
phi0972.phi001.perseus-lat1.xml@800,9,latratu,latratus,NOUN
phi0972.phi001.perseus-lat1.xml@800,10,triclinium,triclinium,NOUN
phi0972.phi001.perseus-lat1.xml@800,11,implevit,impleo,VERB
phi0972.phi001.perseus-lat1.xml@800,12-13,Margaritamque,_,_
phi0972.phi001.perseus-lat1.xml@800,12,Margaritam,margarita,NOUN
phi0972.phi001.perseus-lat1.xml@800,13,que,que,CCONJ
phi0972.phi001.perseus-lat1.xml@800,14,Croesi,Croesus,PROPN
phi0972.phi001.perseus-lat1.xml@800,15,paene,paene,ADV
phi0972.phi001.perseus-lat1.xml@800,16,laceravit,lacero,VERB
phi0972.phi001.perseus-lat1.xml@800,17,.,.,PUNCT
phi0972.phi001.perseus-lat1.xml@801,1-2,Nec,_,_
phi0972.phi001.perseus-lat1.xml@801,1,Ne,ne,SCONJ
phi0972.phi001.perseus-lat1.xml@801,2,c,que,CCONJ
phi0972.phi001.perseus-lat1.xml@801,3,intra,intra,ADP
phi0972.phi001.perseus-lat1.xml@801,4,rixam,rixa,NOUN
phi0972.phi001.perseus-lat1.xml@801,5,tumultus,tumultus,NOUN
phi0972.phi001.perseus-lat1.xml@801,6,constitit,consto,VERB
phi0972.phi001.perseus-lat1.xml@801,7,",",",",PUNCT
phi0972.phi001.perseus-lat1.xml@801,8,sed,sed,CCONJ
phi0972.phi001.perseus-lat1.xml@801,9,candelabrum,candelabrum,NOUN
phi0972.phi001.perseus-lat1.xml@801,10,etiam,etiam,ADV
phi0972.phi001.perseus-lat1.xml@801,11,super,super,ADP
phi0972.phi001.perseus-lat1.xml@801,12,mensam,mensa,NOUN
phi0972.phi001.perseus-lat1.xml@801,13,eversum,everto,VERB
phi0972.phi001.perseus-lat1.xml@801,14,et,et,CCONJ
phi0972.phi001.perseus-lat1.xml@801,15,vasa,vasum,NOUN
phi0972.phi001.perseus-lat1.xml@801,16,omnia,omnis,DET
phi0972.phi001.perseus-lat1.xml@801,17,crystallina,crystallinum,NOUN
phi0972.phi001.perseus-lat1.xml@801,18,comminuit,comminuo,VERB
phi0972.phi001.perseus-lat1.xml@801,19,et,et,CCONJ
phi0972.phi001.perseus-lat1.xml@801,20,oleo,oleum,NOUN
phi0972.phi001.perseus-lat1.xml@801,21,ferventi,ferveo,VERB
phi0972.phi001.perseus-lat1.xml@801,22,aliquot,aliquot,DET
phi0972.phi001.perseus-lat1.xml@801,23,convivas,conviva,NOUN
phi0972.phi001.perseus-lat1.xml@801,24,respersit,respergo,VERB
phi0972.phi001.perseus-lat1.xml@801,25,.,.,PUNCT
phi0972.phi001.perseus-lat1.xml@802,1,Trimalchio,Trimalchio,PROPN
phi0972.phi001.perseus-lat1.xml@802,2,ne,ne,SCONJ
phi0972.phi001.perseus-lat1.xml@802,3,videretur,video,VERB
phi0972.phi001.perseus-lat1.xml@802,4,iactura,iactura,NOUN
phi0972.phi001.perseus-lat1.xml@802,5,motus,moveo,VERB
phi0972.phi001.perseus-lat1.xml@802,6,",",",",PUNCT
phi0972.phi001.perseus-lat1.xml@802,7,basiavit,basio,VERB
phi0972.phi001.perseus-lat1.xml@802,8,puerum,puer,NOUN
phi0972.phi001.perseus-lat1.xml@802,9,ac,atque,CCONJ
phi0972.phi001.perseus-lat1.xml@802,10,iussit,iubeo,VERB
phi0972.phi001.perseus-lat1.xml@802,11,super,super,ADP
phi0972.phi001.perseus-lat1.xml@802,12,dorsum,dorsum,NOUN
phi0972.phi001.perseus-lat1.xml@802,13,ascendere,ascendo,VERB
phi0972.phi001.perseus-lat1.xml@802,14,suum,suus,DET
phi0972.phi001.perseus-lat1.xml@802,15,.,.,PUNCT
phi0972.phi001.perseus-lat1.xml@805,1,repressus,reprimo,VERB
phi0972.phi001.perseus-lat1.xml@805,2,ergo,ergo,ADV
phi0972.phi001.perseus-lat1.xml@805,3,aliquamdiu,aliquamdiu,ADV
phi0972.phi001.perseus-lat1.xml@805,4,Trimalchio,Trimalchio,PROPN
phi0972.phi001.perseus-lat1.xml@805,5,camellam,camella,NOUN
phi0972.phi001.perseus-lat1.xml@805,6,grandem,grandis,ADJ
phi0972.phi001.perseus-lat1.xml@805,7,iussit,iubeo,VERB
phi0972.phi001.perseus-lat1.xml@805,8,misceri,misceo,VERB
phi0972.phi001.perseus-lat1.xml@805,9,.,.,PUNCT
phi0972.phi001.perseus-lat1.xml@811,1,Inter,inter,ADP
phi0972.phi001.perseus-lat1.xml@811,2,haec,hic,DET
phi0972.phi001.perseus-lat1.xml@811,3,triclinii,triclinium,NOUN
phi0972.phi001.perseus-lat1.xml@811,4,valvas,valvae,NOUN
phi0972.phi001.perseus-lat1.xml@811,5,lictor,lictor,NOUN
phi0972.phi001.perseus-lat1.xml@811,6,percussit,percutio,VERB
phi0972.phi001.perseus-lat1.xml@811,7,",",",",PUNCT
phi0972.phi001.perseus-lat1.xml@811,8-9,amictusque,_,_
phi0972.phi001.perseus-lat1.xml@811,8,amictus,amicio,VERB
phi0972.phi001.perseus-lat1.xml@811,9,que,que,CCONJ
phi0972.phi001.perseus-lat1.xml@811,10,veste,vestis,NOUN
phi0972.phi001.perseus-lat1.xml@811,11,alba,albus,ADJ
phi0972.phi001.perseus-lat1.xml@811,12,cum,cum,ADP
phi0972.phi001.perseus-lat1.xml@811,13,ingenti,ingens,ADJ
phi0972.phi001.perseus-lat1.xml@811,14,frequentia,frequentia,NOUN
phi0972.phi001.perseus-lat1.xml@811,15,comissator,comissator,NOUN
phi0972.phi001.perseus-lat1.xml@811,16,intravit,intro,VERB
phi0972.phi001.perseus-lat1.xml@811,17,.,.,PUNCT
phi0972.phi001.perseus-lat1.xml@812,1,Ego,ego,PRON
phi0972.phi001.perseus-lat1.xml@812,2,maiestate,maiestas,NOUN
phi0972.phi001.perseus-lat1.xml@812,3,conterritus,conterreo,VERB
phi0972.phi001.perseus-lat1.xml@812,4,praetorem,praetor,NOUN
phi0972.phi001.perseus-lat1.xml@812,5,putabam,puto,VERB
phi0972.phi001.perseus-lat1.xml@812,6,venisse,venio,VERB
phi0972.phi001.perseus-lat1.xml@812,7,.,.,PUNCT
phi0972.phi001.perseus-lat1.xml@813,1,Itaque,ita,ADV
phi0972.phi001.perseus-lat1.xml@813,2,temptavi,tento,VERB
phi0972.phi001.perseus-lat1.xml@813,3,assurgere,assurgo,VERB
phi0972.phi001.perseus-lat1.xml@813,4,et,et,CCONJ
phi0972.phi001.perseus-lat1.xml@813,5,nudos,nudus,ADJ
phi0972.phi001.perseus-lat1.xml@813,6,pedes,pes,NOUN
phi0972.phi001.perseus-lat1.xml@813,7,in,in,ADP
phi0972.phi001.perseus-lat1.xml@813,8,terram,terra,NOUN
phi0972.phi001.perseus-lat1.xml@813,9,deferre,defero,VERB
phi0972.phi001.perseus-lat1.xml@813,10,.,.,PUNCT
phi0972.phi001.perseus-lat1.xml@816,1,Recreatus,recreo,VERB
phi0972.phi001.perseus-lat1.xml@816,2,hoc,hic,DET
phi0972.phi001.perseus-lat1.xml@816,3,sermone,sermo,NOUN
phi0972.phi001.perseus-lat1.xml@816,4,reposui,repono,VERB
phi0972.phi001.perseus-lat1.xml@816,5,cubitum,cubitum,NOUN
phi0972.phi001.perseus-lat1.xml@816,6,",",",",PUNCT
phi0972.phi001.perseus-lat1.xml@816,7,Habinnam,Habinnas,PROPN
phi0972.phi001.perseus-lat1.xml@816,8-9,intrantemque,_,_
phi0972.phi001.perseus-lat1.xml@816,8,intrantem,intro,VERB
phi0972.phi001.perseus-lat1.xml@816,9,que,que,CCONJ
phi0972.phi001.perseus-lat1.xml@816,10,cum,cum,ADP
phi0972.phi001.perseus-lat1.xml@816,11,admiratione,admiratio,NOUN
phi0972.phi001.perseus-lat1.xml@816,12,ingenti,ingens,ADJ
phi0972.phi001.perseus-lat1.xml@816,13,spectabam,specto,VERB
phi0972.phi001.perseus-lat1.xml@816,14,.,.,PUNCT
phi0972.phi001.perseus-lat1.xml@822,1,Scissa,Scissa,PROPN
phi0972.phi001.perseus-lat1.xml@822,2,lautum,lautus,ADJ
phi0972.phi001.perseus-lat1.xml@822,3,novendiale,novendialus,NOUN
phi0972.phi001.perseus-lat1.xml@822,4,servo,servus,NOUN
phi0972.phi001.perseus-lat1.xml@822,5,suo,suus,DET
phi0972.phi001.perseus-lat1.xml@822,6,misello,misellus,ADJ
phi0972.phi001.perseus-lat1.xml@822,7,faciebat,facio,VERB
phi0972.phi001.perseus-lat1.xml@822,8,",",",",PUNCT
phi0972.phi001.perseus-lat1.xml@822,9,quem,qui,PRON
phi0972.phi001.perseus-lat1.xml@822,10,mortuum,mortuus,ADJ
phi0972.phi001.perseus-lat1.xml@822,11,manu,manus,NOUN
phi0972.phi001.perseus-lat1.xml@822,12,miserat,mitto,VERB
phi0972.phi001.perseus-lat1.xml@822,13,.,.,PUNCT
phi0972.phi001.perseus-lat1.xml@823,1,Et,et,CCONJ
phi0972.phi001.perseus-lat1.xml@823,2,puto,puto,VERB
phi0972.phi001.perseus-lat1.xml@823,3,",",",",PUNCT
phi0972.phi001.perseus-lat1.xml@823,4,cum,cum,SCONJ
phi0972.phi001.perseus-lat1.xml@823,5,vicensimariis,vicensimarius,NOUN
phi0972.phi001.perseus-lat1.xml@823,6,magnam,magnus,ADJ
phi0972.phi001.perseus-lat1.xml@823,7,mantissam,mantissa,NOUN
phi0972.phi001.perseus-lat1.xml@823,8,habet,habeo,VERB
phi0972.phi001.perseus-lat1.xml@823,9,;,;,PUNCT
phi0972.phi001.perseus-lat1.xml@832,1,Itaque,ita,ADV
phi0972.phi001.perseus-lat1.xml@832,2,de,de,ADP
phi0972.phi001.perseus-lat1.xml@832,3,scriblita,scriblita,NOUN
phi0972.phi001.perseus-lat1.xml@832,4,quidem,quidem,PART
phi0972.phi001.perseus-lat1.xml@832,5,non,non,PART
phi0972.phi001.perseus-lat1.xml@832,6,minimum,minimus,ADJ
phi0972.phi001.perseus-lat1.xml@832,7,edi,edo,VERB
phi0972.phi001.perseus-lat1.xml@832,8,",",",",PUNCT
phi0972.phi001.perseus-lat1.xml@832,9,de,de,ADP
phi0972.phi001.perseus-lat1.xml@832,10,melle,mel,NOUN
phi0972.phi001.perseus-lat1.xml@832,11,me,ego,PRON
phi0972.phi001.perseus-lat1.xml@832,12,usque,usque,ADV
phi0972.phi001.perseus-lat1.xml@832,13,tetigi,tango,VERB
phi0972.phi001.perseus-lat1.xml@832,14,.,.,PUNCT
phi0972.phi001.perseus-lat1.xml@834,1,Ego,ego,PRON
phi0972.phi001.perseus-lat1.xml@834,2,tamen,tamen,ADV
phi0972.phi001.perseus-lat1.xml@834,3,duo,duo,NUM
phi0972.phi001.perseus-lat1.xml@834,4,sustuli,tollo,VERB
phi0972.phi001.perseus-lat1.xml@834,5,et,et,CCONJ
phi0972.phi001.perseus-lat1.xml@834,6,ecce,ecce,PART
phi0972.phi001.perseus-lat1.xml@834,7,in,in,ADP
phi0972.phi001.perseus-lat1.xml@834,8,mappa,mappa,NOUN
phi0972.phi001.perseus-lat1.xml@834,9,alligata,alligo,VERB
phi0972.phi001.perseus-lat1.xml@834,10,habeo,habeo,VERB
phi0972.phi001.perseus-lat1.xml@834,11,;,;,PUNCT
phi0972.phi001.perseus-lat1.xml@836,1,In,in,ADP
phi0972.phi001.perseus-lat1.xml@836,2,prospectu,prospectus,NOUN
phi0972.phi001.perseus-lat1.xml@836,3,habuimus,habeo,VERB
phi0972.phi001.perseus-lat1.xml@836,4,ursinae,ursina,NOUN
phi0972.phi001.perseus-lat1.xml@836,5,frustum,frustum,NOUN
phi0972.phi001.perseus-lat1.xml@836,6,",",",",PUNCT
phi0972.phi001.perseus-lat1.xml@836,7,de,de,ADV
phi0972.phi001.perseus-lat1.xml@836,8,quo,quo,ADV
phi0972.phi001.perseus-lat1.xml@836,9,cum,cum,ADP
phi0972.phi001.perseus-lat1.xml@836,10,imprudens,imprudens,ADJ
phi0972.phi001.perseus-lat1.xml@836,11,Scintilla,Scintilla,PROPN
phi0972.phi001.perseus-lat1.xml@836,12,gustasset,gusto,VERB
phi0972.phi001.perseus-lat1.xml@836,13,",",",",PUNCT
phi0972.phi001.perseus-lat1.xml@836,14,paene,paene,ADV
phi0972.phi001.perseus-lat1.xml@836,15,intestina,intestinum,NOUN
phi0972.phi001.perseus-lat1.xml@836,16,sua,suum,NOUN
phi0972.phi001.perseus-lat1.xml@836,17,vomuit,vomo,VERB
phi0972.phi001.perseus-lat1.xml@836,18,;,;,PUNCT
phi0972.phi001.perseus-lat1.xml@837,1,ego,ego,PRON
phi0972.phi001.perseus-lat1.xml@837,2,contra,contra,ADV
phi0972.phi001.perseus-lat1.xml@837,3,plus,multus,ADV
phi0972.phi001.perseus-lat1.xml@837,4,libram,libra,NOUN
phi0972.phi001.perseus-lat1.xml@837,5,comedi,comedo,VERB
phi0972.phi001.perseus-lat1.xml@837,6,",",",",PUNCT
phi0972.phi001.perseus-lat1.xml@837,7,nam,nam,PART
phi0972.phi001.perseus-lat1.xml@837,8,ipsum,ipse,DET
phi0972.phi001.perseus-lat1.xml@837,9,aprum,aper,NOUN
phi0972.phi001.perseus-lat1.xml@837,10,sapiebat,sapio,VERB
phi0972.phi001.perseus-lat1.xml@837,11,.,.,PUNCT
phi0972.phi001.perseus-lat1.xml@838,1,Et,et,CCONJ
phi0972.phi001.perseus-lat1.xml@838,2,si,si,SCONJ
phi0972.phi001.perseus-lat1.xml@838,3,",",",",PUNCT
phi0972.phi001.perseus-lat1.xml@838,4,inquam,inquam,VERB
phi0972.phi001.perseus-lat1.xml@838,5,",",",",PUNCT
phi0972.phi001.perseus-lat1.xml@838,6,ursus,ursus,NOUN
phi0972.phi001.perseus-lat1.xml@838,7,homuncionem,homuncio,NOUN
phi0972.phi001.perseus-lat1.xml@838,8,comest,comedo,VERB
phi0972.phi001.perseus-lat1.xml@838,9,quanto,quanto,ADV
phi0972.phi001.perseus-lat1.xml@838,10,magis,magis,ADV
phi0972.phi001.perseus-lat1.xml@838,11,homuncio,homuncio,NOUN
phi0972.phi001.perseus-lat1.xml@838,12,debet,debeo,VERB
phi0972.phi001.perseus-lat1.xml@838,13,ursum,ursus,NOUN
phi0972.phi001.perseus-lat1.xml@838,14,comesse,comedo,VERB
phi0972.phi001.perseus-lat1.xml@838,15,?,?,PUNCT
phi0972.phi001.perseus-lat1.xml@839,1,In,in,ADP
phi0972.phi001.perseus-lat1.xml@839,2,summo,summum,NOUN
phi0972.phi001.perseus-lat1.xml@839,3,habuimus,habeo,VERB
phi0972.phi001.perseus-lat1.xml@839,4,caseum,caseus,NOUN
phi0972.phi001.perseus-lat1.xml@839,5,mollem,mollis,ADJ
phi0972.phi001.perseus-lat1.xml@839,6,ex,ex,ADP
phi0972.phi001.perseus-lat1.xml@839,7,sapa,sapa,NOUN
phi0972.phi001.perseus-lat1.xml@839,8,et,et,CCONJ
phi0972.phi001.perseus-lat1.xml@839,9,cocleas,coclea,NOUN
phi0972.phi001.perseus-lat1.xml@839,10,singulas,singulus,ADJ
phi0972.phi001.perseus-lat1.xml@839,11,et,et,CCONJ
phi0972.phi001.perseus-lat1.xml@839,12,cordae,corda,NOUN
phi0972.phi001.perseus-lat1.xml@839,13,frusta,frustum,NOUN
phi0972.phi001.perseus-lat1.xml@839,14,et,et,CCONJ
phi0972.phi001.perseus-lat1.xml@839,15,hepatia,hepatia,NOUN
phi0972.phi001.perseus-lat1.xml@839,16,in,in,ADP
phi0972.phi001.perseus-lat1.xml@839,17,catillis,catillus,NOUN
phi0972.phi001.perseus-lat1.xml@839,18,et,et,CCONJ
phi0972.phi001.perseus-lat1.xml@839,19,ova,ovum,NOUN
phi0972.phi001.perseus-lat1.xml@839,20,pilleata,pilleatus,ADJ
phi0972.phi001.perseus-lat1.xml@839,21,et,et,CCONJ
phi0972.phi001.perseus-lat1.xml@839,22,rapam,rapa,NOUN
phi0972.phi001.perseus-lat1.xml@839,23,et,et,CCONJ
phi0972.phi001.perseus-lat1.xml@839,24,senape,sinapi,NOUN
phi0972.phi001.perseus-lat1.xml@839,25,et,et,CCONJ
phi0972.phi001.perseus-lat1.xml@839,26,catillum,catillus,NOUN
phi0972.phi001.perseus-lat1.xml@839,27,concacatum,concaco,VERB
phi0972.phi001.perseus-lat1.xml@839,28,",",",",PUNCT
phi0972.phi001.perseus-lat1.xml@839,29,pax,pax,NOUN
phi0972.phi001.perseus-lat1.xml@839,30,Palamedes,Palamedes,PROPN
phi0972.phi001.perseus-lat1.xml@839,31,.,.,PUNCT
phi0972.phi001.perseus-lat1.xml@845,1,Venit,venio,VERB
phi0972.phi001.perseus-lat1.xml@845,2,ergo,ergo,ADV
phi0972.phi001.perseus-lat1.xml@845,3,galbino,galbinus,ADJ
phi0972.phi001.perseus-lat1.xml@845,4,succincta,succingo,VERB
phi0972.phi001.perseus-lat1.xml@845,5,cingillo,cingillum,NOUN
phi0972.phi001.perseus-lat1.xml@845,6,",",",",PUNCT
phi0972.phi001.perseus-lat1.xml@845,7,ita,ita,ADV
phi0972.phi001.perseus-lat1.xml@845,8,ut,ut,SCONJ
phi0972.phi001.perseus-lat1.xml@845,9,infra,infra,ADV
phi0972.phi001.perseus-lat1.xml@845,10,cerasina,cerasinus,ADJ
phi0972.phi001.perseus-lat1.xml@845,11,appareret,appareo,VERB
phi0972.phi001.perseus-lat1.xml@845,12,tunica,tunica,NOUN
phi0972.phi001.perseus-lat1.xml@845,13,et,et,CCONJ
phi0972.phi001.perseus-lat1.xml@845,14,periscelides,periscelis,NOUN
phi0972.phi001.perseus-lat1.xml@845,15,tortae,torqueo,VERB
phi0972.phi001.perseus-lat1.xml@845,16-17,phaecasiaeque,_,_
phi0972.phi001.perseus-lat1.xml@845,16,phaecasiae,phaecasia,NOUN
phi0972.phi001.perseus-lat1.xml@845,17,que,que,CCONJ
phi0972.phi001.perseus-lat1.xml@845,18,inauratae,inauro,VERB
phi0972.phi001.perseus-lat1.xml@845,19,.,.,PUNCT
phi0972.phi001.perseus-lat1.xml@848,1,Ultimo,ultimo,ADV
phi0972.phi001.perseus-lat1.xml@848,2,etiam,etiam,ADV
phi0972.phi001.perseus-lat1.xml@848,3,periscelides,periscelis,NOUN
phi0972.phi001.perseus-lat1.xml@848,4,resolvit,resolvo,VERB
phi0972.phi001.perseus-lat1.xml@848,5,et,et,CCONJ
phi0972.phi001.perseus-lat1.xml@848,6,reticulum,reticulus,NOUN
phi0972.phi001.perseus-lat1.xml@848,7,aureum,aureus,NOUN
phi0972.phi001.perseus-lat1.xml@848,8,",",",",PUNCT
phi0972.phi001.perseus-lat1.xml@848,9,quem,qui,PRON
phi0972.phi001.perseus-lat1.xml@848,10,ex,ex,ADP
phi0972.phi001.perseus-lat1.xml@848,11,obrussa,obrussa,NOUN
phi0972.phi001.perseus-lat1.xml@848,12,esse,sum,AUX
phi0972.phi001.perseus-lat1.xml@848,13,dicebat,dico,VERB
phi0972.phi001.perseus-lat1.xml@848,14,.,.,PUNCT
phi0972.phi001.perseus-lat1.xml@850,1,sic,sic,ADV
phi0972.phi001.perseus-lat1.xml@850,2,nos,nos,PRON
phi0972.phi001.perseus-lat1.xml@850,3,barcalae,barcala,NOUN
phi0972.phi001.perseus-lat1.xml@850,4,despoliamur,despolio,VERB
phi0972.phi001.perseus-lat1.xml@850,5,.,.,PUNCT
phi0972.phi001.perseus-lat1.xml@851,1,Sex,sex,NUM
phi0972.phi001.perseus-lat1.xml@851,2,pondo,pondo,ADV
phi0972.phi001.perseus-lat1.xml@851,3,et,et,CCONJ
phi0972.phi001.perseus-lat1.xml@851,4,selibram,selibra,NOUN
phi0972.phi001.perseus-lat1.xml@851,5,debet,debeo,VERB
phi0972.phi001.perseus-lat1.xml@851,6,habere,habeo,VERB
phi0972.phi001.perseus-lat1.xml@851,7,.,.,PUNCT
phi0972.phi001.perseus-lat1.xml@853,1,Ultimo,ultimo,ADV
phi0972.phi001.perseus-lat1.xml@853,2,etiam,etiam,ADV
phi0972.phi001.perseus-lat1.xml@853,3,",",",",PUNCT
phi0972.phi001.perseus-lat1.xml@853,4,ne,ne,SCONJ
phi0972.phi001.perseus-lat1.xml@853,5,mentiri,mentior,VERB
phi0972.phi001.perseus-lat1.xml@853,6,videretur,video,VERB
phi0972.phi001.perseus-lat1.xml@853,7,",",",",PUNCT
phi0972.phi001.perseus-lat1.xml@853,8,stateram,statera,NOUN
phi0972.phi001.perseus-lat1.xml@853,9,iussit,iubeo,VERB
phi0972.phi001.perseus-lat1.xml@853,10,afferri,affero,VERB
phi0972.phi001.perseus-lat1.xml@853,11,et,et,CCONJ
phi0972.phi001.perseus-lat1.xml@853,12,circumlatum,circumfero,VERB
phi0972.phi001.perseus-lat1.xml@853,13,approbari,approbo,VERB
phi0972.phi001.perseus-lat1.xml@853,14,pondus,pondus,NOUN
phi0972.phi001.perseus-lat1.xml@853,15,.,.,PUNCT
phi0972.phi001.perseus-lat1.xml@858,1,Plane,planus,ADV
phi0972.phi001.perseus-lat1.xml@858,2,si,si,SCONJ
phi0972.phi001.perseus-lat1.xml@858,3,filiam,filia,NOUN
phi0972.phi001.perseus-lat1.xml@858,4,haberem,habeo,VERB
phi0972.phi001.perseus-lat1.xml@858,5,",",",",PUNCT
phi0972.phi001.perseus-lat1.xml@858,6,auriculas,auricula,NOUN
phi0972.phi001.perseus-lat1.xml@858,7,illi,ille,DET
phi0972.phi001.perseus-lat1.xml@858,8,praeciderem,praecido,VERB
phi0972.phi001.perseus-lat1.xml@858,9,.,.,PUNCT
phi0972.phi001.perseus-lat1.xml@861,1,Interim,interim,ADV
phi0972.phi001.perseus-lat1.xml@861,2,mulieres,mulier,NOUN
phi0972.phi001.perseus-lat1.xml@861,3,sauciae,saucius,ADJ
phi0972.phi001.perseus-lat1.xml@861,4,inter,inter,ADP
phi0972.phi001.perseus-lat1.xml@861,5,se,sui,PRON
phi0972.phi001.perseus-lat1.xml@861,6,riserunt,rideo,VERB
phi0972.phi001.perseus-lat1.xml@861,7-8,ebriaeque,_,_
phi0972.phi001.perseus-lat1.xml@861,7,ebriae,ebrius,ADJ
phi0972.phi001.perseus-lat1.xml@861,8,que,que,CCONJ
phi0972.phi001.perseus-lat1.xml@861,9,iunxerunt,iungo,VERB
phi0972.phi001.perseus-lat1.xml@861,10,oscula,osculum,NOUN
phi0972.phi001.perseus-lat1.xml@861,11,",",",",PUNCT
phi0972.phi001.perseus-lat1.xml@861,12,dum,dum,SCONJ
phi0972.phi001.perseus-lat1.xml@861,13,altera,alter,DET
phi0972.phi001.perseus-lat1.xml@861,14,diligentiam,diligentia,NOUN
phi0972.phi001.perseus-lat1.xml@861,15,matris,mater,NOUN
phi0972.phi001.perseus-lat1.xml@861,16,familiae,familia,NOUN
phi0972.phi001.perseus-lat1.xml@861,17,iactat,iacto,VERB
phi0972.phi001.perseus-lat1.xml@861,18,",",",",PUNCT
phi0972.phi001.perseus-lat1.xml@861,19,altera,alter,DET
phi0972.phi001.perseus-lat1.xml@861,20,delicias,deliquia,NOUN
phi0972.phi001.perseus-lat1.xml@861,21,et,et,CCONJ
phi0972.phi001.perseus-lat1.xml@861,22,indiligentiam,indiligentia,NOUN
phi0972.phi001.perseus-lat1.xml@861,23,viri,vir,NOUN
phi0972.phi001.perseus-lat1.xml@861,24,.,.,PUNCT
phi0972.phi001.perseus-lat1.xml@864,1,Composita,compono,VERB
phi0972.phi001.perseus-lat1.xml@864,2,ergo,ergo,ADV
phi0972.phi001.perseus-lat1.xml@864,3,in,in,ADP
phi0972.phi001.perseus-lat1.xml@864,4,gremio,gremium,NOUN
phi0972.phi001.perseus-lat1.xml@864,5,Scintillae,scintilla,NOUN
phi0972.phi001.perseus-lat1.xml@864,6,incensissimam,incensus,ADJ
phi0972.phi001.perseus-lat1.xml@864,7,rubore,rubor,NOUN
phi0972.phi001.perseus-lat1.xml@864,8,faciem,facies,NOUN
phi0972.phi001.perseus-lat1.xml@864,9,sudario,sudarium,NOUN
phi0972.phi001.perseus-lat1.xml@864,10,abscondit,abscondo,VERB
phi0972.phi001.perseus-lat1.xml@864,11,.,.,PUNCT
phi0972.phi001.perseus-lat1.xml@865,1,Interposito,interpono,VERB
phi0972.phi001.perseus-lat1.xml@865,2,deinde,deinde,ADV
phi0972.phi001.perseus-lat1.xml@865,3,spatio,spatium,NOUN
phi0972.phi001.perseus-lat1.xml@865,4,cum,cum,SCONJ
phi0972.phi001.perseus-lat1.xml@865,5,secundas,secundus,ADJ
phi0972.phi001.perseus-lat1.xml@865,6,mensas,mensa,NOUN
phi0972.phi001.perseus-lat1.xml@865,7,Trimalchio,Trimalchio,PROPN
phi0972.phi001.perseus-lat1.xml@865,8,iussisset,iubeo,VERB
phi0972.phi001.perseus-lat1.xml@865,9,afferri,affero,VERB
phi0972.phi001.perseus-lat1.xml@865,10,",",",",PUNCT
phi0972.phi001.perseus-lat1.xml@865,11,sustulerunt,tollo,VERB
phi0972.phi001.perseus-lat1.xml@865,12,servi,servus,NOUN
phi0972.phi001.perseus-lat1.xml@865,13,omnes,omnis,DET
phi0972.phi001.perseus-lat1.xml@865,14,mensas,mensa,NOUN
phi0972.phi001.perseus-lat1.xml@865,15,et,et,CCONJ
phi0972.phi001.perseus-lat1.xml@865,16,alias,alius,DET
phi0972.phi001.perseus-lat1.xml@865,17,attulerunt,affero,VERB
phi0972.phi001.perseus-lat1.xml@865,18,",",",",PUNCT
phi0972.phi001.perseus-lat1.xml@865,19-20,scobemque,_,_
phi0972.phi001.perseus-lat1.xml@865,19,scobem,scobis,NOUN
phi0972.phi001.perseus-lat1.xml@865,20,que,que,CCONJ
phi0972.phi001.perseus-lat1.xml@865,21,croco,crocum,NOUN
phi0972.phi001.perseus-lat1.xml@865,22,et,et,CCONJ
phi0972.phi001.perseus-lat1.xml@865,23,minio,minium,NOUN
phi0972.phi001.perseus-lat1.xml@865,24,tinctam,tingo,VERB
phi0972.phi001.perseus-lat1.xml@865,25,sparserunt,spargo,VERB
phi0972.phi001.perseus-lat1.xml@865,26,et,et,CCONJ
phi0972.phi001.perseus-lat1.xml@865,27,",",",",PUNCT
phi0972.phi001.perseus-lat1.xml@865,28,quod,qui,PRON
phi0972.phi001.perseus-lat1.xml@865,29,nunquam,numquam,ADV
phi0972.phi001.perseus-lat1.xml@865,30,ante,ante,ADV
phi0972.phi001.perseus-lat1.xml@865,31,videram,video,VERB
phi0972.phi001.perseus-lat1.xml@865,32,",",",",PUNCT
phi0972.phi001.perseus-lat1.xml@865,33,ex,ex,ADP
phi0972.phi001.perseus-lat1.xml@865,34,lapide,lapis,NOUN
phi0972.phi001.perseus-lat1.xml@865,35,speculari,specularis,ADJ
phi0972.phi001.perseus-lat1.xml@865,36,pulverem,pulvis,NOUN
phi0972.phi001.perseus-lat1.xml@865,37,tritum,tero,VERB
phi0972.phi001.perseus-lat1.xml@865,38,.,.,PUNCT
phi0972.phi001.perseus-lat1.xml@869,1,Interim,interim,ADV
phi0972.phi001.perseus-lat1.xml@869,2,puer,puer,NOUN
phi0972.phi001.perseus-lat1.xml@869,3,Alexandrinus,Alexandrinus,ADJ
phi0972.phi001.perseus-lat1.xml@869,4,",",",",PUNCT
phi0972.phi001.perseus-lat1.xml@869,5,qui,qui,PRON
phi0972.phi001.perseus-lat1.xml@869,6,caldam,calidus,ADJ
phi0972.phi001.perseus-lat1.xml@869,7,ministrabat,ministro,VERB
phi0972.phi001.perseus-lat1.xml@869,8,",",",",PUNCT
phi0972.phi001.perseus-lat1.xml@869,9,luscinias,luscinia,NOUN
phi0972.phi001.perseus-lat1.xml@869,10,coepit,coepio,VERB
phi0972.phi001.perseus-lat1.xml@869,11,imitari,imitor,VERB
phi0972.phi001.perseus-lat1.xml@869,12,clamante,clamo,VERB
phi0972.phi001.perseus-lat1.xml@869,13,Trimalchione,Trimalchio,PROPN
phi0972.phi001.perseus-lat1.xml@869,14,subinde,subinde,ADV
phi0972.phi001.perseus-lat1.xml@869,15,:,:,PUNCT
phi0972.phi001.perseus-lat1.xml@872,1,Servus,servus,NOUN
phi0972.phi001.perseus-lat1.xml@872,2,qui,qui,PRON
phi0972.phi001.perseus-lat1.xml@872,3,ad,ad,ADP
phi0972.phi001.perseus-lat1.xml@872,4,pedes,pes,NOUN
phi0972.phi001.perseus-lat1.xml@872,5,Habinnae,Habinnas,PROPN
phi0972.phi001.perseus-lat1.xml@872,6,sedebat,sedeo,VERB
phi0972.phi001.perseus-lat1.xml@872,7,",",",",PUNCT
phi0972.phi001.perseus-lat1.xml@872,8,iussus,iubeo,VERB
phi0972.phi001.perseus-lat1.xml@872,9,",",",",PUNCT
phi0972.phi001.perseus-lat1.xml@872,10,credo,credo,VERB
phi0972.phi001.perseus-lat1.xml@872,11,",",",",PUNCT
phi0972.phi001.perseus-lat1.xml@872,12,a,ab,ADP
phi0972.phi001.perseus-lat1.xml@872,13,domino,dominus,NOUN
phi0972.phi001.perseus-lat1.xml@872,14,suo,suus,DET
phi0972.phi001.perseus-lat1.xml@872,15,proclamavit,proclamo,VERB
phi0972.phi001.perseus-lat1.xml@872,16,subito,subito,ADV
phi0972.phi001.perseus-lat1.xml@872,17,canora,canorus,ADJ
phi0972.phi001.perseus-lat1.xml@872,18,voce,vox,NOUN
phi0972.phi001.perseus-lat1.xml@872,19,:,:,PUNCT
phi0972.phi001.perseus-lat1.xml@874,1,Nullus,nullus,DET
phi0972.phi001.perseus-lat1.xml@874,2,sonus,sonus,NOUN
phi0972.phi001.perseus-lat1.xml@874,3,unquam,umquam,ADV
phi0972.phi001.perseus-lat1.xml@874,4,acidior,acidus,ADJ
phi0972.phi001.perseus-lat1.xml@874,5,percussit,percutio,VERB
phi0972.phi001.perseus-lat1.xml@874,6,aures,auris,NOUN
phi0972.phi001.perseus-lat1.xml@874,7,meas,meus,DET
phi0972.phi001.perseus-lat1.xml@874,8,;,;,PUNCT
phi0972.phi001.perseus-lat1.xml@877,1,Itaque,ita,ADV
phi0972.phi001.perseus-lat1.xml@877,2,parem,par,ADJ
phi0972.phi001.perseus-lat1.xml@877,3,non,non,PART
phi0972.phi001.perseus-lat1.xml@877,4,habet,habeo,VERB
phi0972.phi001.perseus-lat1.xml@877,5,",",",",PUNCT
phi0972.phi001.perseus-lat1.xml@877,6,sive,sive,CCONJ
phi0972.phi001.perseus-lat1.xml@877,7,muliones,mulio,NOUN
phi0972.phi001.perseus-lat1.xml@877,8,volet,volo,VERB
phi0972.phi001.perseus-lat1.xml@877,9,sive,sive,CCONJ
phi0972.phi001.perseus-lat1.xml@877,10,circulatores,circulator,NOUN
phi0972.phi001.perseus-lat1.xml@877,11,imitari,imitor,VERB
phi0972.phi001.perseus-lat1.xml@877,12,.,.,PUNCT
phi0972.phi001.perseus-lat1.xml@878,1,Desperatum,despero,ADJ
phi0972.phi001.perseus-lat1.xml@878,2,valde,validus,ADV
phi0972.phi001.perseus-lat1.xml@878,3,ingeniosus,ingeniosus,ADJ
phi0972.phi001.perseus-lat1.xml@878,4,est,sum,AUX
phi0972.phi001.perseus-lat1.xml@878,5,:,:,PUNCT
phi0972.phi001.perseus-lat1.xml@879,1,idem,idem,ADV
phi0972.phi001.perseus-lat1.xml@879,2,sutor,sutor,NOUN
phi0972.phi001.perseus-lat1.xml@879,3,est,sum,AUX
phi0972.phi001.perseus-lat1.xml@879,4,",",",",PUNCT
phi0972.phi001.perseus-lat1.xml@879,5,idem,idem,ADV
phi0972.phi001.perseus-lat1.xml@879,6,cocus,coquus,NOUN
phi0972.phi001.perseus-lat1.xml@879,7,idem,idem,ADV
phi0972.phi001.perseus-lat1.xml@879,8,pistor,pistor,NOUN
phi0972.phi001.perseus-lat1.xml@879,9,",",",",PUNCT
phi0972.phi001.perseus-lat1.xml@879,10,omnis,omnis,DET
phi0972.phi001.perseus-lat1.xml@879,11,musae,Musa,PROPN
phi0972.phi001.perseus-lat1.xml@879,12,mancipium,mancipium,NOUN
phi0972.phi001.perseus-lat1.xml@879,13,.,.,PUNCT
phi0972.phi001.perseus-lat1.xml@880,1,Duo,duo,NUM
phi0972.phi001.perseus-lat1.xml@880,2,tamen,tamen,ADV
phi0972.phi001.perseus-lat1.xml@880,3,vitia,vitium,NOUN
phi0972.phi001.perseus-lat1.xml@880,4,habet,habeo,VERB
phi0972.phi001.perseus-lat1.xml@880,5,",",",",PUNCT
phi0972.phi001.perseus-lat1.xml@880,6,quae,qui,PRON
phi0972.phi001.perseus-lat1.xml@880,7,si,si,SCONJ
phi0972.phi001.perseus-lat1.xml@880,8,non,non,PART
phi0972.phi001.perseus-lat1.xml@880,9,haberet,habeo,VERB
phi0972.phi001.perseus-lat1.xml@880,10,",",",",PUNCT
phi0972.phi001.perseus-lat1.xml@880,11,esset,sum,AUX
phi0972.phi001.perseus-lat1.xml@880,12,omnium,omnis,DET
phi0972.phi001.perseus-lat1.xml@880,13,numerum,numerus,NOUN
phi0972.phi001.perseus-lat1.xml@880,14,:,:,PUNCT
phi0972.phi001.perseus-lat1.xml@881,1,recutitus,recutitus,ADJ
phi0972.phi001.perseus-lat1.xml@881,2,est,sum,AUX
phi0972.phi001.perseus-lat1.xml@881,3,et,et,CCONJ
phi0972.phi001.perseus-lat1.xml@881,4,stertit,sterto,VERB
phi0972.phi001.perseus-lat1.xml@881,5,.,.,PUNCT
phi0972.phi001.perseus-lat1.xml@883,1,sicut,sicut,ADV
phi0972.phi001.perseus-lat1.xml@883,2,Venus,Venus,PROPN
phi0972.phi001.perseus-lat1.xml@883,3,spectat,specto,VERB
phi0972.phi001.perseus-lat1.xml@883,4,.,.,PUNCT
phi0972.phi001.perseus-lat1.xml@887,1,Agaga,agaga,NOUN
phi0972.phi001.perseus-lat1.xml@887,2,est,sum,AUX
phi0972.phi001.perseus-lat1.xml@887,3,;,;,PUNCT
phi0972.phi001.perseus-lat1.xml@890,1,nihil,nihil,PRON
phi0972.phi001.perseus-lat1.xml@890,2,sibi,sui,PRON
phi0972.phi001.perseus-lat1.xml@890,3,defraudit,defraudo,VERB
phi0972.phi001.perseus-lat1.xml@890,4,",",",",PUNCT
phi0972.phi001.perseus-lat1.xml@890,5,et,et,CCONJ
phi0972.phi001.perseus-lat1.xml@890,6,mehercules,Hercules,INTJ
phi0972.phi001.perseus-lat1.xml@890,7,laudo,laudo,VERB
phi0972.phi001.perseus-lat1.xml@890,8,illum,ille,DET
phi0972.phi001.perseus-lat1.xml@890,9,;,;,PUNCT
phi0972.phi001.perseus-lat1.xml@891,1,hoc,huc,ADV
phi0972.phi001.perseus-lat1.xml@891,2,enim,enim,PART
phi0972.phi001.perseus-lat1.xml@891,3,nemo,nemo,NOUN
phi0972.phi001.perseus-lat1.xml@891,4,parentat,parento,VERB
phi0972.phi001.perseus-lat1.xml@891,5,.,.,PUNCT
phi0972.phi001.perseus-lat1.xml@893,1,Crede,credo,VERB
phi0972.phi001.perseus-lat1.xml@893,2,mihi,ego,PRON
phi0972.phi001.perseus-lat1.xml@893,3,",",",",PUNCT
phi0972.phi001.perseus-lat1.xml@893,4,et,et,CCONJ
phi0972.phi001.perseus-lat1.xml@893,5,vos,tu,PRON
phi0972.phi001.perseus-lat1.xml@893,6,novimus,nosco,VERB
phi0972.phi001.perseus-lat1.xml@893,7,.,.,PUNCT
phi0972.phi001.perseus-lat1.xml@894,1,Sic,sic,ADV
phi0972.phi001.perseus-lat1.xml@894,2,me,ego,PRON
phi0972.phi001.perseus-lat1.xml@894,3,salvum,salvus,ADJ
phi0972.phi001.perseus-lat1.xml@894,4,habeatis,habeo,VERB
phi0972.phi001.perseus-lat1.xml@894,5,",",",",PUNCT
phi0972.phi001.perseus-lat1.xml@894,6,ut,ut,SCONJ
phi0972.phi001.perseus-lat1.xml@894,7,ego,ego,PRON
phi0972.phi001.perseus-lat1.xml@894,8,sic,sic,ADV
phi0972.phi001.perseus-lat1.xml@894,9,solebam,soleo,VERB
phi0972.phi001.perseus-lat1.xml@894,10,ipsumam,ipsima,NOUN
phi0972.phi001.perseus-lat1.xml@894,11,meam,meus,DET
phi0972.phi001.perseus-lat1.xml@894,12,debattuere,debattuo,VERB
phi0972.phi001.perseus-lat1.xml@894,13,",",",",PUNCT
phi0972.phi001.perseus-lat1.xml@894,14,ut,ut,SCONJ
phi0972.phi001.perseus-lat1.xml@894,15,etiam,etiam,ADV
phi0972.phi001.perseus-lat1.xml@894,16,dominus,dominus,NOUN
phi0972.phi001.perseus-lat1.xml@894,17,suspicaretur,suspicor,VERB
phi0972.phi001.perseus-lat1.xml@894,18,;,;,PUNCT
phi0972.phi001.perseus-lat1.xml@895,1,et,et,CCONJ
phi0972.phi001.perseus-lat1.xml@895,2,ideo,ideo,ADV
phi0972.phi001.perseus-lat1.xml@895,3,me,ego,PRON
phi0972.phi001.perseus-lat1.xml@895,4,in,in,ADP
phi0972.phi001.perseus-lat1.xml@895,5,vilicationem,vilicatio,NOUN
phi0972.phi001.perseus-lat1.xml@895,6,relegavit,relego,VERB
phi0972.phi001.perseus-lat1.xml@895,7,.,.,PUNCT
phi0972.phi001.perseus-lat1.xml@901,1,Et,et,CCONJ
phi0972.phi001.perseus-lat1.xml@901,2,haec,hic,DET
phi0972.phi001.perseus-lat1.xml@901,3,quidem,quidem,PART
phi0972.phi001.perseus-lat1.xml@901,4,tolerabilia,tolerabilis,ADJ
phi0972.phi001.perseus-lat1.xml@901,5,erant,sum,AUX
phi0972.phi001.perseus-lat1.xml@901,6,",",",",PUNCT
phi0972.phi001.perseus-lat1.xml@901,7,si,si,SCONJ
phi0972.phi001.perseus-lat1.xml@901,8,non,non,PART
phi0972.phi001.perseus-lat1.xml@901,9,fericulum,fericulus,NOUN
phi0972.phi001.perseus-lat1.xml@901,10,longe,longus,ADV
phi0972.phi001.perseus-lat1.xml@901,11,monstrosius,monstrosius,ADJ
phi0972.phi001.perseus-lat1.xml@901,12,effecisset,efficio,VERB
phi0972.phi001.perseus-lat1.xml@901,13,",",",",PUNCT
phi0972.phi001.perseus-lat1.xml@901,14,ut,ut,SCONJ
phi0972.phi001.perseus-lat1.xml@901,15,vel,vel,ADV
phi0972.phi001.perseus-lat1.xml@901,16,fame,fames,NOUN
phi0972.phi001.perseus-lat1.xml@901,17,perire,pereo,VERB
phi0972.phi001.perseus-lat1.xml@901,18,mallemus,malo,VERB
phi0972.phi001.perseus-lat1.xml@901,19,.,.,PUNCT
phi0972.phi001.perseus-lat1.xml@905,1,Necdum,necdum,SCONJ
phi0972.phi001.perseus-lat1.xml@905,2,finieram,finio,VERB
phi0972.phi001.perseus-lat1.xml@905,3,sermonem,sermo,NOUN
phi0972.phi001.perseus-lat1.xml@905,4,",",",",PUNCT
phi0972.phi001.perseus-lat1.xml@905,5,cum,cum,SCONJ
phi0972.phi001.perseus-lat1.xml@905,6,Trimalchio,Trimalchio,PROPN
phi0972.phi001.perseus-lat1.xml@905,7,ait,aio,VERB
phi0972.phi001.perseus-lat1.xml@905,8,:,:,PUNCT
phi0972.phi001.perseus-lat1.xml@907,1,Non,non,PART
phi0972.phi001.perseus-lat1.xml@907,2,potest,possum,VERB
phi0972.phi001.perseus-lat1.xml@907,3,esse,sum,AUX
phi0972.phi001.perseus-lat1.xml@907,4,pretiosior,pretiosus,ADJ
phi0972.phi001.perseus-lat1.xml@907,5,homo,homo,NOUN
phi0972.phi001.perseus-lat1.xml@907,6,.,.,PUNCT
phi0972.phi001.perseus-lat1.xml@913,1,Etiam,etiam,ADV
phi0972.phi001.perseus-lat1.xml@913,2,nobis,nos,PRON
phi0972.phi001.perseus-lat1.xml@913,3,potestatem,potestas,NOUN
phi0972.phi001.perseus-lat1.xml@913,4,fecit,facio,VERB
phi0972.phi001.perseus-lat1.xml@913,5,",",",",PUNCT
phi0972.phi001.perseus-lat1.xml@913,6,ut,ut,SCONJ
phi0972.phi001.perseus-lat1.xml@913,7,mucronem,mucro,NOUN
phi0972.phi001.perseus-lat1.xml@913,8,ad,ad,ADP
phi0972.phi001.perseus-lat1.xml@913,9,buccam,bucca,NOUN
phi0972.phi001.perseus-lat1.xml@913,10,probaremus,probo,VERB
phi0972.phi001.perseus-lat1.xml@913,11,.,.,PUNCT
phi0972.phi001.perseus-lat1.xml@914,1,Subito,subito,ADV
phi0972.phi001.perseus-lat1.xml@914,2,intraverunt,intro,VERB
phi0972.phi001.perseus-lat1.xml@914,3,duo,duo,NUM
phi0972.phi001.perseus-lat1.xml@914,4,servi,servus,NOUN
phi0972.phi001.perseus-lat1.xml@914,5,",",",",PUNCT
phi0972.phi001.perseus-lat1.xml@914,6,tanquam,tamquam,SCONJ
phi0972.phi001.perseus-lat1.xml@914,7,qui,qui,PRON
phi0972.phi001.perseus-lat1.xml@914,8,rixam,rixa,NOUN
phi0972.phi001.perseus-lat1.xml@914,9,ad,ad,ADP
phi0972.phi001.perseus-lat1.xml@914,10,lacum,lacus,NOUN
phi0972.phi001.perseus-lat1.xml@914,11,fecissent,facio,VERB
phi0972.phi001.perseus-lat1.xml@914,12,;,;,PUNCT
phi0972.phi001.perseus-lat1.xml@915,1,certe,certus,ADV
phi0972.phi001.perseus-lat1.xml@915,2,in,in,ADP
phi0972.phi001.perseus-lat1.xml@915,3,collo,collum,NOUN
phi0972.phi001.perseus-lat1.xml@915,4,adhuc,adhuc,ADV
phi0972.phi001.perseus-lat1.xml@915,5,amphoras,amphora,NOUN
phi0972.phi001.perseus-lat1.xml@915,6,habebant,habeo,VERB
phi0972.phi001.perseus-lat1.xml@915,7,.,.,PUNCT
phi0972.phi001.perseus-lat1.xml@916,1,Cum,cum,SCONJ
phi0972.phi001.perseus-lat1.xml@916,2,ergo,ergo,ADV
phi0972.phi001.perseus-lat1.xml@916,3,Trimalchio,Trimalchio,PROPN
phi0972.phi001.perseus-lat1.xml@916,4,ius,ius,NOUN
phi0972.phi001.perseus-lat1.xml@916,5,inter,inter,ADP
phi0972.phi001.perseus-lat1.xml@916,6,litigantes,litigo,VERB
phi0972.phi001.perseus-lat1.xml@916,7,diceret,dico,VERB
phi0972.phi001.perseus-lat1.xml@916,8,",",",",PUNCT
phi0972.phi001.perseus-lat1.xml@916,9,neuter,neuter,DET
phi0972.phi001.perseus-lat1.xml@916,10,sententiam,sententia,NOUN
phi0972.phi001.perseus-lat1.xml@916,11,tulit,fero,VERB
phi0972.phi001.perseus-lat1.xml@916,12,decernentis,decerno,VERB
phi0972.phi001.perseus-lat1.xml@916,13,",",",",PUNCT
phi0972.phi001.perseus-lat1.xml@916,14,sed,sed,CCONJ
phi0972.phi001.perseus-lat1.xml@916,15,alterius,alter,DET
phi0972.phi001.perseus-lat1.xml@916,16,amphoram,amphora,NOUN
phi0972.phi001.perseus-lat1.xml@916,17,fuste,fustis,NOUN
phi0972.phi001.perseus-lat1.xml@916,18,percussit,percutio,VERB
phi0972.phi001.perseus-lat1.xml@916,19,.,.,PUNCT
phi0972.phi001.perseus-lat1.xml@918,1,Has,hic,DET
phi0972.phi001.perseus-lat1.xml@918,2,lautitias,lautitia,NOUN
phi0972.phi001.perseus-lat1.xml@918,3,aequavit,aequo,VERB
phi0972.phi001.perseus-lat1.xml@918,4,ingeniosus,ingeniosus,ADJ
phi0972.phi001.perseus-lat1.xml@918,5,cocus,coquus,NOUN
phi0972.phi001.perseus-lat1.xml@918,6,;,;,PUNCT
phi0972.phi001.perseus-lat1.xml@919,1,in,in,ADP
phi0972.phi001.perseus-lat1.xml@919,2,craticula,craticula,NOUN
phi0972.phi001.perseus-lat1.xml@919,3,enim,enim,PART
phi0972.phi001.perseus-lat1.xml@919,4,argentea,argenteus,ADJ
phi0972.phi001.perseus-lat1.xml@919,5,cochleas,coclea,NOUN
phi0972.phi001.perseus-lat1.xml@919,6,attulit,affero,VERB
phi0972.phi001.perseus-lat1.xml@919,7,et,et,CCONJ
phi0972.phi001.perseus-lat1.xml@919,8,tremula,tremulus,ADJ
phi0972.phi001.perseus-lat1.xml@919,9-10,taeterrimaque,_,_
phi0972.phi001.perseus-lat1.xml@919,9,taeterrima,taeter,ADJ
phi0972.phi001.perseus-lat1.xml@919,10,que,que,CCONJ
phi0972.phi001.perseus-lat1.xml@919,11,voce,vox,NOUN
phi0972.phi001.perseus-lat1.xml@919,12,cantavit,canto,VERB
phi0972.phi001.perseus-lat1.xml@919,13,.,.,PUNCT
phi0972.phi001.perseus-lat1.xml@920,1,Pudet,pudeo,VERB
phi0972.phi001.perseus-lat1.xml@920,2,referre,refero,VERB
phi0972.phi001.perseus-lat1.xml@920,3,",",",",PUNCT
phi0972.phi001.perseus-lat1.xml@920,4,quae,qui,PRON
phi0972.phi001.perseus-lat1.xml@920,5,secuntur,secor,VERB
phi0972.phi001.perseus-lat1.xml@920,6,:,:,PUNCT
phi0972.phi001.perseus-lat1.xml@921,1,inaudito,inaudio,VERB
phi0972.phi001.perseus-lat1.xml@921,2,enim,enim,PART
phi0972.phi001.perseus-lat1.xml@921,3,more,mos,NOUN
phi0972.phi001.perseus-lat1.xml@921,4,pueri,puer,NOUN
phi0972.phi001.perseus-lat1.xml@921,5,capillati,capillatus,ADJ
phi0972.phi001.perseus-lat1.xml@921,6,attulerunt,affero,VERB
phi0972.phi001.perseus-lat1.xml@921,7,unguentum,unguentum,NOUN
phi0972.phi001.perseus-lat1.xml@921,8,in,in,ADP
phi0972.phi001.perseus-lat1.xml@921,9,argentea,argenteus,ADJ
phi0972.phi001.perseus-lat1.xml@921,10,pelve,pelvis,NOUN
phi0972.phi001.perseus-lat1.xml@921,11-12,pedesque,_,_
phi0972.phi001.perseus-lat1.xml@921,11,pedes,pes,NOUN
phi0972.phi001.perseus-lat1.xml@921,12,que,que,CCONJ
phi0972.phi001.perseus-lat1.xml@921,13,recumbentium,recumbo,VERB
phi0972.phi001.perseus-lat1.xml@921,14,unxerunt,ungo,VERB
phi0972.phi001.perseus-lat1.xml@921,15,",",",",PUNCT
phi0972.phi001.perseus-lat1.xml@921,16,cum,cum,SCONJ
phi0972.phi001.perseus-lat1.xml@921,17,ante,ante,ADV
phi0972.phi001.perseus-lat1.xml@921,18,crura,crus,NOUN
phi0972.phi001.perseus-lat1.xml@921,19-20,talosque,_,_
phi0972.phi001.perseus-lat1.xml@921,19,talos,talus,NOUN
phi0972.phi001.perseus-lat1.xml@921,20,que,que,CCONJ
phi0972.phi001.perseus-lat1.xml@921,21,corollis,corolla,NOUN
phi0972.phi001.perseus-lat1.xml@921,22,vinxissent,vincio,VERB
phi0972.phi001.perseus-lat1.xml@921,23,.,.,PUNCT
phi0972.phi001.perseus-lat1.xml@924,1,Quid,quis,PRON
phi0972.phi001.perseus-lat1.xml@924,2,multa,multus,DET
phi0972.phi001.perseus-lat1.xml@924,3,?,?,PUNCT
phi0972.phi001.perseus-lat1.xml@926,1,Certe,certus,ADV
phi0972.phi001.perseus-lat1.xml@926,2,ego,ego,PRON
phi0972.phi001.perseus-lat1.xml@926,3,notavi,noto,VERB
phi0972.phi001.perseus-lat1.xml@926,4,super,super,ADP
phi0972.phi001.perseus-lat1.xml@926,5,me,ego,PRON
phi0972.phi001.perseus-lat1.xml@926,6,positum,pono,VERB
phi0972.phi001.perseus-lat1.xml@926,7,cocum,coquus,NOUN
phi0972.phi001.perseus-lat1.xml@926,8,",",",",PUNCT
phi0972.phi001.perseus-lat1.xml@926,9,qui,qui,PRON
phi0972.phi001.perseus-lat1.xml@926,10,de,de,ADP
phi0972.phi001.perseus-lat1.xml@926,11,porco,porcus,NOUN
phi0972.phi001.perseus-lat1.xml@926,12,anserem,anser,NOUN
phi0972.phi001.perseus-lat1.xml@926,13,fecerat,facio,VERB
phi0972.phi001.perseus-lat1.xml@926,14,",",",",PUNCT
phi0972.phi001.perseus-lat1.xml@926,15,muria,muria,NOUN
phi0972.phi001.perseus-lat1.xml@926,16-17,condimentisque,_,_
phi0972.phi001.perseus-lat1.xml@926,16,condimentis,condimentum,NOUN
phi0972.phi001.perseus-lat1.xml@926,17,que,que,CCONJ
phi0972.phi001.perseus-lat1.xml@926,18,fetentem,feteo,VERB
phi0972.phi001.perseus-lat1.xml@926,19,.,.,PUNCT
phi0972.phi001.perseus-lat1.xml@929,1,Tamen,tamen,ADV
phi0972.phi001.perseus-lat1.xml@929,2,me,ego,PRON
phi0972.phi001.perseus-lat1.xml@929,3,salvo,salvus,ADJ
phi0972.phi001.perseus-lat1.xml@929,4,cito,cito,ADV
phi0972.phi001.perseus-lat1.xml@929,5,aquam,aqua,NOUN
phi0972.phi001.perseus-lat1.xml@929,6,liberam,liber,ADJ
phi0972.phi001.perseus-lat1.xml@929,7,gustabunt,gusto,VERB
phi0972.phi001.perseus-lat1.xml@929,8,.,.,PUNCT
phi0972.phi001.perseus-lat1.xml@931,1,Philargyro,Philargyrus,PROPN
phi0972.phi001.perseus-lat1.xml@931,2,etiam,etiam,ADV
phi0972.phi001.perseus-lat1.xml@931,3,fundum,fundus,NOUN
phi0972.phi001.perseus-lat1.xml@931,4,lego,lego,VERB
phi0972.phi001.perseus-lat1.xml@931,5,et,et,CCONJ
phi0972.phi001.perseus-lat1.xml@931,6,contubernalem,contubernalis,NOUN
phi0972.phi001.perseus-lat1.xml@931,7,suam,suus,DET
phi0972.phi001.perseus-lat1.xml@931,8,",",",",PUNCT
phi0972.phi001.perseus-lat1.xml@931,9,Carioni,Cario,PROPN
phi0972.phi001.perseus-lat1.xml@931,10,quoque,quoque,PART
phi0972.phi001.perseus-lat1.xml@931,11,insulam,insula,NOUN
phi0972.phi001.perseus-lat1.xml@931,12,et,et,CCONJ
phi0972.phi001.perseus-lat1.xml@931,13,vicesimam,vicesimus,NOUN
phi0972.phi001.perseus-lat1.xml@931,14,et,et,CCONJ
phi0972.phi001.perseus-lat1.xml@931,15,lectum,lectus,NOUN
phi0972.phi001.perseus-lat1.xml@931,16,stratum,sterno,VERB
phi0972.phi001.perseus-lat1.xml@931,17,.,.,PUNCT
phi0972.phi001.perseus-lat1.xml@934,1,Gratias,gratia,NOUN
phi0972.phi001.perseus-lat1.xml@934,2,agere,ago,VERB
phi0972.phi001.perseus-lat1.xml@934,3,omnes,omnis,DET
phi0972.phi001.perseus-lat1.xml@934,4,indulgentiae,indulgentia,NOUN
phi0972.phi001.perseus-lat1.xml@934,5,coeperant,coepio,VERB
phi0972.phi001.perseus-lat1.xml@934,6,domini,dominus,NOUN
phi0972.phi001.perseus-lat1.xml@934,7,",",",",PUNCT
phi0972.phi001.perseus-lat1.xml@934,8,cum,cum,SCONJ
phi0972.phi001.perseus-lat1.xml@934,9,ille,ille,DET
phi0972.phi001.perseus-lat1.xml@934,10,oblitus,obliviscor,VERB
phi0972.phi001.perseus-lat1.xml@934,11,nugarum,nugae,NOUN
phi0972.phi001.perseus-lat1.xml@934,12,exemplar,exemplar,NOUN
phi0972.phi001.perseus-lat1.xml@934,13,testamenti,testamentum,NOUN
phi0972.phi001.perseus-lat1.xml@934,14,iussit,iubeo,VERB
phi0972.phi001.perseus-lat1.xml@934,15,afferri,affero,VERB
phi0972.phi001.perseus-lat1.xml@934,16,et,et,CCONJ
phi0972.phi001.perseus-lat1.xml@934,17,totum,totus,DET
phi0972.phi001.perseus-lat1.xml@934,18,a,ab,ADP
phi0972.phi001.perseus-lat1.xml@934,19,primo,primus,ADJ
phi0972.phi001.perseus-lat1.xml@934,20,ad,ad,ADP
phi0972.phi001.perseus-lat1.xml@934,21,ultimum,ultimum,NOUN
phi0972.phi001.perseus-lat1.xml@934,22,ingemescente,ingemesco,VERB
phi0972.phi001.perseus-lat1.xml@934,23,familia,familia,NOUN
phi0972.phi001.perseus-lat1.xml@934,24,recitavit,recito,VERB
phi0972.phi001.perseus-lat1.xml@934,25,.,.,PUNCT
phi0972.phi001.perseus-lat1.xml@936,1,Aedificas,aedifico,VERB
phi0972.phi001.perseus-lat1.xml@936,2,monumentum,monumentum,NOUN
phi0972.phi001.perseus-lat1.xml@936,3,meum,meus,DET
phi0972.phi001.perseus-lat1.xml@936,4,",",",",PUNCT
phi0972.phi001.perseus-lat1.xml@936,5,quemadmodum,quemadmodum,ADV
phi0972.phi001.perseus-lat1.xml@936,6,te,tu,PRON
phi0972.phi001.perseus-lat1.xml@936,7,iussi,iubeo,VERB
phi0972.phi001.perseus-lat1.xml@936,8,?,?,PUNCT
phi0972.phi001.perseus-lat1.xml@937,1,Valde,validus,ADV
phi0972.phi001.perseus-lat1.xml@937,2,te,tu,PRON
phi0972.phi001.perseus-lat1.xml@937,3,rogo,rogo,VERB
phi0972.phi001.perseus-lat1.xml@937,4,",",",",PUNCT
phi0972.phi001.perseus-lat1.xml@937,5,ut,ut,SCONJ
phi0972.phi001.perseus-lat1.xml@937,6,secundum,secundum,ADP
phi0972.phi001.perseus-lat1.xml@937,7,pedes,pes,NOUN
phi0972.phi001.perseus-lat1.xml@937,8,statuae,statua,NOUN
phi0972.phi001.perseus-lat1.xml@937,9,meae,meus,DET
phi0972.phi001.perseus-lat1.xml@937,10,catellam,catella,NOUN
phi0972.phi001.perseus-lat1.xml@937,11,ponas,pono,VERB
phi0972.phi001.perseus-lat1.xml@937,12,et,et,CCONJ
phi0972.phi001.perseus-lat1.xml@937,13,coronas,corona,NOUN
phi0972.phi001.perseus-lat1.xml@937,14,et,et,CCONJ
phi0972.phi001.perseus-lat1.xml@937,15,unguenta,unguentum,NOUN
phi0972.phi001.perseus-lat1.xml@937,16,et,et,CCONJ
phi0972.phi001.perseus-lat1.xml@937,17,Petraitis,Petraites,PROPN
phi0972.phi001.perseus-lat1.xml@937,18,omnes,omnis,DET
phi0972.phi001.perseus-lat1.xml@937,19,pugnas,pugna,NOUN
phi0972.phi001.perseus-lat1.xml@937,20,",",",",PUNCT
phi0972.phi001.perseus-lat1.xml@937,21,ut,ut,SCONJ
phi0972.phi001.perseus-lat1.xml@937,22,mihi,ego,PRON
phi0972.phi001.perseus-lat1.xml@937,23,contingat,contingo,VERB
phi0972.phi001.perseus-lat1.xml@937,24,tuo,tuus,DET
phi0972.phi001.perseus-lat1.xml@937,25,beneficio,beneficium,NOUN
phi0972.phi001.perseus-lat1.xml@937,26,post,post,ADP
phi0972.phi001.perseus-lat1.xml@937,27,mortem,mors,NOUN
phi0972.phi001.perseus-lat1.xml@937,28,vivere,vivo,VERB
phi0972.phi001.perseus-lat1.xml@937,29,;,;,PUNCT
phi0972.phi001.perseus-lat1.xml@941,1,Et,et,CCONJ
phi0972.phi001.perseus-lat1.xml@941,2,ideo,ideo,ADV
phi0972.phi001.perseus-lat1.xml@941,3,ante,ante,ADP
phi0972.phi001.perseus-lat1.xml@941,4,omnia,omnis,DET
phi0972.phi001.perseus-lat1.xml@941,5,adici,adicio,VERB
phi0972.phi001.perseus-lat1.xml@941,6,volo,volo,VERB
phi0972.phi001.perseus-lat1.xml@941,7,:,:,PUNCT
phi0972.phi001.perseus-lat1.xml@942,1,hoc,hic,DET
phi0972.phi001.perseus-lat1.xml@942,2,monumentum,monumentum,NOUN
phi0972.phi001.perseus-lat1.xml@942,3,heredem,heres,NOUN
phi0972.phi001.perseus-lat1.xml@942,4,non,non,PART
phi0972.phi001.perseus-lat1.xml@942,5,sequitur,sequor,VERB
phi0972.phi001.perseus-lat1.xml@942,6,.,.,PUNCT
phi0972.phi001.perseus-lat1.xml@943,1,Ceterum,ceterus,ADV
phi0972.phi001.perseus-lat1.xml@943,2,erit,sum,AUX
phi0972.phi001.perseus-lat1.xml@943,3,mih,ego,PRON
phi0972.phi001.perseus-lat1.xml@943,4,icurae,cura,NOUN
phi0972.phi001.perseus-lat1.xml@943,5,",",",",PUNCT
phi0972.phi001.perseus-lat1.xml@943,6,ut,ut,SCONJ
phi0972.phi001.perseus-lat1.xml@943,7,testamento,testamentum,NOUN
phi0972.phi001.perseus-lat1.xml@943,8,caveam,caveo,VERB
phi0972.phi001.perseus-lat1.xml@943,9,",",",",PUNCT
phi0972.phi001.perseus-lat1.xml@943,10,ne,ne,SCONJ
phi0972.phi001.perseus-lat1.xml@943,11,mortuus,mortuus,ADJ
phi0972.phi001.perseus-lat1.xml@943,12,iniuriam,iniuria,NOUN
phi0972.phi001.perseus-lat1.xml@943,13,accipiam,accipio,VERB
phi0972.phi001.perseus-lat1.xml@943,14,.,.,PUNCT
phi0972.phi001.perseus-lat1.xml@945,1,Te,tu,PRON
phi0972.phi001.perseus-lat1.xml@945,2,rogo,rogo,VERB
phi0972.phi001.perseus-lat1.xml@945,3,",",",",PUNCT
phi0972.phi001.perseus-lat1.xml@945,4,ut,ut,SCONJ
phi0972.phi001.perseus-lat1.xml@945,5,naves,navis,NOUN
phi0972.phi001.perseus-lat1.xml@945,6,etiam,etiam,ADV
phi0972.phi001.perseus-lat1.xml@945,7,.,.,PUNCT
phi0972.phi001.perseus-lat1.xml@946,1,monumenti,monumentum,NOUN
phi0972.phi001.perseus-lat1.xml@946,2,mei,meus,DET
phi0972.phi001.perseus-lat1.xml@946,3,facias,facio,VERB
phi0972.phi001.perseus-lat1.xml@946,4,plenis,plenus,ADJ
phi0972.phi001.perseus-lat1.xml@946,5,velis,velum,NOUN
phi0972.phi001.perseus-lat1.xml@946,6,euntes,eo,VERB
phi0972.phi001.perseus-lat1.xml@946,7,",",",",PUNCT
phi0972.phi001.perseus-lat1.xml@946,8,et,et,CCONJ
phi0972.phi001.perseus-lat1.xml@946,9,me,ego,PRON
phi0972.phi001.perseus-lat1.xml@946,10,in,in,ADP
phi0972.phi001.perseus-lat1.xml@946,11,tribunali,tribunal,NOUN
phi0972.phi001.perseus-lat1.xml@946,12,sedentem,sedeo,VERB
phi0972.phi001.perseus-lat1.xml@946,13,praetextatum,praetextatus,ADJ
phi0972.phi001.perseus-lat1.xml@946,14,cum,cum,ADP
phi0972.phi001.perseus-lat1.xml@946,15,anulis,anulus,NOUN
phi0972.phi001.perseus-lat1.xml@946,16,aureis,aureus,ADJ
phi0972.phi001.perseus-lat1.xml@946,17,quinque,quinque,NUM
phi0972.phi001.perseus-lat1.xml@946,18,et,et,CCONJ
phi0972.phi001.perseus-lat1.xml@946,19,nummos,nummus,NOUN
phi0972.phi001.perseus-lat1.xml@946,20,in,in,ADP
phi0972.phi001.perseus-lat1.xml@946,21,publico,publicus,NOUN
phi0972.phi001.perseus-lat1.xml@946,22,de,de,ADP
phi0972.phi001.perseus-lat1.xml@946,23,sacculo,sacculus,NOUN
phi0972.phi001.perseus-lat1.xml@946,24,effundentem,effundo,VERB
phi0972.phi001.perseus-lat1.xml@946,25,;,;,PUNCT
phi0972.phi001.perseus-lat1.xml@948,1,Faciatur,facio,VERB
phi0972.phi001.perseus-lat1.xml@948,2,",",",",PUNCT
phi0972.phi001.perseus-lat1.xml@948,3,si,si,SCONJ
phi0972.phi001.perseus-lat1.xml@948,4,tibi,tu,PRON
phi0972.phi001.perseus-lat1.xml@948,5,videtur,video,VERB
phi0972.phi001.perseus-lat1.xml@948,6,",",",",PUNCT
phi0972.phi001.perseus-lat1.xml@948,7,et,et,ADV
phi0972.phi001.perseus-lat1.xml@948,8,triclinia,triclinium,NOUN
phi0972.phi001.perseus-lat1.xml@948,9,.,.,PUNCT
phi0972.phi001.perseus-lat1.xml@949,1,Facias,facio,VERB
phi0972.phi001.perseus-lat1.xml@949,2,et,et,CCONJ
phi0972.phi001.perseus-lat1.xml@949,3,totum,totus,DET
phi0972.phi001.perseus-lat1.xml@949,4,populum,populus,NOUN
phi0972.phi001.perseus-lat1.xml@949,5,sibi,sui,PRON
phi0972.phi001.perseus-lat1.xml@949,6,suaviter,suaviter,ADV
phi0972.phi001.perseus-lat1.xml@949,7,facientem,facio,VERB
phi0972.phi001.perseus-lat1.xml@949,8,.,.,PUNCT
phi0972.phi001.perseus-lat1.xml@950,1,Ad,ad,ADP
phi0972.phi001.perseus-lat1.xml@950,2,dexteram,dextera,NOUN
phi0972.phi001.perseus-lat1.xml@950,3,meam,meus,DET
phi0972.phi001.perseus-lat1.xml@950,4,ponas,pono,VERB
phi0972.phi001.perseus-lat1.xml@950,5,statuam,statua,NOUN
phi0972.phi001.perseus-lat1.xml@950,6,Fortunatae,Fortunata,PROPN
phi0972.phi001.perseus-lat1.xml@950,7,meae,meus,DET
phi0972.phi001.perseus-lat1.xml@950,8,columbam,columba,NOUN
phi0972.phi001.perseus-lat1.xml@950,9,tenentem,teneo,VERB
phi0972.phi001.perseus-lat1.xml@950,10,:,:,PUNCT
phi0972.phi001.perseus-lat1.xml@951,1,et,et,CCONJ
phi0972.phi001.perseus-lat1.xml@951,2,catellam,catella,NOUN
phi0972.phi001.perseus-lat1.xml@951,3,cingulo,cingulum,NOUN
phi0972.phi001.perseus-lat1.xml@951,4,alligatam,alligo,VERB
phi0972.phi001.perseus-lat1.xml@951,5,ducat,duco,VERB
phi0972.phi001.perseus-lat1.xml@951,6,:,:,PUNCT
phi0972.phi001.perseus-lat1.xml@952,1,et,et,CCONJ
phi0972.phi001.perseus-lat1.xml@952,2,cicaronem,cicaro,NOUN
phi0972.phi001.perseus-lat1.xml@952,3,meum,meus,DET
phi0972.phi001.perseus-lat1.xml@952,4,",",",",PUNCT
phi0972.phi001.perseus-lat1.xml@952,5,et,et,CCONJ
phi0972.phi001.perseus-lat1.xml@952,6,amphoras,amphora,NOUN
phi0972.phi001.perseus-lat1.xml@952,7,copiosas,copiosus,ADJ
phi0972.phi001.perseus-lat1.xml@952,8,gypsatas,gypso,VERB
phi0972.phi001.perseus-lat1.xml@952,9,",",",",PUNCT
phi0972.phi001.perseus-lat1.xml@952,10,ne,ne,SCONJ
phi0972.phi001.perseus-lat1.xml@952,11,effluant,effluo,VERB
phi0972.phi001.perseus-lat1.xml@952,12,vinum,vinum,NOUN
phi0972.phi001.perseus-lat1.xml@952,13,.,.,PUNCT
phi0972.phi001.perseus-lat1.xml@953,1,Et,et,CCONJ
phi0972.phi001.perseus-lat1.xml@953,2,urnam,urna,NOUN
phi0972.phi001.perseus-lat1.xml@953,3,licet,licet,VERB
phi0972.phi001.perseus-lat1.xml@953,4,fractam,frango,VERB
phi0972.phi001.perseus-lat1.xml@953,5,sculpas,sculpo,VERB
phi0972.phi001.perseus-lat1.xml@953,6,",",",",PUNCT
phi0972.phi001.perseus-lat1.xml@953,7,et,et,CCONJ
phi0972.phi001.perseus-lat1.xml@953,8,super,super,ADP
phi0972.phi001.perseus-lat1.xml@953,9,eam,is,PRON
phi0972.phi001.perseus-lat1.xml@953,10,puerum,puer,NOUN
phi0972.phi001.perseus-lat1.xml@953,11,plorantem,ploro,VERB
phi0972.phi001.perseus-lat1.xml@953,12,.,.,PUNCT
phi0972.phi001.perseus-lat1.xml@958,1,Cum,cum,SCONJ
phi0972.phi001.perseus-lat1.xml@958,2,posset,possum,VERB
phi0972.phi001.perseus-lat1.xml@958,3,in,in,ADP
phi0972.phi001.perseus-lat1.xml@958,4,omnibus,omnis,DET
phi0972.phi001.perseus-lat1.xml@958,5,decuriis,decuria,NOUN
phi0972.phi001.perseus-lat1.xml@958,6,Romae,Roma,PROPN
phi0972.phi001.perseus-lat1.xml@958,7,esse,sum,AUX
phi0972.phi001.perseus-lat1.xml@958,8,",",",",PUNCT
phi0972.phi001.perseus-lat1.xml@958,9,tamen,tamen,ADV
phi0972.phi001.perseus-lat1.xml@958,10,noluit,nolo,VERB
phi0972.phi001.perseus-lat1.xml@958,11,.,.,PUNCT
phi0972.phi001.perseus-lat1.xml@960,1,Vale,valeo,VERB
phi0972.phi001.perseus-lat1.xml@960,2,:,:,PUNCT
phi0972.phi001.perseus-lat1.xml@962,1,Haec,hic,DET
phi0972.phi001.perseus-lat1.xml@962,2,ut,ut,SCONJ
phi0972.phi001.perseus-lat1.xml@962,3,dixit,dico,VERB
phi0972.phi001.perseus-lat1.xml@962,4,Trimalchio,Trimalchio,PROPN
phi0972.phi001.perseus-lat1.xml@962,5,",",",",PUNCT
phi0972.phi001.perseus-lat1.xml@962,6,flere,fleo,VERB
phi0972.phi001.perseus-lat1.xml@962,7,coepit,coepio,VERB
phi0972.phi001.perseus-lat1.xml@962,8,ubertim,ubertim,ADV
phi0972.phi001.perseus-lat1.xml@962,9,.,.,PUNCT
phi0972.phi001.perseus-lat1.xml@963,1,Flebat,fleo,VERB
phi0972.phi001.perseus-lat1.xml@963,2,et,et,ADV
phi0972.phi001.perseus-lat1.xml@963,3,Fortunata,Fortunata,PROPN
phi0972.phi001.perseus-lat1.xml@963,4,",",",",PUNCT
phi0972.phi001.perseus-lat1.xml@963,5,flebat,fleo,VERB
phi0972.phi001.perseus-lat1.xml@963,6,et,et,ADV
phi0972.phi001.perseus-lat1.xml@963,7,Habinnas,Habinnas,PROPN
phi0972.phi001.perseus-lat1.xml@963,8,",",",",PUNCT
phi0972.phi001.perseus-lat1.xml@963,9,tota,totus,DET
phi0972.phi001.perseus-lat1.xml@963,10,denique,denique,ADV
phi0972.phi001.perseus-lat1.xml@963,11,familia,familia,NOUN
phi0972.phi001.perseus-lat1.xml@963,12,",",",",PUNCT
phi0972.phi001.perseus-lat1.xml@963,13,tanquam,tamquam,SCONJ
phi0972.phi001.perseus-lat1.xml@963,14,in,in,ADP
phi0972.phi001.perseus-lat1.xml@963,15,funus,funus,NOUN
phi0972.phi001.perseus-lat1.xml@963,16,rogata,rogo,VERB
phi0972.phi001.perseus-lat1.xml@963,17,",",",",PUNCT
phi0972.phi001.perseus-lat1.xml@963,18,lamentatione,lamentatio,NOUN
phi0972.phi001.perseus-lat1.xml@963,19,triclinium,triclinium,NOUN
phi0972.phi001.perseus-lat1.xml@963,20,implevit,impleo,VERB
phi0972.phi001.perseus-lat1.xml@963,21,.,.,PUNCT
phi0972.phi001.perseus-lat1.xml@965,1,Sic,sic,ADV
phi0972.phi001.perseus-lat1.xml@965,2,vos,tu,PRON
phi0972.phi001.perseus-lat1.xml@965,3,felices,felix,ADJ
phi0972.phi001.perseus-lat1.xml@965,4,videam,video,VERB
phi0972.phi001.perseus-lat1.xml@965,5,",",",",PUNCT
phi0972.phi001.perseus-lat1.xml@965,6,coniciamus,conicio,VERB
phi0972.phi001.perseus-lat1.xml@965,7,nos,nos,PRON
phi0972.phi001.perseus-lat1.xml@965,8,in,in,ADP
phi0972.phi001.perseus-lat1.xml@965,9,balneum,balneum,NOUN
phi0972.phi001.perseus-lat1.xml@965,10,",",",",PUNCT
phi0972.phi001.perseus-lat1.xml@965,11,meo,meus,DET
phi0972.phi001.perseus-lat1.xml@965,12,periculo,periculum,NOUN
phi0972.phi001.perseus-lat1.xml@965,13,",",",",PUNCT
phi0972.phi001.perseus-lat1.xml@965,14,non,non,PART
phi0972.phi001.perseus-lat1.xml@965,15,paenitebit,paeniteo,VERB
phi0972.phi001.perseus-lat1.xml@965,16,.,.,PUNCT
phi0972.phi001.perseus-lat1.xml@971,1,Cum,cum,SCONJ
phi0972.phi001.perseus-lat1.xml@971,2,haec,hic,DET
phi0972.phi001.perseus-lat1.xml@971,3,placuissent,placeo,VERB
phi0972.phi001.perseus-lat1.xml@971,4,",",",",PUNCT
phi0972.phi001.perseus-lat1.xml@971,5,ducente,duco,VERB
phi0972.phi001.perseus-lat1.xml@971,6,per,per,ADP
phi0972.phi001.perseus-lat1.xml@971,7,porticum,porticus,NOUN
phi0972.phi001.perseus-lat1.xml@971,8,Gitone,Giton,PROPN
phi0972.phi001.perseus-lat1.xml@971,9,ad,ad,ADP
phi0972.phi001.perseus-lat1.xml@971,10,ianuam,ianua,NOUN
phi0972.phi001.perseus-lat1.xml@971,11,venimus,venio,VERB
phi0972.phi001.perseus-lat1.xml@971,12,",",",",PUNCT
phi0972.phi001.perseus-lat1.xml@971,13,ubi,ubi,SCONJ
phi0972.phi001.perseus-lat1.xml@971,14,canis,canis,NOUN
phi0972.phi001.perseus-lat1.xml@971,15,catenarius,catenarius,ADJ
phi0972.phi001.perseus-lat1.xml@971,16,tanto,tantus,DET
phi0972.phi001.perseus-lat1.xml@971,17,nos,nos,PRON
phi0972.phi001.perseus-lat1.xml@971,18,tumultu,tumultus,NOUN
phi0972.phi001.perseus-lat1.xml@971,19,excepit,excipio,VERB
phi0972.phi001.perseus-lat1.xml@971,20,",",",",PUNCT
phi0972.phi001.perseus-lat1.xml@971,21,ut,ut,SCONJ
phi0972.phi001.perseus-lat1.xml@971,22,Ascyltos,Ascyltos,PROPN
phi0972.phi001.perseus-lat1.xml@971,23,etiam,etiam,ADV
phi0972.phi001.perseus-lat1.xml@971,24,in,in,ADP
phi0972.phi001.perseus-lat1.xml@971,25,piscinam,piscina,NOUN
phi0972.phi001.perseus-lat1.xml@971,26,ceciderit,caedo,VERB
phi0972.phi001.perseus-lat1.xml@971,27,.,.,PUNCT
phi0972.phi001.perseus-lat1.xml@973,1,Servavit,servo,VERB
phi0972.phi001.perseus-lat1.xml@973,2,nos,nos,PRON
phi0972.phi001.perseus-lat1.xml@973,3,tamen,tamen,ADV
phi0972.phi001.perseus-lat1.xml@973,4,atriensis,atriensis,NOUN
phi0972.phi001.perseus-lat1.xml@973,5,",",",",PUNCT
phi0972.phi001.perseus-lat1.xml@973,6,qui,qui,PRON
phi0972.phi001.perseus-lat1.xml@973,7,interventu,interventus,NOUN
phi0972.phi001.perseus-lat1.xml@973,8,suo,suus,DET
phi0972.phi001.perseus-lat1.xml@973,9,et,et,CCONJ
phi0972.phi001.perseus-lat1.xml@973,10,canem,canis,NOUN
phi0972.phi001.perseus-lat1.xml@973,11,placavit,placo,VERB
phi0972.phi001.perseus-lat1.xml@973,12,et,et,CCONJ
phi0972.phi001.perseus-lat1.xml@973,13,nos,nos,PRON
phi0972.phi001.perseus-lat1.xml@973,14,trementes,tremo,VERB
phi0972.phi001.perseus-lat1.xml@973,15,extraxit,extraho,VERB
phi0972.phi001.perseus-lat1.xml@973,16,in,in,ADP
phi0972.phi001.perseus-lat1.xml@973,17,siccum,siccus,ADJ
phi0972.phi001.perseus-lat1.xml@973,18,.,.,PUNCT
phi0972.phi001.perseus-lat1.xml@974,1,Et,et,CCONJ
phi0972.phi001.perseus-lat1.xml@974,2,Giton,Giton,PROPN
phi0972.phi001.perseus-lat1.xml@974,3,quidem,quidem,PART
phi0972.phi001.perseus-lat1.xml@974,4,iam,iam,ADV
phi0972.phi001.perseus-lat1.xml@974,5,dudum,dudum,ADV
phi0972.phi001.perseus-lat1.xml@974,6,se,sui,PRON
phi0972.phi001.perseus-lat1.xml@974,7,ratione,ratio,NOUN
phi0972.phi001.perseus-lat1.xml@974,8,acutissima,acutus,ADJ
phi0972.phi001.perseus-lat1.xml@974,9,redemerat,redemo,VERB
phi0972.phi001.perseus-lat1.xml@974,10,a,ab,ADP
phi0972.phi001.perseus-lat1.xml@974,11,cane,canis,NOUN
phi0972.phi001.perseus-lat1.xml@974,12,;,;,PUNCT
phi0972.phi001.perseus-lat1.xml@979,1,Quid,quis,PRON
phi0972.phi001.perseus-lat1.xml@979,2,faciamus,facio,VERB
phi0972.phi001.perseus-lat1.xml@979,3,homines,homo,NOUN
phi0972.phi001.perseus-lat1.xml@979,4,miserrimi,miser,ADJ
phi0972.phi001.perseus-lat1.xml@979,5,et,et,CCONJ
phi0972.phi001.perseus-lat1.xml@979,6,novi,novus,ADJ
phi0972.phi001.perseus-lat1.xml@979,7,generis,genus,NOUN
phi0972.phi001.perseus-lat1.xml@979,8,labyrintho,labyrinthus,NOUN
phi0972.phi001.perseus-lat1.xml@979,9,inclusi,includo,VERB
phi0972.phi001.perseus-lat1.xml@979,10,",",",",PUNCT
phi0972.phi001.perseus-lat1.xml@980,1,quibus,qui,PRON
phi0972.phi001.perseus-lat1.xml@980,2,lavari,lavo,VERB
phi0972.phi001.perseus-lat1.xml@980,3,iam,iam,ADV
phi0972.phi001.perseus-lat1.xml@980,4,coeperat,coepio,VERB
phi0972.phi001.perseus-lat1.xml@980,5,votum,votum,NOUN
phi0972.phi001.perseus-lat1.xml@980,6,esse,sum,AUX
phi0972.phi001.perseus-lat1.xml@980,7,?,?,PUNCT
phi0972.phi001.perseus-lat1.xml@981,1,Ultro,ultro,ADV
phi0972.phi001.perseus-lat1.xml@981,2,ergo,ergo,ADV
phi0972.phi001.perseus-lat1.xml@981,3,rogavimus,rogo,VERB
phi0972.phi001.perseus-lat1.xml@981,4,",",",",PUNCT
phi0972.phi001.perseus-lat1.xml@981,5,ut,ut,SCONJ
phi0972.phi001.perseus-lat1.xml@981,6,nos,nos,PRON
phi0972.phi001.perseus-lat1.xml@981,7,ad,ad,ADP
phi0972.phi001.perseus-lat1.xml@981,8,balneum,balneum,NOUN
phi0972.phi001.perseus-lat1.xml@981,9,duceret,duco,VERB
phi0972.phi001.perseus-lat1.xml@981,10,",",",",PUNCT
phi0972.phi001.perseus-lat1.xml@981,11-12,proiectisque,_,_
phi0972.phi001.perseus-lat1.xml@981,11,proiectis,proicio,VERB
phi0972.phi001.perseus-lat1.xml@981,12,que,que,CCONJ
phi0972.phi001.perseus-lat1.xml@981,13,vestimentis,vestimentum,NOUN
phi0972.phi001.perseus-lat1.xml@981,14,",",",",PUNCT
phi0972.phi001.perseus-lat1.xml@981,15,quae,qui,PRON
phi0972.phi001.perseus-lat1.xml@981,16,Giton,Giton,PROPN
phi0972.phi001.perseus-lat1.xml@981,17,in,in,ADP
phi0972.phi001.perseus-lat1.xml@981,18,aditu,aditus,NOUN
phi0972.phi001.perseus-lat1.xml@981,19,siccare,sicco,VERB
phi0972.phi001.perseus-lat1.xml@981,20,coepit,coepio,VERB
phi0972.phi001.perseus-lat1.xml@981,21,",",",",PUNCT
phi0972.phi001.perseus-lat1.xml@981,22,balneum,balneum,NOUN
phi0972.phi001.perseus-lat1.xml@981,23,intravimus,intro,VERB
phi0972.phi001.perseus-lat1.xml@981,24,",",",",PUNCT
phi0972.phi001.perseus-lat1.xml@981,25,angustum,angustus,ADJ
phi0972.phi001.perseus-lat1.xml@981,26,scilicet,scilicet,ADV
phi0972.phi001.perseus-lat1.xml@981,27,et,et,CCONJ
phi0972.phi001.perseus-lat1.xml@981,28,cisternae,cisterna,NOUN
phi0972.phi001.perseus-lat1.xml@981,29,frigidariae,frigidarius,ADJ
phi0972.phi001.perseus-lat1.xml@981,30,simile,similis,ADJ
phi0972.phi001.perseus-lat1.xml@981,31,",",",",PUNCT
phi0972.phi001.perseus-lat1.xml@981,32,in,in,ADP
phi0972.phi001.perseus-lat1.xml@981,33,quo,qui,PRON
phi0972.phi001.perseus-lat1.xml@981,34,Trimalchio,Trimalchio,PROPN
phi0972.phi001.perseus-lat1.xml@981,35,rectus,rectus,ADJ
phi0972.phi001.perseus-lat1.xml@981,36,stabat,sto,VERB
phi0972.phi001.perseus-lat1.xml@981,37,.,.,PUNCT
phi0972.phi001.perseus-lat1.xml@982,1,Ac,atque,SCONJ
phi0972.phi001.perseus-lat1.xml@982,2,ne,ne,ADV
phi0972.phi001.perseus-lat1.xml@982,3,sic,sic,ADV
phi0972.phi001.perseus-lat1.xml@982,4,quidem,quidem,PART
phi0972.phi001.perseus-lat1.xml@982,5,putidissimam,putidus,ADJ
phi0972.phi001.perseus-lat1.xml@982,6,eius,is,PRON
phi0972.phi001.perseus-lat1.xml@982,7,iactationem,iactatio,NOUN
phi0972.phi001.perseus-lat1.xml@982,8,licuit,liqueo,VERB
phi0972.phi001.perseus-lat1.xml@982,9,effugere,effugio,VERB
phi0972.phi001.perseus-lat1.xml@982,10,;,;,PUNCT
phi0972.phi001.perseus-lat1.xml@983,1,Deinde,deinde,ADV
phi0972.phi001.perseus-lat1.xml@983,2,ut,ut,SCONJ
phi0972.phi001.perseus-lat1.xml@983,3,lassatus,lasso,VERB
phi0972.phi001.perseus-lat1.xml@983,4,consedit,consido,VERB
phi0972.phi001.perseus-lat1.xml@983,5,",",",",PUNCT
phi0972.phi001.perseus-lat1.xml@983,6,invitatus,invito,VERB
phi0972.phi001.perseus-lat1.xml@983,7,balnei,balneum,NOUN
phi0972.phi001.perseus-lat1.xml@983,8,sono,Sonus,PROPN
phi0972.phi001.perseus-lat1.xml@983,9,diduxit,diduco,VERB
phi0972.phi001.perseus-lat1.xml@983,10,usque,usque,ADV
phi0972.phi001.perseus-lat1.xml@983,11,ad,ad,ADP
phi0972.phi001.perseus-lat1.xml@983,12,cameramos,camera,NOUN
phi0972.phi001.perseus-lat1.xml@983,13,ebrium,ebrius,NOUN
phi0972.phi001.perseus-lat1.xml@983,14,et,et,CCONJ
phi0972.phi001.perseus-lat1.xml@983,15,coepit,coepio,VERB
phi0972.phi001.perseus-lat1.xml@983,16,Menecratis,Menecrates,PROPN
phi0972.phi001.perseus-lat1.xml@983,17,cantica,canticum,NOUN
phi0972.phi001.perseus-lat1.xml@983,18,lacerare,lacero,VERB
phi0972.phi001.perseus-lat1.xml@983,19,",",",",PUNCT
phi0972.phi001.perseus-lat1.xml@983,20,sicut,sicut,SCONJ
phi0972.phi001.perseus-lat1.xml@983,21,illi,ille,DET
phi0972.phi001.perseus-lat1.xml@983,22,dicebant,dico,VERB
phi0972.phi001.perseus-lat1.xml@983,23,",",",",PUNCT
phi0972.phi001.perseus-lat1.xml@983,24,qui,qui,PRON
phi0972.phi001.perseus-lat1.xml@983,25,linguam,lingua,NOUN
phi0972.phi001.perseus-lat1.xml@983,26,eius,is,PRON
phi0972.phi001.perseus-lat1.xml@983,27,intellegebant,intellego,VERB
phi0972.phi001.perseus-lat1.xml@983,28,.,.,PUNCT
phi0972.phi001.perseus-lat1.xml@984,1,Ceteri,ceterus,DET
phi0972.phi001.perseus-lat1.xml@984,2,convivae,conviva,NOUN
phi0972.phi001.perseus-lat1.xml@984,3,circa,circa,ADP
phi0972.phi001.perseus-lat1.xml@984,4,labrum,labrum,NOUN
phi0972.phi001.perseus-lat1.xml@984,5,manibus,manus,NOUN
phi0972.phi001.perseus-lat1.xml@984,6,nexis,necto,VERB
phi0972.phi001.perseus-lat1.xml@984,7,currebant,curro,VERB
phi0972.phi001.perseus-lat1.xml@984,8,et,et,CCONJ
phi0972.phi001.perseus-lat1.xml@984,9,gingilipho,gingiliphum?,NOUN
phi0972.phi001.perseus-lat1.xml@984,10,ingenti,ingens,ADJ
phi0972.phi001.perseus-lat1.xml@984,11,clamore,clamor,NOUN
phi0972.phi001.perseus-lat1.xml@984,12,exsonabant,exsono,VERB
phi0972.phi001.perseus-lat1.xml@984,13,.,.,PUNCT
phi0972.phi001.perseus-lat1.xml@986,1,Nos,nos,PRON
phi0972.phi001.perseus-lat1.xml@986,2,",",",",PUNCT
phi0972.phi001.perseus-lat1.xml@986,3,dum,dum,SCONJ
phi0972.phi001.perseus-lat1.xml@986,4,alii,alius,DET
phi0972.phi001.perseus-lat1.xml@986,5,sibi,sui,PRON
phi0972.phi001.perseus-lat1.xml@986,6,ludos,ludus,NOUN
phi0972.phi001.perseus-lat1.xml@986,7,faciunt,facio,VERB
phi0972.phi001.perseus-lat1.xml@986,8,",",",",PUNCT
phi0972.phi001.perseus-lat1.xml@986,9,in,in,ADP
phi0972.phi001.perseus-lat1.xml@986,10,solium,solium,NOUN
phi0972.phi001.perseus-lat1.xml@986,11,",",",",PUNCT
phi0972.phi001.perseus-lat1.xml@986,12,quod,qui,PRON
phi0972.phi001.perseus-lat1.xml@986,13,Trimalchioni,Trimalchio,PROPN
phi0972.phi001.perseus-lat1.xml@986,14,vaporabatur,vaporo,VERB
phi0972.phi001.perseus-lat1.xml@986,15,",",",",PUNCT
phi0972.phi001.perseus-lat1.xml@986,16,descendimus,descendo,VERB
phi0972.phi001.perseus-lat1.xml@986,17,.,.,PUNCT
phi0972.phi001.perseus-lat1.xml@988,1-2,aeneolosque,_,_
phi0972.phi001.perseus-lat1.xml@988,1,aeneolos,aeneolus,ADJ
phi0972.phi001.perseus-lat1.xml@988,2,que,que,CCONJ
phi0972.phi001.perseus-lat1.xml@988,3,piscatores,piscator,NOUN
phi0972.phi001.perseus-lat1.xml@988,4,notaverim,noto,VERB
phi0972.phi001.perseus-lat1.xml@988,5,et,et,CCONJ
phi0972.phi001.perseus-lat1.xml@988,6,mensas,mensa,NOUN
phi0972.phi001.perseus-lat1.xml@988,7,totas,totus,DET
phi0972.phi001.perseus-lat1.xml@988,8,argenteas,argenteus,ADJ
phi0972.phi001.perseus-lat1.xml@988,9-10,calicesque,_,_
phi0972.phi001.perseus-lat1.xml@988,9,calices,calix,NOUN
phi0972.phi001.perseus-lat1.xml@988,10,que,que,CCONJ
phi0972.phi001.perseus-lat1.xml@988,11,circa,circa,ADV
phi0972.phi001.perseus-lat1.xml@988,12,fictiles,fictilis,ADJ
phi0972.phi001.perseus-lat1.xml@988,13,inauratos,inauro,VERB
phi0972.phi001.perseus-lat1.xml@988,14,et,et,CCONJ
phi0972.phi001.perseus-lat1.xml@988,15,vinum,vinum,NOUN
phi0972.phi001.perseus-lat1.xml@988,16,in,in,ADP
phi0972.phi001.perseus-lat1.xml@988,17,conspectu,conspectus,NOUN
phi0972.phi001.perseus-lat1.xml@988,18,sacco,saccus,NOUN
phi0972.phi001.perseus-lat1.xml@988,19,defluens,defluo,VERB
phi0972.phi001.perseus-lat1.xml@988,20,.,.,PUNCT
phi0972.phi001.perseus-lat1.xml@991,1,Haec,hic,DET
phi0972.phi001.perseus-lat1.xml@991,2,dicente,dico,VERB
phi0972.phi001.perseus-lat1.xml@991,3,eo,is,PRON
phi0972.phi001.perseus-lat1.xml@991,4,gallus,Gallus,PROPN
phi0972.phi001.perseus-lat1.xml@991,5,gallinaceus,gallinaceus,ADJ
phi0972.phi001.perseus-lat1.xml@991,6,cantavit,canto,VERB
phi0972.phi001.perseus-lat1.xml@991,7,.,.,PUNCT
phi0972.phi001.perseus-lat1.xml@992,1,Qua,qui,DET
phi0972.phi001.perseus-lat1.xml@992,2,voce,vox,NOUN
phi0972.phi001.perseus-lat1.xml@992,3,confusus,confundo,VERB
phi0972.phi001.perseus-lat1.xml@992,4,Trimalchio,Trimalchio,PROPN
phi0972.phi001.perseus-lat1.xml@992,5,vinum,vinum,NOUN
phi0972.phi001.perseus-lat1.xml@992,6,sub,sub,ADP
phi0972.phi001.perseus-lat1.xml@992,7,mensa,mensa,NOUN
phi0972.phi001.perseus-lat1.xml@992,8,iussit,iubeo,VERB
phi0972.phi001.perseus-lat1.xml@992,9,effundi,effundo,VERB
phi0972.phi001.perseus-lat1.xml@992,10-11,lucernamque,_,_
phi0972.phi001.perseus-lat1.xml@992,10,lucernam,lucerna,NOUN
phi0972.phi001.perseus-lat1.xml@992,11,que,que,CCONJ
phi0972.phi001.perseus-lat1.xml@992,12,etiam,etiam,ADV
phi0972.phi001.perseus-lat1.xml@992,13,mero,merum,NOUN
phi0972.phi001.perseus-lat1.xml@992,14,spargi,spargo,VERB
phi0972.phi001.perseus-lat1.xml@992,15,.,.,PUNCT
phi0972.phi001.perseus-lat1.xml@995,1,Longe,longus,ADV
phi0972.phi001.perseus-lat1.xml@995,2,a,ab,ADP
phi0972.phi001.perseus-lat1.xml@995,3,nobis,nos,PRON
phi0972.phi001.perseus-lat1.xml@995,4,.,.,PUNCT
phi0972.phi001.perseus-lat1.xml@999,1-2,Dumque,_,_
phi0972.phi001.perseus-lat1.xml@999,1,Dum,dum,SCONJ
phi0972.phi001.perseus-lat1.xml@999,2,que,que,CCONJ
phi0972.phi001.perseus-lat1.xml@999,3,Daedalus,Daedalus,ADJ
phi0972.phi001.perseus-lat1.xml@999,4,potionem,potio,NOUN
phi0972.phi001.perseus-lat1.xml@999,5,ferventissimam,fervens,ADJ
phi0972.phi001.perseus-lat1.xml@999,6,haurit,haurio,VERB
phi0972.phi001.perseus-lat1.xml@999,7,",",",",PUNCT
phi0972.phi001.perseus-lat1.xml@999,8,Fortunata,Fortunata,PROPN
phi0972.phi001.perseus-lat1.xml@999,9,mola,mola,NOUN
phi0972.phi001.perseus-lat1.xml@999,10,buxea,buxeus,ADJ
phi0972.phi001.perseus-lat1.xml@999,11,piper,piper,NOUN
phi0972.phi001.perseus-lat1.xml@999,12,trivit,tero,VERB
phi0972.phi001.perseus-lat1.xml@999,13,.,.,PUNCT
phi0972.phi001.perseus-lat1.xml@1002,1,Subiit,subeo,VERB
phi0972.phi001.perseus-lat1.xml@1002,2,igitur,igitur,PART
phi0972.phi001.perseus-lat1.xml@1002,3,alia,alius,DET
phi0972.phi001.perseus-lat1.xml@1002,4,classis,classis,NOUN
phi0972.phi001.perseus-lat1.xml@1002,5,",",",",PUNCT
phi0972.phi001.perseus-lat1.xml@1002,6,et,et,CCONJ
phi0972.phi001.perseus-lat1.xml@1002,7,illi,ille,DET
phi0972.phi001.perseus-lat1.xml@1002,8,quidem,quidem,PART
phi0972.phi001.perseus-lat1.xml@1002,9,exclamavere,exclamo,VERB
phi0972.phi001.perseus-lat1.xml@1002,10,:,:,PUNCT
phi0972.phi001.perseus-lat1.xml@1006,1,Itaque,ita,ADV
phi0972.phi001.perseus-lat1.xml@1006,2,Fortunata,Fortunata,PROPN
phi0972.phi001.perseus-lat1.xml@1006,3,",",",",PUNCT
phi0972.phi001.perseus-lat1.xml@1006,4,ut,ut,SCONJ
phi0972.phi001.perseus-lat1.xml@1006,5,ex,ex,ADP
phi0972.phi001.perseus-lat1.xml@1006,6,aequo,aequum,NOUN
phi0972.phi001.perseus-lat1.xml@1006,7,ius,ius,NOUN
phi0972.phi001.perseus-lat1.xml@1006,8,firmum,Firmum,PROPN
phi0972.phi001.perseus-lat1.xml@1006,9,approbaret,approbo,VERB
phi0972.phi001.perseus-lat1.xml@1006,10,",",",",PUNCT
phi0972.phi001.perseus-lat1.xml@1006,11,male,malus,ADV
phi0972.phi001.perseus-lat1.xml@1006,12,dicere,dico,VERB
phi0972.phi001.perseus-lat1.xml@1006,13,Trimalchioni,Trimalchio,PROPN
phi0972.phi001.perseus-lat1.xml@1006,14,coepit,coepio,VERB
phi0972.phi001.perseus-lat1.xml@1006,15,et,et,CCONJ
phi0972.phi001.perseus-lat1.xml@1006,16,purgamentum,purgamentum,NOUN
phi0972.phi001.perseus-lat1.xml@1006,17-18,dedecusque,_,_
phi0972.phi001.perseus-lat1.xml@1006,17,dedecus,dedecus,NOUN
phi0972.phi001.perseus-lat1.xml@1006,18,que,que,CCONJ
phi0972.phi001.perseus-lat1.xml@1006,19,praedicare,praedico,VERB
phi0972.phi001.perseus-lat1.xml@1006,20,",",",",PUNCT
phi0972.phi001.perseus-lat1.xml@1006,21,qui,qui,PRON
phi0972.phi001.perseus-lat1.xml@1006,22,non,non,PART
phi0972.phi001.perseus-lat1.xml@1006,23,contineret,contineo,VERB
phi0972.phi001.perseus-lat1.xml@1006,24,libidinem,libido,NOUN
phi0972.phi001.perseus-lat1.xml@1006,25,suam,suus,DET
phi0972.phi001.perseus-lat1.xml@1006,26,.,.,PUNCT
phi0972.phi001.perseus-lat1.xml@1007,1,Ultimo,ultimo,ADV
phi0972.phi001.perseus-lat1.xml@1007,2,etiam,etiam,ADV
phi0972.phi001.perseus-lat1.xml@1007,3,adiecit,adiicio,VERB
phi0972.phi001.perseus-lat1.xml@1007,4,:,:,PUNCT
phi0972.phi001.perseus-lat1.xml@1009,1,Trimalchio,Trimalchio,PROPN
phi0972.phi001.perseus-lat1.xml@1009,2,contra,contra,ADV
phi0972.phi001.perseus-lat1.xml@1009,3,offensus,offendo,VERB
phi0972.phi001.perseus-lat1.xml@1009,4,convicio,convicium,NOUN
phi0972.phi001.perseus-lat1.xml@1009,5,calicem,calix,NOUN
phi0972.phi001.perseus-lat1.xml@1009,6,in,in,ADP
phi0972.phi001.perseus-lat1.xml@1009,7,faciem,facies,NOUN
phi0972.phi001.perseus-lat1.xml@1009,8,Fortunatae,Fortunata,PROPN
phi0972.phi001.perseus-lat1.xml@1009,9,immisit,immitto,VERB
phi0972.phi001.perseus-lat1.xml@1009,10,.,.,PUNCT
phi0972.phi001.perseus-lat1.xml@1010,1,Illa,ille,DET
phi0972.phi001.perseus-lat1.xml@1010,2,tanquam,tamquam,SCONJ
phi0972.phi001.perseus-lat1.xml@1010,3,oculum,oculus,NOUN
phi0972.phi001.perseus-lat1.xml@1010,4,perdidisset,perdo,VERB
phi0972.phi001.perseus-lat1.xml@1010,5,",",",",PUNCT
phi0972.phi001.perseus-lat1.xml@1010,6,exclamavit,exclamo,VERB
phi0972.phi001.perseus-lat1.xml@1010,7-8,manusque,_,_
phi0972.phi001.perseus-lat1.xml@1010,7,manus,manus,NOUN
phi0972.phi001.perseus-lat1.xml@1010,8,que,que,CCONJ
phi0972.phi001.perseus-lat1.xml@1010,9,trementes,tremo,VERB
phi0972.phi001.perseus-lat1.xml@1010,10,ad,ad,ADP
phi0972.phi001.perseus-lat1.xml@1010,11,faciem,facies,NOUN
phi0972.phi001.perseus-lat1.xml@1010,12,suam,suus,DET
phi0972.phi001.perseus-lat1.xml@1010,13,admovit,admoveo,VERB
phi0972.phi001.perseus-lat1.xml@1010,14,.,.,PUNCT
phi0972.phi001.perseus-lat1.xml@1012,1,Immo,immo,ADV
phi0972.phi001.perseus-lat1.xml@1012,2,puer,puer,NOUN
phi0972.phi001.perseus-lat1.xml@1012,3,quoque,quoque,PART
phi0972.phi001.perseus-lat1.xml@1012,4,officiosus,officiosus,ADJ
phi0972.phi001.perseus-lat1.xml@1012,5,urceolum,urceolum,NOUN
phi0972.phi001.perseus-lat1.xml@1012,6,frigidum,frigidus,ADJ
phi0972.phi001.perseus-lat1.xml@1012,7,ad,ad,ADP
phi0972.phi001.perseus-lat1.xml@1012,8,malam,mala,NOUN
phi0972.phi001.perseus-lat1.xml@1012,9,eius,is,PRON
phi0972.phi001.perseus-lat1.xml@1012,10,admovit,admoveo,VERB
phi0972.phi001.perseus-lat1.xml@1012,11,",",",",PUNCT
phi0972.phi001.perseus-lat1.xml@1012,12,super,super,ADP
phi0972.phi001.perseus-lat1.xml@1012,13,quem,qui,PRON
phi0972.phi001.perseus-lat1.xml@1012,14,incumbens,incumbo,VERB
phi0972.phi001.perseus-lat1.xml@1012,15,Fortunata,Fortunata,PROPN
phi0972.phi001.perseus-lat1.xml@1012,16,gemere,gemo,VERB
phi0972.phi001.perseus-lat1.xml@1012,17,ac,atque,CCONJ
phi0972.phi001.perseus-lat1.xml@1012,18,flere,fleo,VERB
phi0972.phi001.perseus-lat1.xml@1012,19,coepit,coepio,VERB
phi0972.phi001.perseus-lat1.xml@1012,20,.,.,PUNCT
phi0972.phi001.perseus-lat1.xml@1017,1,Et,et,CCONJ
phi0972.phi001.perseus-lat1.xml@1017,2,ego,ego,PRON
phi0972.phi001.perseus-lat1.xml@1017,3,",",",",PUNCT
phi0972.phi001.perseus-lat1.xml@1017,4,homo,homo,NOUN
phi0972.phi001.perseus-lat1.xml@1017,5,dipundiarius,dipundarius,ADJ
phi0972.phi001.perseus-lat1.xml@1017,6,",",",",PUNCT
phi0972.phi001.perseus-lat1.xml@1017,7,sestertium,sestertius,NOUN
phi0972.phi001.perseus-lat1.xml@1017,8,centies,centiens,ADV
phi0972.phi001.perseus-lat1.xml@1017,9,accipere,accipio,VERB
phi0972.phi001.perseus-lat1.xml@1017,10,potui,possum,VERB
phi0972.phi001.perseus-lat1.xml@1017,11,.,.,PUNCT
phi0972.phi001.perseus-lat1.xml@1018,1,Scis,scio,VERB
phi0972.phi001.perseus-lat1.xml@1018,2,tu,tu,PRON
phi0972.phi001.perseus-lat1.xml@1018,3,me,ego,PRON
phi0972.phi001.perseus-lat1.xml@1018,4,non,non,PART
phi0972.phi001.perseus-lat1.xml@1018,5,mentiri,mentior,VERB
phi0972.phi001.perseus-lat1.xml@1018,6,.,.,PUNCT
phi0972.phi001.perseus-lat1.xml@1020,1,At,at,CCONJ
phi0972.phi001.perseus-lat1.xml@1020,2,ego,ego,PRON
phi0972.phi001.perseus-lat1.xml@1020,3,dum,dum,SCONJ
phi0972.phi001.perseus-lat1.xml@1020,4,bonatus,bonatus,ADJ
phi0972.phi001.perseus-lat1.xml@1020,5,ago,ago,VERB
phi0972.phi001.perseus-lat1.xml@1020,6,et,et,CCONJ
phi0972.phi001.perseus-lat1.xml@1020,7,nolo,nolo,VERB
phi0972.phi001.perseus-lat1.xml@1020,8,videri,video,VERB
phi0972.phi001.perseus-lat1.xml@1020,9,levis,levis,ADJ
phi0972.phi001.perseus-lat1.xml@1020,10,",",",",PUNCT
phi0972.phi001.perseus-lat1.xml@1020,11,ipse,ipse,DET
phi0972.phi001.perseus-lat1.xml@1020,12,mihi,ego,PRON
phi0972.phi001.perseus-lat1.xml@1020,13,asciam,ascia,NOUN
phi0972.phi001.perseus-lat1.xml@1020,14,in,in,ADP
phi0972.phi001.perseus-lat1.xml@1020,15,crus,crus,NOUN
phi0972.phi001.perseus-lat1.xml@1020,16,impegi,impingo,VERB
phi0972.phi001.perseus-lat1.xml@1020,17,.,.,PUNCT
phi0972.phi001.perseus-lat1.xml@1021,1,Recte,rectus,ADV
phi0972.phi001.perseus-lat1.xml@1021,2,",",",",PUNCT
phi0972.phi001.perseus-lat1.xml@1021,3,curabo,curo,VERB
phi0972.phi001.perseus-lat1.xml@1021,4,",",",",PUNCT
phi0972.phi001.perseus-lat1.xml@1021,5,me,ego,PRON
phi0972.phi001.perseus-lat1.xml@1021,6,unguibus,unguis,NOUN
phi0972.phi001.perseus-lat1.xml@1021,7,quaeras,quaero,VERB
phi0972.phi001.perseus-lat1.xml@1021,8,.,.,PUNCT
phi0972.phi001.perseus-lat1.xml@1022,1,Et,et,CCONJ
phi0972.phi001.perseus-lat1.xml@1022,2,ut,ut,SCONJ
phi0972.phi001.perseus-lat1.xml@1022,3,depraesentiarum,depraesentiarum,ADV
phi0972.phi001.perseus-lat1.xml@1022,4,intelligas,intellego,VERB
phi0972.phi001.perseus-lat1.xml@1022,5,",",",",PUNCT
phi0972.phi001.perseus-lat1.xml@1022,6,quid,quis,PRON
phi0972.phi001.perseus-lat1.xml@1022,7,tibi,tu,PRON
phi0972.phi001.perseus-lat1.xml@1022,8,feceris,facio,VERB
phi0972.phi001.perseus-lat1.xml@1022,9,:,:,PUNCT
phi0972.phi001.perseus-lat1.xml@1023,1,Habinna,Habinnas,PROPN
phi0972.phi001.perseus-lat1.xml@1023,2,",",",",PUNCT
phi0972.phi001.perseus-lat1.xml@1023,3,nolo,nolo,VERB
phi0972.phi001.perseus-lat1.xml@1023,4,",",",",PUNCT
phi0972.phi001.perseus-lat1.xml@1023,5,statuam,statua,NOUN
phi0972.phi001.perseus-lat1.xml@1023,6,eius,is,PRON
phi0972.phi001.perseus-lat1.xml@1023,7,in,in,ADP
phi0972.phi001.perseus-lat1.xml@1023,8,monumento,monumentum,NOUN
phi0972.phi001.perseus-lat1.xml@1023,9,meo,meus,DET
phi0972.phi001.perseus-lat1.xml@1023,10,ponas,pono,VERB
phi0972.phi001.perseus-lat1.xml@1023,11,",",",",PUNCT
phi0972.phi001.perseus-lat1.xml@1023,12,ne,ne,SCONJ
phi0972.phi001.perseus-lat1.xml@1023,13,mortuus,mortuus,NOUN
phi0972.phi001.perseus-lat1.xml@1023,14,quidem,quidem,PART
phi0972.phi001.perseus-lat1.xml@1023,15,lites,lis,NOUN
phi0972.phi001.perseus-lat1.xml@1023,16,habeam,habeo,VERB
phi0972.phi001.perseus-lat1.xml@1023,17,.,.,PUNCT
phi0972.phi001.perseus-lat1.xml@1027,1,Idem,idem,DET
phi0972.phi001.perseus-lat1.xml@1027,2,et,et,ADV
phi0972.phi001.perseus-lat1.xml@1027,3,Scintilla,Scintilla,PROPN
phi0972.phi001.perseus-lat1.xml@1027,4,flens,fleo,VERB
phi0972.phi001.perseus-lat1.xml@1027,5,dixit,dico,VERB
phi0972.phi001.perseus-lat1.xml@1027,6,ac,atque,CCONJ
phi0972.phi001.perseus-lat1.xml@1027,7,per,per,ADP
phi0972.phi001.perseus-lat1.xml@1027,8,genium,genius,NOUN
phi0972.phi001.perseus-lat1.xml@1027,9,eius,is,PRON
phi0972.phi001.perseus-lat1.xml@1027,10,Gaium,Gaius,PROPN
phi0972.phi001.perseus-lat1.xml@1027,11,appellando,appello,VERB
phi0972.phi001.perseus-lat1.xml@1027,12,rogare,rogo,VERB
phi0972.phi001.perseus-lat1.xml@1027,13,coepit,coepio,VERB
phi0972.phi001.perseus-lat1.xml@1027,14,",",",",PUNCT
phi0972.phi001.perseus-lat1.xml@1027,15,ut,ut,SCONJ
phi0972.phi001.perseus-lat1.xml@1027,16,se,sui,PRON
phi0972.phi001.perseus-lat1.xml@1027,17,frangeret,frango,VERB
phi0972.phi001.perseus-lat1.xml@1027,18,.,.,PUNCT
phi0972.phi001.perseus-lat1.xml@1029,1,si,si,SCONJ
phi0972.phi001.perseus-lat1.xml@1029,2,quid,quis,PRON
phi0972.phi001.perseus-lat1.xml@1029,3,perperam,perperam,ADV
phi0972.phi001.perseus-lat1.xml@1029,4,feci,facio,VERB
phi0972.phi001.perseus-lat1.xml@1029,5,",",",",PUNCT
phi0972.phi001.perseus-lat1.xml@1029,6,in,in,ADP
phi0972.phi001.perseus-lat1.xml@1029,7,faciem,facies,NOUN
phi0972.phi001.perseus-lat1.xml@1029,8,meam,meus,DET
phi0972.phi001.perseus-lat1.xml@1029,9,inspue,inspuo,VERB
phi0972.phi001.perseus-lat1.xml@1029,10,.,.,PUNCT
phi0972.phi001.perseus-lat1.xml@1030,1,Puerum,puer,NOUN
phi0972.phi001.perseus-lat1.xml@1030,2,basiavi,basio,VERB
phi0972.phi001.perseus-lat1.xml@1030,3,frugalissimum,frugalis,ADJ
phi0972.phi001.perseus-lat1.xml@1030,4,",",",",PUNCT
phi0972.phi001.perseus-lat1.xml@1030,5,non,non,PART
phi0972.phi001.perseus-lat1.xml@1030,6,propter,propter,ADP
phi0972.phi001.perseus-lat1.xml@1030,7,formal,forma,NOUN
phi0972.phi001.perseus-lat1.xml@1030,8,",",",",PUNCT
phi0972.phi001.perseus-lat1.xml@1030,9,sed,sed,CCONJ
phi0972.phi001.perseus-lat1.xml@1030,10,quia,quia,SCONJ
phi0972.phi001.perseus-lat1.xml@1030,11,frugi,frugi,NOUN
phi0972.phi001.perseus-lat1.xml@1030,12,est,sum,AUX
phi0972.phi001.perseus-lat1.xml@1030,13,:,:,PUNCT
phi0972.phi001.perseus-lat1.xml@1031,1,decem,decem,NUM
phi0972.phi001.perseus-lat1.xml@1031,2,partes,pars,NOUN
phi0972.phi001.perseus-lat1.xml@1031,3,dicit,dico,VERB
phi0972.phi001.perseus-lat1.xml@1031,4,",",",",PUNCT
phi0972.phi001.perseus-lat1.xml@1031,5,librum,liber,NOUN
phi0972.phi001.perseus-lat1.xml@1031,6,ab,ab,ADP
phi0972.phi001.perseus-lat1.xml@1031,7,oculo,oculus,NOUN
phi0972.phi001.perseus-lat1.xml@1031,8,legit,lego,VERB
phi0972.phi001.perseus-lat1.xml@1031,9,",",",",PUNCT
phi0972.phi001.perseus-lat1.xml@1031,10,thraecium,thraecius,ADJ
phi0972.phi001.perseus-lat1.xml@1031,11,sibi,sui,PRON
phi0972.phi001.perseus-lat1.xml@1031,12,de,de,ADP
phi0972.phi001.perseus-lat1.xml@1031,13,diariis,diarium,NOUN
phi0972.phi001.perseus-lat1.xml@1031,14,fecit,facio,VERB
phi0972.phi001.perseus-lat1.xml@1031,15,",",",",PUNCT
phi0972.phi001.perseus-lat1.xml@1031,16,arcisellium,arcisellium,NOUN
phi0972.phi001.perseus-lat1.xml@1031,17,de,de,ADV
phi0972.phi001.perseus-lat1.xml@1031,18,suo,suus,DET
phi0972.phi001.perseus-lat1.xml@1031,19,paravit,paro,VERB
phi0972.phi001.perseus-lat1.xml@1031,20,et,et,CCONJ
phi0972.phi001.perseus-lat1.xml@1031,21,duas,duo,NUM
phi0972.phi001.perseus-lat1.xml@1031,22,trullas,trulla,NOUN
phi0972.phi001.perseus-lat1.xml@1031,23,.,.,PUNCT
phi0972.phi001.perseus-lat1.xml@1032,1,Non,non,PART
phi0972.phi001.perseus-lat1.xml@1032,2,est,sum,AUX
phi0972.phi001.perseus-lat1.xml@1032,3,dignus,dignus,ADJ
phi0972.phi001.perseus-lat1.xml@1032,4,quem,qui,PRON
phi0972.phi001.perseus-lat1.xml@1032,5,in,in,ADP
phi0972.phi001.perseus-lat1.xml@1032,6,oculis,oculus,NOUN
phi0972.phi001.perseus-lat1.xml@1032,7,feram,fero,VERB
phi0972.phi001.perseus-lat1.xml@1032,8,?,?,PUNCT
phi0972.phi001.perseus-lat1.xml@1033,1,sed,sed,CCONJ
phi0972.phi001.perseus-lat1.xml@1033,2,Fortunata,Fortunata,PROPN
phi0972.phi001.perseus-lat1.xml@1033,3,vetat,veto,VERB
phi0972.phi001.perseus-lat1.xml@1033,4,.,.,PUNCT
phi0972.phi001.perseus-lat1.xml@1034,1,Ita,ita,ADV
phi0972.phi001.perseus-lat1.xml@1034,2,tibi,tu,PRON
phi0972.phi001.perseus-lat1.xml@1034,3,videtur,video,VERB
phi0972.phi001.perseus-lat1.xml@1034,4,",",",",PUNCT
phi0972.phi001.perseus-lat1.xml@1034,5,fulcipedia,fulcipedia,NOUN
phi0972.phi001.perseus-lat1.xml@1034,6,?,?,PUNCT
phi0972.phi001.perseus-lat1.xml@1035,1,suadeo,suadeo,VERB
phi0972.phi001.perseus-lat1.xml@1035,2,",",",",PUNCT
phi0972.phi001.perseus-lat1.xml@1035,3,bonum,bonum,NOUN
phi0972.phi001.perseus-lat1.xml@1035,4,tuum,tuus,DET
phi0972.phi001.perseus-lat1.xml@1035,5,concoquas,concoquo,VERB
phi0972.phi001.perseus-lat1.xml@1035,6,",",",",PUNCT
phi0972.phi001.perseus-lat1.xml@1035,7,milva,milva,NOUN
phi0972.phi001.perseus-lat1.xml@1035,8,",",",",PUNCT
phi0972.phi001.perseus-lat1.xml@1035,9,et,et,CCONJ
phi0972.phi001.perseus-lat1.xml@1035,10,me,ego,PRON
phi0972.phi001.perseus-lat1.xml@1035,11,non,non,PART
phi0972.phi001.perseus-lat1.xml@1035,12,facias,facio,VERB
phi0972.phi001.perseus-lat1.xml@1035,13,ringentem,ringor,VERB
phi0972.phi001.perseus-lat1.xml@1035,14,",",",",PUNCT
phi0972.phi001.perseus-lat1.xml@1035,15,amasiuncula,amasiuncula,NOUN
phi0972.phi001.perseus-lat1.xml@1035,16,:,:,PUNCT
phi0972.phi001.perseus-lat1.xml@1036,1,alioquin,alioqui,ADV
phi0972.phi001.perseus-lat1.xml@1036,2,experieris,experior,VERB
phi0972.phi001.perseus-lat1.xml@1036,3,cerebrum,cerebrum,NOUN
phi0972.phi001.perseus-lat1.xml@1036,4,meum,meus,DET
phi0972.phi001.perseus-lat1.xml@1036,5,.,.,PUNCT
phi0972.phi001.perseus-lat1.xml@1037,1,Nosti,nosco,VERB
phi0972.phi001.perseus-lat1.xml@1037,2,me,ego,PRON
phi0972.phi001.perseus-lat1.xml@1037,3,:,:,PUNCT
phi0972.phi001.perseus-lat1.xml@1039,1,Sed,sed,CCONJ
phi0972.phi001.perseus-lat1.xml@1039,2,vivorum,vivus,NOUN
phi0972.phi001.perseus-lat1.xml@1039,3,meminerimus,memini,VERB
phi0972.phi001.perseus-lat1.xml@1039,4,.,.,PUNCT
phi0972.phi001.perseus-lat1.xml@1042,1,Corcillum,corcillum,NOUN
phi0972.phi001.perseus-lat1.xml@1042,2,est,sum,AUX
phi0972.phi001.perseus-lat1.xml@1042,3,quod,qui,PRON
phi0972.phi001.perseus-lat1.xml@1042,4,homines,homo,NOUN
phi0972.phi001.perseus-lat1.xml@1042,5,facit,facio,VERB
phi0972.phi001.perseus-lat1.xml@1042,6,",",",",PUNCT
phi0972.phi001.perseus-lat1.xml@1042,7,cetera,ceterus,DET
phi0972.phi001.perseus-lat1.xml@1042,8,quisquilia,quisquilia,NOUN
phi0972.phi001.perseus-lat1.xml@1042,9,omnia,omnia,NOUN
phi0972.phi001.perseus-lat1.xml@1042,10,.,.,PUNCT
phi0972.phi001.perseus-lat1.xml@1044,1,alius,alius,DET
phi0972.phi001.perseus-lat1.xml@1044,2,alia,alius,DET
phi0972.phi001.perseus-lat1.xml@1044,3,vobis,tu,PRON
phi0972.phi001.perseus-lat1.xml@1044,4,dicet,dico,VERB
phi0972.phi001.perseus-lat1.xml@1044,5,.,.,PUNCT
phi0972.phi001.perseus-lat1.xml@1045,1,Felicitate,felicitas,NOUN
phi0972.phi001.perseus-lat1.xml@1045,2,dissilio,dissilio,VERB
phi0972.phi001.perseus-lat1.xml@1045,3,.,.,PUNCT
phi0972.phi001.perseus-lat1.xml@1046,1,Tu,tu,PRON
phi0972.phi001.perseus-lat1.xml@1046,2,autem,autem,PART
phi0972.phi001.perseus-lat1.xml@1046,3,",",",",PUNCT
phi0972.phi001.perseus-lat1.xml@1046,4,sterteia,sterteia,NOUN
phi0972.phi001.perseus-lat1.xml@1046,5,",",",",PUNCT
phi0972.phi001.perseus-lat1.xml@1046,6,etiamnum,etiamnum,ADV
phi0972.phi001.perseus-lat1.xml@1046,7,ploras,ploro,VERB
phi0972.phi001.perseus-lat1.xml@1046,8,?,?,PUNCT
phi0972.phi001.perseus-lat1.xml@1047,1,iam,iam,ADV
phi0972.phi001.perseus-lat1.xml@1047,2,curabo,curo,VERB
phi0972.phi001.perseus-lat1.xml@1047,3,",",",",PUNCT
phi0972.phi001.perseus-lat1.xml@1047,4,fatum,fatum,NOUN
phi0972.phi001.perseus-lat1.xml@1047,5,tuum,tuus,DET
phi0972.phi001.perseus-lat1.xml@1047,6,plores,ploro,VERB
phi0972.phi001.perseus-lat1.xml@1047,7,.,.,PUNCT
phi0972.phi001.perseus-lat1.xml@1048,1,Sed,sed,CCONJ
phi0972.phi001.perseus-lat1.xml@1048,2,",",",",PUNCT
phi0972.phi001.perseus-lat1.xml@1048,3,ut,ut,SCONJ
phi0972.phi001.perseus-lat1.xml@1048,4,coeperam,coepio,VERB
phi0972.phi001.perseus-lat1.xml@1048,5,dicere,dico,VERB
phi0972.phi001.perseus-lat1.xml@1048,6,",",",",PUNCT
phi0972.phi001.perseus-lat1.xml@1048,7,ad,ad,ADP
phi0972.phi001.perseus-lat1.xml@1048,8,hanc,hic,DET
phi0972.phi001.perseus-lat1.xml@1048,9,me,ego,PRON
phi0972.phi001.perseus-lat1.xml@1048,10,fortunam,fortuna,NOUN
phi0972.phi001.perseus-lat1.xml@1048,11,frugalitas,frugalitas,NOUN
phi0972.phi001.perseus-lat1.xml@1048,12,mea,meus,DET
phi0972.phi001.perseus-lat1.xml@1048,13,perduxit,perduco,VERB
phi0972.phi001.perseus-lat1.xml@1048,14,.,.,PUNCT
phi0972.phi001.perseus-lat1.xml@1052,1-2,Nec,_,_
phi0972.phi001.perseus-lat1.xml@1052,1,Ne,ne,ADV
phi0972.phi001.perseus-lat1.xml@1052,2,c,que,CCONJ
phi0972.phi001.perseus-lat1.xml@1052,3,turpe,turpis,ADJ
phi0972.phi001.perseus-lat1.xml@1052,4,est,sum,AUX
phi0972.phi001.perseus-lat1.xml@1052,5,",",",",PUNCT
phi0972.phi001.perseus-lat1.xml@1052,6,quod,qui,PRON
phi0972.phi001.perseus-lat1.xml@1052,7,dominus,dominus,NOUN
phi0972.phi001.perseus-lat1.xml@1052,8,iubet,iubeo,VERB
phi0972.phi001.perseus-lat1.xml@1052,9,.,.,PUNCT
phi0972.phi001.perseus-lat1.xml@1054,1,Scitis,scio,VERB
phi0972.phi001.perseus-lat1.xml@1054,2,",",",",PUNCT
phi0972.phi001.perseus-lat1.xml@1054,3,quid,quis,PRON
phi0972.phi001.perseus-lat1.xml@1054,4,dicam,dico,VERB
phi0972.phi001.perseus-lat1.xml@1054,5,:,:,PUNCT
phi0972.phi001.perseus-lat1.xml@1058,1,coheredem,coheres,NOUN
phi0972.phi001.perseus-lat1.xml@1058,2,me,ego,PRON
phi0972.phi001.perseus-lat1.xml@1058,3,Caesari,Caesar,PROPN
phi0972.phi001.perseus-lat1.xml@1058,4,fecit,facio,VERB
phi0972.phi001.perseus-lat1.xml@1058,5,",",",",PUNCT
phi0972.phi001.perseus-lat1.xml@1058,6,et,et,CCONJ
phi0972.phi001.perseus-lat1.xml@1058,7,accepi,accipio,VERB
phi0972.phi001.perseus-lat1.xml@1058,8,patrimonium,patrimonium,NOUN
phi0972.phi001.perseus-lat1.xml@1058,9,laticlavium,laticlavius,ADJ
phi0972.phi001.perseus-lat1.xml@1058,10,.,.,PUNCT
phi0972.phi001.perseus-lat1.xml@1060,1,Concupivi,concupio,VERB
phi0972.phi001.perseus-lat1.xml@1060,2,negotiari,negotior,VERB
phi0972.phi001.perseus-lat1.xml@1060,3,.,.,PUNCT
phi0972.phi001.perseus-lat1.xml@1062,1,Putares,puto,VERB
phi0972.phi001.perseus-lat1.xml@1062,2,me,ego,PRON
phi0972.phi001.perseus-lat1.xml@1062,3,hoc,hic,DET
phi0972.phi001.perseus-lat1.xml@1062,4,iussisse,iubeo,VERB
phi0972.phi001.perseus-lat1.xml@1062,5,:,:,PUNCT
phi0972.phi001.perseus-lat1.xml@1063,1,omnes,omnis,DET
phi0972.phi001.perseus-lat1.xml@1063,2,naves,navis,NOUN
phi0972.phi001.perseus-lat1.xml@1063,3,naufragarunt,naufrago,VERB
phi0972.phi001.perseus-lat1.xml@1063,4,",",",",PUNCT
phi0972.phi001.perseus-lat1.xml@1063,5,factum,factum,NOUN
phi0972.phi001.perseus-lat1.xml@1063,6,",",",",PUNCT
phi0972.phi001.perseus-lat1.xml@1063,7,non,non,PART
phi0972.phi001.perseus-lat1.xml@1063,8,fabula,fabula,NOUN
phi0972.phi001.perseus-lat1.xml@1063,9,.,.,PUNCT
phi0972.phi001.perseus-lat1.xml@1064,1,Uno,unus,ADJ
phi0972.phi001.perseus-lat1.xml@1064,2,die,dies,NOUN
phi0972.phi001.perseus-lat1.xml@1064,3,Neptunus,Neptunus,PROPN
phi0972.phi001.perseus-lat1.xml@1064,4,trecenties,trecenties,ADV
phi0972.phi001.perseus-lat1.xml@1064,5,sestertium,sestertius,NOUN
phi0972.phi001.perseus-lat1.xml@1064,6,devoravit,devoro,VERB
phi0972.phi001.perseus-lat1.xml@1064,7,.,.,PUNCT
phi0972.phi001.perseus-lat1.xml@1065,1,Putatis,puto,VERB
phi0972.phi001.perseus-lat1.xml@1065,2,me,ego,PRON
phi0972.phi001.perseus-lat1.xml@1065,3,defecisse,deficio,VERB
phi0972.phi001.perseus-lat1.xml@1065,4,?,?,PUNCT
phi0972.phi001.perseus-lat1.xml@1067,1,Alteras,alter,DET
phi0972.phi001.perseus-lat1.xml@1067,2,feci,facio,VERB
phi0972.phi001.perseus-lat1.xml@1067,3,maiores,magnus,ADJ
phi0972.phi001.perseus-lat1.xml@1067,4,et,et,CCONJ
phi0972.phi001.perseus-lat1.xml@1067,5,meliores,bonus,ADJ
phi0972.phi001.perseus-lat1.xml@1067,6,et,et,CCONJ
phi0972.phi001.perseus-lat1.xml@1067,7,feliciores,felix,ADJ
phi0972.phi001.perseus-lat1.xml@1067,8,",",",",PUNCT
phi0972.phi001.perseus-lat1.xml@1067,9,ut,ut,SCONJ
phi0972.phi001.perseus-lat1.xml@1067,10,nemo,nemo,NOUN
phi0972.phi001.perseus-lat1.xml@1067,11,non,non,PART
phi0972.phi001.perseus-lat1.xml@1067,12,me,ego,PRON
phi0972.phi001.perseus-lat1.xml@1067,13,virum,vir,NOUN
phi0972.phi001.perseus-lat1.xml@1067,14,fortem,fortis,ADJ
phi0972.phi001.perseus-lat1.xml@1067,15,diceret,dico,VERB
phi0972.phi001.perseus-lat1.xml@1067,16,.,.,PUNCT
phi0972.phi001.perseus-lat1.xml@1068,1,Scitis,scio,VERB
phi0972.phi001.perseus-lat1.xml@1068,2,",",",",PUNCT
phi0972.phi001.perseus-lat1.xml@1068,3,magna,magnus,ADJ
phi0972.phi001.perseus-lat1.xml@1068,4,navis,navis,NOUN
phi0972.phi001.perseus-lat1.xml@1068,5,magnam,magnus,ADJ
phi0972.phi001.perseus-lat1.xml@1068,6,fortitudinem,fortitudo,NOUN
phi0972.phi001.perseus-lat1.xml@1068,7,habet,habeo,VERB
phi0972.phi001.perseus-lat1.xml@1068,8,.,.,PUNCT
phi0972.phi001.perseus-lat1.xml@1069,1,Oneravi,onero,VERB
phi0972.phi001.perseus-lat1.xml@1069,2,rursus,rursus,ADV
phi0972.phi001.perseus-lat1.xml@1069,3,vinum,vinum,NOUN
phi0972.phi001.perseus-lat1.xml@1069,4,",",",",PUNCT
phi0972.phi001.perseus-lat1.xml@1069,5,lardum,lardum,NOUN
phi0972.phi001.perseus-lat1.xml@1069,6,",",",",PUNCT
phi0972.phi001.perseus-lat1.xml@1069,7,fabam,faba,NOUN
phi0972.phi001.perseus-lat1.xml@1069,8,",",",",PUNCT
phi0972.phi001.perseus-lat1.xml@1069,9,seplasium,seplasium,NOUN
phi0972.phi001.perseus-lat1.xml@1069,10,",",",",PUNCT
phi0972.phi001.perseus-lat1.xml@1069,11,mancipia,mancipium,NOUN
phi0972.phi001.perseus-lat1.xml@1069,12,.,.,PUNCT
phi0972.phi001.perseus-lat1.xml@1070,1,Hoc,hic,DET
phi0972.phi001.perseus-lat1.xml@1070,2,loco,locus,NOUN
phi0972.phi001.perseus-lat1.xml@1070,3,Fortunata,Fortunata,PROPN
phi0972.phi001.perseus-lat1.xml@1070,4,rem,res,NOUN
phi0972.phi001.perseus-lat1.xml@1070,5,piam,pius,ADJ
phi0972.phi001.perseus-lat1.xml@1070,6,fecit,facio,VERB
phi0972.phi001.perseus-lat1.xml@1070,7,;,;,PUNCT
phi0972.phi001.perseus-lat1.xml@1072,1,Hoc,hic,DET
phi0972.phi001.perseus-lat1.xml@1072,2,fuit,sum,AUX
phi0972.phi001.perseus-lat1.xml@1072,3,peculii,peculium,NOUN
phi0972.phi001.perseus-lat1.xml@1072,4,mei,meus,DET
phi0972.phi001.perseus-lat1.xml@1072,5,fermentum,fermentum,NOUN
phi0972.phi001.perseus-lat1.xml@1072,6,.,.,PUNCT
phi0972.phi001.perseus-lat1.xml@1073,1,Cito,cito,ADV
phi0972.phi001.perseus-lat1.xml@1073,2,fit,fio,VERB
phi0972.phi001.perseus-lat1.xml@1073,3,",",",",PUNCT
phi0972.phi001.perseus-lat1.xml@1073,4,quod,qui,PRON
phi0972.phi001.perseus-lat1.xml@1073,5,di,"deus,",NOUN
phi0972.phi001.perseus-lat1.xml@1073,6,volunt,volo,VERB
phi0972.phi001.perseus-lat1.xml@1073,7,.,.,PUNCT
phi0972.phi001.perseus-lat1.xml@1074,1,Uno,unus,ADJ
phi0972.phi001.perseus-lat1.xml@1074,2,cursu,cursus,NOUN
phi0972.phi001.perseus-lat1.xml@1074,3,centies,centiens,ADV
phi0972.phi001.perseus-lat1.xml@1074,4,sestertium,sestertius,NOUN
phi0972.phi001.perseus-lat1.xml@1074,5,corrotundavi,corrotundo,VERB
phi0972.phi001.perseus-lat1.xml@1074,6,.,.,PUNCT
phi0972.phi001.perseus-lat1.xml@1075,1,Statim,statim,ADV
phi0972.phi001.perseus-lat1.xml@1075,2,redemi,redemo,VERB
phi0972.phi001.perseus-lat1.xml@1075,3,fundos,fundus,NOUN
phi0972.phi001.perseus-lat1.xml@1075,4,omnes,omnis,DET
phi0972.phi001.perseus-lat1.xml@1075,5,",",",",PUNCT
phi0972.phi001.perseus-lat1.xml@1075,6,qui,qui,PRON
phi0972.phi001.perseus-lat1.xml@1075,7,patroni,patronus,NOUN
phi0972.phi001.perseus-lat1.xml@1075,8,mei,meus,DET
phi0972.phi001.perseus-lat1.xml@1075,9,fuerant,sum,AUX
phi0972.phi001.perseus-lat1.xml@1075,10,.,.,PUNCT
phi0972.phi001.perseus-lat1.xml@1076,1,Aedifico,aedifico,VERB
phi0972.phi001.perseus-lat1.xml@1076,2,domum,domus,NOUN
phi0972.phi001.perseus-lat1.xml@1076,3,",",",",PUNCT
phi0972.phi001.perseus-lat1.xml@1076,4,venalicia,venalicius,ADJ
phi0972.phi001.perseus-lat1.xml@1076,5,coemo,coemo,VERB
phi0972.phi001.perseus-lat1.xml@1076,6,iumenta,iumentum,NOUN
phi0972.phi001.perseus-lat1.xml@1076,7,;,;,PUNCT
phi0972.phi001.perseus-lat1.xml@1077,1,quicquid,quisquis,PRON
phi0972.phi001.perseus-lat1.xml@1077,2,tangebam,tango,VERB
phi0972.phi001.perseus-lat1.xml@1077,3,",",",",PUNCT
phi0972.phi001.perseus-lat1.xml@1077,4,crescebat,cresco,VERB
phi0972.phi001.perseus-lat1.xml@1077,5,tanquam,tamquam,SCONJ
phi0972.phi001.perseus-lat1.xml@1077,6,favus,favus,NOUN
phi0972.phi001.perseus-lat1.xml@1077,7,.,.,PUNCT
phi0972.phi001.perseus-lat1.xml@1079,1,sustuli,tollo,VERB
phi0972.phi001.perseus-lat1.xml@1079,2,me,ego,PRON
phi0972.phi001.perseus-lat1.xml@1079,3,de,de,ADP
phi0972.phi001.perseus-lat1.xml@1079,4,negotiatione,negotiatio,NOUN
phi0972.phi001.perseus-lat1.xml@1079,5,et,et,CCONJ
phi0972.phi001.perseus-lat1.xml@1079,6,coepi,coepio,VERB
phi0972.phi001.perseus-lat1.xml@1079,7,libertos,libertus,NOUN
phi0972.phi001.perseus-lat1.xml@1079,8,faenerare,faenero,VERB
phi0972.phi001.perseus-lat1.xml@1079,9,.,.,PUNCT
phi0972.phi001.perseus-lat1.xml@1082,1,ab,ab,ADP
phi0972.phi001.perseus-lat1.xml@1082,2,acia,acia,NOUN
phi0972.phi001.perseus-lat1.xml@1082,3,et,et,CCONJ
phi0972.phi001.perseus-lat1.xml@1082,4,acu,acus,NOUN
phi0972.phi001.perseus-lat1.xml@1082,5,mi,ego,PRON
phi0972.phi001.perseus-lat1.xml@1082,6,omnia,omnis,DET
phi0972.phi001.perseus-lat1.xml@1082,7,exposuit,expono,VERB
phi0972.phi001.perseus-lat1.xml@1082,8,;,;,PUNCT
phi0972.phi001.perseus-lat1.xml@1083,1,intestinas,intestina,NOUN
phi0972.phi001.perseus-lat1.xml@1083,2,meas,meus,DET
phi0972.phi001.perseus-lat1.xml@1083,3,noverat,nosco,VERB
phi0972.phi001.perseus-lat1.xml@1083,4,;,;,PUNCT
phi0972.phi001.perseus-lat1.xml@1084,1,tantum,tantus,DET
phi0972.phi001.perseus-lat1.xml@1084,2,quod,qui,PRON
phi0972.phi001.perseus-lat1.xml@1084,3,mihi,ego,PRON
phi0972.phi001.perseus-lat1.xml@1084,4,non,non,PART
phi0972.phi001.perseus-lat1.xml@1084,5,dixerat,dico,VERB
phi0972.phi001.perseus-lat1.xml@1084,6,",",",",PUNCT
phi0972.phi001.perseus-lat1.xml@1084,7,quid,qui,PRON
phi0972.phi001.perseus-lat1.xml@1084,8,pridie,pridie,ADV
phi0972.phi001.perseus-lat1.xml@1084,9,cenaveram,ceno,VERB
phi0972.phi001.perseus-lat1.xml@1084,10,.,.,PUNCT
phi0972.phi001.perseus-lat1.xml@1088,1,Tu,tu,PRON
phi0972.phi001.perseus-lat1.xml@1088,2,parum,parum,ADV
phi0972.phi001.perseus-lat1.xml@1088,3,felix,felix,ADJ
phi0972.phi001.perseus-lat1.xml@1088,4,in,in,ADP
phi0972.phi001.perseus-lat1.xml@1088,5,amicos,amicus,NOUN
phi0972.phi001.perseus-lat1.xml@1088,6,es,sum,AUX
phi0972.phi001.perseus-lat1.xml@1088,7,.,.,PUNCT
phi0972.phi001.perseus-lat1.xml@1089,1,Nemo,nemo,NOUN
phi0972.phi001.perseus-lat1.xml@1089,2,unquam,umquam,ADV
phi0972.phi001.perseus-lat1.xml@1089,3,tibi,tu,PRON
phi0972.phi001.perseus-lat1.xml@1089,4,parem,par,ADJ
phi0972.phi001.perseus-lat1.xml@1089,5,gratiam,gratia,NOUN
phi0972.phi001.perseus-lat1.xml@1089,6,refert,refero,VERB
phi0972.phi001.perseus-lat1.xml@1089,7,.,.,PUNCT
phi0972.phi001.perseus-lat1.xml@1090,1,Tu,tu,PRON
phi0972.phi001.perseus-lat1.xml@1090,2,latifundia,latifundium,NOUN
phi0972.phi001.perseus-lat1.xml@1090,3,possides,possideo,VERB
phi0972.phi001.perseus-lat1.xml@1090,4,.,.,PUNCT
phi0972.phi001.perseus-lat1.xml@1091,1,Tu,tu,PRON
phi0972.phi001.perseus-lat1.xml@1091,2,viperam,vipera,NOUN
phi0972.phi001.perseus-lat1.xml@1091,3,sub,sub,ADP
phi0972.phi001.perseus-lat1.xml@1091,4,ala,ala,NOUN
phi0972.phi001.perseus-lat1.xml@1091,5,nutricas,nurtico,VERB
phi0972.phi001.perseus-lat1.xml@1091,6,',',PUNCT
phi0972.phi001.perseus-lat1.xml@1091,7,et,et,CCONJ
phi0972.phi001.perseus-lat1.xml@1091,8,",",",",PUNCT
phi0972.phi001.perseus-lat1.xml@1091,9,quod,qui,PRON
phi0972.phi001.perseus-lat1.xml@1091,10,vobis,tu,PRON
phi0972.phi001.perseus-lat1.xml@1091,11,non,non,PART
phi0972.phi001.perseus-lat1.xml@1091,12,dixerim,dico,VERB
phi0972.phi001.perseus-lat1.xml@1091,13,",",",",PUNCT
phi0972.phi001.perseus-lat1.xml@1091,14,et,et,ADV
phi0972.phi001.perseus-lat1.xml@1091,15,nunc,nunc,ADV
phi0972.phi001.perseus-lat1.xml@1091,16,mi,ego,PRON
phi0972.phi001.perseus-lat1.xml@1091,17,restare,resto,VERB
phi0972.phi001.perseus-lat1.xml@1091,18,vitae,vita,NOUN
phi0972.phi001.perseus-lat1.xml@1091,19,annos,annus,NOUN
phi0972.phi001.perseus-lat1.xml@1091,20,triginta,triginta,NUM
phi0972.phi001.perseus-lat1.xml@1091,21,et,et,CCONJ
phi0972.phi001.perseus-lat1.xml@1091,22,menses,mensis,NOUN
phi0972.phi001.perseus-lat1.xml@1091,23,quattuor,quattuor,NUM
phi0972.phi001.perseus-lat1.xml@1091,24,et,et,CCONJ
phi0972.phi001.perseus-lat1.xml@1091,25,dies,dies,NOUN
phi0972.phi001.perseus-lat1.xml@1091,26,duos,duo,NUM
phi0972.phi001.perseus-lat1.xml@1091,27,.,.,PUNCT
phi0972.phi001.perseus-lat1.xml@1092,1,Praeterea,praeterea,ADV
phi0972.phi001.perseus-lat1.xml@1092,2,cito,cito,ADV
phi0972.phi001.perseus-lat1.xml@1092,3,accipiam,accipio,VERB
phi0972.phi001.perseus-lat1.xml@1092,4,hereditatem,hereditas,NOUN
phi0972.phi001.perseus-lat1.xml@1092,5,.,.,PUNCT
phi0972.phi001.perseus-lat1.xml@1093,1,Hoc,hic,DET
phi0972.phi001.perseus-lat1.xml@1093,2,mihi,ego,PRON
phi0972.phi001.perseus-lat1.xml@1093,3,dicit,dico,VERB
phi0972.phi001.perseus-lat1.xml@1093,4,fatus,fatus,NOUN
phi0972.phi001.perseus-lat1.xml@1093,5,meus,meus,DET
phi0972.phi001.perseus-lat1.xml@1093,6,.,.,PUNCT
phi0972.phi001.perseus-lat1.xml@1094,1,Quod,quod,SCONJ
phi0972.phi001.perseus-lat1.xml@1094,2,si,si,SCONJ
phi0972.phi001.perseus-lat1.xml@1094,3,contigerit,contingo,VERB
phi0972.phi001.perseus-lat1.xml@1094,4,fundos,fundus,NOUN
phi0972.phi001.perseus-lat1.xml@1094,5,Apuliae,Appulia,PROPN
phi0972.phi001.perseus-lat1.xml@1094,6,iungere,iungo,VERB
phi0972.phi001.perseus-lat1.xml@1094,7,",",",",PUNCT
phi0972.phi001.perseus-lat1.xml@1094,8,satis,satis,ADV
phi0972.phi001.perseus-lat1.xml@1094,9,vivus,vivus,ADJ
phi0972.phi001.perseus-lat1.xml@1094,10,pervenero,pervenio,VERB
phi0972.phi001.perseus-lat1.xml@1094,11,.,.,PUNCT
phi0972.phi001.perseus-lat1.xml@1095,1,Interim,interim,ADV
phi0972.phi001.perseus-lat1.xml@1095,2,dum,dum,SCONJ
phi0972.phi001.perseus-lat1.xml@1095,3,Mercurius,Mercurius,PROPN
phi0972.phi001.perseus-lat1.xml@1095,4,vigilat,vigilo,VERB
phi0972.phi001.perseus-lat1.xml@1095,5,",",",",PUNCT
phi0972.phi001.perseus-lat1.xml@1095,6,aedificavi,aedifico,VERB
phi0972.phi001.perseus-lat1.xml@1095,7,hanc,hic,DET
phi0972.phi001.perseus-lat1.xml@1095,8,domum,domus,NOUN
phi0972.phi001.perseus-lat1.xml@1095,9,.,.,PUNCT
phi0972.phi001.perseus-lat1.xml@1096,1,Ut,ut,SCONJ
phi0972.phi001.perseus-lat1.xml@1096,2,scitis,scio,VERB
phi0972.phi001.perseus-lat1.xml@1096,3,",",",",PUNCT
phi0972.phi001.perseus-lat1.xml@1096,4,casula,casula,NOUN
phi0972.phi001.perseus-lat1.xml@1096,5,erat,sum,AUX
phi0972.phi001.perseus-lat1.xml@1096,6,;,;,PUNCT
phi0972.phi001.perseus-lat1.xml@1097,1,nunc,nunc,ADV
phi0972.phi001.perseus-lat1.xml@1097,2,templum,templum,NOUN
phi0972.phi001.perseus-lat1.xml@1097,3,est,sum,AUX
phi0972.phi001.perseus-lat1.xml@1097,4,.,.,PUNCT
phi0972.phi001.perseus-lat1.xml@1098,1,Habet,habeo,VERB
phi0972.phi001.perseus-lat1.xml@1098,2,quattuor,quattuor,NUM
phi0972.phi001.perseus-lat1.xml@1098,3,cenationes,cenatio,NOUN
phi0972.phi001.perseus-lat1.xml@1098,4,",",",",PUNCT
phi0972.phi001.perseus-lat1.xml@1098,5,cubicula,cubiculum,NOUN
phi0972.phi001.perseus-lat1.xml@1098,6,viginti,viginti,NUM
phi0972.phi001.perseus-lat1.xml@1098,7,",",",",PUNCT
phi0972.phi001.perseus-lat1.xml@1098,8,porticus,porticus,NOUN
phi0972.phi001.perseus-lat1.xml@1098,9,marmoratos,marmoratus,ADJ
phi0972.phi001.perseus-lat1.xml@1098,10,duos,duo,NUM
phi0972.phi001.perseus-lat1.xml@1098,11,",",",",PUNCT
phi0972.phi001.perseus-lat1.xml@1098,12,susum,sursum,ADV
phi0972.phi001.perseus-lat1.xml@1098,13,cenationem,cenatio,NOUN
phi0972.phi001.perseus-lat1.xml@1098,14,",",",",PUNCT
phi0972.phi001.perseus-lat1.xml@1098,15,cubiculum,cubiculum,NOUN
phi0972.phi001.perseus-lat1.xml@1098,16,in,in,ADP
phi0972.phi001.perseus-lat1.xml@1098,17,quo,qui,PRON
phi0972.phi001.perseus-lat1.xml@1098,18,ipse,ipse,DET
phi0972.phi001.perseus-lat1.xml@1098,19,dormio,dormio,VERB
phi0972.phi001.perseus-lat1.xml@1098,20,",",",",PUNCT
phi0972.phi001.perseus-lat1.xml@1098,21,viperae,vipera,NOUN
phi0972.phi001.perseus-lat1.xml@1098,22,huius,hic,DET
phi0972.phi001.perseus-lat1.xml@1098,23,sessorium,sessorium,NOUN
phi0972.phi001.perseus-lat1.xml@1098,24,",",",",PUNCT
phi0972.phi001.perseus-lat1.xml@1098,25,ostiarii,ostiarius,ADJ
phi0972.phi001.perseus-lat1.xml@1098,26,cellam,cella,NOUN
phi0972.phi001.perseus-lat1.xml@1098,27,perbonam,perbonus,ADJ
phi0972.phi001.perseus-lat1.xml@1098,28,;,;,PUNCT
phi0972.phi001.perseus-lat1.xml@1099,1,hospitium,hospitium,NOUN
phi0972.phi001.perseus-lat1.xml@1099,2,hospites,hospes,NOUN
phi0972.phi001.perseus-lat1.xml@1099,3,capit,capio,VERB
phi0972.phi001.perseus-lat1.xml@1099,4,.,.,PUNCT
phi0972.phi001.perseus-lat1.xml@1102,1,Credite,credo,VERB
phi0972.phi001.perseus-lat1.xml@1102,2,mihi,ego,PRON
phi0972.phi001.perseus-lat1.xml@1102,3,:,:,PUNCT
phi0972.phi001.perseus-lat1.xml@1103,1,assem,assis,NOUN
phi0972.phi001.perseus-lat1.xml@1103,2,habeas,habeo,VERB
phi0972.phi001.perseus-lat1.xml@1103,3,",",",",PUNCT
phi0972.phi001.perseus-lat1.xml@1103,4,assem,assis,NOUN
phi0972.phi001.perseus-lat1.xml@1103,5,valeas,valeo,VERB
phi0972.phi001.perseus-lat1.xml@1103,6,;,;,PUNCT
phi0972.phi001.perseus-lat1.xml@1104,1,habes,habeo,VERB
phi0972.phi001.perseus-lat1.xml@1104,2,",",",",PUNCT
phi0972.phi001.perseus-lat1.xml@1104,3,habeberis,habeo,VERB
phi0972.phi001.perseus-lat1.xml@1104,4,.,.,PUNCT
phi0972.phi001.perseus-lat1.xml@1105,1,Sic,sic,ADV
phi0972.phi001.perseus-lat1.xml@1105,2,amicus,amicus,NOUN
phi0972.phi001.perseus-lat1.xml@1105,3,vester,vester,DET
phi0972.phi001.perseus-lat1.xml@1105,4,",",",",PUNCT
phi0972.phi001.perseus-lat1.xml@1105,5,qui,qui,PRON
phi0972.phi001.perseus-lat1.xml@1105,6,fuit,sum,AUX
phi0972.phi001.perseus-lat1.xml@1105,7,rana,rana,NOUN
phi0972.phi001.perseus-lat1.xml@1105,8,",",",",PUNCT
phi0972.phi001.perseus-lat1.xml@1105,9,nunc,nunc,ADV
phi0972.phi001.perseus-lat1.xml@1105,10,est,sum,AUX
phi0972.phi001.perseus-lat1.xml@1105,11,rex,rex,NOUN
phi0972.phi001.perseus-lat1.xml@1105,12,.,.,PUNCT
phi0972.phi001.perseus-lat1.xml@1106,1,Interim,interim,ADV
phi0972.phi001.perseus-lat1.xml@1106,2,.,.,PUNCT
phi0972.phi001.perseus-lat1.xml@1107,1,Stiche,Stichus,PROPN
phi0972.phi001.perseus-lat1.xml@1107,2,",",",",PUNCT
phi0972.phi001.perseus-lat1.xml@1107,3,profer,profero,VERB
phi0972.phi001.perseus-lat1.xml@1107,4,vitalia,vital,NOUN
phi0972.phi001.perseus-lat1.xml@1107,5,",",",",PUNCT
phi0972.phi001.perseus-lat1.xml@1107,6,in,in,ADP
phi0972.phi001.perseus-lat1.xml@1107,7,quibus,qui,PRON
phi0972.phi001.perseus-lat1.xml@1107,8,volo,volo,VERB
phi0972.phi001.perseus-lat1.xml@1107,9,me,ego,PRON
phi0972.phi001.perseus-lat1.xml@1107,10,efferri,effero,VERB
phi0972.phi001.perseus-lat1.xml@1107,11,.,.,PUNCT
phi0972.phi001.perseus-lat1.xml@1112,1,alioquin,alioqui,ADV
phi0972.phi001.perseus-lat1.xml@1112,2,te,tu,PRON
phi0972.phi001.perseus-lat1.xml@1112,3,vivum,vivus,ADJ
phi0972.phi001.perseus-lat1.xml@1112,4,comburam,comburo,VERB
phi0972.phi001.perseus-lat1.xml@1112,5,.,.,PUNCT
phi0972.phi001.perseus-lat1.xml@1118,1,Consonuere,consono,VERB
phi0972.phi001.perseus-lat1.xml@1118,2,cornicines,"cornicen,",NOUN
phi0972.phi001.perseus-lat1.xml@1118,3,funebri,funebris,ADJ
phi0972.phi001.perseus-lat1.xml@1118,4,strepitu,strepitus,NOUN
phi0972.phi001.perseus-lat1.xml@1118,5,.,.,PUNCT
phi0972.phi001.perseus-lat1.xml@1120,1,Nos,nos,PRON
phi0972.phi001.perseus-lat1.xml@1120,2,occasionem,occasio,NOUN
phi0972.phi001.perseus-lat1.xml@1120,3,opportunissimam,opportunus,ADJ
phi0972.phi001.perseus-lat1.xml@1120,4,nacti,nanciscor,VERB
phi0972.phi001.perseus-lat1.xml@1120,5,Agamemnoni,Agamemnon,PROPN
phi0972.phi001.perseus-lat1.xml@1120,6,verba,verbum,NOUN
phi0972.phi001.perseus-lat1.xml@1120,7,dedimus,do,VERB
phi0972.phi001.perseus-lat1.xml@1120,8-9,raptimque,_,_
phi0972.phi001.perseus-lat1.xml@1120,8,raptim,raptim,ADV
phi0972.phi001.perseus-lat1.xml@1120,9,que,que,CCONJ
phi0972.phi001.perseus-lat1.xml@1120,10,tam,tam,ADV
phi0972.phi001.perseus-lat1.xml@1120,11,plane,planus,ADV
phi0972.phi001.perseus-lat1.xml@1120,12,quam,quam,SCONJ
phi0972.phi001.perseus-lat1.xml@1120,13,ex,ex,ADP
phi0972.phi001.perseus-lat1.xml@1120,14,incendio,incendium,NOUN
phi0972.phi001.perseus-lat1.xml@1120,15,fugimus,fugio,VERB
phi0972.phi001.perseus-lat1.xml@1120,16,.,.,PUNCT
phi0975.phi001.perseus-lat1.tb.xml@1,1,Aesopus,Aesopus,PROPN
phi0975.phi001.perseus-lat1.tb.xml@1,2,auctor,auctor,NOUN
phi0975.phi001.perseus-lat1.tb.xml@1,3,quam,qui,DET
phi0975.phi001.perseus-lat1.tb.xml@1,4,materiam,materia,NOUN
phi0975.phi001.perseus-lat1.tb.xml@1,5,repperit,reperio,VERB
phi0975.phi001.perseus-lat1.tb.xml@1,6,",",",",PUNCT
phi0975.phi001.perseus-lat1.tb.xml@1,7,Hanc,hic,DET
phi0975.phi001.perseus-lat1.tb.xml@1,8,ego,ego,PRON
phi0975.phi001.perseus-lat1.tb.xml@1,9,polivi,polio,VERB
phi0975.phi001.perseus-lat1.tb.xml@1,10,versibus,versus,NOUN
phi0975.phi001.perseus-lat1.tb.xml@1,11,senariis,senarius,ADJ
phi0975.phi001.perseus-lat1.tb.xml@1,12,.,.,PUNCT
phi0975.phi001.perseus-lat1.tb.xml@11,1,A,ab,ADP
phi0975.phi001.perseus-lat1.tb.xml@11,2,te,tu,PRON
phi0975.phi001.perseus-lat1.tb.xml@11,3,decurrit,decurro,VERB
phi0975.phi001.perseus-lat1.tb.xml@11,4,ad,ad,ADP
phi0975.phi001.perseus-lat1.tb.xml@11,5,meos,meus,DET
phi0975.phi001.perseus-lat1.tb.xml@11,6,haustus,haustus,NOUN
phi0975.phi001.perseus-lat1.tb.xml@11,7,liquor,liquor,NOUN
phi0975.phi001.perseus-lat1.tb.xml@11,8,.,.,PUNCT
phi0975.phi001.perseus-lat1.tb.xml@13,1,Ante,ante,ADP
phi0975.phi001.perseus-lat1.tb.xml@13,2,hos,hic,DET
phi0975.phi001.perseus-lat1.tb.xml@13,3,sex,sex,NUM
phi0975.phi001.perseus-lat1.tb.xml@13,4,menses,mensis,NOUN
phi0975.phi001.perseus-lat1.tb.xml@13,5,male,malus,ADV
phi0975.phi001.perseus-lat1.tb.xml@13,6,",",",",PUNCT
phi0975.phi001.perseus-lat1.tb.xml@13,7,ait,aio,VERB
phi0975.phi001.perseus-lat1.tb.xml@13,8,",",",",PUNCT
phi0975.phi001.perseus-lat1.tb.xml@13,9,dixisti,dico,VERB
phi0975.phi001.perseus-lat1.tb.xml@13,10,mihi,ego,PRON
phi0975.phi001.perseus-lat1.tb.xml@13,11,.,.,PUNCT
phi0975.phi001.perseus-lat1.tb.xml@14,1,Respondit,respondeo,VERB
phi0975.phi001.perseus-lat1.tb.xml@14,2,agnus,agnus,NOUN
phi0975.phi001.perseus-lat1.tb.xml@14,3,:,:,PUNCT
phi0975.phi001.perseus-lat1.tb.xml@16,1,Pater,pater,NOUN
phi0975.phi001.perseus-lat1.tb.xml@16,2,hercle,Hercules,INTJ
phi0975.phi001.perseus-lat1.tb.xml@16,3,tuus,tuus,DET
phi0975.phi001.perseus-lat1.tb.xml@16,4,",",",",PUNCT
phi0975.phi001.perseus-lat1.tb.xml@16,5,ille,ille,DET
phi0975.phi001.perseus-lat1.tb.xml@16,6,inquit,inquam,VERB
phi0975.phi001.perseus-lat1.tb.xml@16,7,",",",",PUNCT
phi0975.phi001.perseus-lat1.tb.xml@16,8,male,malus,ADV
phi0975.phi001.perseus-lat1.tb.xml@16,9,dixit,dico,VERB
phi0975.phi001.perseus-lat1.tb.xml@16,10,mihi,ego,PRON
phi0975.phi001.perseus-lat1.tb.xml@16,11,.,.,PUNCT
phi0975.phi001.perseus-lat1.tb.xml@17,1,Atque,atque,CCONJ
phi0975.phi001.perseus-lat1.tb.xml@17,2,ita,ita,ADV
phi0975.phi001.perseus-lat1.tb.xml@17,3,correptum,corripio,VERB
phi0975.phi001.perseus-lat1.tb.xml@17,4,lacerat,lacero,VERB
phi0975.phi001.perseus-lat1.tb.xml@17,5,iniusta,iniustus,ADJ
phi0975.phi001.perseus-lat1.tb.xml@17,6,nece,nex,NOUN
phi0975.phi001.perseus-lat1.tb.xml@17,7,.,.,PUNCT
phi0975.phi001.perseus-lat1.tb.xml@19,1,Athenae,Athenae,PROPN
phi0975.phi001.perseus-lat1.tb.xml@19,2,cum,cum,SCONJ
phi0975.phi001.perseus-lat1.tb.xml@19,3,florerent,floreo,VERB
phi0975.phi001.perseus-lat1.tb.xml@19,4,aequis,aequus,ADJ
phi0975.phi001.perseus-lat1.tb.xml@19,5,legibus,lex,NOUN
phi0975.phi001.perseus-lat1.tb.xml@19,6,",",",",PUNCT
phi0975.phi001.perseus-lat1.tb.xml@19,7,Procax,procax,ADJ
phi0975.phi001.perseus-lat1.tb.xml@19,8,libertas,libertas,NOUN
phi0975.phi001.perseus-lat1.tb.xml@19,9,civitatem,civitas,NOUN
phi0975.phi001.perseus-lat1.tb.xml@19,10,miscuit,misceo,VERB
phi0975.phi001.perseus-lat1.tb.xml@19,11-12,Frenumque,_,_
phi0975.phi001.perseus-lat1.tb.xml@19,11,Frenum,frenum,NOUN
phi0975.phi001.perseus-lat1.tb.xml@19,12,que,que,CCONJ
phi0975.phi001.perseus-lat1.tb.xml@19,13,solvit,solvo,VERB
phi0975.phi001.perseus-lat1.tb.xml@19,14,pristinum,pristinus,ADJ
phi0975.phi001.perseus-lat1.tb.xml@19,15,licentia,licentia,NOUN
phi0975.phi001.perseus-lat1.tb.xml@19,16,.,.,PUNCT
phi0975.phi001.perseus-lat1.tb.xml@22,1,Ranae,rana,NOUN
phi0975.phi001.perseus-lat1.tb.xml@22,2,vagantes,vagor,VERB
phi0975.phi001.perseus-lat1.tb.xml@22,3,liberis,liber,ADJ
phi0975.phi001.perseus-lat1.tb.xml@22,4,paludibus,palus,NOUN
phi0975.phi001.perseus-lat1.tb.xml@22,5,Clamore,clamor,NOUN
phi0975.phi001.perseus-lat1.tb.xml@22,6,magno,magnus,ADJ
phi0975.phi001.perseus-lat1.tb.xml@22,7,regem,rex,NOUN
phi0975.phi001.perseus-lat1.tb.xml@22,8,petiere,peto,VERB
phi0975.phi001.perseus-lat1.tb.xml@22,9,a,ab,ADP
phi0975.phi001.perseus-lat1.tb.xml@22,10,Iove,Iuppiter,PROPN
phi0975.phi001.perseus-lat1.tb.xml@22,11,",",",",PUNCT
phi0975.phi001.perseus-lat1.tb.xml@22,12,Qui,qui,PRON
phi0975.phi001.perseus-lat1.tb.xml@22,13,dissolutos,dissolvo,VERB
phi0975.phi001.perseus-lat1.tb.xml@22,14,mores,mos,NOUN
phi0975.phi001.perseus-lat1.tb.xml@22,15,vi,vis,NOUN
phi0975.phi001.perseus-lat1.tb.xml@22,16,compesceret,compesco,VERB
phi0975.phi001.perseus-lat1.tb.xml@22,17,.,.,PUNCT
phi0975.phi001.perseus-lat1.tb.xml@23,1,Pater,pater,NOUN
phi0975.phi001.perseus-lat1.tb.xml@23,2,deorum,deus,NOUN
phi0975.phi001.perseus-lat1.tb.xml@23,3,risit,rideo,VERB
phi0975.phi001.perseus-lat1.tb.xml@23,4,atque,atque,CCONJ
phi0975.phi001.perseus-lat1.tb.xml@23,5,illis,ille,DET
phi0975.phi001.perseus-lat1.tb.xml@23,6,dedit,do,VERB
phi0975.phi001.perseus-lat1.tb.xml@23,7,Parvum,parvus,ADJ
phi0975.phi001.perseus-lat1.tb.xml@23,8,tigillum,tigillum,NOUN
phi0975.phi001.perseus-lat1.tb.xml@23,9,",",",",PUNCT
phi0975.phi001.perseus-lat1.tb.xml@23,10,missum,mitto,VERB
phi0975.phi001.perseus-lat1.tb.xml@23,11,quod,qui,PRON
phi0975.phi001.perseus-lat1.tb.xml@23,12,subito,subeo,ADV
phi0975.phi001.perseus-lat1.tb.xml@23,13,vadi,vadum,NOUN
phi0975.phi001.perseus-lat1.tb.xml@23,14,Motu,motus,NOUN
phi0975.phi001.perseus-lat1.tb.xml@23,15-16,sonoque,_,_
phi0975.phi001.perseus-lat1.tb.xml@23,15,sono,sonus,NOUN
phi0975.phi001.perseus-lat1.tb.xml@23,16,que,que,CCONJ
phi0975.phi001.perseus-lat1.tb.xml@23,17,terruit,terreo,VERB
phi0975.phi001.perseus-lat1.tb.xml@23,18,pavidum,pavidus,ADJ
phi0975.phi001.perseus-lat1.tb.xml@23,19,genus,genus,NOUN
phi0975.phi001.perseus-lat1.tb.xml@23,20,.,.,PUNCT
phi0975.phi001.perseus-lat1.tb.xml@24,1,Hoc,hic,DET
phi0975.phi001.perseus-lat1.tb.xml@24,2,mersum,mergo,VERB
phi0975.phi001.perseus-lat1.tb.xml@24,3,limo,limus,NOUN
phi0975.phi001.perseus-lat1.tb.xml@24,4,cum,cum,SCONJ
phi0975.phi001.perseus-lat1.tb.xml@24,5,iaceret,iaceo,VERB
phi0975.phi001.perseus-lat1.tb.xml@24,6,diutius,diu,ADV
phi0975.phi001.perseus-lat1.tb.xml@24,7,",",",",PUNCT
phi0975.phi001.perseus-lat1.tb.xml@24,8,Forte,fors,ADV
phi0975.phi001.perseus-lat1.tb.xml@24,9,una,unus,NUM
phi0975.phi001.perseus-lat1.tb.xml@24,10,tacite,taceo,ADV
phi0975.phi001.perseus-lat1.tb.xml@24,11,profert,profero,VERB
phi0975.phi001.perseus-lat1.tb.xml@24,12,e,ex,ADP
phi0975.phi001.perseus-lat1.tb.xml@24,13,stagno,stagnum,NOUN
phi0975.phi001.perseus-lat1.tb.xml@24,14,caput,caput,NOUN
phi0975.phi001.perseus-lat1.tb.xml@24,15,Et,et,CCONJ
phi0975.phi001.perseus-lat1.tb.xml@24,16,explorato,exploro,VERB
phi0975.phi001.perseus-lat1.tb.xml@24,17,rege,rex,NOUN
phi0975.phi001.perseus-lat1.tb.xml@24,18,cunctas,cunctus,DET
phi0975.phi001.perseus-lat1.tb.xml@24,19,evocat,evoco,VERB
phi0975.phi001.perseus-lat1.tb.xml@24,20,.,.,PUNCT
phi0975.phi001.perseus-lat1.tb.xml@25,1,Illae,ille,DET
phi0975.phi001.perseus-lat1.tb.xml@25,2,timore,timor,NOUN
phi0975.phi001.perseus-lat1.tb.xml@25,3,posito,pono,VERB
phi0975.phi001.perseus-lat1.tb.xml@25,4,certatim,certatim,ADV
phi0975.phi001.perseus-lat1.tb.xml@25,5,adnatant,adnato,VERB
phi0975.phi001.perseus-lat1.tb.xml@25,6-7,Lignumque,_,_
phi0975.phi001.perseus-lat1.tb.xml@25,6,Lignum,lignum,NOUN
phi0975.phi001.perseus-lat1.tb.xml@25,7,que,que,CCONJ
phi0975.phi001.perseus-lat1.tb.xml@25,8,supera,supra,ADP
phi0975.phi001.perseus-lat1.tb.xml@25,9,turba,turba,NOUN
phi0975.phi001.perseus-lat1.tb.xml@25,10,petulans,petulans,ADJ
phi0975.phi001.perseus-lat1.tb.xml@25,11,insilit,insilio,VERB
phi0975.phi001.perseus-lat1.tb.xml@25,12,.,.,PUNCT
phi0975.phi001.perseus-lat1.tb.xml@27,1,Tum,tum,ADV
phi0975.phi001.perseus-lat1.tb.xml@27,2,misit,mitto,VERB
phi0975.phi001.perseus-lat1.tb.xml@27,3,illis,ille,DET
phi0975.phi001.perseus-lat1.tb.xml@27,4,hydrum,hydrus,NOUN
phi0975.phi001.perseus-lat1.tb.xml@27,5,",",",",PUNCT
phi0975.phi001.perseus-lat1.tb.xml@27,6,qui,qui,PRON
phi0975.phi001.perseus-lat1.tb.xml@27,7,dente,dens,NOUN
phi0975.phi001.perseus-lat1.tb.xml@27,8,aspero,asper,ADJ
phi0975.phi001.perseus-lat1.tb.xml@27,9,Corripere,corripio,VERB
phi0975.phi001.perseus-lat1.tb.xml@27,10,coepit,coepio,VERB
phi0975.phi001.perseus-lat1.tb.xml@27,11,singulas,singuli,ADJ
phi0975.phi001.perseus-lat1.tb.xml@27,12,.,.,PUNCT
phi0975.phi001.perseus-lat1.tb.xml@28,1,Frustra,frustra,ADV
phi0975.phi001.perseus-lat1.tb.xml@28,2,necem,nex,NOUN
phi0975.phi001.perseus-lat1.tb.xml@28,3,Fugitant,fugito,VERB
phi0975.phi001.perseus-lat1.tb.xml@28,4,inertes,iners,ADJ
phi0975.phi001.perseus-lat1.tb.xml@28,5,",",",",PUNCT
phi0975.phi001.perseus-lat1.tb.xml@28,6,vocem,vox,NOUN
phi0975.phi001.perseus-lat1.tb.xml@28,7,praecludit,praecludo,VERB
phi0975.phi001.perseus-lat1.tb.xml@28,8,metus,metus,NOUN
phi0975.phi001.perseus-lat1.tb.xml@28,9,.,.,PUNCT
phi0975.phi001.perseus-lat1.tb.xml@29,1,Furtim,furtim,ADV
phi0975.phi001.perseus-lat1.tb.xml@29,2,igitur,igitur,PART
phi0975.phi001.perseus-lat1.tb.xml@29,3,dant,do,VERB
phi0975.phi001.perseus-lat1.tb.xml@29,4,Mercurio,Mercurius,PROPN
phi0975.phi001.perseus-lat1.tb.xml@29,5,mandata,mando,VERB
phi0975.phi001.perseus-lat1.tb.xml@29,6,ad,ad,ADP
phi0975.phi001.perseus-lat1.tb.xml@29,7,Iovem,Iuppiter,PROPN
phi0975.phi001.perseus-lat1.tb.xml@29,8,",",",",PUNCT
phi0975.phi001.perseus-lat1.tb.xml@29,9,Afflictis,affligo,VERB
phi0975.phi001.perseus-lat1.tb.xml@29,10,ut,ut,SCONJ
phi0975.phi001.perseus-lat1.tb.xml@29,11,succurrat,succurro,VERB
phi0975.phi001.perseus-lat1.tb.xml@29,12,.,.,PUNCT
phi0975.phi001.perseus-lat1.tb.xml@31,1,Quia,quia,SCONJ
phi0975.phi001.perseus-lat1.tb.xml@31,2,noluistis,nolo,VERB
phi0975.phi001.perseus-lat1.tb.xml@31,3,vestrum,vester,DET
phi0975.phi001.perseus-lat1.tb.xml@31,4,ferre,fero,VERB
phi0975.phi001.perseus-lat1.tb.xml@31,5,inquit,inquam,VERB
phi0975.phi001.perseus-lat1.tb.xml@31,6,bonum,bonum,NOUN
phi0975.phi001.perseus-lat1.tb.xml@31,7,",",",",PUNCT
phi0975.phi001.perseus-lat1.tb.xml@31,8,Malum,malus,ADJ
phi0975.phi001.perseus-lat1.tb.xml@31,9,perferte,perfero,VERB
phi0975.phi001.perseus-lat1.tb.xml@31,10,.,.,PUNCT
phi0975.phi001.perseus-lat1.tb.xml@32,1,—,—,PUNCT
phi0975.phi001.perseus-lat1.tb.xml@32,2,Vos,tu,PRON
phi0975.phi001.perseus-lat1.tb.xml@32,3,quoque,quoque,PART
phi0975.phi001.perseus-lat1.tb.xml@32,4,",",",",PUNCT
phi0975.phi001.perseus-lat1.tb.xml@32,5,o,o,PART
phi0975.phi001.perseus-lat1.tb.xml@32,6,cives,civis,NOUN
phi0975.phi001.perseus-lat1.tb.xml@32,7,",",",",PUNCT
phi0975.phi001.perseus-lat1.tb.xml@32,8,ait,aio,VERB
phi0975.phi001.perseus-lat1.tb.xml@32,9,",",",",PUNCT
phi0975.phi001.perseus-lat1.tb.xml@32,10,Hoc,hic,DET
phi0975.phi001.perseus-lat1.tb.xml@32,11,sustinete,sustineo,VERB
phi0975.phi001.perseus-lat1.tb.xml@32,12,",",",",PUNCT
phi0975.phi001.perseus-lat1.tb.xml@32,13,maius,magnus,ADJ
phi0975.phi001.perseus-lat1.tb.xml@32,14,ne,ne,SCONJ
phi0975.phi001.perseus-lat1.tb.xml@32,15,veniat,venio,VERB
phi0975.phi001.perseus-lat1.tb.xml@32,16,malum,malus,ADJ
phi0975.phi001.perseus-lat1.tb.xml@32,17,.,.,PUNCT
phi0975.phi001.perseus-lat1.tb.xml@34,1,Tumens,tumeo,VERB
phi0975.phi001.perseus-lat1.tb.xml@34,2,inani,inanis,ADJ
phi0975.phi001.perseus-lat1.tb.xml@34,3,graculus,graculus,NOUN
phi0975.phi001.perseus-lat1.tb.xml@34,4,superbia,superbia,NOUN
phi0975.phi001.perseus-lat1.tb.xml@34,5,",",",",PUNCT
phi0975.phi001.perseus-lat1.tb.xml@34,6,Pennas,penna,NOUN
phi0975.phi001.perseus-lat1.tb.xml@34,7,pavoni,pavo,NOUN
phi0975.phi001.perseus-lat1.tb.xml@34,8,quae,qui,PRON
phi0975.phi001.perseus-lat1.tb.xml@34,9,deciderant,decido,VERB
phi0975.phi001.perseus-lat1.tb.xml@34,10,sustulit,tollo,VERB
phi0975.phi001.perseus-lat1.tb.xml@34,11-12,Seque,_,_
phi0975.phi001.perseus-lat1.tb.xml@34,11,Se,sui,PRON
phi0975.phi001.perseus-lat1.tb.xml@34,12,que,que,CCONJ
phi0975.phi001.perseus-lat1.tb.xml@34,13,exornavit,exorno,VERB
phi0975.phi001.perseus-lat1.tb.xml@34,14,.,.,PUNCT
phi0975.phi001.perseus-lat1.tb.xml@35,1,Deinde,deinde,ADV
phi0975.phi001.perseus-lat1.tb.xml@35,2,contemnens,contemno,VERB
phi0975.phi001.perseus-lat1.tb.xml@35,3,suos,suus,DET
phi0975.phi001.perseus-lat1.tb.xml@35,4,Se,sui,PRON
phi0975.phi001.perseus-lat1.tb.xml@35,5,inmiscuit,immisceo,VERB
phi0975.phi001.perseus-lat1.tb.xml@35,6,pavonum,pavo,NOUN
phi0975.phi001.perseus-lat1.tb.xml@35,7,formoso,formosus,ADJ
phi0975.phi001.perseus-lat1.tb.xml@35,8,gregi,grex,NOUN
phi0975.phi001.perseus-lat1.tb.xml@35,9,.,.,PUNCT
phi0975.phi001.perseus-lat1.tb.xml@36,1,Illi,ille,DET
phi0975.phi001.perseus-lat1.tb.xml@36,2,inpudenti,impudens,ADJ
phi0975.phi001.perseus-lat1.tb.xml@36,3,pennas,penna,NOUN
phi0975.phi001.perseus-lat1.tb.xml@36,4,eripiunt,eripio,VERB
phi0975.phi001.perseus-lat1.tb.xml@36,5,avi,avis,NOUN
phi0975.phi001.perseus-lat1.tb.xml@36,6-7,Fugantque,_,_
phi0975.phi001.perseus-lat1.tb.xml@36,6,Fugant,fugo,VERB
phi0975.phi001.perseus-lat1.tb.xml@36,7,que,que,CCONJ
phi0975.phi001.perseus-lat1.tb.xml@36,8,rostris,rostrum,NOUN
phi0975.phi001.perseus-lat1.tb.xml@36,9,.,.,PUNCT
phi0975.phi001.perseus-lat1.tb.xml@37,1,Male,malus,ADV
phi0975.phi001.perseus-lat1.tb.xml@37,2,mulcatus,mulco,VERB
phi0975.phi001.perseus-lat1.tb.xml@37,3,graculus,graculus,NOUN
phi0975.phi001.perseus-lat1.tb.xml@37,4,Redire,redeo,VERB
phi0975.phi001.perseus-lat1.tb.xml@37,5,maerens,maereo,VERB
phi0975.phi001.perseus-lat1.tb.xml@37,6,coepit,coepio,VERB
phi0975.phi001.perseus-lat1.tb.xml@37,7,ad,ad,ADP
phi0975.phi001.perseus-lat1.tb.xml@37,8,proprium,proprius,ADJ
phi0975.phi001.perseus-lat1.tb.xml@37,9,genus,genus,NOUN
phi0975.phi001.perseus-lat1.tb.xml@37,10,;,;,PUNCT
phi0975.phi001.perseus-lat1.tb.xml@38,1,A,ab,ADP
phi0975.phi001.perseus-lat1.tb.xml@38,2,quo,qui,PRON
phi0975.phi001.perseus-lat1.tb.xml@38,3,repulsus,repello,VERB
phi0975.phi001.perseus-lat1.tb.xml@38,4,tristem,tristis,ADJ
phi0975.phi001.perseus-lat1.tb.xml@38,5,sustinuit,sustineo,VERB
phi0975.phi001.perseus-lat1.tb.xml@38,6,notam,nota,NOUN
phi0975.phi001.perseus-lat1.tb.xml@38,7,.,.,PUNCT
phi0975.phi001.perseus-lat1.tb.xml@41,1,Amittit,amitto,VERB
phi0975.phi001.perseus-lat1.tb.xml@41,2,merito,mereo,ADV
phi0975.phi001.perseus-lat1.tb.xml@41,3,proprium,proprius,ADJ
phi0975.phi001.perseus-lat1.tb.xml@41,4,qui,qui,PRON
phi0975.phi001.perseus-lat1.tb.xml@41,5,alienum,alienus,ADJ
phi0975.phi001.perseus-lat1.tb.xml@41,6,adpetit,appeto,VERB
phi0975.phi001.perseus-lat1.tb.xml@41,7,.,.,PUNCT
phi0975.phi001.perseus-lat1.tb.xml@42,1,Canis,canis,NOUN
phi0975.phi001.perseus-lat1.tb.xml@42,2,per,per,ADP
phi0975.phi001.perseus-lat1.tb.xml@42,3,flumen,flumen,NOUN
phi0975.phi001.perseus-lat1.tb.xml@42,4,carnem,caro,NOUN
phi0975.phi001.perseus-lat1.tb.xml@42,5,cum,cum,SCONJ
phi0975.phi001.perseus-lat1.tb.xml@42,6,ferret,fero,VERB
phi0975.phi001.perseus-lat1.tb.xml@42,7,natans,nato,VERB
phi0975.phi001.perseus-lat1.tb.xml@42,8,",",",",PUNCT
phi0975.phi001.perseus-lat1.tb.xml@42,9,Lympharum,lympha,NOUN
phi0975.phi001.perseus-lat1.tb.xml@42,10,in,in,ADP
phi0975.phi001.perseus-lat1.tb.xml@42,11,speculo,speculum,NOUN
phi0975.phi001.perseus-lat1.tb.xml@42,12,vidit,video,VERB
phi0975.phi001.perseus-lat1.tb.xml@42,13,simulacrum,simulacrum,NOUN
phi0975.phi001.perseus-lat1.tb.xml@42,14,suum,suus,DET
phi0975.phi001.perseus-lat1.tb.xml@42,15,",",",",PUNCT
phi0975.phi001.perseus-lat1.tb.xml@42,16-17,Aliamque,_,_
phi0975.phi001.perseus-lat1.tb.xml@42,16,Aliam,alius,DET
phi0975.phi001.perseus-lat1.tb.xml@42,17,que,que,CCONJ
phi0975.phi001.perseus-lat1.tb.xml@42,18,praedam,praeda,NOUN
phi0975.phi001.perseus-lat1.tb.xml@42,19,ab,ab,ADP
phi0975.phi001.perseus-lat1.tb.xml@42,20,altero,alter,DET
phi0975.phi001.perseus-lat1.tb.xml@42,21,ferri,fero,VERB
phi0975.phi001.perseus-lat1.tb.xml@42,22,putans,puto,VERB
phi0975.phi001.perseus-lat1.tb.xml@42,23,Eripere,eripio,VERB
phi0975.phi001.perseus-lat1.tb.xml@42,24,voluit,volo,VERB
phi0975.phi001.perseus-lat1.tb.xml@42,25,;,;,PUNCT
phi0975.phi001.perseus-lat1.tb.xml@44,1,Numquam,numquam,ADV
phi0975.phi001.perseus-lat1.tb.xml@44,2,est,sum,AUX
phi0975.phi001.perseus-lat1.tb.xml@44,3,fidelis,fidelis,ADJ
phi0975.phi001.perseus-lat1.tb.xml@44,4,cum,cum,ADP
phi0975.phi001.perseus-lat1.tb.xml@44,5,potente,potens,ADJ
phi0975.phi001.perseus-lat1.tb.xml@44,6,societas,societas,NOUN
phi0975.phi001.perseus-lat1.tb.xml@44,7,:,:,PUNCT
phi0975.phi001.perseus-lat1.tb.xml@45,1,Testatur,testor,VERB
phi0975.phi001.perseus-lat1.tb.xml@45,2,haec,hic,DET
phi0975.phi001.perseus-lat1.tb.xml@45,3,fabella,fabella,NOUN
phi0975.phi001.perseus-lat1.tb.xml@45,4,propositum,propono,NOUN
phi0975.phi001.perseus-lat1.tb.xml@45,5,meum,meus,DET
phi0975.phi001.perseus-lat1.tb.xml@45,6,.,.,PUNCT
phi0975.phi001.perseus-lat1.tb.xml@46,1,Vacca,vacca,NOUN
phi0975.phi001.perseus-lat1.tb.xml@46,2,et,et,CCONJ
phi0975.phi001.perseus-lat1.tb.xml@46,3,capella,capella,NOUN
phi0975.phi001.perseus-lat1.tb.xml@46,4,et,et,CCONJ
phi0975.phi001.perseus-lat1.tb.xml@46,5,patiens,patior,VERB
phi0975.phi001.perseus-lat1.tb.xml@46,6,ovis,ovis,NOUN
phi0975.phi001.perseus-lat1.tb.xml@46,7,iniuriae,iniuria,NOUN
phi0975.phi001.perseus-lat1.tb.xml@46,8,Socii,socius,ADJ
phi0975.phi001.perseus-lat1.tb.xml@46,9,fuere,sum,AUX
phi0975.phi001.perseus-lat1.tb.xml@46,10,cum,cum,ADP
phi0975.phi001.perseus-lat1.tb.xml@46,11,leone,leo,NOUN
phi0975.phi001.perseus-lat1.tb.xml@46,12,in,in,ADP
phi0975.phi001.perseus-lat1.tb.xml@46,13,saltibus,saltus,NOUN
phi0975.phi001.perseus-lat1.tb.xml@46,14,.,.,PUNCT
phi0975.phi001.perseus-lat1.tb.xml@49,1,Secundam,secundus,ADJ
phi0975.phi001.perseus-lat1.tb.xml@49,2,",",",",PUNCT
phi0975.phi001.perseus-lat1.tb.xml@49,3,quia,quia,SCONJ
phi0975.phi001.perseus-lat1.tb.xml@49,4,sum,sum,AUX
phi0975.phi001.perseus-lat1.tb.xml@49,5,fortis,fortis,ADJ
phi0975.phi001.perseus-lat1.tb.xml@49,6,",",",",PUNCT
phi0975.phi001.perseus-lat1.tb.xml@49,7,tribuetis,tribuo,VERB
phi0975.phi001.perseus-lat1.tb.xml@49,8,mihi,ego,PRON
phi0975.phi001.perseus-lat1.tb.xml@49,9,;,;,PUNCT
phi0975.phi001.perseus-lat1.tb.xml@50,1,Tum,tum,ADV
phi0975.phi001.perseus-lat1.tb.xml@50,2,",",",",PUNCT
phi0975.phi001.perseus-lat1.tb.xml@50,3,quia,quia,SCONJ
phi0975.phi001.perseus-lat1.tb.xml@50,4,plus,multus,ADV
phi0975.phi001.perseus-lat1.tb.xml@50,5,valeo,valeo,VERB
phi0975.phi001.perseus-lat1.tb.xml@50,6,",",",",PUNCT
phi0975.phi001.perseus-lat1.tb.xml@50,7,me,ego,PRON
phi0975.phi001.perseus-lat1.tb.xml@50,8,sequetur,sequor,VERB
phi0975.phi001.perseus-lat1.tb.xml@50,9,tertia,tertius,ADJ
phi0975.phi001.perseus-lat1.tb.xml@50,10,;,;,PUNCT
phi0975.phi001.perseus-lat1.tb.xml@51,1,Malo,malus,ADJ
phi0975.phi001.perseus-lat1.tb.xml@51,2,afficietur,afficio,VERB
phi0975.phi001.perseus-lat1.tb.xml@51,3,si,si,SCONJ
phi0975.phi001.perseus-lat1.tb.xml@51,4,quis,quis,PRON
phi0975.phi001.perseus-lat1.tb.xml@51,5,quartam,quartus,ADJ
phi0975.phi001.perseus-lat1.tb.xml@51,6,tetigerit,tango,VERB
phi0975.phi001.perseus-lat1.tb.xml@51,7,.,.,PUNCT
phi0975.phi001.perseus-lat1.tb.xml@52,1,Sic,sic,ADV
phi0975.phi001.perseus-lat1.tb.xml@52,2,totam,totus,DET
phi0975.phi001.perseus-lat1.tb.xml@52,3,praedam,praeda,NOUN
phi0975.phi001.perseus-lat1.tb.xml@52,4,sola,solus,DET
phi0975.phi001.perseus-lat1.tb.xml@52,5,improbitas,improbitas,NOUN
phi0975.phi001.perseus-lat1.tb.xml@52,6,abstulit,aufero,VERB
phi0975.phi001.perseus-lat1.tb.xml@52,7,.,.,PUNCT
phi0975.phi001.perseus-lat1.tb.xml@53,1,Vicini,vicinus,ADJ
phi0975.phi001.perseus-lat1.tb.xml@53,2,furis,fur,NOUN
phi0975.phi001.perseus-lat1.tb.xml@53,3,celebres,celeber,ADJ
phi0975.phi001.perseus-lat1.tb.xml@53,4,vidit,video,VERB
phi0975.phi001.perseus-lat1.tb.xml@53,5,nuptias,nuptiae,NOUN
phi0975.phi001.perseus-lat1.tb.xml@53,6,Aesopus,Aesopus,PROPN
phi0975.phi001.perseus-lat1.tb.xml@53,7,et,et,CCONJ
phi0975.phi001.perseus-lat1.tb.xml@53,8,continuo,continuo,ADV
phi0975.phi001.perseus-lat1.tb.xml@53,9,narrare,narro,VERB
phi0975.phi001.perseus-lat1.tb.xml@53,10,incipit,incipio,VERB
phi0975.phi001.perseus-lat1.tb.xml@53,11,:,:,PUNCT
phi0975.phi001.perseus-lat1.tb.xml@54,1,Uxorem,uxor,NOUN
phi0975.phi001.perseus-lat1.tb.xml@54,2,quondam,quondam,ADV
phi0975.phi001.perseus-lat1.tb.xml@54,3,Sol,sol,NOUN
phi0975.phi001.perseus-lat1.tb.xml@54,4,cum,cum,SCONJ
phi0975.phi001.perseus-lat1.tb.xml@54,5,vellet,volo,VERB
phi0975.phi001.perseus-lat1.tb.xml@54,6,ducere,duco,VERB
phi0975.phi001.perseus-lat1.tb.xml@54,7,",",",",PUNCT
phi0975.phi001.perseus-lat1.tb.xml@54,8,Clamorem,clamor,NOUN
phi0975.phi001.perseus-lat1.tb.xml@54,9,ranae,rana,NOUN
phi0975.phi001.perseus-lat1.tb.xml@54,10,sustulere,tollo,VERB
phi0975.phi001.perseus-lat1.tb.xml@54,11,ad,ad,ADP
phi0975.phi001.perseus-lat1.tb.xml@54,12,sidera,sidus,NOUN
phi0975.phi001.perseus-lat1.tb.xml@54,13,.,.,PUNCT
phi0975.phi001.perseus-lat1.tb.xml@55,1,Convicio,convicium,NOUN
phi0975.phi001.perseus-lat1.tb.xml@55,2,permotus,permoveo,VERB
phi0975.phi001.perseus-lat1.tb.xml@55,3,quaerit,quaero,VERB
phi0975.phi001.perseus-lat1.tb.xml@55,4,Iuppiter,Iuppiter,PROPN
phi0975.phi001.perseus-lat1.tb.xml@55,5,Causam,causa,NOUN
phi0975.phi001.perseus-lat1.tb.xml@55,6,querelae,querela,NOUN
phi0975.phi001.perseus-lat1.tb.xml@55,7,.,.,PUNCT
phi0975.phi001.perseus-lat1.tb.xml@57,1,Nunc,nunc,ADV
phi0975.phi001.perseus-lat1.tb.xml@57,2,inquit,inquam,VERB
phi0975.phi001.perseus-lat1.tb.xml@57,3,omnes,omnis,DET
phi0975.phi001.perseus-lat1.tb.xml@57,4,unus,unus,NUM
phi0975.phi001.perseus-lat1.tb.xml@57,5,exurit,exuro,VERB
phi0975.phi001.perseus-lat1.tb.xml@57,6,lacus,lacus,NOUN
phi0975.phi001.perseus-lat1.tb.xml@57,7-8,Cogitque,_,_
phi0975.phi001.perseus-lat1.tb.xml@57,7,Cogit,cogo,VERB
phi0975.phi001.perseus-lat1.tb.xml@57,8,que,que,CCONJ
phi0975.phi001.perseus-lat1.tb.xml@57,9,miseras,miser,ADJ
phi0975.phi001.perseus-lat1.tb.xml@57,10,arida,aridus,ADJ
phi0975.phi001.perseus-lat1.tb.xml@57,11,sede,sedes,NOUN
phi0975.phi001.perseus-lat1.tb.xml@57,12,emori,emorior,VERB
phi0975.phi001.perseus-lat1.tb.xml@57,13,.,.,PUNCT
phi0975.phi001.perseus-lat1.tb.xml@59,1,Personam,persona,NOUN
phi0975.phi001.perseus-lat1.tb.xml@59,2,tragicam,tragicus,ADJ
phi0975.phi001.perseus-lat1.tb.xml@59,3,forte,fors,ADV
phi0975.phi001.perseus-lat1.tb.xml@59,4,vulpes,vulpes,NOUN
phi0975.phi001.perseus-lat1.tb.xml@59,5,viderat,video,VERB
phi0975.phi001.perseus-lat1.tb.xml@59,6,:,:,PUNCT
phi0975.phi001.perseus-lat1.tb.xml@60,1,O,o,PART
phi0975.phi001.perseus-lat1.tb.xml@60,2,quanta,quantus,DET
phi0975.phi001.perseus-lat1.tb.xml@60,3,species,species,NOUN
phi0975.phi001.perseus-lat1.tb.xml@60,4,",",",",PUNCT
phi0975.phi001.perseus-lat1.tb.xml@60,5,inquit,inquam,VERB
phi0975.phi001.perseus-lat1.tb.xml@60,6,",",",",PUNCT
phi0975.phi001.perseus-lat1.tb.xml@60,7,cerebrum,cerebrum,NOUN
phi0975.phi001.perseus-lat1.tb.xml@60,8,non,non,PART
phi0975.phi001.perseus-lat1.tb.xml@60,9,habet,habeo,VERB
phi0975.phi001.perseus-lat1.tb.xml@60,10,!,!,PUNCT
phi0975.phi001.perseus-lat1.tb.xml@62,1,Qui,qui,PRON
phi0975.phi001.perseus-lat1.tb.xml@62,2,pretium,pretium,NOUN
phi0975.phi001.perseus-lat1.tb.xml@62,3,meriti,mereo,NOUN
phi0975.phi001.perseus-lat1.tb.xml@62,4,ab,ab,ADP
phi0975.phi001.perseus-lat1.tb.xml@62,5,improbis,improbus,ADJ
phi0975.phi001.perseus-lat1.tb.xml@62,6,desiderat,desidero,VERB
phi0975.phi001.perseus-lat1.tb.xml@62,7,",",",",PUNCT
phi0975.phi001.perseus-lat1.tb.xml@62,8,Bis,bis,ADV
phi0975.phi001.perseus-lat1.tb.xml@62,9,peccat,pecco,VERB
phi0975.phi001.perseus-lat1.tb.xml@62,10,:,:,PUNCT
phi0975.phi001.perseus-lat1.tb.xml@65,1,Os,os,NOUN
phi0975.phi001.perseus-lat1.tb.xml@65,2,devoratum,devoro,VERB
phi0975.phi001.perseus-lat1.tb.xml@65,3,fauce,fauces,NOUN
phi0975.phi001.perseus-lat1.tb.xml@65,4,cum,cum,SCONJ
phi0975.phi001.perseus-lat1.tb.xml@65,5,haereret,haereo,VERB
phi0975.phi001.perseus-lat1.tb.xml@65,6,lupi,lupus,NOUN
phi0975.phi001.perseus-lat1.tb.xml@65,7,",",",",PUNCT
phi0975.phi001.perseus-lat1.tb.xml@65,8,Magno,magnus,ADJ
phi0975.phi001.perseus-lat1.tb.xml@65,9,dolore,dolor,NOUN
phi0975.phi001.perseus-lat1.tb.xml@65,10,victus,vinco,VERB
phi0975.phi001.perseus-lat1.tb.xml@65,11,coepit,coepio,VERB
phi0975.phi001.perseus-lat1.tb.xml@65,12,singulos,singuli,ADJ
phi0975.phi001.perseus-lat1.tb.xml@65,13,Illicere,illicio,VERB
phi0975.phi001.perseus-lat1.tb.xml@65,14,pretio,pretium,NOUN
phi0975.phi001.perseus-lat1.tb.xml@65,15,",",",",PUNCT
phi0975.phi001.perseus-lat1.tb.xml@65,16,ut,ut,SCONJ
phi0975.phi001.perseus-lat1.tb.xml@65,17,illud,ille,DET
phi0975.phi001.perseus-lat1.tb.xml@65,18,extraherent,extraho,VERB
phi0975.phi001.perseus-lat1.tb.xml@65,19,malum,malus,ADJ
phi0975.phi001.perseus-lat1.tb.xml@65,20,.,.,PUNCT
phi0975.phi001.perseus-lat1.tb.xml@68,1,Ingrata,ingratus,ADJ
phi0975.phi001.perseus-lat1.tb.xml@68,2,es,sum,AUX
phi0975.phi001.perseus-lat1.tb.xml@68,3,inquit,inquam,VERB
phi0975.phi001.perseus-lat1.tb.xml@68,4,ore,os,NOUN
phi0975.phi001.perseus-lat1.tb.xml@68,5,quae,qui,PRON
phi0975.phi001.perseus-lat1.tb.xml@68,6,nostro,noster,DET
phi0975.phi001.perseus-lat1.tb.xml@68,7,caput,caput,NOUN
phi0975.phi001.perseus-lat1.tb.xml@68,8,Incolume,incolumis,ADJ
phi0975.phi001.perseus-lat1.tb.xml@68,9,abstuleris,aufero,VERB
phi0975.phi001.perseus-lat1.tb.xml@68,10,et,et,CCONJ
phi0975.phi001.perseus-lat1.tb.xml@68,11,mercedem,merces,NOUN
phi0975.phi001.perseus-lat1.tb.xml@68,12,postules,postulo,VERB
phi0975.phi001.perseus-lat1.tb.xml@68,13,.,.,PUNCT
phi0975.phi001.perseus-lat1.tb.xml@69,1,Sibi,sui,PRON
phi0975.phi001.perseus-lat1.tb.xml@69,2,non,non,PART
phi0975.phi001.perseus-lat1.tb.xml@69,3,cavere,caveo,VERB
phi0975.phi001.perseus-lat1.tb.xml@69,4,et,et,CCONJ
phi0975.phi001.perseus-lat1.tb.xml@69,5,aliis,alius,DET
phi0975.phi001.perseus-lat1.tb.xml@69,6,consilium,consilium,NOUN
phi0975.phi001.perseus-lat1.tb.xml@69,7,dare,do,VERB
phi0975.phi001.perseus-lat1.tb.xml@69,8,Stultum,stultus,ADJ
phi0975.phi001.perseus-lat1.tb.xml@69,9,esse,sum,AUX
phi0975.phi001.perseus-lat1.tb.xml@69,10,paucis,paucus,DET
phi0975.phi001.perseus-lat1.tb.xml@69,11,ostendemus,ostendo,VERB
phi0975.phi001.perseus-lat1.tb.xml@69,12,versibus,versus,NOUN
phi0975.phi001.perseus-lat1.tb.xml@69,13,.,.,PUNCT
phi0975.phi001.perseus-lat1.tb.xml@70,1,Oppressum,opprimo,VERB
phi0975.phi001.perseus-lat1.tb.xml@70,2,ab,ab,ADP
phi0975.phi001.perseus-lat1.tb.xml@70,3,aquila,aquila,NOUN
phi0975.phi001.perseus-lat1.tb.xml@70,4,",",",",PUNCT
phi0975.phi001.perseus-lat1.tb.xml@70,5,fletus,fletus,NOUN
phi0975.phi001.perseus-lat1.tb.xml@70,6,edentem,edo,VERB
phi0975.phi001.perseus-lat1.tb.xml@70,7,graves,gravis,ADJ
phi0975.phi001.perseus-lat1.tb.xml@70,8,",",",",PUNCT
phi0975.phi001.perseus-lat1.tb.xml@70,9,Leporem,lepus,NOUN
phi0975.phi001.perseus-lat1.tb.xml@70,10,obiurgabat,obiurgo,VERB
phi0975.phi001.perseus-lat1.tb.xml@70,11,passer,passer,NOUN
phi0975.phi001.perseus-lat1.tb.xml@70,12,:,:,PUNCT
phi0975.phi001.perseus-lat1.tb.xml@72,1,Quid,quid,ADV
phi0975.phi001.perseus-lat1.tb.xml@72,2,ita,ita,ADV
phi0975.phi001.perseus-lat1.tb.xml@72,3,cessarunt,cesso,VERB
phi0975.phi001.perseus-lat1.tb.xml@72,4,pedes,pes,NOUN
phi0975.phi001.perseus-lat1.tb.xml@72,5,?,?,PUNCT
phi0975.phi001.perseus-lat1.tb.xml@73,1,Dum,dum,SCONJ
phi0975.phi001.perseus-lat1.tb.xml@73,2,loquitur,loquor,VERB
phi0975.phi001.perseus-lat1.tb.xml@73,3,",",",",PUNCT
phi0975.phi001.perseus-lat1.tb.xml@73,4,ipsum,ipse,DET
phi0975.phi001.perseus-lat1.tb.xml@73,5,accipiter,accipiter,NOUN
phi0975.phi001.perseus-lat1.tb.xml@73,6,necopinum,necopinus,ADJ
phi0975.phi001.perseus-lat1.tb.xml@73,7,rapit,rapio,VERB
phi0975.phi001.perseus-lat1.tb.xml@73,8-9,Questuque,_,_
phi0975.phi001.perseus-lat1.tb.xml@73,8,Questu,questus,NOUN
phi0975.phi001.perseus-lat1.tb.xml@73,9,que,que,CCONJ
phi0975.phi001.perseus-lat1.tb.xml@73,10,vano,vanus,ADJ
phi0975.phi001.perseus-lat1.tb.xml@73,11,clamitantem,clamito,VERB
phi0975.phi001.perseus-lat1.tb.xml@73,12,interficit,interficio,VERB
phi0975.phi001.perseus-lat1.tb.xml@73,13,.,.,PUNCT
phi0975.phi001.perseus-lat1.tb.xml@75,1,Qui,qui,PRON
phi0975.phi001.perseus-lat1.tb.xml@75,2,modo,modo,ADV
phi0975.phi001.perseus-lat1.tb.xml@75,3,securus,securus,ADJ
phi0975.phi001.perseus-lat1.tb.xml@75,4,nostra,noster,DET
phi0975.phi001.perseus-lat1.tb.xml@75,5,irridebas,irrideo,VERB
phi0975.phi001.perseus-lat1.tb.xml@75,6,mala,malus,ADJ
phi0975.phi001.perseus-lat1.tb.xml@75,7,",",",",PUNCT
phi0975.phi001.perseus-lat1.tb.xml@75,8,Simili,similis,ADJ
phi0975.phi001.perseus-lat1.tb.xml@75,9,querela,querela,NOUN
phi0975.phi001.perseus-lat1.tb.xml@75,10,fata,fatum,NOUN
phi0975.phi001.perseus-lat1.tb.xml@75,11,deploras,deploro,VERB
phi0975.phi001.perseus-lat1.tb.xml@75,12,tua,tuus,DET
phi0975.phi001.perseus-lat1.tb.xml@75,13,.,.,PUNCT
phi0975.phi001.perseus-lat1.tb.xml@76,1,Quicumque,quicumque,DET
phi0975.phi001.perseus-lat1.tb.xml@76,2,turpi,turpis,ADJ
phi0975.phi001.perseus-lat1.tb.xml@76,3,fraude,fraus,NOUN
phi0975.phi001.perseus-lat1.tb.xml@76,4,semel,semel,ADV
phi0975.phi001.perseus-lat1.tb.xml@76,5,innotuit,innotesco,VERB
phi0975.phi001.perseus-lat1.tb.xml@76,6,",",",",PUNCT
phi0975.phi001.perseus-lat1.tb.xml@76,7,Etiam,etiam,ADV
phi0975.phi001.perseus-lat1.tb.xml@76,8,si,si,SCONJ
phi0975.phi001.perseus-lat1.tb.xml@76,9,verum,verus,ADJ
phi0975.phi001.perseus-lat1.tb.xml@76,10,dicit,dico,VERB
phi0975.phi001.perseus-lat1.tb.xml@76,11,",",",",PUNCT
phi0975.phi001.perseus-lat1.tb.xml@76,12,amittit,amitto,VERB
phi0975.phi001.perseus-lat1.tb.xml@76,13,fidem,fides,NOUN
phi0975.phi001.perseus-lat1.tb.xml@76,14,.,.,PUNCT
phi0975.phi001.perseus-lat1.tb.xml@77,1,Hoc,hic,DET
phi0975.phi001.perseus-lat1.tb.xml@77,2,attestatur,attestor,VERB
phi0975.phi001.perseus-lat1.tb.xml@77,3,brevis,brevis,ADJ
phi0975.phi001.perseus-lat1.tb.xml@77,4,Aesopi,Aesopus,PROPN
phi0975.phi001.perseus-lat1.tb.xml@77,5,fabula,fabula,NOUN
phi0975.phi001.perseus-lat1.tb.xml@77,6,.,.,PUNCT
phi0975.phi001.perseus-lat1.tb.xml@78,1,Lupus,lupus,NOUN
phi0975.phi001.perseus-lat1.tb.xml@78,2,arguebat,arguo,VERB
phi0975.phi001.perseus-lat1.tb.xml@78,3,vulpem,vulpes,NOUN
phi0975.phi001.perseus-lat1.tb.xml@78,4,furti,furtum,NOUN
phi0975.phi001.perseus-lat1.tb.xml@78,5,crimine,crimen,NOUN
phi0975.phi001.perseus-lat1.tb.xml@78,6,;,;,PUNCT
phi0975.phi001.perseus-lat1.tb.xml@79,1,Negabat,nego,VERB
phi0975.phi001.perseus-lat1.tb.xml@79,2,illa,ille,DET
phi0975.phi001.perseus-lat1.tb.xml@79,3,se,sui,PRON
phi0975.phi001.perseus-lat1.tb.xml@79,4,esse,sum,AUX
phi0975.phi001.perseus-lat1.tb.xml@79,5,culpae,culpa,NOUN
phi0975.phi001.perseus-lat1.tb.xml@79,6,proximam,propior,ADJ
phi0975.phi001.perseus-lat1.tb.xml@79,7,.,.,PUNCT
phi0975.phi001.perseus-lat1.tb.xml@80,1,Tunc,tunc,ADV
phi0975.phi001.perseus-lat1.tb.xml@80,2,iudex,iudex,NOUN
phi0975.phi001.perseus-lat1.tb.xml@80,3,inter,inter,ADP
phi0975.phi001.perseus-lat1.tb.xml@80,4,illos,ille,DET
phi0975.phi001.perseus-lat1.tb.xml@80,5,sedit,sedeo,VERB
phi0975.phi001.perseus-lat1.tb.xml@80,6,simius,simius,NOUN
phi0975.phi001.perseus-lat1.tb.xml@80,7,.,.,PUNCT
phi0975.phi001.perseus-lat1.tb.xml@81,1,Uterque,uterque,DET
phi0975.phi001.perseus-lat1.tb.xml@81,2,causam,causa,NOUN
phi0975.phi001.perseus-lat1.tb.xml@81,3,cum,cum,SCONJ
phi0975.phi001.perseus-lat1.tb.xml@81,4,perorassent,peroro,VERB
phi0975.phi001.perseus-lat1.tb.xml@81,5,suam,suus,DET
phi0975.phi001.perseus-lat1.tb.xml@81,6,",",",",PUNCT
phi0975.phi001.perseus-lat1.tb.xml@81,7,Dixisse,dico,VERB
phi0975.phi001.perseus-lat1.tb.xml@81,8,fertur,fero,VERB
phi0975.phi001.perseus-lat1.tb.xml@81,9,simius,simius,NOUN
phi0975.phi001.perseus-lat1.tb.xml@81,10,sententiam,sententia,NOUN
phi0975.phi001.perseus-lat1.tb.xml@81,11,:,:,PUNCT
phi0975.phi001.perseus-lat1.tb.xml@82,1,Tu,tu,PRON
phi0975.phi001.perseus-lat1.tb.xml@82,2,non,non,PART
phi0975.phi001.perseus-lat1.tb.xml@82,3,videris,video,VERB
phi0975.phi001.perseus-lat1.tb.xml@82,4,perdidisse,perdo,VERB
phi0975.phi001.perseus-lat1.tb.xml@82,5,quod,qui,PRON
phi0975.phi001.perseus-lat1.tb.xml@82,6,petis,peto,VERB
phi0975.phi001.perseus-lat1.tb.xml@82,7,;,;,PUNCT
phi0975.phi001.perseus-lat1.tb.xml@83,1,Te,tu,PRON
phi0975.phi001.perseus-lat1.tb.xml@83,2,credo,credo,VERB
phi0975.phi001.perseus-lat1.tb.xml@83,3,surripuisse,surripio,VERB
phi0975.phi001.perseus-lat1.tb.xml@83,4,quod,qui,PRON
phi0975.phi001.perseus-lat1.tb.xml@83,5,pulchre,pulcher,ADV
phi0975.phi001.perseus-lat1.tb.xml@83,6,negas,nego,VERB
phi0975.phi001.perseus-lat1.tb.xml@83,7,.,.,PUNCT
phi0975.phi001.perseus-lat1.tb.xml@84,1,Virtutis,virtus,NOUN
phi0975.phi001.perseus-lat1.tb.xml@84,2,expers,expers,ADJ
phi0975.phi001.perseus-lat1.tb.xml@84,3,",",",",PUNCT
phi0975.phi001.perseus-lat1.tb.xml@84,4,verbis,verbum,NOUN
phi0975.phi001.perseus-lat1.tb.xml@84,5,iactans,iacto,VERB
phi0975.phi001.perseus-lat1.tb.xml@84,6,gloriam,gloria,NOUN
phi0975.phi001.perseus-lat1.tb.xml@84,7,",",",",PUNCT
phi0975.phi001.perseus-lat1.tb.xml@84,8,Ignotos,ignotus,ADJ
phi0975.phi001.perseus-lat1.tb.xml@84,9,fallit,fallo,VERB
phi0975.phi001.perseus-lat1.tb.xml@84,10,",",",",PUNCT
phi0975.phi001.perseus-lat1.tb.xml@84,11,notis,nosco,VERB
phi0975.phi001.perseus-lat1.tb.xml@84,12,est,sum,AUX
phi0975.phi001.perseus-lat1.tb.xml@84,13,derisui,derisus,NOUN
phi0975.phi001.perseus-lat1.tb.xml@84,14,.,.,PUNCT
phi0975.phi001.perseus-lat1.tb.xml@85,1,Venari,venor,VERB
phi0975.phi001.perseus-lat1.tb.xml@85,2,asello,asellus,NOUN
phi0975.phi001.perseus-lat1.tb.xml@85,3,comite,comes,NOUN
phi0975.phi001.perseus-lat1.tb.xml@85,4,cum,cum,SCONJ
phi0975.phi001.perseus-lat1.tb.xml@85,5,vellet,volo,VERB
phi0975.phi001.perseus-lat1.tb.xml@85,6,leo,leo,NOUN
phi0975.phi001.perseus-lat1.tb.xml@85,7,",",",",PUNCT
phi0975.phi001.perseus-lat1.tb.xml@85,8,Contexit,contego,VERB
phi0975.phi001.perseus-lat1.tb.xml@85,9,illum,ille,DET
phi0975.phi001.perseus-lat1.tb.xml@85,10,frutice,frutex,NOUN
phi0975.phi001.perseus-lat1.tb.xml@85,11,et,et,CCONJ
phi0975.phi001.perseus-lat1.tb.xml@85,12,admonuit,admoneo,VERB
phi0975.phi001.perseus-lat1.tb.xml@85,13,simul,simul,ADV
phi0975.phi001.perseus-lat1.tb.xml@85,14,",",",",PUNCT
phi0975.phi001.perseus-lat1.tb.xml@85,15,Ut,ut,SCONJ
phi0975.phi001.perseus-lat1.tb.xml@85,16,insueta,insuetus,ADJ
phi0975.phi001.perseus-lat1.tb.xml@85,17,voce,vox,NOUN
phi0975.phi001.perseus-lat1.tb.xml@85,18,terreret,terreo,VERB
phi0975.phi001.perseus-lat1.tb.xml@85,19,feras,ferus,ADJ
phi0975.phi001.perseus-lat1.tb.xml@85,20,",",",",PUNCT
phi0975.phi001.perseus-lat1.tb.xml@85,21,Fugientes,fugio,VERB
phi0975.phi001.perseus-lat1.tb.xml@85,22,ipse,ipse,DET
phi0975.phi001.perseus-lat1.tb.xml@85,23,exciperet,excipio,VERB
phi0975.phi001.perseus-lat1.tb.xml@85,24,.,.,PUNCT
phi0975.phi001.perseus-lat1.tb.xml@86,1,Hic,hic,ADV
phi0975.phi001.perseus-lat1.tb.xml@86,2,auritulus,auritulus,NOUN
phi0975.phi001.perseus-lat1.tb.xml@86,3,Clamorem,clamor,NOUN
phi0975.phi001.perseus-lat1.tb.xml@86,4,subito,subeo,ADV
phi0975.phi001.perseus-lat1.tb.xml@86,5,totis,totus,DET
phi0975.phi001.perseus-lat1.tb.xml@86,6,tollit,tollo,VERB
phi0975.phi001.perseus-lat1.tb.xml@86,7,viribus,vis,NOUN
phi0975.phi001.perseus-lat1.tb.xml@86,8-9,Novoque,_,_
phi0975.phi001.perseus-lat1.tb.xml@86,8,Novo,novus,ADJ
phi0975.phi001.perseus-lat1.tb.xml@86,9,que,que,CCONJ
phi0975.phi001.perseus-lat1.tb.xml@86,10,turbat,turbo,VERB
phi0975.phi001.perseus-lat1.tb.xml@86,11,bestias,bestia,NOUN
phi0975.phi001.perseus-lat1.tb.xml@86,12,miraculo,miraculum,NOUN
phi0975.phi001.perseus-lat1.tb.xml@86,13,.,.,PUNCT
phi0975.phi001.perseus-lat1.tb.xml@87,1,Quae,qui,PRON
phi0975.phi001.perseus-lat1.tb.xml@87,2,dum,dum,SCONJ
phi0975.phi001.perseus-lat1.tb.xml@87,3,paventes,paveo,VERB
phi0975.phi001.perseus-lat1.tb.xml@87,4,exitus,exitus,NOUN
phi0975.phi001.perseus-lat1.tb.xml@87,5,notos,nosco,VERB
phi0975.phi001.perseus-lat1.tb.xml@87,6,petunt,peto,VERB
phi0975.phi001.perseus-lat1.tb.xml@87,7,",",",",PUNCT
phi0975.phi001.perseus-lat1.tb.xml@87,8,Leonis,leo,NOUN
phi0975.phi001.perseus-lat1.tb.xml@87,9,affliguntur,affligo,VERB
phi0975.phi001.perseus-lat1.tb.xml@87,10,horrendo,horreo,ADJ
phi0975.phi001.perseus-lat1.tb.xml@87,11,impetu,impetus,NOUN
phi0975.phi001.perseus-lat1.tb.xml@87,12,.,.,PUNCT
phi0975.phi001.perseus-lat1.tb.xml@88,1,Qui,qui,PRON
phi0975.phi001.perseus-lat1.tb.xml@88,2,postquam,postquam,SCONJ
phi0975.phi001.perseus-lat1.tb.xml@88,3,caede,caedes,NOUN
phi0975.phi001.perseus-lat1.tb.xml@88,4,fessus,fessus,ADJ
phi0975.phi001.perseus-lat1.tb.xml@88,5,est,sum,AUX
phi0975.phi001.perseus-lat1.tb.xml@88,6,",",",",PUNCT
phi0975.phi001.perseus-lat1.tb.xml@88,7,asinum,asinus,NOUN
phi0975.phi001.perseus-lat1.tb.xml@88,8,evocat,evoco,VERB
phi0975.phi001.perseus-lat1.tb.xml@88,9-10,Iubetque,_,_
phi0975.phi001.perseus-lat1.tb.xml@88,9,Iubet,iubeo,VERB
phi0975.phi001.perseus-lat1.tb.xml@88,10,que,que,CCONJ
phi0975.phi001.perseus-lat1.tb.xml@88,11,vocem,vox,NOUN
phi0975.phi001.perseus-lat1.tb.xml@88,12,premere,premo,VERB
phi0975.phi001.perseus-lat1.tb.xml@88,13,.,.,PUNCT
phi0975.phi001.perseus-lat1.tb.xml@90,1,Qualis,qualis,DET
phi0975.phi001.perseus-lat1.tb.xml@90,2,videtur,video,VERB
phi0975.phi001.perseus-lat1.tb.xml@90,3,opera,opera,NOUN
phi0975.phi001.perseus-lat1.tb.xml@90,4,tibi,tu,PRON
phi0975.phi001.perseus-lat1.tb.xml@90,5,vocis,vox,NOUN
phi0975.phi001.perseus-lat1.tb.xml@90,6,meae,meus,DET
phi0975.phi001.perseus-lat1.tb.xml@90,7,?,?,PUNCT
phi0975.phi001.perseus-lat1.tb.xml@92,1,Laudatis,laudo,VERB
phi0975.phi001.perseus-lat1.tb.xml@92,2,utiliora,utilis,ADJ
phi0975.phi001.perseus-lat1.tb.xml@92,3,quae,qui,PRON
phi0975.phi001.perseus-lat1.tb.xml@92,4,contempseris,contemno,VERB
phi0975.phi001.perseus-lat1.tb.xml@92,5,Saepe,saepe,ADV
phi0975.phi001.perseus-lat1.tb.xml@92,6,inveniri,invenio,VERB
phi0975.phi001.perseus-lat1.tb.xml@92,7,haec,hic,DET
phi0975.phi001.perseus-lat1.tb.xml@92,8,asserit,assero,VERB
phi0975.phi001.perseus-lat1.tb.xml@92,9,narratio,narratio,NOUN
phi0975.phi001.perseus-lat1.tb.xml@92,10,.,.,PUNCT
phi0975.phi001.perseus-lat1.tb.xml@93,1,Ad,ad,ADP
phi0975.phi001.perseus-lat1.tb.xml@93,2,fontem,fons,NOUN
phi0975.phi001.perseus-lat1.tb.xml@93,3,cervus,cervus,NOUN
phi0975.phi001.perseus-lat1.tb.xml@93,4,",",",",PUNCT
phi0975.phi001.perseus-lat1.tb.xml@93,5,cum,cum,SCONJ
phi0975.phi001.perseus-lat1.tb.xml@93,6,bibisset,bibo,VERB
phi0975.phi001.perseus-lat1.tb.xml@93,7,",",",",PUNCT
phi0975.phi001.perseus-lat1.tb.xml@93,8,restitit,resto,VERB
phi0975.phi001.perseus-lat1.tb.xml@93,9,Et,et,CCONJ
phi0975.phi001.perseus-lat1.tb.xml@93,10,in,in,ADP
phi0975.phi001.perseus-lat1.tb.xml@93,11,liquore,liquor,NOUN
phi0975.phi001.perseus-lat1.tb.xml@93,12,vidit,video,VERB
phi0975.phi001.perseus-lat1.tb.xml@93,13,effigiem,effigies,NOUN
phi0975.phi001.perseus-lat1.tb.xml@93,14,suam,suus,DET
phi0975.phi001.perseus-lat1.tb.xml@93,15,.,.,PUNCT
phi0975.phi001.perseus-lat1.tb.xml@95,1,Silva,silva,NOUN
phi0975.phi001.perseus-lat1.tb.xml@95,2,tum,tum,ADV
phi0975.phi001.perseus-lat1.tb.xml@95,3,excepit,excipio,VERB
phi0975.phi001.perseus-lat1.tb.xml@95,4,ferum,ferus,ADJ
phi0975.phi001.perseus-lat1.tb.xml@95,5,",",",",PUNCT
phi0975.phi001.perseus-lat1.tb.xml@95,6,In,in,ADP
phi0975.phi001.perseus-lat1.tb.xml@95,7,qua,qui,PRON
phi0975.phi001.perseus-lat1.tb.xml@95,8,retentis,retineo,VERB
phi0975.phi001.perseus-lat1.tb.xml@95,9,impeditus,impedio,VERB
phi0975.phi001.perseus-lat1.tb.xml@95,10,cornibus,cornu,NOUN
phi0975.phi001.perseus-lat1.tb.xml@95,11,Lacerari,lacero,VERB
phi0975.phi001.perseus-lat1.tb.xml@95,12,coepit,coepio,VERB
phi0975.phi001.perseus-lat1.tb.xml@95,13,morsibus,morsus,NOUN
phi0975.phi001.perseus-lat1.tb.xml@95,14,saevis,saevus,ADJ
phi0975.phi001.perseus-lat1.tb.xml@95,15,canum,canis,NOUN
phi0975.phi001.perseus-lat1.tb.xml@95,16,.,.,PUNCT
phi0975.phi001.perseus-lat1.tb.xml@96,1,Tunc,tunc,ADV
phi0975.phi001.perseus-lat1.tb.xml@96,2,moriens,morior,VERB
phi0975.phi001.perseus-lat1.tb.xml@96,3,edidisse,edo,VERB
phi0975.phi001.perseus-lat1.tb.xml@96,4,vocem,vox,NOUN
phi0975.phi001.perseus-lat1.tb.xml@96,5,hanc,hic,DET
phi0975.phi001.perseus-lat1.tb.xml@96,6,dicitur,dico,VERB
phi0975.phi001.perseus-lat1.tb.xml@96,7,:,:,PUNCT
phi0975.phi001.perseus-lat1.tb.xml@98,1,qui,qui,PRON
phi0975.phi001.perseus-lat1.tb.xml@98,2,nunc,nunc,ADV
phi0975.phi001.perseus-lat1.tb.xml@98,3,demum,demum,ADV
phi0975.phi001.perseus-lat1.tb.xml@98,4,intellego,intellego,VERB
phi0975.phi001.perseus-lat1.tb.xml@98,5,Utilia,utilis,ADJ
phi0975.phi001.perseus-lat1.tb.xml@98,6,mihi,ego,PRON
phi0975.phi001.perseus-lat1.tb.xml@98,7,quam,quam,ADV
phi0975.phi001.perseus-lat1.tb.xml@98,8,fuerint,sum,AUX
phi0975.phi001.perseus-lat1.tb.xml@98,9,quae,qui,PRON
phi0975.phi001.perseus-lat1.tb.xml@98,10,despexeram,despicio,VERB
phi0975.phi001.perseus-lat1.tb.xml@98,11,",",",",PUNCT
phi0975.phi001.perseus-lat1.tb.xml@98,12,Et,et,CCONJ
phi0975.phi001.perseus-lat1.tb.xml@98,13,quae,qui,PRON
phi0975.phi001.perseus-lat1.tb.xml@98,14,laudaram,laudo,VERB
phi0975.phi001.perseus-lat1.tb.xml@98,15,quantum,quantus,DET
phi0975.phi001.perseus-lat1.tb.xml@98,16,luctus,luctus,NOUN
phi0975.phi001.perseus-lat1.tb.xml@98,17,habuerint,habeo,VERB
phi0975.phi001.perseus-lat1.tb.xml@98,18,.,.,PUNCT
phi0975.phi001.perseus-lat1.tb.xml@99,1,Qui,qui,PRON
phi0975.phi001.perseus-lat1.tb.xml@99,2,se,sui,PRON
phi0975.phi001.perseus-lat1.tb.xml@99,3,laudari,laudo,VERB
phi0975.phi001.perseus-lat1.tb.xml@99,4,gaudet,gaudeo,VERB
phi0975.phi001.perseus-lat1.tb.xml@99,5,verbis,verbum,NOUN
phi0975.phi001.perseus-lat1.tb.xml@99,6,subdolis,subdolus,ADJ
phi0975.phi001.perseus-lat1.tb.xml@99,7,",",",",PUNCT
phi0975.phi001.perseus-lat1.tb.xml@99,8,Fere,fere,ADV
phi0975.phi001.perseus-lat1.tb.xml@99,9,dat,do,VERB
phi0975.phi001.perseus-lat1.tb.xml@99,10,poenas,poena,NOUN
phi0975.phi001.perseus-lat1.tb.xml@99,11,turpi,turpis,ADJ
phi0975.phi001.perseus-lat1.tb.xml@99,12,paenitentia,paenitentia,NOUN
phi0975.phi001.perseus-lat1.tb.xml@99,13,.,.,PUNCT
phi0975.phi001.perseus-lat1.tb.xml@100,1,Cum,cum,SCONJ
phi0975.phi001.perseus-lat1.tb.xml@100,2,de,de,ADP
phi0975.phi001.perseus-lat1.tb.xml@100,3,fenestra,fenestra,NOUN
phi0975.phi001.perseus-lat1.tb.xml@100,4,corvus,corvus,NOUN
phi0975.phi001.perseus-lat1.tb.xml@100,5,raptum,rapio,VERB
phi0975.phi001.perseus-lat1.tb.xml@100,6,caseum,caseus,NOUN
phi0975.phi001.perseus-lat1.tb.xml@100,7,Comesse,comedo,VERB
phi0975.phi001.perseus-lat1.tb.xml@100,8,vellet,volo,VERB
phi0975.phi001.perseus-lat1.tb.xml@100,9,",",",",PUNCT
phi0975.phi001.perseus-lat1.tb.xml@100,10,celsa,celsus,ADJ
phi0975.phi001.perseus-lat1.tb.xml@100,11,residens,resideo,VERB
phi0975.phi001.perseus-lat1.tb.xml@100,12,arbore,arbor,NOUN
phi0975.phi001.perseus-lat1.tb.xml@100,13,",",",",PUNCT
phi0975.phi001.perseus-lat1.tb.xml@100,14,Vulpes,vulpes,NOUN
phi0975.phi001.perseus-lat1.tb.xml@100,15,hunc,hic,DET
phi0975.phi001.perseus-lat1.tb.xml@100,16,vidit,video,VERB
phi0975.phi001.perseus-lat1.tb.xml@100,17,",",",",PUNCT
phi0975.phi001.perseus-lat1.tb.xml@100,18,deinde,deinde,ADV
phi0975.phi001.perseus-lat1.tb.xml@100,19,sic,sic,ADV
phi0975.phi001.perseus-lat1.tb.xml@100,20,coepit,coepio,VERB
phi0975.phi001.perseus-lat1.tb.xml@100,21,loqui,loquor,VERB
phi0975.phi001.perseus-lat1.tb.xml@100,22,:,:,PUNCT
phi0975.phi001.perseus-lat1.tb.xml@101,1,O,o,PART
phi0975.phi001.perseus-lat1.tb.xml@101,2,qui,qui,PRON
phi0975.phi001.perseus-lat1.tb.xml@101,3,tuarum,tuus,DET
phi0975.phi001.perseus-lat1.tb.xml@101,4,",",",",PUNCT
phi0975.phi001.perseus-lat1.tb.xml@101,5,corve,corvus,NOUN
phi0975.phi001.perseus-lat1.tb.xml@101,6,",",",",PUNCT
phi0975.phi001.perseus-lat1.tb.xml@101,7,pennarum,penna,NOUN
phi0975.phi001.perseus-lat1.tb.xml@101,8,est,sum,AUX
phi0975.phi001.perseus-lat1.tb.xml@101,9,nitor,nitor,NOUN
phi0975.phi001.perseus-lat1.tb.xml@101,10,!,!,PUNCT
phi0975.phi001.perseus-lat1.tb.xml@102,1,Quantum,quantus,DET
phi0975.phi001.perseus-lat1.tb.xml@102,2,decoris,decor,NOUN
phi0975.phi001.perseus-lat1.tb.xml@102,3,corpore,corpus,NOUN
phi0975.phi001.perseus-lat1.tb.xml@102,4,et,et,CCONJ
phi0975.phi001.perseus-lat1.tb.xml@102,5,vultu,vultus,NOUN
phi0975.phi001.perseus-lat1.tb.xml@102,6,geris,gero,VERB
phi0975.phi001.perseus-lat1.tb.xml@102,7,!,!,PUNCT
phi0975.phi001.perseus-lat1.tb.xml@103,1,Si,si,SCONJ
phi0975.phi001.perseus-lat1.tb.xml@103,2,vocem,vox,NOUN
phi0975.phi001.perseus-lat1.tb.xml@103,3,haberes,habeo,VERB
phi0975.phi001.perseus-lat1.tb.xml@103,4,",",",",PUNCT
phi0975.phi001.perseus-lat1.tb.xml@103,5,nulla,nullus,DET
phi0975.phi001.perseus-lat1.tb.xml@103,6,prior,prior,ADJ
phi0975.phi001.perseus-lat1.tb.xml@103,7,ales,ales,NOUN
phi0975.phi001.perseus-lat1.tb.xml@103,8,foret,sum,AUX
phi0975.phi001.perseus-lat1.tb.xml@103,9,.,.,PUNCT
phi0975.phi001.perseus-lat1.tb.xml@104,1,At,at,CCONJ
phi0975.phi001.perseus-lat1.tb.xml@104,2,ille,ille,DET
phi0975.phi001.perseus-lat1.tb.xml@104,3,stultus,stultus,ADJ
phi0975.phi001.perseus-lat1.tb.xml@104,4,",",",",PUNCT
phi0975.phi001.perseus-lat1.tb.xml@104,5,dum,dum,SCONJ
phi0975.phi001.perseus-lat1.tb.xml@104,6,vult,volo,VERB
phi0975.phi001.perseus-lat1.tb.xml@104,7,vocem,vox,NOUN
phi0975.phi001.perseus-lat1.tb.xml@104,8,ostendere,ostendo,VERB
phi0975.phi001.perseus-lat1.tb.xml@104,9,",",",",PUNCT
phi0975.phi001.perseus-lat1.tb.xml@104,10,Emisit,emitto,VERB
phi0975.phi001.perseus-lat1.tb.xml@104,11,ore,os,NOUN
phi0975.phi001.perseus-lat1.tb.xml@104,12,caseum,caseus,NOUN
phi0975.phi001.perseus-lat1.tb.xml@104,13,",",",",PUNCT
phi0975.phi001.perseus-lat1.tb.xml@104,14,quem,qui,PRON
phi0975.phi001.perseus-lat1.tb.xml@104,15,celeriter,celer,ADV
phi0975.phi001.perseus-lat1.tb.xml@104,16,Dolosa,dolosus,ADJ
phi0975.phi001.perseus-lat1.tb.xml@104,17,vulpes,vulpes,NOUN
phi0975.phi001.perseus-lat1.tb.xml@104,18,avidis,avidus,ADJ
phi0975.phi001.perseus-lat1.tb.xml@104,19,rapuit,rapio,VERB
phi0975.phi001.perseus-lat1.tb.xml@104,20,dentibus,dens,NOUN
phi0975.phi001.perseus-lat1.tb.xml@104,21,.,.,PUNCT
phi0975.phi001.perseus-lat1.tb.xml@105,1,Tunc,tunc,ADV
phi0975.phi001.perseus-lat1.tb.xml@105,2,demum,demum,ADV
phi0975.phi001.perseus-lat1.tb.xml@105,3,ingemuit,ingemisco,VERB
phi0975.phi001.perseus-lat1.tb.xml@105,4,corvi,corvus,NOUN
phi0975.phi001.perseus-lat1.tb.xml@105,5,deceptus,decipio,VERB
phi0975.phi001.perseus-lat1.tb.xml@105,6,stupor,stupor,NOUN
phi0975.phi001.perseus-lat1.tb.xml@105,7,.,.,PUNCT
phi0975.phi001.perseus-lat1.tb.xml@106,1,Hac,hic,DET
phi0975.phi001.perseus-lat1.tb.xml@106,2,re,res,NOUN
phi0975.phi001.perseus-lat1.tb.xml@106,3,probatur,probo,VERB
phi0975.phi001.perseus-lat1.tb.xml@106,4,quantum,quantus,ADV
phi0975.phi001.perseus-lat1.tb.xml@106,5,ingenium,ingenium,NOUN
phi0975.phi001.perseus-lat1.tb.xml@106,6,valet,valeo,VERB
phi0975.phi001.perseus-lat1.tb.xml@106,7,;,;,PUNCT
phi0975.phi001.perseus-lat1.tb.xml@107,1,Virtute,virtus,NOUN
phi0975.phi001.perseus-lat1.tb.xml@107,2,semper,semper,ADV
phi0975.phi001.perseus-lat1.tb.xml@107,3,praevalet,praevaleo,VERB
phi0975.phi001.perseus-lat1.tb.xml@107,4,sapientia,sapientia,NOUN
phi0975.phi001.perseus-lat1.tb.xml@107,5,.,.,PUNCT
phi0975.phi001.perseus-lat1.tb.xml@108,1,Malus,malus,ADJ
phi0975.phi001.perseus-lat1.tb.xml@108,2,cum,cum,SCONJ
phi0975.phi001.perseus-lat1.tb.xml@108,3,sutor,sutor,NOUN
phi0975.phi001.perseus-lat1.tb.xml@108,4,inopia,inopia,NOUN
phi0975.phi001.perseus-lat1.tb.xml@108,5,deperditus,deperdo,VERB
phi0975.phi001.perseus-lat1.tb.xml@108,6,Medicinam,medicina,NOUN
phi0975.phi001.perseus-lat1.tb.xml@108,7,ignoto,ignosco,VERB
phi0975.phi001.perseus-lat1.tb.xml@108,8,facere,facio,VERB
phi0975.phi001.perseus-lat1.tb.xml@108,9,coepisset,coepio,VERB
phi0975.phi001.perseus-lat1.tb.xml@108,10,loco,locus,NOUN
phi0975.phi001.perseus-lat1.tb.xml@108,11,Et,et,CCONJ
phi0975.phi001.perseus-lat1.tb.xml@108,12,venditaret,vendito,VERB
phi0975.phi001.perseus-lat1.tb.xml@108,13,falso,fallo,VERB
phi0975.phi001.perseus-lat1.tb.xml@108,14,antidotum,antidotum,NOUN
phi0975.phi001.perseus-lat1.tb.xml@108,15,nomine,nomen,NOUN
phi0975.phi001.perseus-lat1.tb.xml@108,16,",",",",PUNCT
phi0975.phi001.perseus-lat1.tb.xml@108,17,Verbosis,verbosus,ADJ
phi0975.phi001.perseus-lat1.tb.xml@108,18,acquisivit,acquiro,VERB
phi0975.phi001.perseus-lat1.tb.xml@108,19,sibi,sui,PRON
phi0975.phi001.perseus-lat1.tb.xml@108,20,famam,fama,NOUN
phi0975.phi001.perseus-lat1.tb.xml@108,21,strophis,stropha,NOUN
phi0975.phi001.perseus-lat1.tb.xml@108,22,.,.,PUNCT
phi0975.phi001.perseus-lat1.tb.xml@109,1,Hic,hic,ADV
phi0975.phi001.perseus-lat1.tb.xml@109,2,cum,cum,SCONJ
phi0975.phi001.perseus-lat1.tb.xml@109,3,iaceret,iaceo,VERB
phi0975.phi001.perseus-lat1.tb.xml@109,4,morbo,morbus,NOUN
phi0975.phi001.perseus-lat1.tb.xml@109,5,confectus,conficio,VERB
phi0975.phi001.perseus-lat1.tb.xml@109,6,gravi,gravis,ADJ
phi0975.phi001.perseus-lat1.tb.xml@109,7,Rex,rex,NOUN
phi0975.phi001.perseus-lat1.tb.xml@109,8,urbis,urbs,NOUN
phi0975.phi001.perseus-lat1.tb.xml@109,9,",",",",PUNCT
phi0975.phi001.perseus-lat1.tb.xml@109,10,eius,is,PRON
phi0975.phi001.perseus-lat1.tb.xml@109,11,experiendi,experior,VERB
phi0975.phi001.perseus-lat1.tb.xml@109,12,gratia,gratia,NOUN
phi0975.phi001.perseus-lat1.tb.xml@109,13,Scyphum,scyphus,NOUN
phi0975.phi001.perseus-lat1.tb.xml@109,14,poposcit,posco,VERB
phi0975.phi001.perseus-lat1.tb.xml@109,15,:,:,PUNCT
phi0975.phi001.perseus-lat1.tb.xml@110,1,fusa,fundo,VERB
phi0975.phi001.perseus-lat1.tb.xml@110,2,dein,deinde,ADV
phi0975.phi001.perseus-lat1.tb.xml@110,3,simulans,simulo,VERB
phi0975.phi001.perseus-lat1.tb.xml@110,4,aqua,aqua,NOUN
phi0975.phi001.perseus-lat1.tb.xml@110,5,Miscere,misceo,VERB
phi0975.phi001.perseus-lat1.tb.xml@110,6,illius,ille,DET
phi0975.phi001.perseus-lat1.tb.xml@110,7,antidoto,antidotum,NOUN
phi0975.phi001.perseus-lat1.tb.xml@110,8,se,sui,PRON
phi0975.phi001.perseus-lat1.tb.xml@110,9,toxicum,toxicum,NOUN
phi0975.phi001.perseus-lat1.tb.xml@110,10,",",",",PUNCT
phi0975.phi001.perseus-lat1.tb.xml@110,11,Ebibere,ebibo,VERB
phi0975.phi001.perseus-lat1.tb.xml@110,12,iussit,iubeo,VERB
phi0975.phi001.perseus-lat1.tb.xml@110,13,ipsum,ipse,DET
phi0975.phi001.perseus-lat1.tb.xml@110,14,posito,pono,VERB
phi0975.phi001.perseus-lat1.tb.xml@110,15,praemio,praemium,NOUN
phi0975.phi001.perseus-lat1.tb.xml@110,16,.,.,PUNCT
phi0975.phi001.perseus-lat1.tb.xml@112,1,Rex,rex,NOUN
phi0975.phi001.perseus-lat1.tb.xml@112,2,advocata,advoco,VERB
phi0975.phi001.perseus-lat1.tb.xml@112,3,contione,contio,NOUN
phi0975.phi001.perseus-lat1.tb.xml@112,4,haec,hic,DET
phi0975.phi001.perseus-lat1.tb.xml@112,5,addidit,addo,VERB
phi0975.phi001.perseus-lat1.tb.xml@112,6,:,:,PUNCT
phi0975.phi001.perseus-lat1.tb.xml@114,1,Hoc,hic,DET
phi0975.phi001.perseus-lat1.tb.xml@114,2,pertinere,pertineo,VERB
phi0975.phi001.perseus-lat1.tb.xml@114,3,vere,verus,ADV
phi0975.phi001.perseus-lat1.tb.xml@114,4,ad,ad,ADP
phi0975.phi001.perseus-lat1.tb.xml@114,5,illos,ille,DET
phi0975.phi001.perseus-lat1.tb.xml@114,6,dixerim,dico,VERB
phi0975.phi001.perseus-lat1.tb.xml@114,7,",",",",PUNCT
phi0975.phi001.perseus-lat1.tb.xml@114,8,Quorum,qui,PRON
phi0975.phi001.perseus-lat1.tb.xml@114,9,stultitia,stultitia,NOUN
phi0975.phi001.perseus-lat1.tb.xml@114,10,quaestus,quaestus,NOUN
phi0975.phi001.perseus-lat1.tb.xml@114,11,impudentiae,impudentia,NOUN
phi0975.phi001.perseus-lat1.tb.xml@114,12,est,sum,AUX
phi0975.phi001.perseus-lat1.tb.xml@114,13,.,.,PUNCT
phi0975.phi001.perseus-lat1.tb.xml@115,1,In,in,ADP
phi0975.phi001.perseus-lat1.tb.xml@115,2,principatu,principatus,NOUN
phi0975.phi001.perseus-lat1.tb.xml@115,3,commutando,commuto,VERB
phi0975.phi001.perseus-lat1.tb.xml@115,4,saepius,saepe,ADV
phi0975.phi001.perseus-lat1.tb.xml@115,5,Nil,nihil,PRON
phi0975.phi001.perseus-lat1.tb.xml@115,6,praeter,praeter,ADP
phi0975.phi001.perseus-lat1.tb.xml@115,7,domini,dominus,NOUN
phi0975.phi001.perseus-lat1.tb.xml@115,8,mores,mos,NOUN
phi0975.phi001.perseus-lat1.tb.xml@115,9,mutant,muto,VERB
phi0975.phi001.perseus-lat1.tb.xml@115,10,pauperes,pauper,ADJ
phi0975.phi001.perseus-lat1.tb.xml@115,11,.,.,PUNCT
phi0975.phi001.perseus-lat1.tb.xml@116,1,Id,is,PRON
phi0975.phi001.perseus-lat1.tb.xml@116,2,esse,sum,AUX
phi0975.phi001.perseus-lat1.tb.xml@116,3,verum,verus,ADJ
phi0975.phi001.perseus-lat1.tb.xml@116,4,parva,parvus,ADJ
phi0975.phi001.perseus-lat1.tb.xml@116,5,haec,hic,DET
phi0975.phi001.perseus-lat1.tb.xml@116,6,fabella,fabella,NOUN
phi0975.phi001.perseus-lat1.tb.xml@116,7,indicat,indico,VERB
phi0975.phi001.perseus-lat1.tb.xml@116,8,.,.,PUNCT
phi0975.phi001.perseus-lat1.tb.xml@117,1,Asellum,asellus,NOUN
phi0975.phi001.perseus-lat1.tb.xml@117,2,in,in,ADP
phi0975.phi001.perseus-lat1.tb.xml@117,3,prato,pratum,NOUN
phi0975.phi001.perseus-lat1.tb.xml@117,4,timidus,timidus,ADJ
phi0975.phi001.perseus-lat1.tb.xml@117,5,pascebat,pasco,VERB
phi0975.phi001.perseus-lat1.tb.xml@117,6,senex,senex,ADJ
phi0975.phi001.perseus-lat1.tb.xml@117,7,.,.,PUNCT
phi0975.phi001.perseus-lat1.tb.xml@118,1,Is,is,PRON
phi0975.phi001.perseus-lat1.tb.xml@118,2,hostium,hostis,NOUN
phi0975.phi001.perseus-lat1.tb.xml@118,3,clamore,clamor,NOUN
phi0975.phi001.perseus-lat1.tb.xml@118,4,subito,subeo,ADV
phi0975.phi001.perseus-lat1.tb.xml@118,5,territus,terreo,VERB
phi0975.phi001.perseus-lat1.tb.xml@118,6,Suadebat,suadeo,VERB
phi0975.phi001.perseus-lat1.tb.xml@118,7,asino,asinus,NOUN
phi0975.phi001.perseus-lat1.tb.xml@118,8,fugere,fugio,VERB
phi0975.phi001.perseus-lat1.tb.xml@118,9,",",",",PUNCT
phi0975.phi001.perseus-lat1.tb.xml@118,10,ne,ne,SCONJ
phi0975.phi001.perseus-lat1.tb.xml@118,11,possent,possum,VERB
phi0975.phi001.perseus-lat1.tb.xml@118,12,capi,capio,VERB
phi0975.phi001.perseus-lat1.tb.xml@118,13,.,.,PUNCT
phi0975.phi001.perseus-lat1.tb.xml@120,1,Quaeso,quaeso,VERB
phi0975.phi001.perseus-lat1.tb.xml@120,2,",",",",PUNCT
phi0975.phi001.perseus-lat1.tb.xml@120,3,num,num,PART
phi0975.phi001.perseus-lat1.tb.xml@120,4,binas,bini,ADJ
phi0975.phi001.perseus-lat1.tb.xml@120,5,mihi,ego,PRON
phi0975.phi001.perseus-lat1.tb.xml@120,6,Clitellas,clitellae,NOUN
phi0975.phi001.perseus-lat1.tb.xml@120,7,impositurum,impono,VERB
phi0975.phi001.perseus-lat1.tb.xml@120,8,victorem,victor,NOUN
phi0975.phi001.perseus-lat1.tb.xml@120,9,putas,puto,VERB
phi0975.phi001.perseus-lat1.tb.xml@120,10,?,?,PUNCT
phi0975.phi001.perseus-lat1.tb.xml@121,1,Senex,senex,ADJ
phi0975.phi001.perseus-lat1.tb.xml@121,2,negavit,nego,VERB
phi0975.phi001.perseus-lat1.tb.xml@121,3,.,.,PUNCT
phi0975.phi001.perseus-lat1.tb.xml@122,1,Ergo,ergo,ADV
phi0975.phi001.perseus-lat1.tb.xml@122,2,quid,quis,PRON
phi0975.phi001.perseus-lat1.tb.xml@122,3,refert,refero,VERB
phi0975.phi001.perseus-lat1.tb.xml@122,4,mea,meus,DET
phi0975.phi001.perseus-lat1.tb.xml@122,5,Cui,qui,PRON
phi0975.phi001.perseus-lat1.tb.xml@122,6,serviam,servio,VERB
phi0975.phi001.perseus-lat1.tb.xml@122,7,clitellas,clitellae,NOUN
phi0975.phi001.perseus-lat1.tb.xml@122,8,cum,cum,SCONJ
phi0975.phi001.perseus-lat1.tb.xml@122,9,portem,porto,VERB
phi0975.phi001.perseus-lat1.tb.xml@122,10,meas,meus,DET
phi0975.phi001.perseus-lat1.tb.xml@122,11,?,?,PUNCT
phi0975.phi001.perseus-lat1.tb.xml@123,1,Fraudator,fraudator,NOUN
phi0975.phi001.perseus-lat1.tb.xml@123,2,homines,homo,NOUN
phi0975.phi001.perseus-lat1.tb.xml@123,3,cum,cum,SCONJ
phi0975.phi001.perseus-lat1.tb.xml@123,4,advocat,advoco,VERB
phi0975.phi001.perseus-lat1.tb.xml@123,5,sponsum,sponsus,NOUN
phi0975.phi001.perseus-lat1.tb.xml@123,6,improbos,improbus,ADJ
phi0975.phi001.perseus-lat1.tb.xml@123,7,",",",",PUNCT
phi0975.phi001.perseus-lat1.tb.xml@123,8,Non,non,PART
phi0975.phi001.perseus-lat1.tb.xml@123,9,rem,res,NOUN
phi0975.phi001.perseus-lat1.tb.xml@123,10,expedire,expedio,VERB
phi0975.phi001.perseus-lat1.tb.xml@123,11,",",",",PUNCT
phi0975.phi001.perseus-lat1.tb.xml@123,12,sed,sed,CCONJ
phi0975.phi001.perseus-lat1.tb.xml@123,13,mala,malus,ADJ
phi0975.phi001.perseus-lat1.tb.xml@123,14,videre,video,VERB
phi0975.phi001.perseus-lat1.tb.xml@123,15,expetit,expeto,VERB
phi0975.phi001.perseus-lat1.tb.xml@123,16,.,.,PUNCT
phi0975.phi001.perseus-lat1.tb.xml@124,1,Ovem,ovis,NOUN
phi0975.phi001.perseus-lat1.tb.xml@124,2,rogabat,rogo,VERB
phi0975.phi001.perseus-lat1.tb.xml@124,3,cervus,cervus,NOUN
phi0975.phi001.perseus-lat1.tb.xml@124,4,modium,modius,NOUN
phi0975.phi001.perseus-lat1.tb.xml@124,5,tritici,triticum,NOUN
phi0975.phi001.perseus-lat1.tb.xml@124,6,Lupo,lupus,NOUN
phi0975.phi001.perseus-lat1.tb.xml@124,7,sponsore,sponsor,NOUN
phi0975.phi001.perseus-lat1.tb.xml@124,8,.,.,PUNCT
phi0975.phi001.perseus-lat1.tb.xml@127,1,Ubi,ubi,ADV
phi0975.phi001.perseus-lat1.tb.xml@127,2,vos,tu,PRON
phi0975.phi001.perseus-lat1.tb.xml@127,3,requiram,requiro,VERB
phi0975.phi001.perseus-lat1.tb.xml@127,4,cum,cum,SCONJ
phi0975.phi001.perseus-lat1.tb.xml@127,5,dies,dies,NOUN
phi0975.phi001.perseus-lat1.tb.xml@127,6,advenerit,advenio,VERB
phi0975.phi001.perseus-lat1.tb.xml@127,7,?,?,PUNCT
phi0975.phi001.perseus-lat1.tb.xml@128,1,Solent,soleo,VERB
phi0975.phi001.perseus-lat1.tb.xml@128,2,mendaces,mendax,ADJ
phi0975.phi001.perseus-lat1.tb.xml@128,3,luere,luo,VERB
phi0975.phi001.perseus-lat1.tb.xml@128,4,poenas,poena,NOUN
phi0975.phi001.perseus-lat1.tb.xml@128,5,malefici,maleficium,NOUN
phi0975.phi001.perseus-lat1.tb.xml@128,6,.,.,PUNCT
phi0975.phi001.perseus-lat1.tb.xml@130,1,Ovis,ovis,NOUN
phi0975.phi001.perseus-lat1.tb.xml@130,2,damnata,damno,VERB
phi0975.phi001.perseus-lat1.tb.xml@130,3,falso,fallo,VERB
phi0975.phi001.perseus-lat1.tb.xml@130,4,testimonio,testimonium,NOUN
phi0975.phi001.perseus-lat1.tb.xml@130,5,Quod,qui,PRON
phi0975.phi001.perseus-lat1.tb.xml@130,6,non,non,PART
phi0975.phi001.perseus-lat1.tb.xml@130,7,debebat,debeo,VERB
phi0975.phi001.perseus-lat1.tb.xml@130,8,solvit,solvo,VERB
phi0975.phi001.perseus-lat1.tb.xml@130,9,.,.,PUNCT
phi0975.phi001.perseus-lat1.tb.xml@131,1,Post,post,ADP
phi0975.phi001.perseus-lat1.tb.xml@131,2,paucos,paucus,DET
phi0975.phi001.perseus-lat1.tb.xml@131,3,dies,dies,NOUN
phi0975.phi001.perseus-lat1.tb.xml@131,4,Bidens,bidens,NOUN
phi0975.phi001.perseus-lat1.tb.xml@131,5,iacentem,iaceo,VERB
phi0975.phi001.perseus-lat1.tb.xml@131,6,in,in,ADP
phi0975.phi001.perseus-lat1.tb.xml@131,7,fovea,fovea,NOUN
phi0975.phi001.perseus-lat1.tb.xml@131,8,conspexit,conspicio,VERB
phi0975.phi001.perseus-lat1.tb.xml@131,9,lupum,lupus,NOUN
phi0975.phi001.perseus-lat1.tb.xml@131,10,:,:,PUNCT
phi0975.phi001.perseus-lat1.tb.xml@132,1,Haec,hic,DET
phi0975.phi001.perseus-lat1.tb.xml@132,2,inquit,inquam,VERB
phi0975.phi001.perseus-lat1.tb.xml@132,3,merces,merces,NOUN
phi0975.phi001.perseus-lat1.tb.xml@132,4,fraudis,fraus,NOUN
phi0975.phi001.perseus-lat1.tb.xml@132,5,a,ab,ADP
phi0975.phi001.perseus-lat1.tb.xml@132,6,superis,superus,ADJ
phi0975.phi001.perseus-lat1.tb.xml@132,7,datur,do,VERB
phi0975.phi001.perseus-lat1.tb.xml@132,8,.,.,PUNCT
phi0975.phi001.perseus-lat1.tb.xml@133,1,Nemo,nemo,PRON
phi0975.phi001.perseus-lat1.tb.xml@133,2,libenter,libet,ADV
phi0975.phi001.perseus-lat1.tb.xml@133,3,recolit,recolo,VERB
phi0975.phi001.perseus-lat1.tb.xml@133,4,qui,qui,PRON
phi0975.phi001.perseus-lat1.tb.xml@133,5,laesit,laedo,VERB
phi0975.phi001.perseus-lat1.tb.xml@133,6,locum,locus,NOUN
phi0975.phi001.perseus-lat1.tb.xml@133,7,.,.,PUNCT
phi0975.phi001.perseus-lat1.tb.xml@134,1,Instante,insto,VERB
phi0975.phi001.perseus-lat1.tb.xml@134,2,partu,partus,NOUN
phi0975.phi001.perseus-lat1.tb.xml@134,3,mulier,mulier,NOUN
phi0975.phi001.perseus-lat1.tb.xml@134,4,actis,ago,VERB
phi0975.phi001.perseus-lat1.tb.xml@134,5,mensibus,mensis,NOUN
phi0975.phi001.perseus-lat1.tb.xml@134,6,Humi,humus,NOUN
phi0975.phi001.perseus-lat1.tb.xml@134,7,iacebat,iaceo,VERB
phi0975.phi001.perseus-lat1.tb.xml@134,8,flebilis,flebilis,ADJ
phi0975.phi001.perseus-lat1.tb.xml@134,9,gemitus,gemitus,NOUN
phi0975.phi001.perseus-lat1.tb.xml@134,10,ciens,cieo,VERB
phi0975.phi001.perseus-lat1.tb.xml@134,11,.,.,PUNCT
phi0975.phi001.perseus-lat1.tb.xml@137,1,Habent,habeo,VERB
phi0975.phi001.perseus-lat1.tb.xml@137,2,insidias,insidiae,NOUN
phi0975.phi001.perseus-lat1.tb.xml@137,3,hominis,homo,NOUN
phi0975.phi001.perseus-lat1.tb.xml@137,4,blanditiae,blanditia,NOUN
phi0975.phi001.perseus-lat1.tb.xml@137,5,mali,malus,ADJ
phi0975.phi001.perseus-lat1.tb.xml@137,6,:,:,PUNCT
phi0975.phi001.perseus-lat1.tb.xml@138,1,Quas,qui,PRON
phi0975.phi001.perseus-lat1.tb.xml@138,2,ut,ut,SCONJ
phi0975.phi001.perseus-lat1.tb.xml@138,3,vitemus,vito,VERB
phi0975.phi001.perseus-lat1.tb.xml@138,4,versus,versus,NOUN
phi0975.phi001.perseus-lat1.tb.xml@138,5,subiecti,subicio,VERB
phi0975.phi001.perseus-lat1.tb.xml@138,6,monent,moneo,VERB
phi0975.phi001.perseus-lat1.tb.xml@138,7,.,.,PUNCT
phi0975.phi001.perseus-lat1.tb.xml@139,1,Canis,canis,NOUN
phi0975.phi001.perseus-lat1.tb.xml@139,2,parturiens,parturio,VERB
phi0975.phi001.perseus-lat1.tb.xml@139,3,cum,cum,SCONJ
phi0975.phi001.perseus-lat1.tb.xml@139,4,rogasset,rogo,VERB
phi0975.phi001.perseus-lat1.tb.xml@139,5,alteram,alter,DET
phi0975.phi001.perseus-lat1.tb.xml@139,6,",",",",PUNCT
phi0975.phi001.perseus-lat1.tb.xml@139,7,Ut,ut,SCONJ
phi0975.phi001.perseus-lat1.tb.xml@139,8,fetum,fetus,NOUN
phi0975.phi001.perseus-lat1.tb.xml@139,9,in,in,ADP
phi0975.phi001.perseus-lat1.tb.xml@139,10,eius,is,PRON
phi0975.phi001.perseus-lat1.tb.xml@139,11,tugurio,tugurium,NOUN
phi0975.phi001.perseus-lat1.tb.xml@139,12,deponeret,depono,VERB
phi0975.phi001.perseus-lat1.tb.xml@139,13,",",",",PUNCT
phi0975.phi001.perseus-lat1.tb.xml@139,14,Facile,facilis,ADV
phi0975.phi001.perseus-lat1.tb.xml@139,15,impetravit,impetro,VERB
phi0975.phi001.perseus-lat1.tb.xml@139,16,:,:,PUNCT
phi0975.phi001.perseus-lat1.tb.xml@140,1,dein,deinde,ADV
phi0975.phi001.perseus-lat1.tb.xml@140,2,reposcenti,reposco,VERB
phi0975.phi001.perseus-lat1.tb.xml@140,3,locum,locus,NOUN
phi0975.phi001.perseus-lat1.tb.xml@140,4,Preces,prex,NOUN
phi0975.phi001.perseus-lat1.tb.xml@140,5,admovit,admoveo,VERB
phi0975.phi001.perseus-lat1.tb.xml@140,6,",",",",PUNCT
phi0975.phi001.perseus-lat1.tb.xml@140,7,tempus,tempus,NOUN
phi0975.phi001.perseus-lat1.tb.xml@140,8,exorans,exoro,VERB
phi0975.phi001.perseus-lat1.tb.xml@140,9,breve,brevis,ADJ
phi0975.phi001.perseus-lat1.tb.xml@140,10,",",",",PUNCT
phi0975.phi001.perseus-lat1.tb.xml@140,11,Dum,dum,SCONJ
phi0975.phi001.perseus-lat1.tb.xml@140,12,firmiores,firmus,ADJ
phi0975.phi001.perseus-lat1.tb.xml@140,13,posset,possum,VERB
phi0975.phi001.perseus-lat1.tb.xml@140,14,catulos,catulus,NOUN
phi0975.phi001.perseus-lat1.tb.xml@140,15,ducere,duco,VERB
phi0975.phi001.perseus-lat1.tb.xml@140,16,.,.,PUNCT
phi0975.phi001.perseus-lat1.tb.xml@141,1,Hoc,hic,DET
phi0975.phi001.perseus-lat1.tb.xml@141,2,quoque,quoque,PART
phi0975.phi001.perseus-lat1.tb.xml@141,3,consumpto,consumo,VERB
phi0975.phi001.perseus-lat1.tb.xml@141,4,flagitari,flagito,VERB
phi0975.phi001.perseus-lat1.tb.xml@141,5,validius,validus,ADV
phi0975.phi001.perseus-lat1.tb.xml@141,6,Cubile,cubile,NOUN
phi0975.phi001.perseus-lat1.tb.xml@141,7,coepit,coepio,VERB
phi0975.phi001.perseus-lat1.tb.xml@141,8,.,.,PUNCT
phi0975.phi001.perseus-lat1.tb.xml@142,1,Si,si,SCONJ
phi0975.phi001.perseus-lat1.tb.xml@142,2,mihi,ego,PRON
phi0975.phi001.perseus-lat1.tb.xml@142,3,et,et,CCONJ
phi0975.phi001.perseus-lat1.tb.xml@142,4,turbae,turba,NOUN
phi0975.phi001.perseus-lat1.tb.xml@142,5,meae,meus,DET
phi0975.phi001.perseus-lat1.tb.xml@142,6,Par,par,ADJ
phi0975.phi001.perseus-lat1.tb.xml@142,7,inquit,inquam,VERB
phi0975.phi001.perseus-lat1.tb.xml@142,8,esse,sum,AUX
phi0975.phi001.perseus-lat1.tb.xml@142,9,potueris,possum,VERB
phi0975.phi001.perseus-lat1.tb.xml@142,10,",",",",PUNCT
phi0975.phi001.perseus-lat1.tb.xml@142,11,cedam,cedo,VERB
phi0975.phi001.perseus-lat1.tb.xml@142,12,loco,locus,NOUN
phi0975.phi001.perseus-lat1.tb.xml@142,13,.,.,PUNCT
phi0975.phi001.perseus-lat1.tb.xml@143,1,Stultum,stultus,ADJ
phi0975.phi001.perseus-lat1.tb.xml@143,2,consilium,consilium,NOUN
phi0975.phi001.perseus-lat1.tb.xml@143,3,non,non,PART
phi0975.phi001.perseus-lat1.tb.xml@143,4,modo,modo,ADV
phi0975.phi001.perseus-lat1.tb.xml@143,5,effectu,effectus,NOUN
phi0975.phi001.perseus-lat1.tb.xml@143,6,caret,careo,VERB
phi0975.phi001.perseus-lat1.tb.xml@143,7,",",",",PUNCT
phi0975.phi001.perseus-lat1.tb.xml@143,8,Sed,sed,CCONJ
phi0975.phi001.perseus-lat1.tb.xml@143,9,ad,ad,ADP
phi0975.phi001.perseus-lat1.tb.xml@143,10,perniciem,pernicies,NOUN
phi0975.phi001.perseus-lat1.tb.xml@143,11,quoque,quoque,PART
phi0975.phi001.perseus-lat1.tb.xml@143,12,mortalis,mortalis,ADJ
phi0975.phi001.perseus-lat1.tb.xml@143,13,devocat,devoco,VERB
phi0975.phi001.perseus-lat1.tb.xml@143,14,.,.,PUNCT
phi0975.phi001.perseus-lat1.tb.xml@144,1,Corium,corium,NOUN
phi0975.phi001.perseus-lat1.tb.xml@144,2,depressum,deprimo,VERB
phi0975.phi001.perseus-lat1.tb.xml@144,3,in,in,ADP
phi0975.phi001.perseus-lat1.tb.xml@144,4,fluvio,fluvius,NOUN
phi0975.phi001.perseus-lat1.tb.xml@144,5,viderunt,video,VERB
phi0975.phi001.perseus-lat1.tb.xml@144,6,canes,canis,NOUN
phi0975.phi001.perseus-lat1.tb.xml@144,7,.,.,PUNCT
phi0975.phi001.perseus-lat1.tb.xml@145,1,Id,is,PRON
phi0975.phi001.perseus-lat1.tb.xml@145,2,ut,ut,SCONJ
phi0975.phi001.perseus-lat1.tb.xml@145,3,comesse,comedo,VERB
phi0975.phi001.perseus-lat1.tb.xml@145,4,extractum,extraho,VERB
phi0975.phi001.perseus-lat1.tb.xml@145,5,possent,possum,VERB
phi0975.phi001.perseus-lat1.tb.xml@145,6,facilius,facilis,ADV
phi0975.phi001.perseus-lat1.tb.xml@145,7,",",",",PUNCT
phi0975.phi001.perseus-lat1.tb.xml@145,8,Aquam,aqua,NOUN
phi0975.phi001.perseus-lat1.tb.xml@145,9,coepere,coepio,VERB
phi0975.phi001.perseus-lat1.tb.xml@145,10,ebibere,ebibo,VERB
phi0975.phi001.perseus-lat1.tb.xml@145,11,:,:,PUNCT
phi0975.phi001.perseus-lat1.tb.xml@146,1,sed,sed,CCONJ
phi0975.phi001.perseus-lat1.tb.xml@146,2,rupti,rumpo,VERB
phi0975.phi001.perseus-lat1.tb.xml@146,3,prius,prior,ADV
phi0975.phi001.perseus-lat1.tb.xml@146,4,Periere,pereo,VERB
phi0975.phi001.perseus-lat1.tb.xml@146,5,quam,quam,SCONJ
phi0975.phi001.perseus-lat1.tb.xml@146,6,quod,qui,PRON
phi0975.phi001.perseus-lat1.tb.xml@146,7,petierant,peto,VERB
phi0975.phi001.perseus-lat1.tb.xml@146,8,contingerent,contingo,VERB
phi0975.phi001.perseus-lat1.tb.xml@146,9,.,.,PUNCT
phi0975.phi001.perseus-lat1.tb.xml@148,1,Defectus,deficio,VERB
phi0975.phi001.perseus-lat1.tb.xml@148,2,annis,annus,NOUN
phi0975.phi001.perseus-lat1.tb.xml@148,3,et,et,CCONJ
phi0975.phi001.perseus-lat1.tb.xml@148,4,desertus,desero,VERB
phi0975.phi001.perseus-lat1.tb.xml@148,5,viribus,vis,NOUN
phi0975.phi001.perseus-lat1.tb.xml@148,6,Leo,leo,NOUN
phi0975.phi001.perseus-lat1.tb.xml@148,7,cum,cum,SCONJ
phi0975.phi001.perseus-lat1.tb.xml@148,8,iaceret,iaceo,VERB
phi0975.phi001.perseus-lat1.tb.xml@148,9,spiritum,spiritus,NOUN
phi0975.phi001.perseus-lat1.tb.xml@148,10,extremum,exter,ADJ
phi0975.phi001.perseus-lat1.tb.xml@148,11,trahens,traho,VERB
phi0975.phi001.perseus-lat1.tb.xml@148,12,",",",",PUNCT
phi0975.phi001.perseus-lat1.tb.xml@148,13,Aper,aper,NOUN
phi0975.phi001.perseus-lat1.tb.xml@148,14,fulmineis,fulmineus,ADJ
phi0975.phi001.perseus-lat1.tb.xml@148,15,venit,venio,VERB
phi0975.phi001.perseus-lat1.tb.xml@148,16,ad,ad,ADP
phi0975.phi001.perseus-lat1.tb.xml@148,17,eum,is,PRON
phi0975.phi001.perseus-lat1.tb.xml@148,18,dentibus,dens,NOUN
phi0975.phi001.perseus-lat1.tb.xml@148,19,Et,et,CCONJ
phi0975.phi001.perseus-lat1.tb.xml@148,20,vindicavit,vindico,VERB
phi0975.phi001.perseus-lat1.tb.xml@148,21,ictu,ictus,NOUN
phi0975.phi001.perseus-lat1.tb.xml@148,22,veterem,vetus,ADJ
phi0975.phi001.perseus-lat1.tb.xml@148,23,iniuriam,iniuria,NOUN
phi0975.phi001.perseus-lat1.tb.xml@148,24,.,.,PUNCT
phi0975.phi001.perseus-lat1.tb.xml@149,1,Infestis,infestus,ADJ
phi0975.phi001.perseus-lat1.tb.xml@149,2,taurus,taurus,NOUN
phi0975.phi001.perseus-lat1.tb.xml@149,3,mox,mox,ADV
phi0975.phi001.perseus-lat1.tb.xml@149,4,confodit,confodio,VERB
phi0975.phi001.perseus-lat1.tb.xml@149,5,cornibus,cornu,NOUN
phi0975.phi001.perseus-lat1.tb.xml@149,6,Hostile,hostilis,ADJ
phi0975.phi001.perseus-lat1.tb.xml@149,7,corpus,corpus,NOUN
phi0975.phi001.perseus-lat1.tb.xml@149,8,.,.,PUNCT
phi0975.phi001.perseus-lat1.tb.xml@150,1,Asinus,asinus,NOUN
phi0975.phi001.perseus-lat1.tb.xml@150,2,",",",",PUNCT
phi0975.phi001.perseus-lat1.tb.xml@150,3,ut,ut,SCONJ
phi0975.phi001.perseus-lat1.tb.xml@150,4,vidit,video,VERB
phi0975.phi001.perseus-lat1.tb.xml@150,5,ferum,ferus,ADJ
phi0975.phi001.perseus-lat1.tb.xml@150,6,Impune,impunis,ADV
phi0975.phi001.perseus-lat1.tb.xml@150,7,laedi,laedo,VERB
phi0975.phi001.perseus-lat1.tb.xml@150,8,",",",",PUNCT
phi0975.phi001.perseus-lat1.tb.xml@150,9,calcibus,calx,NOUN
phi0975.phi001.perseus-lat1.tb.xml@150,10,frontem,frons,NOUN
phi0975.phi001.perseus-lat1.tb.xml@150,11,extudit,extundo,VERB
phi0975.phi001.perseus-lat1.tb.xml@150,12,.,.,PUNCT
phi0975.phi001.perseus-lat1.tb.xml@152,1,Fortis,fortis,ADJ
phi0975.phi001.perseus-lat1.tb.xml@152,2,indigne,indignus,ADV
phi0975.phi001.perseus-lat1.tb.xml@152,3,tuli,fero,VERB
phi0975.phi001.perseus-lat1.tb.xml@152,4,Mihi,ego,PRON
phi0975.phi001.perseus-lat1.tb.xml@152,5,insultare,insulto,VERB
phi0975.phi001.perseus-lat1.tb.xml@152,6,:,:,PUNCT
phi0975.phi001.perseus-lat1.tb.xml@153,1,te,tu,PRON
phi0975.phi001.perseus-lat1.tb.xml@153,2,",",",",PUNCT
phi0975.phi001.perseus-lat1.tb.xml@153,3,naturae,natura,NOUN
phi0975.phi001.perseus-lat1.tb.xml@153,4,dedecus,dedecus,NOUN
phi0975.phi001.perseus-lat1.tb.xml@153,5,",",",",PUNCT
phi0975.phi001.perseus-lat1.tb.xml@153,6,Quod,quod,SCONJ
phi0975.phi001.perseus-lat1.tb.xml@153,7,ferre,fero,VERB
phi0975.phi001.perseus-lat1.tb.xml@153,8,certe,certus,ADV
phi0975.phi001.perseus-lat1.tb.xml@153,9,cogor,cogo,VERB
phi0975.phi001.perseus-lat1.tb.xml@153,10,bis,bis,ADV
phi0975.phi001.perseus-lat1.tb.xml@153,11,videor,video,VERB
phi0975.phi001.perseus-lat1.tb.xml@153,12,mori,morior,VERB
phi0975.phi001.perseus-lat1.tb.xml@153,13,.,.,PUNCT
phi0975.phi001.perseus-lat1.tb.xml@155,1,Parce,parco,VERB
phi0975.phi001.perseus-lat1.tb.xml@155,2,",",",",PUNCT
phi0975.phi001.perseus-lat1.tb.xml@155,3,quaeso,quaeso,VERB
phi0975.phi001.perseus-lat1.tb.xml@155,4,inquit,inquam,VERB
phi0975.phi001.perseus-lat1.tb.xml@155,5,mihi,ego,PRON
phi0975.phi001.perseus-lat1.tb.xml@155,6,",",",",PUNCT
phi0975.phi001.perseus-lat1.tb.xml@155,7,Quae,qui,PRON
phi0975.phi001.perseus-lat1.tb.xml@155,8,tibi,tu,PRON
phi0975.phi001.perseus-lat1.tb.xml@155,9,molestis,molestus,ADJ
phi0975.phi001.perseus-lat1.tb.xml@155,10,muribus,mus,NOUN
phi0975.phi001.perseus-lat1.tb.xml@155,11,purgo,purgo,VERB
phi0975.phi001.perseus-lat1.tb.xml@155,12,domum,domus,NOUN
phi0975.phi001.perseus-lat1.tb.xml@155,13,.,.,PUNCT
phi0975.phi001.perseus-lat1.tb.xml@156,1,Respondit,respondeo,VERB
phi0975.phi001.perseus-lat1.tb.xml@156,2,ille,ille,DET
phi0975.phi001.perseus-lat1.tb.xml@156,3,:,:,PUNCT
phi0975.phi001.perseus-lat1.tb.xml@157,1,Faceres,facio,VERB
phi0975.phi001.perseus-lat1.tb.xml@157,2,si,si,SCONJ
phi0975.phi001.perseus-lat1.tb.xml@157,3,causa,causa,NOUN
phi0975.phi001.perseus-lat1.tb.xml@157,4,mea,meus,DET
phi0975.phi001.perseus-lat1.tb.xml@157,5,",",",",PUNCT
phi0975.phi001.perseus-lat1.tb.xml@157,6,Gratum,gratus,ADJ
phi0975.phi001.perseus-lat1.tb.xml@157,7,esset,sum,AUX
phi0975.phi001.perseus-lat1.tb.xml@157,8,et,et,CCONJ
phi0975.phi001.perseus-lat1.tb.xml@157,9,dedissem,do,VERB
phi0975.phi001.perseus-lat1.tb.xml@157,10,veniam,venia,NOUN
phi0975.phi001.perseus-lat1.tb.xml@157,11,supplici,supplicium,NOUN
phi0975.phi001.perseus-lat1.tb.xml@157,12,.,.,PUNCT
phi0975.phi001.perseus-lat1.tb.xml@159,1,Atque,atque,CCONJ
phi0975.phi001.perseus-lat1.tb.xml@159,2,ita,ita,ADV
phi0975.phi001.perseus-lat1.tb.xml@159,3,locutus,loquor,VERB
phi0975.phi001.perseus-lat1.tb.xml@159,4,improbam,improbus,ADJ
phi0975.phi001.perseus-lat1.tb.xml@159,5,leto,letum,NOUN
phi0975.phi001.perseus-lat1.tb.xml@159,6,dedit,do,VERB
phi0975.phi001.perseus-lat1.tb.xml@159,7,.,.,PUNCT
phi0975.phi001.perseus-lat1.tb.xml@163,1,Heus,heus!,INTJ
phi0975.phi001.perseus-lat1.tb.xml@163,2,inquit,inquam,VERB
phi0975.phi001.perseus-lat1.tb.xml@163,3,linguam,lingua,NOUN
phi0975.phi001.perseus-lat1.tb.xml@163,4,vis,volo,VERB
phi0975.phi001.perseus-lat1.tb.xml@163,5,meam,meus,DET
phi0975.phi001.perseus-lat1.tb.xml@163,6,praecludere,praecludo,VERB
phi0975.phi001.perseus-lat1.tb.xml@163,7,",",",",PUNCT
phi0975.phi001.perseus-lat1.tb.xml@163,8,Ne,ne,SCONJ
phi0975.phi001.perseus-lat1.tb.xml@163,9,latrem,latro,VERB
phi0975.phi001.perseus-lat1.tb.xml@163,10,pro,pro,ADP
phi0975.phi001.perseus-lat1.tb.xml@163,11,re,res,NOUN
phi0975.phi001.perseus-lat1.tb.xml@163,12,domini,dominus,NOUN
phi0975.phi001.perseus-lat1.tb.xml@163,13,?,?,PUNCT
phi0975.phi001.perseus-lat1.tb.xml@164,1,Multum,multus,ADV
phi0975.phi001.perseus-lat1.tb.xml@164,2,falleris,fallo,VERB
phi0975.phi001.perseus-lat1.tb.xml@164,3,.,.,PUNCT
phi0975.phi001.perseus-lat1.tb.xml@165,1,Namque,namque,PART
phi0975.phi001.perseus-lat1.tb.xml@165,2,ista,iste,DET
phi0975.phi001.perseus-lat1.tb.xml@165,3,subita,subeo,VERB
phi0975.phi001.perseus-lat1.tb.xml@165,4,me,ego,PRON
phi0975.phi001.perseus-lat1.tb.xml@165,5,iubet,iubeo,VERB
phi0975.phi001.perseus-lat1.tb.xml@165,6,benignitas,benignitas,NOUN
phi0975.phi001.perseus-lat1.tb.xml@165,7,Vigilare,vigilo,VERB
phi0975.phi001.perseus-lat1.tb.xml@165,8,",",",",PUNCT
phi0975.phi001.perseus-lat1.tb.xml@165,9,facias,facio,VERB
phi0975.phi001.perseus-lat1.tb.xml@165,10,ne,ne,SCONJ
phi0975.phi001.perseus-lat1.tb.xml@165,11,mea,meus,DET
phi0975.phi001.perseus-lat1.tb.xml@165,12,culpa,culpa,NOUN
phi0975.phi001.perseus-lat1.tb.xml@165,13,lucrum,lucrum,NOUN
phi0975.phi001.perseus-lat1.tb.xml@165,14,.,.,PUNCT
phi0975.phi001.perseus-lat1.tb.xml@167,1,In,in,ADP
phi0975.phi001.perseus-lat1.tb.xml@167,2,prato,pratum,NOUN
phi0975.phi001.perseus-lat1.tb.xml@167,3,quondam,quondam,ADV
phi0975.phi001.perseus-lat1.tb.xml@167,4,rana,rana,NOUN
phi0975.phi001.perseus-lat1.tb.xml@167,5,conspexit,conspicio,VERB
phi0975.phi001.perseus-lat1.tb.xml@167,6,bovem,bos,NOUN
phi0975.phi001.perseus-lat1.tb.xml@167,7,Et,et,CCONJ
phi0975.phi001.perseus-lat1.tb.xml@167,8,tacta,tango,VERB
phi0975.phi001.perseus-lat1.tb.xml@167,9,invidia,invidia,NOUN
phi0975.phi001.perseus-lat1.tb.xml@167,10,tantae,tantus,DET
phi0975.phi001.perseus-lat1.tb.xml@167,11,magnitudinis,magnitudo,NOUN
phi0975.phi001.perseus-lat1.tb.xml@167,12,Rugosam,rugosus,ADJ
phi0975.phi001.perseus-lat1.tb.xml@167,13,inflavit,inflo,VERB
phi0975.phi001.perseus-lat1.tb.xml@167,14,pellem,pellis,NOUN
phi0975.phi001.perseus-lat1.tb.xml@167,15,:,:,PUNCT
phi0975.phi001.perseus-lat1.tb.xml@168,1,tum,tum,ADV
phi0975.phi001.perseus-lat1.tb.xml@168,2,natos,nascor,VERB
phi0975.phi001.perseus-lat1.tb.xml@168,3,suos,suus,DET
phi0975.phi001.perseus-lat1.tb.xml@168,4,Interrogavit,interrogo,VERB
phi0975.phi001.perseus-lat1.tb.xml@168,5,",",",",PUNCT
phi0975.phi001.perseus-lat1.tb.xml@168,6,an,an,SCONJ
phi0975.phi001.perseus-lat1.tb.xml@168,7,bove,bos,NOUN
phi0975.phi001.perseus-lat1.tb.xml@168,8,esset,sum,AUX
phi0975.phi001.perseus-lat1.tb.xml@168,9,latior,latus,ADJ
phi0975.phi001.perseus-lat1.tb.xml@168,10,.,.,PUNCT
phi0975.phi001.perseus-lat1.tb.xml@169,1,Illi,ille,DET
phi0975.phi001.perseus-lat1.tb.xml@169,2,negarunt,nego,VERB
phi0975.phi001.perseus-lat1.tb.xml@169,3,.,.,PUNCT
phi0975.phi001.perseus-lat1.tb.xml@170,1,Rursus,rursus,ADV
phi0975.phi001.perseus-lat1.tb.xml@170,2,intendit,intendo,VERB
phi0975.phi001.perseus-lat1.tb.xml@170,3,cutem,cutis,NOUN
phi0975.phi001.perseus-lat1.tb.xml@170,4,Maiore,magnus,ADJ
phi0975.phi001.perseus-lat1.tb.xml@170,5,nisu,nisus,NOUN
phi0975.phi001.perseus-lat1.tb.xml@170,6,et,et,CCONJ
phi0975.phi001.perseus-lat1.tb.xml@170,7,simili,similis,ADJ
phi0975.phi001.perseus-lat1.tb.xml@170,8,quaesivit,quaero,VERB
phi0975.phi001.perseus-lat1.tb.xml@170,9,modo,modus,NOUN
phi0975.phi001.perseus-lat1.tb.xml@170,10,",",",",PUNCT
phi0975.phi001.perseus-lat1.tb.xml@170,11,Quis,quis,PRON
phi0975.phi001.perseus-lat1.tb.xml@170,12,maior,magnus,ADJ
phi0975.phi001.perseus-lat1.tb.xml@170,13,esset,sum,AUX
phi0975.phi001.perseus-lat1.tb.xml@170,14,.,.,PUNCT
phi0975.phi001.perseus-lat1.tb.xml@172,1,Novissime,novus,ADV
phi0975.phi001.perseus-lat1.tb.xml@172,2,indignata,indignor,VERB
phi0975.phi001.perseus-lat1.tb.xml@172,3,dum,dum,SCONJ
phi0975.phi001.perseus-lat1.tb.xml@172,4,vult,volo,VERB
phi0975.phi001.perseus-lat1.tb.xml@172,5,validius,validus,ADV
phi0975.phi001.perseus-lat1.tb.xml@172,6,Inflare,inflo,VERB
phi0975.phi001.perseus-lat1.tb.xml@172,7,sese,sui,PRON
phi0975.phi001.perseus-lat1.tb.xml@172,8,",",",",PUNCT
phi0975.phi001.perseus-lat1.tb.xml@172,9,rupto,rumpo,VERB
phi0975.phi001.perseus-lat1.tb.xml@172,10,iacuit,iaceo,VERB
phi0975.phi001.perseus-lat1.tb.xml@172,11,corpore,corpus,NOUN
phi0975.phi001.perseus-lat1.tb.xml@172,12,.,.,PUNCT
phi0975.phi001.perseus-lat1.tb.xml@173,1,Consilia,consilium,NOUN
phi0975.phi001.perseus-lat1.tb.xml@173,2,qui,qui,PRON
phi0975.phi001.perseus-lat1.tb.xml@173,3,dant,do,VERB
phi0975.phi001.perseus-lat1.tb.xml@173,4,prava,pravus,ADJ
phi0975.phi001.perseus-lat1.tb.xml@173,5,cautis,caveo,VERB
phi0975.phi001.perseus-lat1.tb.xml@173,6,hominibus,homo,NOUN
phi0975.phi001.perseus-lat1.tb.xml@173,7,",",",",PUNCT
phi0975.phi001.perseus-lat1.tb.xml@173,8,Et,et,CCONJ
phi0975.phi001.perseus-lat1.tb.xml@173,9,perdunt,perdo,VERB
phi0975.phi001.perseus-lat1.tb.xml@173,10,operam,opera,NOUN
phi0975.phi001.perseus-lat1.tb.xml@173,11,et,et,CCONJ
phi0975.phi001.perseus-lat1.tb.xml@173,12,deridentur,derideo,VERB
phi0975.phi001.perseus-lat1.tb.xml@173,13,turpiter,turpis,ADV
phi0975.phi001.perseus-lat1.tb.xml@173,14,.,.,PUNCT
phi0975.phi001.perseus-lat1.tb.xml@176,1,Quamlibet,quamlibet,ADV
phi0975.phi001.perseus-lat1.tb.xml@176,2,lambe,lambo,VERB
phi0975.phi001.perseus-lat1.tb.xml@176,3,otio,otium,NOUN
phi0975.phi001.perseus-lat1.tb.xml@176,4,;,;,PUNCT
phi0975.phi001.perseus-lat1.tb.xml@177,1,Noli,nolo,VERB
phi0975.phi001.perseus-lat1.tb.xml@177,2,vereri,vereor,VERB
phi0975.phi001.perseus-lat1.tb.xml@177,3,.,.,PUNCT
phi0975.phi001.perseus-lat1.tb.xml@179,1,Facerem,facio,VERB
phi0975.phi001.perseus-lat1.tb.xml@179,2,mehercule,Hercules,INTJ
phi0975.phi001.perseus-lat1.tb.xml@179,3,",",",",PUNCT
phi0975.phi001.perseus-lat1.tb.xml@179,4,Nisi,nisi,SCONJ
phi0975.phi001.perseus-lat1.tb.xml@179,5,esse,sum,AUX
phi0975.phi001.perseus-lat1.tb.xml@179,6,scirem,scio,VERB
phi0975.phi001.perseus-lat1.tb.xml@179,7,carnis,caro,NOUN
phi0975.phi001.perseus-lat1.tb.xml@179,8,te,tu,PRON
phi0975.phi001.perseus-lat1.tb.xml@179,9,cupidum,cupidus,ADJ
phi0975.phi001.perseus-lat1.tb.xml@179,10,meae,meus,DET
phi0975.phi001.perseus-lat1.tb.xml@179,11,.,.,PUNCT
phi0975.phi001.perseus-lat1.tb.xml@180,1,Nulli,nullus,DET
phi0975.phi001.perseus-lat1.tb.xml@180,2,nocendum,noceo,VERB
phi0975.phi001.perseus-lat1.tb.xml@180,3,:,:,PUNCT
phi0975.phi001.perseus-lat1.tb.xml@182,1,Vulpes,vulpes,NOUN
phi0975.phi001.perseus-lat1.tb.xml@182,2,ad,ad,ADP
phi0975.phi001.perseus-lat1.tb.xml@182,3,cenam,cena,NOUN
phi0975.phi001.perseus-lat1.tb.xml@182,4,dicitur,dico,VERB
phi0975.phi001.perseus-lat1.tb.xml@182,5,ciconiam,ciconia,NOUN
phi0975.phi001.perseus-lat1.tb.xml@182,6,Prior,prior,ADJ
phi0975.phi001.perseus-lat1.tb.xml@182,7,invitasse,invito,VERB
phi0975.phi001.perseus-lat1.tb.xml@182,8,et,et,CCONJ
phi0975.phi001.perseus-lat1.tb.xml@182,9,illi,ille,DET
phi0975.phi001.perseus-lat1.tb.xml@182,10,in,in,ADP
phi0975.phi001.perseus-lat1.tb.xml@182,11,patina,patina,NOUN
phi0975.phi001.perseus-lat1.tb.xml@182,12,liquidam,liquidus,ADJ
phi0975.phi001.perseus-lat1.tb.xml@182,13,Posuisse,pono,VERB
phi0975.phi001.perseus-lat1.tb.xml@182,14,sorbitionem,sorbitio,NOUN
phi0975.phi001.perseus-lat1.tb.xml@182,15,",",",",PUNCT
phi0975.phi001.perseus-lat1.tb.xml@182,16,quam,qui,PRON
phi0975.phi001.perseus-lat1.tb.xml@182,17,nullo,nullus,DET
phi0975.phi001.perseus-lat1.tb.xml@182,18,modo,modus,NOUN
phi0975.phi001.perseus-lat1.tb.xml@182,19,Gustare,gusto,VERB
phi0975.phi001.perseus-lat1.tb.xml@182,20,esuriens,esurio,VERB
phi0975.phi001.perseus-lat1.tb.xml@182,21,potuerit,possum,VERB
phi0975.phi001.perseus-lat1.tb.xml@182,22,ciconia,ciconia,NOUN
phi0975.phi001.perseus-lat1.tb.xml@182,23,.,.,PUNCT
phi0975.phi001.perseus-lat1.tb.xml@183,1,Quae,qui,PRON
phi0975.phi001.perseus-lat1.tb.xml@183,2,vulpem,vulpes,NOUN
phi0975.phi001.perseus-lat1.tb.xml@183,3,cum,cum,SCONJ
phi0975.phi001.perseus-lat1.tb.xml@183,4,revocasset,revoco,VERB
phi0975.phi001.perseus-lat1.tb.xml@183,5,",",",",PUNCT
phi0975.phi001.perseus-lat1.tb.xml@183,6,intrito,intero,VERB
phi0975.phi001.perseus-lat1.tb.xml@183,7,cibo,cibus,NOUN
phi0975.phi001.perseus-lat1.tb.xml@183,8,Plenam,plenus,ADJ
phi0975.phi001.perseus-lat1.tb.xml@183,9,lagonam,lagena,NOUN
phi0975.phi001.perseus-lat1.tb.xml@183,10,posuit,pono,VERB
phi0975.phi001.perseus-lat1.tb.xml@183,11,:,:,PUNCT
phi0975.phi001.perseus-lat1.tb.xml@184,1,huic,hic,DET
phi0975.phi001.perseus-lat1.tb.xml@184,2,rostrum,rostrum,NOUN
phi0975.phi001.perseus-lat1.tb.xml@184,3,inserens,insero,VERB
phi0975.phi001.perseus-lat1.tb.xml@184,4,Satiatur,satio,VERB
phi0975.phi001.perseus-lat1.tb.xml@184,5,ipsa,ipse,DET
phi0975.phi001.perseus-lat1.tb.xml@184,6,et,et,CCONJ
phi0975.phi001.perseus-lat1.tb.xml@184,7,torquet,torqueo,VERB
phi0975.phi001.perseus-lat1.tb.xml@184,8,convivam,conviva,NOUN
phi0975.phi001.perseus-lat1.tb.xml@184,9,fame,fames,NOUN
phi0975.phi001.perseus-lat1.tb.xml@184,10,.,.,PUNCT
phi0975.phi001.perseus-lat1.tb.xml@185,1,Quae,qui,PRON
phi0975.phi001.perseus-lat1.tb.xml@185,2,cum,cum,SCONJ
phi0975.phi001.perseus-lat1.tb.xml@185,3,lagonae,lagena,NOUN
phi0975.phi001.perseus-lat1.tb.xml@185,4,collum,collum,NOUN
phi0975.phi001.perseus-lat1.tb.xml@185,5,frustra,frustra,ADV
phi0975.phi001.perseus-lat1.tb.xml@185,6,lamberet,lambo,VERB
phi0975.phi001.perseus-lat1.tb.xml@185,7,",",",",PUNCT
phi0975.phi001.perseus-lat1.tb.xml@185,8,Peregrinam,peregrinus,ADJ
phi0975.phi001.perseus-lat1.tb.xml@185,9,sic,sic,ADV
phi0975.phi001.perseus-lat1.tb.xml@185,10,locutam,loquor,VERB
phi0975.phi001.perseus-lat1.tb.xml@185,11,volucrem,volucer,NOUN
phi0975.phi001.perseus-lat1.tb.xml@185,12,accepimus,accipio,VERB
phi0975.phi001.perseus-lat1.tb.xml@185,13,:,:,PUNCT
phi0975.phi001.perseus-lat1.tb.xml@186,1,Sua,suus,DET
phi0975.phi001.perseus-lat1.tb.xml@186,2,quisque,quisque,DET
phi0975.phi001.perseus-lat1.tb.xml@186,3,exempla,exemplum,NOUN
phi0975.phi001.perseus-lat1.tb.xml@186,4,debet,debeo,VERB
phi0975.phi001.perseus-lat1.tb.xml@186,5,aequo,aequus,ADJ
phi0975.phi001.perseus-lat1.tb.xml@186,6,animo,animus,NOUN
phi0975.phi001.perseus-lat1.tb.xml@186,7,pati,patior,VERB
phi0975.phi001.perseus-lat1.tb.xml@186,8,.,.,PUNCT
phi0975.phi001.perseus-lat1.tb.xml@187,1,Haec,hic,DET
phi0975.phi001.perseus-lat1.tb.xml@187,2,res,res,NOUN
phi0975.phi001.perseus-lat1.tb.xml@187,3,avaris,avarus,ADJ
phi0975.phi001.perseus-lat1.tb.xml@187,4,esse,sum,AUX
phi0975.phi001.perseus-lat1.tb.xml@187,5,conveniens,conveniens,ADJ
phi0975.phi001.perseus-lat1.tb.xml@187,6,potest,possum,VERB
phi0975.phi001.perseus-lat1.tb.xml@187,7,Et,et,CCONJ
phi0975.phi001.perseus-lat1.tb.xml@187,8,qui,qui,PRON
phi0975.phi001.perseus-lat1.tb.xml@187,9,humiles,humilis,ADJ
phi0975.phi001.perseus-lat1.tb.xml@187,10,nati,nascor,VERB
phi0975.phi001.perseus-lat1.tb.xml@187,11,dici,dico,VERB
phi0975.phi001.perseus-lat1.tb.xml@187,12,locupletes,locuples,ADJ
phi0975.phi001.perseus-lat1.tb.xml@187,13,student,studeo,VERB
phi0975.phi001.perseus-lat1.tb.xml@187,14,.,.,PUNCT
phi0975.phi001.perseus-lat1.tb.xml@190,1,quem,qui,PRON
phi0975.phi001.perseus-lat1.tb.xml@190,2,stans,sto,VERB
phi0975.phi001.perseus-lat1.tb.xml@190,3,vulturius,vulturius,NOUN
phi0975.phi001.perseus-lat1.tb.xml@190,4,super,super,ADP
phi0975.phi001.perseus-lat1.tb.xml@190,5,Fertur,fero,VERB
phi0975.phi001.perseus-lat1.tb.xml@190,6,locutus,loquor,VERB
phi0975.phi001.perseus-lat1.tb.xml@190,7,:,:,PUNCT
phi0975.phi001.perseus-lat1.tb.xml@191,1,O,o,PART
phi0975.phi001.perseus-lat1.tb.xml@191,2,canis,canis,NOUN
phi0975.phi001.perseus-lat1.tb.xml@191,3,",",",",PUNCT
phi0975.phi001.perseus-lat1.tb.xml@191,4,merito,mereo,ADV
phi0975.phi001.perseus-lat1.tb.xml@191,5,iaces,iaceo,VERB
phi0975.phi001.perseus-lat1.tb.xml@191,6,",",",",PUNCT
phi0975.phi001.perseus-lat1.tb.xml@191,7,Qui,qui,PRON
phi0975.phi001.perseus-lat1.tb.xml@191,8,concupisti,concupio,VERB
phi0975.phi001.perseus-lat1.tb.xml@191,9,subito,subeo,ADV
phi0975.phi001.perseus-lat1.tb.xml@191,10,regales,regalis,ADJ
phi0975.phi001.perseus-lat1.tb.xml@191,11,opes,ops,NOUN
phi0975.phi001.perseus-lat1.tb.xml@191,12,",",",",PUNCT
phi0975.phi001.perseus-lat1.tb.xml@191,13,Trivio,trivium,NOUN
phi0975.phi001.perseus-lat1.tb.xml@191,14,conceptus,concipio,VERB
phi0975.phi001.perseus-lat1.tb.xml@191,15,",",",",PUNCT
phi0975.phi001.perseus-lat1.tb.xml@191,16,educatus,educo,VERB
phi0975.phi001.perseus-lat1.tb.xml@191,17,stercore,stercus,NOUN
phi0975.phi001.perseus-lat1.tb.xml@191,18,.,.,PUNCT
phi0975.phi001.perseus-lat1.tb.xml@192,1,Quamvis,quamvis,ADV
phi0975.phi001.perseus-lat1.tb.xml@192,2,sublimes,sublimis,ADJ
phi0975.phi001.perseus-lat1.tb.xml@192,3,debent,debeo,VERB
phi0975.phi001.perseus-lat1.tb.xml@192,4,humiles,humilis,ADJ
phi0975.phi001.perseus-lat1.tb.xml@192,5,metuere,metuo,VERB
phi0975.phi001.perseus-lat1.tb.xml@192,6,",",",",PUNCT
phi0975.phi001.perseus-lat1.tb.xml@192,7,Vindicta,vindicta,NOUN
phi0975.phi001.perseus-lat1.tb.xml@192,8,docili,docilis,ADJ
phi0975.phi001.perseus-lat1.tb.xml@192,9,quia,quia,SCONJ
phi0975.phi001.perseus-lat1.tb.xml@192,10,patet,pateo,VERB
phi0975.phi001.perseus-lat1.tb.xml@192,11,sollertiae,sollertia,NOUN
phi0975.phi001.perseus-lat1.tb.xml@192,12,.,.,PUNCT
phi0975.phi001.perseus-lat1.tb.xml@193,1,Vulpinos,vulpinus,ADJ
phi0975.phi001.perseus-lat1.tb.xml@193,2,catulos,catulus,NOUN
phi0975.phi001.perseus-lat1.tb.xml@193,3,aquila,aquila,NOUN
phi0975.phi001.perseus-lat1.tb.xml@193,4,quondam,quondam,ADV
phi0975.phi001.perseus-lat1.tb.xml@193,5,sustulit,tollo,VERB
phi0975.phi001.perseus-lat1.tb.xml@193,6-7,Nidoque,_,_
phi0975.phi001.perseus-lat1.tb.xml@193,6,Nido,nidus,NOUN
phi0975.phi001.perseus-lat1.tb.xml@193,7,que,que,CCONJ
phi0975.phi001.perseus-lat1.tb.xml@193,8,posuit,pono,VERB
phi0975.phi001.perseus-lat1.tb.xml@193,9,pullis,pullus,NOUN
phi0975.phi001.perseus-lat1.tb.xml@193,10,",",",",PUNCT
phi0975.phi001.perseus-lat1.tb.xml@193,11,escam,esca,NOUN
phi0975.phi001.perseus-lat1.tb.xml@193,12,ut,ut,SCONJ
phi0975.phi001.perseus-lat1.tb.xml@193,13,carperent,carpo,VERB
phi0975.phi001.perseus-lat1.tb.xml@193,14,.,.,PUNCT
phi0975.phi001.perseus-lat1.tb.xml@194,1,Hanc,hic,DET
phi0975.phi001.perseus-lat1.tb.xml@194,2,persecuta,persequor,VERB
phi0975.phi001.perseus-lat1.tb.xml@194,3,mater,mater,NOUN
phi0975.phi001.perseus-lat1.tb.xml@194,4,orare,oro,VERB
phi0975.phi001.perseus-lat1.tb.xml@194,5,incipit,incipio,VERB
phi0975.phi001.perseus-lat1.tb.xml@194,6,",",",",PUNCT
phi0975.phi001.perseus-lat1.tb.xml@194,7,Ne,ne,SCONJ
phi0975.phi001.perseus-lat1.tb.xml@194,8,tantum,tantus,DET
phi0975.phi001.perseus-lat1.tb.xml@194,9,miserae,miser,ADJ
phi0975.phi001.perseus-lat1.tb.xml@194,10,luctum,luctus,NOUN
phi0975.phi001.perseus-lat1.tb.xml@194,11,importaret,importo,VERB
phi0975.phi001.perseus-lat1.tb.xml@194,12,sibi,sui,PRON
phi0975.phi001.perseus-lat1.tb.xml@194,13,.,.,PUNCT
phi0975.phi001.perseus-lat1.tb.xml@196,1,Vulpes,vulpes,NOUN
phi0975.phi001.perseus-lat1.tb.xml@196,2,ab,ab,ADP
phi0975.phi001.perseus-lat1.tb.xml@196,3,ara,ara,NOUN
phi0975.phi001.perseus-lat1.tb.xml@196,4,rapuit,rapio,VERB
phi0975.phi001.perseus-lat1.tb.xml@196,5,ardentem,ardeo,VERB
phi0975.phi001.perseus-lat1.tb.xml@196,6,facem,fax,NOUN
phi0975.phi001.perseus-lat1.tb.xml@196,7-8,Totamque,_,_
phi0975.phi001.perseus-lat1.tb.xml@196,7,Totam,totus,DET
phi0975.phi001.perseus-lat1.tb.xml@196,8,que,que,CCONJ
phi0975.phi001.perseus-lat1.tb.xml@196,9,flammis,flamma,NOUN
phi0975.phi001.perseus-lat1.tb.xml@196,10,arborem,arbor,NOUN
phi0975.phi001.perseus-lat1.tb.xml@196,11,circumdedit,circumdo,VERB
phi0975.phi001.perseus-lat1.tb.xml@196,12,",",",",PUNCT
phi0975.phi001.perseus-lat1.tb.xml@196,13,Hosti,hostis,NOUN
phi0975.phi001.perseus-lat1.tb.xml@196,14,dolorem,dolor,NOUN
phi0975.phi001.perseus-lat1.tb.xml@196,15,damno,damnum,NOUN
phi0975.phi001.perseus-lat1.tb.xml@196,16,miscens,misceo,VERB
phi0975.phi001.perseus-lat1.tb.xml@196,17,sanguinis,sanguis,NOUN
phi0975.phi001.perseus-lat1.tb.xml@196,18,.,.,PUNCT
phi0975.phi001.perseus-lat1.tb.xml@197,1,Aquila,aquila,NOUN
phi0975.phi001.perseus-lat1.tb.xml@197,2,ut,ut,SCONJ
phi0975.phi001.perseus-lat1.tb.xml@197,3,periclo,periculum,NOUN
phi0975.phi001.perseus-lat1.tb.xml@197,4,mortis,mors,NOUN
phi0975.phi001.perseus-lat1.tb.xml@197,5,eriperet,eripio,VERB
phi0975.phi001.perseus-lat1.tb.xml@197,6,suos,suus,DET
phi0975.phi001.perseus-lat1.tb.xml@197,7,Incolumes,incolumis,ADJ
phi0975.phi001.perseus-lat1.tb.xml@197,8,natos,nascor,VERB
phi0975.phi001.perseus-lat1.tb.xml@197,9,supplex,supplex,ADJ
phi0975.phi001.perseus-lat1.tb.xml@197,10,vulpi,vulpes,NOUN
phi0975.phi001.perseus-lat1.tb.xml@197,11,tradidit,trado,VERB
phi0975.phi001.perseus-lat1.tb.xml@197,12,.,.,PUNCT
phi0975.phi001.perseus-lat1.tb.xml@198,1,Plerumque,plerusque,ADV
phi0975.phi001.perseus-lat1.tb.xml@198,2,stulti,stultus,ADJ
phi0975.phi001.perseus-lat1.tb.xml@198,3,risum,risus,NOUN
phi0975.phi001.perseus-lat1.tb.xml@198,4,dum,dum,SCONJ
phi0975.phi001.perseus-lat1.tb.xml@198,5,captant,capto,VERB
phi0975.phi001.perseus-lat1.tb.xml@198,6,levem,levis,ADJ
phi0975.phi001.perseus-lat1.tb.xml@198,7,",",",",PUNCT
phi0975.phi001.perseus-lat1.tb.xml@198,8,Gravi,gravis,ADJ
phi0975.phi001.perseus-lat1.tb.xml@198,9,destringunt,destringo,VERB
phi0975.phi001.perseus-lat1.tb.xml@198,10,alios,alius,DET
phi0975.phi001.perseus-lat1.tb.xml@198,11,contumelia,contumelia,NOUN
phi0975.phi001.perseus-lat1.tb.xml@198,12,Et,et,CCONJ
phi0975.phi001.perseus-lat1.tb.xml@198,13,sibi,sui,PRON
phi0975.phi001.perseus-lat1.tb.xml@198,14,nocivum,nocivus,ADJ
phi0975.phi001.perseus-lat1.tb.xml@198,15,concitant,concito,VERB
phi0975.phi001.perseus-lat1.tb.xml@198,16,periculum,periculum,NOUN
phi0975.phi001.perseus-lat1.tb.xml@198,17,.,.,PUNCT
phi0975.phi001.perseus-lat1.tb.xml@200,1,Salve,salveo,VERB
phi0975.phi001.perseus-lat1.tb.xml@200,2,inquit,inquam,VERB
phi0975.phi001.perseus-lat1.tb.xml@200,3,frater,frater,NOUN
phi0975.phi001.perseus-lat1.tb.xml@200,4,.,.,PUNCT
phi0975.phi001.perseus-lat1.tb.xml@201,1,Ille,ille,DET
phi0975.phi001.perseus-lat1.tb.xml@201,2,indignans,indignor,VERB
phi0975.phi001.perseus-lat1.tb.xml@201,3,repudiat,repudio,VERB
phi0975.phi001.perseus-lat1.tb.xml@201,4,Officium,officium,NOUN
phi0975.phi001.perseus-lat1.tb.xml@201,5,et,et,CCONJ
phi0975.phi001.perseus-lat1.tb.xml@201,6,quaerit,quaero,VERB
phi0975.phi001.perseus-lat1.tb.xml@201,7,",",",",PUNCT
phi0975.phi001.perseus-lat1.tb.xml@201,8,cur,cur,ADV
phi0975.phi001.perseus-lat1.tb.xml@201,9,sic,sic,ADV
phi0975.phi001.perseus-lat1.tb.xml@201,10,mentiri,mentior,VERB
phi0975.phi001.perseus-lat1.tb.xml@201,11,velit,volo,VERB
phi0975.phi001.perseus-lat1.tb.xml@201,12,.,.,PUNCT
phi0975.phi001.perseus-lat1.tb.xml@203,1,Similem,similis,ADJ
phi0975.phi001.perseus-lat1.tb.xml@203,2,si,si,SCONJ
phi0975.phi001.perseus-lat1.tb.xml@203,3,negas,nego,VERB
phi0975.phi001.perseus-lat1.tb.xml@203,4,Tibi,tu,PRON
phi0975.phi001.perseus-lat1.tb.xml@203,5,me,ego,PRON
phi0975.phi001.perseus-lat1.tb.xml@203,6,esse,sum,AUX
phi0975.phi001.perseus-lat1.tb.xml@203,7,",",",",PUNCT
phi0975.phi001.perseus-lat1.tb.xml@203,8,certe,certus,ADV
phi0975.phi001.perseus-lat1.tb.xml@203,9,simile,similis,ADJ
phi0975.phi001.perseus-lat1.tb.xml@203,10,est,sum,AUX
phi0975.phi001.perseus-lat1.tb.xml@203,11,hoc,hic,DET
phi0975.phi001.perseus-lat1.tb.xml@203,12,rostro,rostrum,NOUN
phi0975.phi001.perseus-lat1.tb.xml@203,13,tuo,tuus,DET
phi0975.phi001.perseus-lat1.tb.xml@203,14,.,.,PUNCT
phi0975.phi001.perseus-lat1.tb.xml@205,1,Facilis,facilis,ADJ
phi0975.phi001.perseus-lat1.tb.xml@205,2,vindicta,vindicta,NOUN
phi0975.phi001.perseus-lat1.tb.xml@205,3,est,sum,AUX
phi0975.phi001.perseus-lat1.tb.xml@205,4,mihi,ego,PRON
phi0975.phi001.perseus-lat1.tb.xml@205,5,",",",",PUNCT
phi0975.phi001.perseus-lat1.tb.xml@205,6,Sed,sed,CCONJ
phi0975.phi001.perseus-lat1.tb.xml@205,7,inquinari,inquino,VERB
phi0975.phi001.perseus-lat1.tb.xml@205,8,nolo,nolo,VERB
phi0975.phi001.perseus-lat1.tb.xml@205,9,ignavo,ignavus,ADJ
phi0975.phi001.perseus-lat1.tb.xml@205,10,sanguine,sanguis,NOUN
phi0975.phi001.perseus-lat1.tb.xml@205,11,.,.,PUNCT
phi0975.phi001.perseus-lat1.tb.xml@206,1,Humiles,humilis,ADJ
phi0975.phi001.perseus-lat1.tb.xml@206,2,laborant,laboro,VERB
phi0975.phi001.perseus-lat1.tb.xml@206,3,ubi,ubi,ADV
phi0975.phi001.perseus-lat1.tb.xml@206,4,potentes,possum,VERB
phi0975.phi001.perseus-lat1.tb.xml@206,5,dissident,dis-sideo,VERB
phi0975.phi001.perseus-lat1.tb.xml@206,6,.,.,PUNCT
phi0975.phi001.perseus-lat1.tb.xml@208,1,Heu,heu!,INTJ
phi0975.phi001.perseus-lat1.tb.xml@208,2,quanta,quantus,DET
phi0975.phi001.perseus-lat1.tb.xml@208,3,nobis,nos,PRON
phi0975.phi001.perseus-lat1.tb.xml@208,4,instat,insto,VERB
phi0975.phi001.perseus-lat1.tb.xml@208,5,pernicies,pernicies,NOUN
phi0975.phi001.perseus-lat1.tb.xml@208,6,!,!,PUNCT
phi0975.phi001.perseus-lat1.tb.xml@209,1,ait,aio,VERB
phi0975.phi001.perseus-lat1.tb.xml@209,2,.,.,PUNCT
phi0975.phi001.perseus-lat1.tb.xml@212,1,Expulsus,expello,VERB
phi0975.phi001.perseus-lat1.tb.xml@212,2,regno,regnum,NOUN
phi0975.phi001.perseus-lat1.tb.xml@212,3,nemoris,nemus,NOUN
phi0975.phi001.perseus-lat1.tb.xml@212,4,qui,qui,PRON
phi0975.phi001.perseus-lat1.tb.xml@212,5,profugerit,profugio,VERB
phi0975.phi001.perseus-lat1.tb.xml@212,6,",",",",PUNCT
phi0975.phi001.perseus-lat1.tb.xml@212,7,Paludis,palus,NOUN
phi0975.phi001.perseus-lat1.tb.xml@212,8,in,in,ADP
phi0975.phi001.perseus-lat1.tb.xml@212,9,secreta,secerno,VERB
phi0975.phi001.perseus-lat1.tb.xml@212,10,veniet,venio,VERB
phi0975.phi001.perseus-lat1.tb.xml@212,11,latibula,latibulum,NOUN
phi0975.phi001.perseus-lat1.tb.xml@212,12,Et,et,CCONJ
phi0975.phi001.perseus-lat1.tb.xml@212,13,proculcatas,proculco,VERB
phi0975.phi001.perseus-lat1.tb.xml@212,14,obteret,obtero,VERB
phi0975.phi001.perseus-lat1.tb.xml@212,15,duro,durus,ADJ
phi0975.phi001.perseus-lat1.tb.xml@212,16,pede,pes,NOUN
phi0975.phi001.perseus-lat1.tb.xml@212,17,.,.,PUNCT
phi0975.phi001.perseus-lat1.tb.xml@213,1,Ita,ita,ADV
phi0975.phi001.perseus-lat1.tb.xml@213,2,caput,caput,NOUN
phi0975.phi001.perseus-lat1.tb.xml@213,3,ad,ad,ADP
phi0975.phi001.perseus-lat1.tb.xml@213,4,nostrum,noster,DET
phi0975.phi001.perseus-lat1.tb.xml@213,5,furor,furor,NOUN
phi0975.phi001.perseus-lat1.tb.xml@213,6,illorum,ille,DET
phi0975.phi001.perseus-lat1.tb.xml@213,7,pertinet,pertineo,VERB
phi0975.phi001.perseus-lat1.tb.xml@213,8,.,.,PUNCT
phi0975.phi001.perseus-lat1.tb.xml@214,1,Qui,qui,PRON
phi0975.phi001.perseus-lat1.tb.xml@214,2,se,sui,PRON
phi0975.phi001.perseus-lat1.tb.xml@214,3,committit,committo,VERB
phi0975.phi001.perseus-lat1.tb.xml@214,4,homini,homo,NOUN
phi0975.phi001.perseus-lat1.tb.xml@214,5,tutandum,tutor,VERB
phi0975.phi001.perseus-lat1.tb.xml@214,6,improbo,improbus,ADJ
phi0975.phi001.perseus-lat1.tb.xml@214,7,",",",",PUNCT
phi0975.phi001.perseus-lat1.tb.xml@214,8,Auxilia,auxilium,NOUN
phi0975.phi001.perseus-lat1.tb.xml@214,9,dum,dum,SCONJ
phi0975.phi001.perseus-lat1.tb.xml@214,10,requirit,requiro,VERB
phi0975.phi001.perseus-lat1.tb.xml@214,11,",",",",PUNCT
phi0975.phi001.perseus-lat1.tb.xml@214,12,exitium,exitium,NOUN
phi0975.phi001.perseus-lat1.tb.xml@214,13,invenit,invenio,VERB
phi0975.phi001.perseus-lat1.tb.xml@214,14,.,.,PUNCT
phi0975.phi001.perseus-lat1.tb.xml@216,1,Quare,quare,ADV
phi0975.phi001.perseus-lat1.tb.xml@216,2,sollicitum,sollicitus,ADJ
phi0975.phi001.perseus-lat1.tb.xml@216,3,potius,potis,ADV
phi0975.phi001.perseus-lat1.tb.xml@216,4,aevum,aevum,NOUN
phi0975.phi001.perseus-lat1.tb.xml@216,5,ducitis,duco,VERB
phi0975.phi001.perseus-lat1.tb.xml@216,6,",",",",PUNCT
phi0975.phi001.perseus-lat1.tb.xml@216,7,Quam,quam,SCONJ
phi0975.phi001.perseus-lat1.tb.xml@216,8,regem,rex,NOUN
phi0975.phi001.perseus-lat1.tb.xml@216,9,me,ego,PRON
phi0975.phi001.perseus-lat1.tb.xml@216,10,creatis,creo,VERB
phi0975.phi001.perseus-lat1.tb.xml@216,11,icto,icio,VERB
phi0975.phi001.perseus-lat1.tb.xml@216,12,foedere,foedus,NOUN
phi0975.phi001.perseus-lat1.tb.xml@216,13,",",",",PUNCT
phi0975.phi001.perseus-lat1.tb.xml@216,14,Qui,qui,PRON
phi0975.phi001.perseus-lat1.tb.xml@216,15,vos,tu,PRON
phi0975.phi001.perseus-lat1.tb.xml@216,16,ab,ab,ADP
phi0975.phi001.perseus-lat1.tb.xml@216,17,omni,omnis,DET
phi0975.phi001.perseus-lat1.tb.xml@216,18,tutas,tueor,VERB
phi0975.phi001.perseus-lat1.tb.xml@216,19,praestem,praesto,VERB
phi0975.phi001.perseus-lat1.tb.xml@216,20,iniuria,iniuria,NOUN
phi0975.phi001.perseus-lat1.tb.xml@216,21,?,?,PUNCT
phi0975.phi001.perseus-lat1.tb.xml@217,1,Illae,ille,DET
phi0975.phi001.perseus-lat1.tb.xml@217,2,credentes,credo,VERB
phi0975.phi001.perseus-lat1.tb.xml@217,3,tradunt,trado,VERB
phi0975.phi001.perseus-lat1.tb.xml@217,4,sese,sui,PRON
phi0975.phi001.perseus-lat1.tb.xml@217,5,miluo,miluus,NOUN
phi0975.phi001.perseus-lat1.tb.xml@217,6,;,;,PUNCT
phi0975.phi001.perseus-lat1.tb.xml@218,1,Qui,qui,PRON
phi0975.phi001.perseus-lat1.tb.xml@218,2,regnum,regnum,NOUN
phi0975.phi001.perseus-lat1.tb.xml@218,3,adeptus,adipiscor,VERB
phi0975.phi001.perseus-lat1.tb.xml@218,4,coepit,coepio,VERB
phi0975.phi001.perseus-lat1.tb.xml@218,5,vesci,vescor,VERB
phi0975.phi001.perseus-lat1.tb.xml@218,6,singulas,singuli,ADJ
phi0975.phi001.perseus-lat1.tb.xml@218,7,Et,et,CCONJ
phi0975.phi001.perseus-lat1.tb.xml@218,8,exercere,exerceo,VERB
phi0975.phi001.perseus-lat1.tb.xml@218,9,imperium,imperium,NOUN
phi0975.phi001.perseus-lat1.tb.xml@218,10,saevis,saevus,ADJ
phi0975.phi001.perseus-lat1.tb.xml@218,11,unguibus,unguis,NOUN
phi0975.phi001.perseus-lat1.tb.xml@218,12,.,.,PUNCT
phi0975.phi001.perseus-lat1.tb.xml@220,1,Merito,merito,ADV
phi0975.phi001.perseus-lat1.tb.xml@220,2,plectimur,plecto,VERB
phi0975.phi001.perseus-lat1.tb.xml@220,3,.,.,PUNCT
phi0975.phi001.perseus-lat1.tb.xml@221,1,Exemplis,exemplum,NOUN
phi0975.phi001.perseus-lat1.tb.xml@221,2,continetur,contineo,VERB
phi0975.phi001.perseus-lat1.tb.xml@221,3,Aesopi,Aesopus,PROPN
phi0975.phi001.perseus-lat1.tb.xml@221,4,genus,genus,NOUN
phi0975.phi001.perseus-lat1.tb.xml@221,5,;,;,PUNCT
phi0975.phi001.perseus-lat1.tb.xml@224,1,Equidem,equidem,PART
phi0975.phi001.perseus-lat1.tb.xml@224,2,omni,omnis,DET
phi0975.phi001.perseus-lat1.tb.xml@224,3,cura,cura,NOUN
phi0975.phi001.perseus-lat1.tb.xml@224,4,morem,mos,NOUN
phi0975.phi001.perseus-lat1.tb.xml@224,5,servabo,servo,VERB
phi0975.phi001.perseus-lat1.tb.xml@224,6,senis,senex,ADJ
phi0975.phi001.perseus-lat1.tb.xml@224,7,;,;,PUNCT
phi0975.phi001.perseus-lat1.tb.xml@225,1,Sed,sed,CCONJ
phi0975.phi001.perseus-lat1.tb.xml@225,2,si,si,SCONJ
phi0975.phi001.perseus-lat1.tb.xml@225,3,libuerit,libet,VERB
phi0975.phi001.perseus-lat1.tb.xml@225,4,aliquid,aliquis,PRON
phi0975.phi001.perseus-lat1.tb.xml@225,5,interponere,interpono,VERB
phi0975.phi001.perseus-lat1.tb.xml@225,6,",",",",PUNCT
phi0975.phi001.perseus-lat1.tb.xml@225,7,Dictorum,dico,VERB
phi0975.phi001.perseus-lat1.tb.xml@225,8,sensus,sensus,NOUN
phi0975.phi001.perseus-lat1.tb.xml@225,9,ut,ut,SCONJ
phi0975.phi001.perseus-lat1.tb.xml@225,10,delectet,delecto,VERB
phi0975.phi001.perseus-lat1.tb.xml@225,11,varietas,varietas,NOUN
phi0975.phi001.perseus-lat1.tb.xml@225,12,",",",",PUNCT
phi0975.phi001.perseus-lat1.tb.xml@225,13,Bonas,bonus,ADJ
phi0975.phi001.perseus-lat1.tb.xml@225,14,in,in,ADP
phi0975.phi001.perseus-lat1.tb.xml@225,15,partes,pars,NOUN
phi0975.phi001.perseus-lat1.tb.xml@225,16,",",",",PUNCT
phi0975.phi001.perseus-lat1.tb.xml@225,17,lector,lector,NOUN
phi0975.phi001.perseus-lat1.tb.xml@225,18,",",",",PUNCT
phi0975.phi001.perseus-lat1.tb.xml@225,19,accipias,accipio,VERB
phi0975.phi001.perseus-lat1.tb.xml@225,20,velim,volo,VERB
phi0975.phi001.perseus-lat1.tb.xml@225,21,",",",",PUNCT
phi0975.phi001.perseus-lat1.tb.xml@225,22,Ita,ita,ADV
phi0975.phi001.perseus-lat1.tb.xml@225,23,si,si,SCONJ
phi0975.phi001.perseus-lat1.tb.xml@225,24,rependet,rependo,VERB
phi0975.phi001.perseus-lat1.tb.xml@225,25,illi,ille,DET
phi0975.phi001.perseus-lat1.tb.xml@225,26,brevitas,brevitas,NOUN
phi0975.phi001.perseus-lat1.tb.xml@225,27,gratiam,gratia,NOUN
phi0975.phi001.perseus-lat1.tb.xml@225,28,.,.,PUNCT
