sample_id,word_id,word,lemma,pos
dev-s1,1,+,+,PUNCT
dev-s1,2,In,in,ADP
dev-s1,3,Dei,Deus,PROPN
dev-s1,4,omnipotentis,omnipotens,ADJ
dev-s1,5,nomine,nomen,NOUN
dev-s1,6,regnante,regno,VERB
dev-s1,7,domno,domnus,NOUN
dev-s1,8,nostro,noster,DET
dev-s1,9,Karolus,Carolus,PROPN
dev-s1,10,divina,diuinus,ADJ
dev-s1,11,faventem,faueo,VERB
dev-s1,12,clementia,clementia,NOUN
dev-s1,13,rex,rex,NOUN
dev-s1,14,",",",",PUNCT
dev-s1,15,anno,annus,NOUN
dev-s1,16,regni,regnum,NOUN
dev-s1,17,eius,is,PRON
dev-s1,18,in,in,ADP
dev-s1,19,Italia,Italia,PROPN
dev-s1,20,primo,primus,ADJ
dev-s1,21,",",",",PUNCT
dev-s1,22,octavo,octauus,ADJ
dev-s1,23,kalendas,kalendae,NOUN
dev-s1,24,decembris,december,ADJ
dev-s1,25,",",",",PUNCT
dev-s1,26,indictione,indictio,NOUN
dev-s1,27,quarta,quartus,ADJ
dev-s1,28,decima,decimus,ADJ
dev-s1,29,.,.,PUNCT
dev-s2,1,manifesti,manifestus,ADJ
dev-s2,2,sumus,sum,AUX
dev-s2,3,nos,nos,PRON
dev-s2,4,Leoprando,Leoprandus,PROPN
dev-s2,5,que,qui,PRON
dev-s2,6,Cillo,Cillus,PROPN
dev-s2,7,vocatur,uoco,VERB
dev-s2,8,",",",",PUNCT
dev-s2,9,filio,filius,NOUN
dev-s2,10,quondam,quondam,ADJ
dev-s2,11,Cristiani,Christianus,PROPN
dev-s2,12,",",",",PUNCT
dev-s2,13,et,et,CCONJ
dev-s2,14,Iohannes,Johannes,PROPN
dev-s2,15,",",",",PUNCT
dev-s2,16,filio,filius,NOUN
dev-s2,17,quondam,quondam,ADJ
dev-s2,18,Vualpi,Vualpus,PROPN
dev-s2,19,",",",",PUNCT
dev-s2,20,quia,quia,SCONJ
dev-s2,21,tu,tu,PRON
dev-s2,22,Gherardus,Gherardus,PROPN
dev-s2,23,",",",",PUNCT
dev-s2,24,gratia,gratia,NOUN
dev-s2,25,Dei,Deus,PROPN
dev-s2,26,huius,hic,DET
dev-s2,27,sancte,sanctus,ADJ
dev-s2,28,Lucane,lucanus,ADJ
dev-s2,29,ecclesie,ecclesia,NOUN
dev-s2,30,humilis,humilis,ADJ
dev-s2,31,episcopus,episcopus,NOUN
dev-s2,32,",",",",PUNCT
dev-s2,33,per,per,ADP
dev-s2,34,cartula,chartula,NOUN
dev-s2,35,livellario,libellarius,ADJ
dev-s2,36,nomine,nomen,NOUN
dev-s2,37,ad,ad,ADP
dev-s2,38,censum,census,NOUN
dev-s2,39,vobis,uos,PRON
dev-s2,40,perexolvendum,perexsoluo,VERB
dev-s2,41,dedisti,do,VERB
dev-s2,42,nobis,nos,PRON
dev-s2,43,",",",",PUNCT
dev-s2,44,id,is,PRON
dev-s2,45,est,sum,AUX
dev-s2,46,res,res,NOUN
dev-s2,47,illa,ille,DET
dev-s2,48,in,in,ADP
dev-s2,49,loco,locus,NOUN
dev-s2,50,et,et,CCONJ
dev-s2,51,finibus,finis,NOUN
dev-s2,52,Murriano,Murrianum,PROPN
dev-s2,53,quas,qui,PRON
dev-s2,54,suprascripto,suprascriptus,DET
dev-s2,55,quondam,quondam,ADJ
dev-s2,56,Vualpo,Vualpus,PROPN
dev-s2,57,genitor,genitor,NOUN
dev-s2,58,meus,meus,DET
dev-s2,59,qui,qui,DET
dev-s2,60,supra,supra,ADV
dev-s2,61,Iohannis,Johannes,PROPN
dev-s2,62,",",",",PUNCT
dev-s2,63,et,et,CCONJ
dev-s2,64,Petrus,Petrus,PROPN
dev-s2,65,",",",",PUNCT
dev-s2,66,germani,germanus,NOUN
dev-s2,67,",",",",PUNCT
dev-s2,68,ad,ad,ADP
dev-s2,69,manus,manus,NOUN
dev-s2,70,suas,suus,DET
dev-s2,71,abuerunt,habeo,VERB
dev-s2,72,",",",",PUNCT
dev-s2,73,quas,qui,DET
dev-s2,74,ipsa,ipse,DET
dev-s2,75,res,res,NOUN
dev-s2,76,pertenens,pertineo,VERB
dev-s2,77,ecclesie,ecclesia,NOUN
dev-s2,78,vestre,uester,DET
dev-s2,79,sancti,sanctus,ADJ
dev-s2,80,Fridiani,Fridianus,PROPN
dev-s2,81,sita,sino,VERB
dev-s2,82,foras,foras,ADP
dev-s2,83,civitate,ciuitas,NOUN
dev-s2,84,ista,iste,DET
dev-s2,85,Lucense,lucensis,ADJ
dev-s2,86,",",",",PUNCT
dev-s2,87,quas,qui,DET
dev-s2,88,ipsa,ipse,DET
dev-s2,89,ecclesia,ecclesia,NOUN
dev-s2,90,sancti,sanctus,ADJ
dev-s2,91,Fridiani,Fridianus,PROPN
dev-s2,92,est,sum,AUX
dev-s2,93,desup,desub,ADP
dev-s2,94,potestatem,potestas,NOUN
dev-s2,95,ipsius,ipse,DET
dev-s2,96,episcupatui,episcopatus,NOUN
dev-s2,97,vestro,uester,DET
dev-s2,98,sancti,sanctus,ADJ
dev-s2,99,Martini,Martinus,PROPN
dev-s2,100,;,;,PUNCT
dev-s3,1,suprascriptas,suprascriptus,DET
dev-s3,2,res,res,NOUN
dev-s3,3,in,in,ADP
dev-s3,4,predicto,praedictus,DET
dev-s3,5,loco,locus,NOUN
dev-s3,6,Murriano,Murrianum,PROPN
dev-s3,7,tam,tam,ADV
dev-s3,8,terris,terra,NOUN
dev-s3,9,",",",",PUNCT
dev-s3,10,vineis,uinea,NOUN
dev-s3,11,",",",",PUNCT
dev-s3,12,olivis,oliua,NOUN
dev-s3,13,",",",",PUNCT
dev-s3,14,silvis,silua,NOUN
dev-s3,15,",",",",PUNCT
dev-s3,16,virgareis,uirgareum,NOUN
dev-s3,17,",",",",PUNCT
dev-s3,18,cultas,cultus,ADJ
dev-s3,19,res,res,NOUN
dev-s3,20,vel,uel,CCONJ
dev-s3,21,incultas,incultus,ADJ
dev-s3,22,",",",",PUNCT
dev-s3,23,omnia,omnis,DET
dev-s3,24,quantum,quantum,ADV
dev-s3,25,in,in,ADP
dev-s3,26,suprascripto,suprascriptus,DET
dev-s3,27,loco,locus,NOUN
dev-s3,28,Murriano,Murrianum,PROPN
dev-s3,29,suprascripte,suprascriptus,DET
dev-s3,30,ecclesie,ecclesia,NOUN
dev-s3,31,vestre,uester,DET
dev-s3,32,sancti,sanctus,ADJ
dev-s3,33,Fridiani,Fridianus,PROPN
dev-s3,34,est,sum,AUX
dev-s3,35,pertenente,pertineo,VERB
dev-s3,36,et,et,CCONJ
dev-s3,37,suprascriptis,suprascriptus,DET
dev-s3,38,Vualpo,Vualpus,PROPN
dev-s3,39,et,et,CCONJ
dev-s3,40,Petrus,Petrus,PROPN
dev-s3,41,germani,germanus,NOUN
dev-s3,42,exinde,exinde,ADV
dev-s3,43,ad,ad,ADP
dev-s3,44,manus,manus,NOUN
dev-s3,45,suas,suus,DET
dev-s3,46,abuerunt,habeo,VERB
dev-s3,47,nobis,nos,PRON
dev-s3,48,dedisti,do,VERB
dev-s3,49,in,in,ADP
dev-s3,50,integrum,integer,ADJ
dev-s3,51,",",",",PUNCT
dev-s3,52,tali,talis,DET
dev-s3,53,ordinem,ordo,NOUN
dev-s3,54,ut,ut,SCONJ
dev-s3,55,da,da,ADP
dev-s3,56,admodum,admodum,ADV
dev-s3,57,in,in,ADP
dev-s3,58,nostra,noster,DET
dev-s3,59,vel,uel,CCONJ
dev-s3,60,de,de,ADP
dev-s3,61,nostris,noster,DET
dev-s3,62,heredibus,heres,NOUN
dev-s3,63,sint,sum,AUX
dev-s3,64,potestatem,potestas,NOUN
dev-s3,65,eas,is,PRON
dev-s3,66,abendum,habeo,VERB
dev-s3,67,",",",",PUNCT
dev-s3,68,inperandum,impero,VERB
dev-s3,69,",",",",PUNCT
dev-s3,70,laborare,laboro,VERB
dev-s3,71,faciendum,facio,VERB
dev-s3,72,",",",",PUNCT
dev-s3,73,gubernandum,guberno,VERB
dev-s3,74,",",",",PUNCT
dev-s3,75,meliorandum,melioro,VERB
dev-s3,76,et,et,CCONJ
dev-s3,77,nobis,nos,PRON
dev-s3,78,eas,is,PRON
dev-s3,79,privato,priuo,VERB
dev-s3,80,nomine,nomen,NOUN
dev-s3,81,usufructuandum,usufructuo,VERB
dev-s3,82,.,.,PUNCT
dev-s4,1,nisi,nisi,CCONJ
dev-s4,2,tantum,tantum,ADV
dev-s4,3,pro,pro,ADP
dev-s4,4,omni,omnis,DET
dev-s4,5,censum,census,NOUN
dev-s4,6,et,et,CCONJ
dev-s4,7,iustitia,iustitia,NOUN
dev-s4,8,exinde,exinde,ADV
dev-s4,9,tibi,tu,PRON
dev-s4,10,vel,uel,CCONJ
dev-s4,11,ad,ad,ADP
dev-s4,12,successoribus,successor,NOUN
dev-s4,13,tuis,tuus,DET
dev-s4,14,",",",",PUNCT
dev-s4,15,ad,ad,ADP
dev-s4,16,pars,pars,NOUN
dev-s4,17,ipsius,ipse,DET
dev-s4,18,ecclesie,ecclesia,NOUN
dev-s4,19,",",",",PUNCT
dev-s4,20,per,per,ADP
dev-s4,21,singulos,singulus,ADJ
dev-s4,22,annos,annus,NOUN
dev-s4,23,per,per,ADP
dev-s4,24,omnem,omnis,DET
dev-s4,25,mense,mensis,NOUN
dev-s4,26,octuber,october,ADJ
dev-s4,27,censum,census,NOUN
dev-s4,28,vobis,uos,PRON
dev-s4,29,reddere,reddo,VERB
dev-s4,30,debeamus,debeo,VERB
dev-s4,31,hic,hic,ADV
dev-s4,32,civitate,ciuitas,NOUN
dev-s4,33,Luca,Luca,PROPN
dev-s4,34,ad,ad,ADP
dev-s4,35,ipso,ipse,DET
dev-s4,36,domo,domus,NOUN
dev-s4,37,vobis,uos,PRON
dev-s4,38,vel,uel,CCONJ
dev-s4,39,ad,ad,ADP
dev-s4,40,ministeriale,ministerialis,NOUN
dev-s4,41,vestro,uester,DET
dev-s4,42,quas,qui,PRON
dev-s4,43,ibi,ubi,ADV
dev-s4,44,pre,prae,ADP
dev-s4,45,tempore,tempus,NOUN
dev-s4,46,abueritis,habeo,VERB
dev-s4,47,",",",",PUNCT
dev-s4,48,argentum,argentum,NOUN
dev-s4,49,denarios,denarius,NOUN
dev-s4,50,bonos,bonus,ADJ
dev-s4,51,expendiviles,expendibilis,ADJ
dev-s4,52,numero,numerus,NOUN
dev-s4,53,sexaginta,sexaginta,NUM
dev-s4,54,tantum,tantum,ADV
dev-s4,55,.,.,PUNCT
dev-s5,1,et,et,CCONJ
dev-s5,2,si,si,SCONJ
dev-s5,3,a,ab,ADP
dev-s5,4,nos,nos,PRON
dev-s5,5,vobis,uos,PRON
dev-s5,6,hec,hic,DET
dev-s5,7,omnia,omnis,DET
dev-s5,8,qualiter,qualiter,SCONJ
dev-s5,9,superius,superius,ADV
dev-s5,10,legitur,lego,VERB
dev-s5,11,per,per,ADP
dev-s5,12,singulos,singulus,ADJ
dev-s5,13,annos,annus,NOUN
dev-s5,14,sic,sic,ADV
dev-s5,15,non,non,PART
dev-s5,16,fuerit,sum,AUX
dev-s5,17,adinpleta,adimpleo,VERB
dev-s5,18,et,et,CCONJ
dev-s5,19,conservata,conseruo,VERB
dev-s5,20,aut,aut,CCONJ
dev-s5,21,si,si,SCONJ
dev-s5,22,suprascriptas,suprascriptus,DET
dev-s5,23,res,res,NOUN
dev-s5,24,quas,qui,PRON
dev-s5,25,nobis,nos,PRON
dev-s5,26,dedisti,do,VERB
dev-s5,27,relaxaverimus,relaxo,VERB
dev-s5,28,vel,uel,CCONJ
dev-s5,29,si,si,SCONJ
dev-s5,30,per,per,ADP
dev-s5,31,nos,nos,PRON
dev-s5,32,pegioratas,peioro,VERB
dev-s5,33,fuerit,sum,AUX
dev-s5,34,",",",",PUNCT
dev-s5,35,spondimus,spondeo,VERB
dev-s5,36,nos,nos,PRON
dev-s5,37,qui,qui,DET
dev-s5,38,supra,supra,ADV
dev-s5,39,Leoprando,Leoprandus,PROPN
dev-s5,40,et,et,CCONJ
dev-s5,41,Iohannes,Johannes,PROPN
dev-s5,42,una,una,ADV
dev-s5,43,cum,cum,ADP
dev-s5,44,nostris,noster,DET
dev-s5,45,heredibus,heres,NOUN
dev-s5,46,componere,compono,VERB
dev-s5,47,tibi,tu,PRON
dev-s5,48,qui,qui,DET
dev-s5,49,supra,supra,ADV
dev-s5,50,Gherardus,Gherardus,PROPN
dev-s5,51,episcopus,episcopus,NOUN
dev-s5,52,vel,uel,CCONJ
dev-s5,53,ad,ad,ADP
dev-s5,54,successoribus,successor,NOUN
dev-s5,55,vestris,uester,DET
dev-s5,56,penam,poena,NOUN
dev-s5,57,",",",",PUNCT
dev-s5,58,argentum,argentum,NOUN
dev-s5,59,soledos,solidus,NOUN
dev-s5,60,quinquaginta,quinquaginta,NUM
dev-s5,61,",",",",PUNCT
dev-s5,62,quia,quia,SCONJ
dev-s5,63,taliter,taliter,ADV
dev-s5,64,inter,inter,ADP
dev-s5,65,nos,nos,PRON
dev-s5,66,convenit,conuenio,VERB
dev-s5,67,.,.,PUNCT
dev-s6,1,et,et,CCONJ
dev-s6,2,duas,duo,NUM
dev-s6,3,inter,inter,ADP
dev-s6,4,nos,nos,PRON
dev-s6,5,cartulas,chartula,NOUN
dev-s6,6,Rachifonsum,Rachifonsus,PROPN
dev-s6,7,notarium,notarius,NOUN
dev-s6,8,scribere,scribo,VERB
dev-s6,9,rogavimus,rogo,VERB
dev-s6,10,.,.,PUNCT
dev-s7,1,actum,ago,VERB
dev-s7,2,Luca,Luca,PROPN
dev-s7,3,.,.,PUNCT
dev-s8,1,signa,signum,NOUN
dev-s8,2,+,+,PUNCT
dev-s8,3,+,+,PUNCT
dev-s8,4,manus,manus,NOUN
dev-s8,5,Leoprandi,Leoprandus,PROPN
dev-s8,6,et,et,CCONJ
dev-s8,7,Iohannis,Johannes,PROPN
dev-s8,8,",",",",PUNCT
dev-s8,9,qui,qui,PRON
dev-s8,10,hunc,hic,DET
dev-s8,11,libellum,libellus,NOUN
dev-s8,12,fieri,fio,VERB
dev-s8,13,rogaverunt,rogo,VERB
dev-s8,14,.,.,PUNCT
dev-s9,1,[Propn],_,PROPN
dev-s9,2,",",",",PUNCT
dev-s9,3,rogatu,rogo,VERB
dev-s9,4,a,ab,ADP
dev-s9,5,Leuprando,Leoprandus,PROPN
dev-s9,6,et,et,CCONJ
dev-s9,7,Iohanne,Johannes,PROPN
dev-s9,8,",",",",PUNCT
dev-s9,9,subscripsi,subscribo,VERB
dev-s9,10,.,.,PUNCT
dev-s10,1,signum,signum,NOUN
dev-s10,2,+,+,PUNCT
dev-s10,3,manus,manus,NOUN
dev-s10,4,Leuprandi,Leoprandus,PROPN
dev-s10,5,qui,qui,PRON
dev-s10,6,Leo,Leo,PROPN
dev-s10,7,vocatur,uoco,VERB
dev-s10,8,",",",",PUNCT
dev-s10,9,filio,filius,NOUN
dev-s10,10,quondam,quondam,ADJ
dev-s10,11,Natali,Natalis,PROPN
dev-s10,12,",",",",PUNCT
dev-s10,13,testis,testis,NOUN
dev-s10,14,.,.,PUNCT
dev-s11,1,+,+,PUNCT
dev-s11,2,Ego,ego,PRON
dev-s11,3,Teudimundus,Teudimundus,PROPN
dev-s11,4,",",",",PUNCT
dev-s11,5,rogatus,rogo,VERB
dev-s11,6,a,ab,ADP
dev-s11,7,Leoprando,Leoprandus,PROPN
dev-s11,8,et,et,CCONJ
dev-s11,9,Iohanne,Johannes,PROPN
dev-s11,10,",",",",PUNCT
dev-s11,11,subscripsi,subscribo,VERB
dev-s11,12,.,.,PUNCT
dev-s12,1,+,+,PUNCT
dev-s12,2,Ego,ego,PRON
dev-s12,3,Cunimundo,Cunimundus,PROPN
dev-s12,4,",",",",PUNCT
dev-s12,5,rogatus,rogo,VERB
dev-s12,6,a,ab,ADP
dev-s12,7,Leoprando,Leoprandus,PROPN
dev-s12,8,et,et,CCONJ
dev-s12,9,Iohanne,Johannes,PROPN
dev-s12,10,",",",",PUNCT
dev-s12,11,me,ego,PRON
dev-s12,12,teste,testis,NOUN
dev-s12,13,subscripsi,subscribo,VERB
dev-s12,14,.,.,PUNCT
dev-s13,1,+,+,PUNCT
dev-s13,2,Ego,ego,PRON
dev-s13,3,Eriteo,Eriteus,PROPN
dev-s13,4,schabinus,scabinus,NOUN
dev-s13,5,suscripsi,subscribo,VERB
dev-s13,6,.,.,PUNCT
dev-s14,1,+,+,PUNCT
dev-s14,2,Ego,ego,PRON
dev-s14,3,Liutifridi,Liutfridus,PROPN
dev-s14,4,",",",",PUNCT
dev-s14,5,rogatus,rogo,VERB
dev-s14,6,a,ab,ADP
dev-s14,7,Leoprando,Leoprandus,PROPN
dev-s14,8,et,et,CCONJ
dev-s14,9,Iohanne,Johannes,PROPN
dev-s14,10,",",",",PUNCT
dev-s14,11,me,ego,PRON
dev-s14,12,teste,testis,NOUN
dev-s14,13,subscripsi,subscribo,VERB
dev-s14,14,.,.,PUNCT
dev-s15,1,+,+,PUNCT
dev-s15,2,Ego,ego,PRON
dev-s15,3,Alpertus,Alpertus,PROPN
dev-s15,4,",",",",PUNCT
dev-s15,5,rogatus,rogo,VERB
dev-s15,6,a,ab,ADP
dev-s15,7,Leoprando,Leoprandus,PROPN
dev-s15,8,et,et,CCONJ
dev-s15,9,Iohanne,Johannes,PROPN
dev-s15,10,",",",",PUNCT
dev-s15,11,me,ego,PRON
dev-s15,12,teste,testis,NOUN
dev-s15,13,subscripsi,subscribo,VERB
dev-s15,14,.,.,PUNCT
dev-s16,1,+,+,PUNCT
dev-s16,2,Ego,ego,PRON
dev-s16,3,Rachifonsus,Rachifonsus,PROPN
dev-s16,4,notarius,notarius,NOUN
dev-s16,5,post,post,ADP
dev-s16,6,traditam,trado,VERB
dev-s16,7,conplevi,compleo,VERB
dev-s16,8,et,et,CCONJ
dev-s16,9,dedi,do,VERB
dev-s16,10,.,.,PUNCT
dev-s17,1,+,+,PUNCT
dev-s17,2,In,in,ADP
dev-s17,3,Dei,Deus,PROPN
dev-s17,4,omnipotentis,omnipotens,ADJ
dev-s17,5,nomine,nomen,NOUN
dev-s17,6,regnante,regno,VERB
dev-s17,7,domno,domnus,NOUN
dev-s17,8,nostro,noster,DET
dev-s17,9,Karolus,Carolus,PROPN
dev-s17,10,divina,diuinus,ADJ
dev-s17,11,favente,faueo,VERB
dev-s17,12,clementia,clementia,NOUN
dev-s17,13,imperator,imperator,NOUN
dev-s17,14,augusto,augustus,NOUN
dev-s17,15,",",",",PUNCT
dev-s17,16,anno,annus,NOUN
dev-s17,17,imperii,imperium,NOUN
dev-s17,18,eius,is,PRON
dev-s17,19,primo,primus,ADJ
dev-s17,20,",",",",PUNCT
dev-s17,21,octavo,octauus,ADJ
dev-s17,22,kalendas,kalendae,NOUN
dev-s17,23,iunias,iunius,ADJ
dev-s17,24,",",",",PUNCT
dev-s17,25,indictione,indictio,NOUN
dev-s17,26,quarta,quartus,ADJ
dev-s17,27,decima,decimus,ADJ
dev-s17,28,.,.,PUNCT
dev-s18,1,manifestu,manifestus,ADJ
dev-s18,2,sum,sum,AUX
dev-s18,3,ego,ego,PRON
dev-s18,4,Adalprando,Adalprandus,PROPN
dev-s18,5,presbitero,presbyter,NOUN
dev-s18,6,",",",",PUNCT
dev-s18,7,filio,filius,NOUN
dev-s18,8,quondam,quondam,ADJ
dev-s18,9,Andree,Andreas,PROPN
dev-s18,10,",",",",PUNCT
dev-s18,11,quia,quia,SCONJ
dev-s18,12,tu,tu,PRON
dev-s18,13,Gherardus,Gherardus,PROPN
dev-s18,14,",",",",PUNCT
dev-s18,15,gratia,gratia,NOUN
dev-s18,16,Dei,Deus,PROPN
dev-s18,17,huius,hic,DET
dev-s18,18,sancte,sanctus,ADJ
dev-s18,19,Lucane,lucanus,ADJ
dev-s18,20,ecclesie,ecclesia,NOUN
dev-s18,21,umilis,humilis,ADJ
dev-s18,22,episcopus,episcopus,NOUN
dev-s18,23,",",",",PUNCT
dev-s18,24,ordinasti,ordino,VERB
dev-s18,25,me,ego,PRON
dev-s18,26,in,in,ADP
dev-s18,27,ecclesia,ecclesia,NOUN
dev-s18,28,sancte,sanctus,ADJ
dev-s18,29,Marie,Maria,PROPN
dev-s18,30,",",",",PUNCT
dev-s18,31,quot,quot,DET
dev-s18,32,est,sum,AUX
dev-s18,33,plebem,plebs,NOUN
dev-s18,34,battismalis,baptismalis,ADJ
dev-s18,35,",",",",PUNCT
dev-s18,36,sita,sino,VERB
dev-s18,37,in,in,ADP
dev-s18,38,loco,locus,NOUN
dev-s18,39,Terra,terra,PROPN
dev-s18,40,Valdo,Waldus,PROPN
dev-s18,41,.,.,PUNCT
dev-s19,1,propterea,propterea,ADV
dev-s19,2,per,per,ADP
dev-s19,3,hanc,hic,DET
dev-s19,4,cartula,chartula,NOUN
dev-s19,5,promitto,promitto,VERB
dev-s19,6,ego,ego,PRON
dev-s19,7,qui,qui,DET
dev-s19,8,supra,supra,ADV
dev-s19,9,Adalprando,Adalprandus,PROPN
dev-s19,10,presbitero,presbyter,NOUN
dev-s19,11,tibi,tu,PRON
dev-s19,12,qui,qui,DET
dev-s19,13,supra,supra,ADV
dev-s19,14,Gherardus,Gherardus,PROPN
dev-s19,15,episcopus,episcopus,NOUN
dev-s19,16,ut,ut,SCONJ
dev-s19,17,",",",",PUNCT
dev-s19,18,da,da,ADP
dev-s19,19,admodum,admodum,ADV
dev-s19,20,dum,dum,SCONJ
dev-s19,21,vita,uita,NOUN
dev-s19,22,mea,meus,DET
dev-s19,23,fuerit,sum,AUX
dev-s19,24,",",",",PUNCT
dev-s19,25,per,per,ADP
dev-s19,26,singulos,singulus,ADJ
dev-s19,27,annos,annus,NOUN
dev-s19,28,in,in,ADP
dev-s19,29,mense,mensis,NOUN
dev-s19,30,aprilis,aprilis,NOUN
dev-s19,31,dare,do,VERB
dev-s19,32,debeamus,debeo,VERB
dev-s19,33,tibi,tu,PRON
dev-s19,34,vel,uel,CCONJ
dev-s19,35,ad,ad,ADP
dev-s19,36,successoribus,successor,NOUN
dev-s19,37,tuis,tuus,DET
dev-s19,38,vel,uel,CCONJ
dev-s19,39,ad,ad,ADP
dev-s19,40,misso,missus,NOUN
dev-s19,41,vestro,uester,DET
dev-s19,42,",",",",PUNCT
dev-s19,43,ad,ad,ADP
dev-s19,44,parte,pars,NOUN
dev-s19,45,episcopatui,episcopatus,NOUN
dev-s19,46,vestri,uester,DET
dev-s19,47,sancti,sanctus,ADJ
dev-s19,48,Martini,Martinus,PROPN
dev-s19,49,",",",",PUNCT
dev-s19,50,argentum,argentum,NOUN
dev-s19,51,denarios,denarius,NOUN
dev-s19,52,bonos,bonus,ADJ
dev-s19,53,expendiviles,expendibilis,ADJ
dev-s19,54,numero,numerus,NOUN
dev-s19,55,sexsaginta,sexaginta,NUM
dev-s19,56,.,.,PUNCT
dev-s20,1,unde,unde,ADV
dev-s20,2,repromitto,repromitto,VERB
dev-s20,3,ego,ego,PRON
dev-s20,4,qui,qui,DET
dev-s20,5,supra,supra,ADV
dev-s20,6,Adalprando,Adalprandus,PROPN
dev-s20,7,presbitero,presbyter,NOUN
dev-s20,8,tibi,tu,PRON
dev-s20,9,qui,qui,DET
dev-s20,10,supra,supra,ADV
dev-s20,11,Gherardus,Gherardus,PROPN
dev-s20,12,episcopus,episcopus,NOUN
dev-s20,13,vel,uel,CCONJ
dev-s20,14,ad,ad,ADP
dev-s20,15,successoribus,successor,NOUN
dev-s20,16,tuis,tuus,DET
dev-s20,17,ut,ut,SCONJ
dev-s20,18,",",",",PUNCT
dev-s20,19,si,si,SCONJ
dev-s20,20,ego,ego,PRON
dev-s20,21,vobis,uos,PRON
dev-s20,22,per,per,ADP
dev-s20,23,singulos,singulus,ADJ
dev-s20,24,annos,annus,NOUN
dev-s20,25,dum,dum,SCONJ
dev-s20,26,vita,uita,NOUN
dev-s20,27,mea,meus,DET
dev-s20,28,fuerit,sum,AUX
dev-s20,29,suprascripti,suprascriptus,DET
dev-s20,30,denarios,denarius,NOUN
dev-s20,31,in,in,ADP
dev-s20,32,predicto,praedictus,DET
dev-s20,33,constituto,constitutum,NOUN
dev-s20,34,taliter,taliter,ADV
dev-s20,35,non,non,PART
dev-s20,36,dedero,do,VERB
dev-s20,37,et,et,CCONJ
dev-s20,38,non,non,PART
dev-s20,39,adinplevero,adimpleo,VERB
dev-s20,40,sicut,sicut,SCONJ
dev-s20,41,supra,supra,ADV
dev-s20,42,promisit,promitto,VERB
dev-s20,43,",",",",PUNCT
dev-s20,44,tunc,tunc,ADV
dev-s20,45,spondeo,spondeo,VERB
dev-s20,46,me,ego,PRON
dev-s20,47,conponere,compono,VERB
dev-s20,48,vobis,uos,PRON
dev-s20,49,suprascripti,suprascriptus,DET
dev-s20,50,denarios,denarius,NOUN
dev-s20,51,de,de,ADP
dev-s20,52,quale,qualis,DET
dev-s20,53,constituto,constitutum,NOUN
dev-s20,54,vobis,uos,PRON
dev-s20,55,non,non,PART
dev-s20,56,dederimus,do,VERB
dev-s20,57,in,in,ADP
dev-s20,58,duplum,duplus,ADJ
dev-s20,59,.,.,PUNCT
dev-s21,1,et,et,CCONJ
dev-s21,2,hec,hic,DET
dev-s21,3,promissio,promissio,NOUN
dev-s21,4,",",",",PUNCT
dev-s21,5,dum,dum,SCONJ
dev-s21,6,vita,uita,NOUN
dev-s21,7,mea,meus,DET
dev-s21,8,fuerit,sum,AUX
dev-s21,9,",",",",PUNCT
dev-s21,10,in,in,ADP
dev-s21,11,sua,suus,DET
dev-s21,12,permaneat,permaneo,VERB
dev-s21,13,firmitatem,firmitas,NOUN
dev-s21,14,.,.,PUNCT
dev-s22,1,et,et,CCONJ
dev-s22,2,pro,pro,ADP
dev-s22,3,confirmationem,confirmatio,NOUN
dev-s22,4,Andream,Andreas,PROPN
dev-s22,5,notarium,notarius,NOUN
dev-s22,6,scribere,scribo,VERB
dev-s22,7,rogavi,rogo,VERB
dev-s22,8,.,.,PUNCT
dev-s23,1,actum,ago,VERB
dev-s23,2,Luca,Luca,PROPN
dev-s23,3,.,.,PUNCT
dev-s24,1,+,+,PUNCT
dev-s24,2,Ego,ego,PRON
dev-s24,3,Adallprando,Adalprandus,PROPN
dev-s24,4,presbitero,presbyter,NOUN
dev-s24,5,in,in,ADP
dev-s24,6,anc,hic,DET
dev-s24,7,promissio,promissio,NOUN
dev-s24,8,a,ab,ADP
dev-s24,9,me,ego,PRON
dev-s24,10,facto,facio,VERB
dev-s24,11,manu,manus,NOUN
dev-s24,12,mea,meus,DET
dev-s24,13,suscripsi,subscribo,VERB
dev-s24,14,.,.,PUNCT
dev-s25,1,+,+,PUNCT
dev-s25,2,Ego,ego,PRON
dev-s25,3,Eriteo,Eriteus,PROPN
dev-s25,4,schabinus,scabinus,NOUN
dev-s25,5,suscripsi,subscribo,VERB
dev-s25,6,.,.,PUNCT
dev-s26,1,+,+,PUNCT
dev-s26,2,Ego,ego,PRON
dev-s26,3,Atrualdus,Atrualdus,PROPN
dev-s26,4,notarius,notarius,NOUN
dev-s26,5,",",",",PUNCT
dev-s26,6,rogatus,rogo,VERB
dev-s26,7,ab,ab,ADP
dev-s26,8,Adalprando,Adalprandus,PROPN
dev-s26,9,presbitero,presbyter,NOUN
dev-s26,10,",",",",PUNCT
dev-s26,11,me,ego,PRON
dev-s26,12,teste,testis,NOUN
dev-s26,13,subscripsi,subscribo,VERB
dev-s26,14,.,.,PUNCT
dev-s27,1,+,+,PUNCT
dev-s27,2,Ego,ego,PRON
dev-s27,3,Cospertus,Cospertus,PROPN
dev-s27,4,notarius,notarius,NOUN
dev-s27,5,",",",",PUNCT
dev-s27,6,rogatus,rogo,VERB
dev-s27,7,ab,ab,ADP
dev-s27,8,Adalprando,Adalprandus,PROPN
dev-s27,9,presbitero,presbyter,NOUN
dev-s27,10,",",",",PUNCT
dev-s27,11,me,ego,PRON
dev-s27,12,teste,testis,NOUN
dev-s27,13,subscripsi,subscribo,VERB
dev-s27,14,.,.,PUNCT
dev-s28,1,+,+,PUNCT
dev-s28,2,Ego,ego,PRON
dev-s28,3,Adalpertus,Adalpertus,PROPN
dev-s28,4,notarius,notarius,NOUN
dev-s28,5,",",",",PUNCT
dev-s28,6,rogatus,rogo,VERB
dev-s28,7,ab,ab,ADP
dev-s28,8,Adalprando,Adalprandus,PROPN
dev-s28,9,presbitero,presbyter,NOUN
dev-s28,10,",",",",PUNCT
dev-s28,11,me,ego,PRON
dev-s28,12,teste,testis,NOUN
dev-s28,13,subscripsi,subscribo,VERB
dev-s28,14,.,.,PUNCT
dev-s29,1,+,+,PUNCT
dev-s29,2,Ego,ego,PRON
dev-s29,3,Eliezar,Eleazar,PROPN
dev-s29,4,",",",",PUNCT
dev-s29,5,rogatus,rogo,VERB
dev-s29,6,ab,ab,ADP
dev-s29,7,Adalprando,Adalprandus,PROPN
dev-s29,8,presbitero,presbyter,NOUN
dev-s29,9,",",",",PUNCT
dev-s29,10,me,ego,PRON
dev-s29,11,teste,testis,NOUN
dev-s29,12,subscripsi,subscribo,VERB
dev-s29,13,.,.,PUNCT
dev-s30,1,+,+,PUNCT
dev-s30,2,Ego,ego,PRON
dev-s30,3,Lambertus,Lampertus,PROPN
dev-s30,4,",",",",PUNCT
dev-s30,5,rogatus,rogo,VERB
dev-s30,6,ab,ab,ADP
dev-s30,7,Adalprando,Adalprandus,PROPN
dev-s30,8,presbitero,presbyter,NOUN
dev-s30,9,",",",",PUNCT
dev-s30,10,me,ego,PRON
dev-s30,11,teste,testis,NOUN
dev-s30,12,subscripsi,subscribo,VERB
dev-s30,13,.,.,PUNCT
dev-s31,1,+,+,PUNCT
dev-s31,2,Ego,ego,PRON
dev-s31,3,Andreas,Andreas,PROPN
dev-s31,4,notarius,notarius,NOUN
dev-s31,5,post,post,ADP
dev-s31,6,traditam,trado,VERB
dev-s31,7,conplevi,compleo,VERB
dev-s31,8,et,et,CCONJ
dev-s31,9,dedi,do,VERB
dev-s31,10,.,.,PUNCT
dev-s32,1,In,in,ADP
dev-s32,2,Dei,Deus,PROPN
dev-s32,3,omnipotentis,omnipotens,ADJ
dev-s32,4,nomine,nomen,NOUN
dev-s32,5,regnante,regno,VERB
dev-s32,6,domno,domnus,NOUN
dev-s32,7,nostro,noster,DET
dev-s32,8,Karolus,Carolus,PROPN
dev-s32,9,divina,diuinus,ADJ
dev-s32,10,faventem,faueo,VERB
dev-s32,11,clementia,clementia,NOUN
dev-s32,12,imperator,imperator,NOUN
dev-s32,13,augusto,augustus,NOUN
dev-s32,14,",",",",PUNCT
dev-s32,15,anno,annus,NOUN
dev-s32,16,imperii,imperium,NOUN
dev-s32,17,eius,is,PRON
dev-s32,18,primo,primus,ADJ
dev-s32,19,",",",",PUNCT
dev-s32,20,quinto,quintus,ADJ
dev-s32,21,decimo,decimus,ADJ
dev-s32,22,kalendas,kalendae,NOUN
dev-s32,23,iulias,iulius,ADJ
dev-s32,24,",",",",PUNCT
dev-s32,25,indictione,indictio,NOUN
dev-s32,26,quarta,quartus,ADJ
dev-s32,27,decima,decimus,ADJ
dev-s32,28,.,.,PUNCT
dev-s33,1,manifesti,manifestus,ADJ
dev-s33,2,sumus,sum,AUX
dev-s33,3,nos,nos,PRON
dev-s33,4,Teudimundo,Teudimundus,PROPN
dev-s33,5,et,et,CCONJ
dev-s33,6,Chunimundo,Cunimundus,PROPN
dev-s33,7,clerico,clericus,NOUN
dev-s33,8,germani,germanus,NOUN
dev-s33,9,",",",",PUNCT
dev-s33,10,filii,filius,NOUN
dev-s33,11,quondam,quondam,ADJ
dev-s33,12,Rumualdi,Romualdus,PROPN
dev-s33,13,que,qui,PRON
dev-s33,14,Poso,Possus,PROPN
dev-s33,15,vocabatur,uoco,VERB
dev-s33,16,",",",",PUNCT
dev-s33,17,quia,quia,SCONJ
dev-s33,18,convenit,conuenio,VERB
dev-s33,19,nobis,nos,PRON
dev-s33,20,una,una,ADV
dev-s33,21,tecum,tecum,NOUN
dev-s33,22,Gherardus,Gherardus,PROPN
dev-s33,23,",",",",PUNCT
dev-s33,24,gratia,gratia,NOUN
dev-s33,25,Dei,Deus,PROPN
dev-s33,26,huius,hic,DET
dev-s33,27,sancte,sanctus,ADJ
dev-s33,28,Lucane,lucanus,ADJ
dev-s33,29,ecclesie,ecclesia,NOUN
dev-s33,30,humilis,humilis,ADJ
dev-s33,31,episcopus,episcopus,NOUN
dev-s33,32,",",",",PUNCT
dev-s33,33,ut,ut,SCONJ
dev-s33,34,inter,inter,ADP
dev-s33,35,nos,nos,PRON
dev-s33,36,commutationem,commutatio,NOUN
dev-s33,37,facere,facio,VERB
dev-s33,38,deberemus,debeo,VERB
dev-s33,39,de,de,ADP
dev-s33,40,aliquantis,aliquantus,DET
dev-s33,41,rebus,res,NOUN
dev-s33,42,",",",",PUNCT
dev-s33,43,sicut,sicut,SCONJ
dev-s33,44,et,et,CCONJ
dev-s33,45,factum,facio,VERB
dev-s33,46,est,sum,AUX
dev-s33,47,.,.,PUNCT
dev-s34,1,proinde,proinde,ADV
dev-s34,2,nos,nos,PRON
dev-s34,3,qui,qui,DET
dev-s34,4,supra,supra,ADV
dev-s34,5,Teudimundo,Teudimundus,PROPN
dev-s34,6,et,et,CCONJ
dev-s34,7,Chunimundo,Cunimundus,PROPN
dev-s34,8,clerico,clericus,NOUN
dev-s34,9,germani,germanus,NOUN
dev-s34,10,per,per,ADP
dev-s34,11,hanc,hic,DET
dev-s34,12,cartulam,chartula,NOUN
dev-s34,13,in,in,ADP
dev-s34,14,commutationem,commutatio,NOUN
dev-s34,15,dare,do,VERB
dev-s34,16,vidimus,uideo,VERB
dev-s34,17,tibi,tu,PRON
dev-s34,18,qui,qui,DET
dev-s34,19,supra,supra,ADV
dev-s34,20,Gherardus,Gherardus,PROPN
dev-s34,21,episcopus,episcopus,NOUN
dev-s34,22,",",",",PUNCT
dev-s34,23,ad,ad,ADP
dev-s34,24,pars,pars,NOUN
dev-s34,25,ecclesie,ecclesia,NOUN
dev-s34,26,beati,beatus,ADJ
dev-s34,27,sancti,sanctus,ADJ
dev-s34,28,Iohanni,Johannes,PROPN
dev-s34,29,Baptista,baptista,PROPN
dev-s34,30,sita,sino,VERB
dev-s34,31,infra,infra,ADP
dev-s34,32,hanc,hic,DET
dev-s34,33,Lucanam,lucanus,ADJ
dev-s34,34,civitate,ciuitas,NOUN
dev-s34,35,",",",",PUNCT
dev-s34,36,qui,qui,PRON
dev-s34,37,est,sum,AUX
dev-s34,38,desup,desub,ADP
dev-s34,39,potestatem,potestas,NOUN
dev-s34,40,ipsius,ipse,DET
dev-s34,41,episcopatui,episcopatus,NOUN
dev-s34,42,vestro,uester,DET
dev-s34,43,sancti,sanctus,ADJ
dev-s34,44,Martini,Martinus,PROPN
dev-s34,45,",",",",PUNCT
dev-s34,46,id,is,PRON
dev-s34,47,est,sum,AUX
dev-s34,48,quattuor,quattuor,NUM
dev-s34,49,petie,petia,NOUN
dev-s34,50,de,de,ADP
dev-s34,51,terre,terra,NOUN
dev-s34,52,nostre,noster,DET
dev-s34,53,ille,ille,DET
dev-s34,54,quas,qui,PRON
dev-s34,55,abemus,habeo,VERB
dev-s34,56,in,in,ADP
dev-s34,57,loco,locus,NOUN
dev-s34,58,Suborbano,Suburbanum,PROPN
dev-s34,59,",",",",PUNCT
dev-s34,60,prope,prope,ADP
dev-s34,61,Ausare,Auser,PROPN
dev-s34,62,que,qui,PRON
dev-s34,63,dicitur,dico,VERB
dev-s34,64,Mortua,morior,PROPN
dev-s34,65,.,.,PUNCT
dev-s35,1,qui,qui,DET
dev-s35,2,unam,unus,DET
dev-s35,3,de,de,ADP
dev-s35,4,ipse,ipse,DET
dev-s35,5,petie,petia,NOUN
dev-s35,6,ambo,ambo,DET
dev-s35,7,capita,caput,NOUN
dev-s35,8,tenet,teneo,VERB
dev-s35,9,in,in,ADP
dev-s35,10,terra,terra,NOUN
dev-s35,11,ipsius,ipse,DET
dev-s35,12,ecclesie,ecclesia,NOUN
dev-s35,13,sancti,sanctus,ADJ
dev-s35,14,Iohanni,Johannes,PROPN
dev-s35,15,",",",",PUNCT
dev-s35,16,lato,latus,NOUN
dev-s35,17,uno,unus,DET
dev-s35,18,tenet,teneo,VERB
dev-s35,19,in,in,ADP
dev-s35,20,terra,terra,NOUN
dev-s35,21,qui,qui,PRON
dev-s35,22,fuit,sum,AUX
dev-s35,23,quondam,quondam,ADJ
dev-s35,24,Filippi,Filippus,PROPN
dev-s35,25,presbiteri,presbyter,NOUN
dev-s35,26,",",",",PUNCT
dev-s35,27,alio,alius,DET
dev-s35,28,lato,latus,NOUN
dev-s35,29,tenet,teneo,VERB
dev-s35,30,in,in,ADP
dev-s35,31,terra,terra,NOUN
dev-s35,32,nostra,noster,DET
dev-s35,33,qui,qui,DET
dev-s35,34,supra,supra,ADV
dev-s35,35,germani,germanus,NOUN
dev-s35,36,",",",",PUNCT
dev-s35,37,fini,finis,ADP
dev-s35,38,signa,signum,NOUN
dev-s35,39,et,et,CCONJ
dev-s35,40,termina,termen,NOUN
dev-s35,41,qui,qui,PRON
dev-s35,42,ibi,ubi,ADV
dev-s35,43,posite,pono,VERB
dev-s35,44,sunt,sum,AUX
dev-s35,45,;,;,PUNCT
dev-s36,1,ille,ille,DET
dev-s36,2,secunda,secundus,ADJ
dev-s36,3,petia,petia,NOUN
dev-s36,4,de,de,ADP
dev-s36,5,terra,terra,NOUN
dev-s36,6,capo,caput,NOUN
dev-s36,7,uno,unus,DET
dev-s36,8,tenet,teneo,VERB
dev-s36,9,in,in,ADP
dev-s36,10,suprascripta,suprascriptus,DET
dev-s36,11,terra,terra,NOUN
dev-s36,12,quas,qui,PRON
dev-s36,13,tibi,tu,PRON
dev-s36,14,supra,supra,ADV
dev-s36,15,dedi,do,VERB
dev-s36,16,",",",",PUNCT
dev-s36,17,alio,alius,DET
dev-s36,18,capo,caput,NOUN
dev-s36,19,tenet,teneo,VERB
dev-s36,20,in,in,ADP
dev-s36,21,terra,terra,NOUN
dev-s36,22,qui,qui,PRON
dev-s36,23,fuit,sum,AUX
dev-s36,24,quondam,quondam,ADJ
dev-s36,25,Altiperti,Altipertus,PROPN
dev-s36,26,",",",",PUNCT
dev-s36,27,ambas,ambo,DET
dev-s36,28,latera,latus,NOUN
dev-s36,29,tenet,teneo,VERB
dev-s36,30,in,in,ADP
dev-s36,31,terra,terra,NOUN
dev-s36,32,suprascripte,suprascriptus,DET
dev-s36,33,ecclesie,ecclesia,NOUN
dev-s36,34,sancti,sanctus,ADJ
dev-s36,35,Iohanni,Johannes,PROPN
dev-s36,36,;,;,PUNCT
dev-s37,1,ille,ille,DET
dev-s37,2,tertia,tertius,ADJ
dev-s37,3,petia,petia,NOUN
dev-s37,4,capo,caput,NOUN
dev-s37,5,uno,unus,DET
dev-s37,6,tenet,teneo,VERB
dev-s37,7,in,in,ADP
dev-s37,8,terra,terra,NOUN
dev-s37,9,ipsius,ipse,DET
dev-s37,10,ecclesie,ecclesia,NOUN
dev-s37,11,sancti,sanctus,ADJ
dev-s37,12,Iohanni,Johannes,PROPN
dev-s37,13,",",",",PUNCT
dev-s37,14,alio,alius,DET
dev-s37,15,capo,caput,NOUN
dev-s37,16,tenet,teneo,VERB
dev-s37,17,in,in,ADP
dev-s37,18,terra,terra,NOUN
dev-s37,19,sancti,sanctus,ADJ
dev-s37,20,Martini,Martinus,PROPN
dev-s37,21,",",",",PUNCT
dev-s37,22,lato,latus,NOUN
dev-s37,23,uno,unus,DET
dev-s37,24,tenet,teneo,VERB
dev-s37,25,in,in,ADP
dev-s37,26,terra,terra,NOUN
dev-s37,27,ipsius,ipse,DET
dev-s37,28,episcupatui,episcopatus,NOUN
dev-s37,29,sancti,sanctus,ADJ
dev-s37,30,Martini,Martinus,PROPN
dev-s37,31,",",",",PUNCT
dev-s37,32,alio,alius,DET
dev-s37,33,lato,latus,NOUN
dev-s37,34,tenet,teneo,VERB
dev-s37,35,in,in,ADP
dev-s37,36,terra,terra,NOUN
dev-s37,37,ipsius,ipse,DET
dev-s37,38,ecclesie,ecclesia,NOUN
dev-s37,39,sancti,sanctus,ADJ
dev-s37,40,Iohanni,Johannes,PROPN
dev-s37,41,",",",",PUNCT
dev-s37,42,ille,ille,DET
dev-s37,43,quarta,quartus,ADJ
dev-s37,44,petia,petia,NOUN
dev-s37,45,capo,caput,NOUN
dev-s37,46,uno,unus,DET
dev-s37,47,tenet,teneo,VERB
dev-s37,48,in,in,ADP
dev-s37,49,terra,terra,NOUN
dev-s37,50,qui,qui,PRON
dev-s37,51,fuit,sum,AUX
dev-s37,52,quondam,quondam,ADJ
dev-s37,53,Filippi,Filippus,PROPN
dev-s37,54,presbiteri,presbyter,NOUN
dev-s37,55,",",",",PUNCT
dev-s37,56,alio,alius,DET
dev-s37,57,capo,caput,NOUN
dev-s37,58,in,in,ADP
dev-s37,59,terra,terra,NOUN
dev-s37,60,sancti,sanctus,ADJ
dev-s37,61,Martini,Martinus,PROPN
dev-s37,62,",",",",PUNCT
dev-s37,63,lato,latus,NOUN
dev-s37,64,uno,unus,DET
dev-s37,65,tenet,teneo,VERB
dev-s37,66,in,in,ADP
dev-s37,67,terra,terra,NOUN
dev-s37,68,ipsius,ipse,DET
dev-s37,69,ecclesie,ecclesia,NOUN
dev-s37,70,sancti,sanctus,ADJ
dev-s37,71,Iohanni,Johannes,PROPN
dev-s37,72,",",",",PUNCT
dev-s37,73,alio,alius,DET
dev-s37,74,lato,latus,NOUN
dev-s37,75,in,in,ADP
dev-s37,76,terra,terra,NOUN
dev-s37,77,qui,qui,PRON
dev-s37,78,fuit,sum,AUX
dev-s37,79,suprascripti,suprascriptus,DET
dev-s37,80,quondam,quondam,ADJ
dev-s37,81,Altiperti,Altipertus,PROPN
dev-s37,82,;,;,PUNCT
dev-s38,1,iam,iam,ADV
dev-s38,2,dicte,dico,VERB
dev-s38,3,quattuor,quattuor,NUM
dev-s38,4,petie,petia,NOUN
dev-s38,5,de,de,ADP
dev-s38,6,terra,terra,NOUN
dev-s38,7,",",",",PUNCT
dev-s38,8,qualiter,qualiter,SCONJ
dev-s38,9,circumdate,circumdo,VERB
dev-s38,10,sunt,sum,AUX
dev-s38,11,per,per,ADP
dev-s38,12,designatas,designo,VERB
dev-s38,13,locas,locum,NOUN
dev-s38,14,",",",",PUNCT
dev-s38,15,quot,quot,DET
dev-s38,16,sunt,sum,AUX
dev-s38,17,per,per,ADP
dev-s38,18,mensura,mensura,NOUN
dev-s38,19,ad,ad,ADP
dev-s38,20,iusta,iustus,ADJ
dev-s38,21,perticha,pertica,NOUN
dev-s38,22,mesurate,mensuro,VERB
dev-s38,23,sistariorum,sextarius,NOUN
dev-s38,24,triginta,triginta,NUM
dev-s38,25,et,et,CCONJ
dev-s38,26,quinque,quinque,NUM
dev-s38,27,",",",",PUNCT
dev-s38,28,una,una,ADV
dev-s38,29,cum,cum,ADP
dev-s38,30,fosse,fossa,NOUN
dev-s38,31,et,et,CCONJ
dev-s38,32,cese,caesa,NOUN
dev-s38,33,et,et,CCONJ
dev-s38,34,omnibus,omnis,DET
dev-s38,35,arboribus,arbor,NOUN
dev-s38,36,suis,suus,DET
dev-s38,37,tibi,tu,PRON
dev-s38,38,in,in,ADP
dev-s38,39,commutationem,commutatio,NOUN
dev-s38,40,dare,do,VERB
dev-s38,41,vidimus,uideo,VERB
dev-s38,42,ad,ad,ADP
dev-s38,43,pars,pars,NOUN
dev-s38,44,suprascripte,suprascriptus,DET
dev-s38,45,ecclesie,ecclesia,NOUN
dev-s38,46,sancti,sanctus,ADJ
dev-s38,47,Iohanni,Johannes,PROPN
dev-s38,48,in,in,ADP
dev-s38,49,integrum,integer,ADJ
dev-s38,50,.,.,PUNCT
dev-s39,1,pro,pro,ADP
dev-s39,2,quibus,qui,PRON
dev-s39,3,ad,ab,ADP
dev-s39,4,te,tu,PRON
dev-s39,5,in,in,ADP
dev-s39,6,commutationem,commutatio,NOUN
dev-s39,7,recepimus,recipio,VERB
dev-s39,8,",",",",PUNCT
dev-s39,9,de,de,ADP
dev-s39,10,parte,pars,NOUN
dev-s39,11,suprascripte,suprascriptus,DET
dev-s39,12,ecclesie,ecclesia,NOUN
dev-s39,13,sancti,sanctus,ADJ
dev-s39,14,Iohanni,Johannes,PROPN
dev-s39,15,",",",",PUNCT
dev-s39,16,id,is,PRON
dev-s39,17,est,sum,AUX
dev-s39,18,quinque,quinque,NUM
dev-s39,19,petie,petia,NOUN
dev-s39,20,de,de,ADP
dev-s39,21,terre,terra,NOUN
dev-s39,22,ille,ille,DET
dev-s39,23,in,in,ADP
dev-s39,24,suprascripto,suprascriptus,DET
dev-s39,25,loco,locus,NOUN
dev-s39,26,Suborbano,Suburbanum,PROPN
dev-s39,27,prope,prope,ADP
dev-s39,28,ecclesia,ecclesia,NOUN
dev-s39,29,sancti,sanctus,ADJ
dev-s39,30,Filippi,Filippus,PROPN
dev-s39,31,",",",",PUNCT
dev-s39,32,qui,qui,PRON
dev-s39,33,sunt,sum,AUX
dev-s39,34,pertinentes,pertineo,VERB
dev-s39,35,suprascripte,suprascriptus,DET
dev-s39,36,ecclesie,ecclesia,NOUN
dev-s39,37,sancti,sanctus,ADJ
dev-s39,38,Iohanni,Johannes,PROPN
dev-s39,39,.,.,PUNCT
dev-s40,1,et,et,CCONJ
dev-s40,2,est,sum,AUX
dev-s40,3,tenentes,teneo,VERB
dev-s40,4,unam,unus,DET
dev-s40,5,ex,ex,ADP
dev-s40,6,ipse,ipse,DET
dev-s40,7,petie,petia,NOUN
dev-s40,8,capo,caput,NOUN
dev-s40,9,uno,unus,DET
dev-s40,10,cum,cum,ADP
dev-s40,11,uno,unus,DET
dev-s40,12,lato,latus,NOUN
dev-s40,13,in,in,ADP
dev-s40,14,terra,terra,NOUN
dev-s40,15,nostra,noster,DET
dev-s40,16,qui,qui,DET
dev-s40,17,supra,supra,ADV
dev-s40,18,germani,germanus,NOUN
dev-s40,19,",",",",PUNCT
dev-s40,20,alio,alius,DET
dev-s40,21,capo,caput,NOUN
dev-s40,22,tenet,teneo,VERB
dev-s40,23,in,in,ADP
dev-s40,24,via,uia,NOUN
dev-s40,25,publica,publicus,ADJ
dev-s40,26,",",",",PUNCT
dev-s40,27,alio,alius,DET
dev-s40,28,lato,latus,NOUN
dev-s40,29,tenet,teneo,VERB
dev-s40,30,in,in,ADP
dev-s40,31,terra,terra,NOUN
dev-s40,32,ecclesie,ecclesia,NOUN
dev-s40,33,sancti,sanctus,ADJ
dev-s40,34,Angeli,Angelus,PROPN
dev-s40,35,;,;,PUNCT
dev-s41,1,ille,ille,DET
dev-s41,2,secunda,secundus,ADJ
dev-s41,3,petia,petia,NOUN
dev-s41,4,de,de,ADP
dev-s41,5,terra,terra,NOUN
dev-s41,6,capo,caput,NOUN
dev-s41,7,uno,unus,DET
dev-s41,8,cum,cum,ADP
dev-s41,9,uno,unus,DET
dev-s41,10,lato,latus,NOUN
dev-s41,11,tenet,teneo,VERB
dev-s41,12,in,in,ADP
dev-s41,13,terra,terra,NOUN
dev-s41,14,de,de,ADP
dev-s41,15,filii,filius,NOUN
dev-s41,16,quondam,quondam,ADJ
dev-s41,17,Teudimundi,Teudimundus,PROPN
dev-s41,18,",",",",PUNCT
dev-s41,19,alio,alius,DET
dev-s41,20,capo,caput,NOUN
dev-s41,21,tenet,teneo,VERB
dev-s41,22,in,in,ADP
dev-s41,23,via,uia,NOUN
dev-s41,24,publica,publicus,ADJ
dev-s41,25,",",",",PUNCT
dev-s41,26,alio,alius,DET
dev-s41,27,lato,latus,NOUN
dev-s41,28,tenet,teneo,VERB
dev-s41,29,in,in,ADP
dev-s41,30,terra,terra,NOUN
dev-s41,31,nostra,noster,DET
dev-s41,32,qui,qui,DET
dev-s41,33,supra,supra,ADV
dev-s41,34,germani,germanus,NOUN
dev-s41,35,;,;,PUNCT
dev-s42,1,ille,ille,DET
dev-s42,2,tertia,tertius,ADJ
dev-s42,3,petia,petia,NOUN
dev-s42,4,capo,caput,NOUN
dev-s42,5,uno,unus,DET
dev-s42,6,tenet,teneo,VERB
dev-s42,7,in,in,ADP
dev-s42,8,via,uia,NOUN
dev-s42,9,pubblica,publicus,ADJ
dev-s42,10,et,et,CCONJ
dev-s42,11,alio,alius,DET
dev-s42,12,capo,caput,NOUN
dev-s42,13,tenet,teneo,VERB
dev-s42,14,in,in,ADP
dev-s42,15,terra,terra,NOUN
dev-s42,16,nostra,noster,DET
dev-s42,17,qui,qui,DET
dev-s42,18,supra,supra,ADV
dev-s42,19,germani,germanus,NOUN
dev-s42,20,",",",",PUNCT
dev-s42,21,lato,latus,NOUN
dev-s42,22,uno,unus,DET
dev-s42,23,tenet,teneo,VERB
dev-s42,24,in,in,ADP
dev-s42,25,terra,terra,NOUN
dev-s42,26,de,de,ADP
dev-s42,27,suprascripti,suprascriptus,DET
dev-s42,28,filii,filius,NOUN
dev-s42,29,quondam,quondam,ADJ
dev-s42,30,Teudimundi,Teudimundus,PROPN
dev-s42,31,",",",",PUNCT
dev-s42,32,alio,alius,DET
dev-s42,33,lato,latus,NOUN
dev-s42,34,tenet,teneo,VERB
dev-s42,35,in,in,ADP
dev-s42,36,terra,terra,NOUN
dev-s42,37,Benedicti,Benedictus,PROPN
dev-s42,38,;,;,PUNCT
dev-s43,1,ille,ille,DET
dev-s43,2,quarta,quartus,ADJ
dev-s43,3,petia,petia,NOUN
dev-s43,4,capo,caput,NOUN
dev-s43,5,uno,unus,DET
dev-s43,6,cum,cum,ADP
dev-s43,7,ambas,ambo,DET
dev-s43,8,latera,latus,NOUN
dev-s43,9,tenet,teneo,VERB
dev-s43,10,in,in,ADP
dev-s43,11,terra,terra,NOUN
dev-s43,12,nostra,noster,DET
dev-s43,13,qui,qui,DET
dev-s43,14,supra,supra,ADV
dev-s43,15,Teudimundo,Teudimundus,PROPN
dev-s43,16,et,et,CCONJ
dev-s43,17,Chunimundo,Cunimundus,PROPN
dev-s43,18,clerico,clericus,NOUN
dev-s43,19,germani,germanus,NOUN
dev-s43,20,",",",",PUNCT
dev-s43,21,alio,alius,DET
dev-s43,22,capo,caput,NOUN
dev-s43,23,tenet,teneo,VERB
dev-s43,24,in,in,ADP
dev-s43,25,via,uia,NOUN
dev-s43,26,;,;,PUNCT
dev-s44,1,ille,ille,DET
dev-s44,2,quinta,quintus,ADJ
dev-s44,3,petia,petia,NOUN
dev-s44,4,capo,caput,NOUN
dev-s44,5,uno,unus,DET
dev-s44,6,tenet,teneo,VERB
dev-s44,7,in,in,ADP
dev-s44,8,fluvio,fluuius,NOUN
dev-s44,9,Ausare,Auser,PROPN
dev-s44,10,",",",",PUNCT
dev-s44,11,alio,alius,DET
dev-s44,12,capo,caput,NOUN
dev-s44,13,tenet,teneo,VERB
dev-s44,14,in,in,ADP
dev-s44,15,via,uia,NOUN
dev-s44,16,publica,publicus,ADJ
dev-s44,17,",",",",PUNCT
dev-s44,18,ambas,ambo,DET
dev-s44,19,latera,latus,NOUN
dev-s44,20,tenet,teneo,VERB
dev-s44,21,in,in,ADP
dev-s44,22,terra,terra,NOUN
dev-s44,23,qui,qui,PRON
dev-s44,24,fuit,sum,AUX
dev-s44,25,quondam,quondam,ADJ
dev-s44,26,Filippi,Filippus,PROPN
dev-s44,27,presbiteri,presbyter,NOUN
dev-s44,28,;,;,PUNCT
dev-s45,1,suprascripte,suprascriptus,DET
dev-s45,2,quinque,quinque,NUM
dev-s45,3,petie,petia,NOUN
dev-s45,4,de,de,ADP
dev-s45,5,terre,terra,NOUN
dev-s45,6,",",",",PUNCT
dev-s45,7,qualiter,qualiter,SCONJ
dev-s45,8,circumdate,circumdo,VERB
dev-s45,9,sunt,sum,AUX
dev-s45,10,per,per,ADP
dev-s45,11,designatas,designo,VERB
dev-s45,12,locas,locum,NOUN
dev-s45,13,",",",",PUNCT
dev-s45,14,quot,quot,DET
dev-s45,15,sunt,sum,AUX
dev-s45,16,per,per,ADP
dev-s45,17,mensura,mensura,NOUN
dev-s45,18,ad,ad,ADP
dev-s45,19,iusta,iustus,ADJ
dev-s45,20,perticha,pertica,NOUN
dev-s45,21,mensurate,mensuro,VERB
dev-s45,22,sistariorum,sextarius,NOUN
dev-s45,23,viginti,uiginti,NUM
dev-s45,24,et,et,CCONJ
dev-s45,25,quattuor,quattuor,NUM
dev-s45,26,",",",",PUNCT
dev-s45,27,una,una,ADV
dev-s45,28,cum,cum,ADP
dev-s45,29,fosse,fossa,NOUN
dev-s45,30,et,et,CCONJ
dev-s45,31,cese,caesa,NOUN
dev-s45,32,et,et,CCONJ
dev-s45,33,omnibus,omnis,DET
dev-s45,34,arboribus,arbor,NOUN
dev-s45,35,suis,suus,DET
dev-s45,36,ad,ab,ADP
dev-s45,37,te,tu,PRON
dev-s45,38,in,in,ADP
dev-s45,39,commutationem,commutatio,NOUN
dev-s45,40,recepimus,recipio,VERB
dev-s45,41,",",",",PUNCT
dev-s45,42,de,de,ADP
dev-s45,43,pars,pars,NOUN
dev-s45,44,suprascripte,suprascriptus,DET
dev-s45,45,ecclesie,ecclesia,NOUN
dev-s45,46,sancti,sanctus,ADJ
dev-s45,47,Iohanni,Johannes,PROPN
dev-s45,48,",",",",PUNCT
dev-s45,49,in,in,ADP
dev-s45,50,integrum,integer,ADJ
dev-s45,51,.,.,PUNCT
dev-s46,1,ubi,ubi,ADV
dev-s46,2,secundum,secundum,ADP
dev-s46,3,lege,lex,NOUN
dev-s46,4,super,super,ADP
dev-s46,5,hanc,hic,DET
dev-s46,6,commutationem,commutatio,NOUN
dev-s46,7,tu,tu,PRON
dev-s46,8,qui,qui,DET
dev-s46,9,supra,supra,ADV
dev-s46,10,Gherardus,Gherardus,PROPN
dev-s46,11,episcopus,episcopus,NOUN
dev-s46,12,direxisti,dirigo,VERB
dev-s46,13,missos,missus,NOUN
dev-s46,14,tuos,tuus,DET
dev-s46,15,;,;,PUNCT
dev-s47,1,i,hic,DET
dev-s47,2,sunt,sum,AUX
dev-s47,3,Viventio,Viuentius,PROPN
dev-s47,4,presbitero,presbyter,NOUN
dev-s47,5,et,et,CCONJ
dev-s47,6,Adalprando,Adalprandus,PROPN
dev-s47,7,",",",",PUNCT
dev-s47,8,filio,filius,NOUN
dev-s47,9,bone,bonus,ADJ
dev-s47,10,memorie,memoria,NOUN
dev-s47,11,Vualprandi,Walprandus,PROPN
dev-s47,12,",",",",PUNCT
dev-s47,13,seo,seu,CCONJ
dev-s47,14,Adalberto,Adalpertus,PROPN
dev-s47,15,",",",",PUNCT
dev-s47,16,filio,filius,NOUN
dev-s47,17,quondam,quondam,ADJ
dev-s47,18,Richiperti,Richipertus,PROPN
dev-s47,19,;,;,PUNCT
dev-s48,1,et,et,CCONJ
dev-s48,2,Adalbertus,Adalpertus,PROPN
dev-s48,3,dux,dux,NOUN
dev-s48,4,direxit,dirigo,VERB
dev-s48,5,missos,missus,NOUN
dev-s48,6,suos,suus,DET
dev-s48,7,;,;,PUNCT
dev-s49,1,sunt,sum,AUX
dev-s49,2,Deusdedi,Deusdedit,PROPN
dev-s49,3,et,et,CCONJ
dev-s49,4,Atrualdo,Atrualdus,PROPN
dev-s49,5,seu,seu,CCONJ
dev-s49,6,Vuinichisi,Winighisus,PROPN
dev-s49,7,;,;,PUNCT
dev-s50,1,qui,qui,PRON
dev-s50,2,ambulaverunt,ambulo,VERB
dev-s50,3,et,et,CCONJ
dev-s50,4,previderunt,praeuideo,VERB
dev-s50,5,adque,atque,CCONJ
dev-s50,6,renuntiaverunt,renuntio,VERB
dev-s50,7,quod,quod,SCONJ
dev-s50,8,meliorata,melioro,VERB
dev-s50,9,commutationem,commutatio,NOUN
dev-s50,10,dedimus,do,VERB
dev-s50,11,",",",",PUNCT
dev-s50,12,ad,ad,ADP
dev-s50,13,pars,pars,NOUN
dev-s50,14,suprascripte,suprascriptus,DET
dev-s50,15,ecclesie,ecclesia,NOUN
dev-s50,16,",",",",PUNCT
dev-s50,17,quam,quam,SCONJ
dev-s50,18,recepimus,recipio,VERB
dev-s50,19,",",",",PUNCT
dev-s50,20,ut,ut,SCONJ
dev-s50,21,magis,magis,ADV
dev-s50,22,omni,omnis,DET
dev-s50,23,tempore,tempus,NOUN
dev-s50,24,hanc,hic,DET
dev-s50,25,commutationem,commutatio,NOUN
dev-s50,26,firma,firmus,ADJ
dev-s50,27,et,et,CCONJ
dev-s50,28,stabile,stabilis,ADJ
dev-s50,29,permaneat,permaneo,VERB
dev-s50,30,.,.,PUNCT
dev-s51,1,unde,unde,ADV
dev-s51,2,repromittimus,repromitto,VERB
dev-s51,3,nos,nos,PRON
dev-s51,4,qui,qui,DET
dev-s51,5,supra,supra,ADV
dev-s51,6,Teudimundo,Teudimundus,PROPN
dev-s51,7,et,et,CCONJ
dev-s51,8,Chunimundo,Cunimundus,PROPN
dev-s51,9,clerico,clericus,NOUN
dev-s51,10,germani,germanus,NOUN
dev-s51,11,cum,cum,ADP
dev-s51,12,nostris,noster,DET
dev-s51,13,heredibus,heres,NOUN
dev-s51,14,tibi,tu,PRON
dev-s51,15,qui,qui,DET
dev-s51,16,supra,supra,ADV
dev-s51,17,Gherardus,Gherardus,PROPN
dev-s51,18,episcopus,episcopus,NOUN
dev-s51,19,vel,uel,CCONJ
dev-s51,20,ad,ad,ADP
dev-s51,21,suscessoribus,successor,NOUN
dev-s51,22,tuis,tuus,DET
dev-s51,23,aut,aut,CCONJ
dev-s51,24,cui,qui,PRON
dev-s51,25,vos,uos,PRON
dev-s51,26,suprascripte,suprascriptus,DET
dev-s51,27,petie,petia,NOUN
dev-s51,28,de,de,ADP
dev-s51,29,terre,terra,NOUN
dev-s51,30,qua,qui,PRON
dev-s51,31,tibi,tu,PRON
dev-s51,32,supra,supra,ADV
dev-s51,33,in,in,ADP
dev-s51,34,commutationem,commutatio,NOUN
dev-s51,35,",",",",PUNCT
dev-s51,36,ad,ad,ADP
dev-s51,37,parte,pars,NOUN
dev-s51,38,suprascripte,suprascriptus,DET
dev-s51,39,ecclesie,ecclesia,NOUN
dev-s51,40,",",",",PUNCT
dev-s51,41,dedimus,do,VERB
dev-s51,42,",",",",PUNCT
dev-s51,43,dederitis,do,VERB
dev-s51,44,ut,ut,SCONJ
dev-s51,45,",",",",PUNCT
dev-s51,46,si,si,SCONJ
dev-s51,47,nos,nos,PRON
dev-s51,48,vobis,uos,PRON
dev-s51,49,aliquando,aliquando,ADV
dev-s51,50,tempore,tempus,NOUN
dev-s51,51,vobis,uos,PRON
dev-s51,52,ex,ex,ADP
dev-s51,53,ea,is,PRON
dev-s51,54,in,in,ADP
dev-s51,55,aliquo,aliquis,PRON
dev-s51,56,intentionaverimus,intentiono,VERB
dev-s51,57,aut,aut,CCONJ
dev-s51,58,retolli,retollo,VERB
dev-s51,59,vel,uel,CCONJ
dev-s51,60,subtragi,subtraho,VERB
dev-s51,61,quesierimus,quaero,VERB
dev-s51,62,per,per,ADP
dev-s51,63,quolibet,quilibet,DET
dev-s51,64,ingenio,ingenium,NOUN
dev-s51,65,et,et,CCONJ
dev-s51,66,eam,is,PRON
dev-s51,67,vobis,uos,PRON
dev-s51,68,ab,ab,ADP
dev-s51,69,omni,omnis,DET
dev-s51,70,homines,homo,NOUN
dev-s51,71,defendere,defendo,VERB
dev-s51,72,non,non,PART
dev-s51,73,potuerimus,possum,VERB
dev-s51,74,",",",",PUNCT
dev-s51,75,spondimus,spondeo,VERB
dev-s51,76,nos,nos,PRON
dev-s51,77,vobis,uos,PRON
dev-s51,78,conponere,compono,VERB
dev-s51,79,suprascripte,suprascriptus,DET
dev-s51,80,petie,petia,NOUN
dev-s51,81,de,de,ADP
dev-s51,82,terre,terra,NOUN
dev-s51,83,quas,qui,PRON
dev-s51,84,tibi,tu,PRON
dev-s51,85,supra,supra,ADV
dev-s51,86,in,in,ADP
dev-s51,87,commutationem,commutatio,NOUN
dev-s51,88,dedimus,do,VERB
dev-s51,89,in,in,ADP
dev-s51,90,duplum,duplus,ADJ
dev-s51,91,",",",",PUNCT
dev-s51,92,in,in,ADP
dev-s51,93,ferquidem,ferquidis,ADJ
dev-s51,94,loco,locus,NOUN
dev-s51,95,",",",",PUNCT
dev-s51,96,sub,sub,ADP
dev-s51,97,estimatione,aestimatio,NOUN
dev-s51,98,quales,qualis,DET
dev-s51,99,tunc,tunc,ADV
dev-s51,100,fuerit,sum,AUX
dev-s51,101,",",",",PUNCT
dev-s51,102,quia,quia,SCONJ
dev-s51,103,taliter,taliter,ADV
dev-s51,104,inter,inter,ADP
dev-s51,105,nos,nos,PRON
dev-s51,106,conveni,conuenio,VERB
dev-s51,107,.,.,PUNCT
dev-s52,1,unde,unde,ADV
dev-s52,2,inter,inter,ADP
dev-s52,3,nos,nos,PRON
dev-s52,4,duas,duo,NUM
dev-s52,5,cartulas,chartula,NOUN
dev-s52,6,Roffridi,Rodfridus,PROPN
dev-s52,7,notarium,notarius,NOUN
dev-s52,8,scribere,scribo,VERB
dev-s52,9,rogavimus,rogo,VERB
dev-s52,10,.,.,PUNCT
dev-s53,1,actum,ago,VERB
dev-s53,2,Luca,Luca,PROPN
dev-s53,3,.,.,PUNCT
dev-s54,1,signum,signum,NOUN
dev-s54,2,+,+,PUNCT
dev-s54,3,manus,manus,NOUN
dev-s54,4,Teudimundi,Teudimundus,PROPN
dev-s54,5,",",",",PUNCT
dev-s54,6,qui,qui,PRON
dev-s54,7,hanc,hic,DET
dev-s54,8,commutationis,commutatio,NOUN
dev-s54,9,cartula,chartula,NOUN
dev-s54,10,fieri,fio,VERB
dev-s54,11,rogavit,rogo,VERB
dev-s54,12,.,.,PUNCT
dev-s55,1,ego,ego,PRON
dev-s55,2,Cunimundus,Cunimundus,PROPN
dev-s55,3,clericus,clericus,NOUN
dev-s55,4,in,in,ADP
dev-s55,5,ac,hic,DET
dev-s55,6,comotatione,commutatio,NOUN
dev-s55,7,a,ab,ADP
dev-s55,8,nos,nos,PRON
dev-s55,9,facta,facio,VERB
dev-s55,10,suscripsi,subscribo,VERB
dev-s55,11,.,.,PUNCT
dev-s56,1,+,+,PUNCT
dev-s56,2,Ego,ego,PRON
dev-s56,3,Viventius,Viuentius,PROPN
dev-s56,4,presbitero,presbyter,NOUN
dev-s56,5,",",",",PUNCT
dev-s56,6,sicut,sicut,SCONJ
dev-s56,7,supra,supra,ADV
dev-s56,8,legitur,lego,VERB
dev-s56,9,",",",",PUNCT
dev-s56,10,missus,missus,NOUN
dev-s56,11,fui,sum,AUX
dev-s56,12,.,.,PUNCT
dev-s57,1,ego,ego,PRON
dev-s57,2,Deusdede,Deusdedit,PROPN
dev-s57,3,",",",",PUNCT
dev-s57,4,sicut,sicut,SCONJ
dev-s57,5,supra,supra,ADV
dev-s57,6,legitur,lego,VERB
dev-s57,7,",",",",PUNCT
dev-s57,8,missus,missus,NOUN
dev-s57,9,fui,sum,AUX
dev-s57,10,.,.,PUNCT
dev-s58,1,signum,signum,NOUN
dev-s58,2,+,+,PUNCT
dev-s58,3,manus,manus,NOUN
dev-s58,4,Adalprandi,Adalprandus,PROPN
dev-s58,5,",",",",PUNCT
dev-s58,6,filio,filius,NOUN
dev-s58,7,quondam,quondam,ADJ
dev-s58,8,Vualprandi,Walprandus,PROPN
dev-s58,9,",",",",PUNCT
dev-s58,10,qui,qui,PRON
dev-s58,11,",",",",PUNCT
dev-s58,12,sicut,sicut,SCONJ
dev-s58,13,supra,supra,ADV
dev-s58,14,legitur,lego,VERB
dev-s58,15,",",",",PUNCT
dev-s58,16,missus,missus,NOUN
dev-s58,17,fuit,sum,AUX
dev-s58,18,.,.,PUNCT
dev-s59,1,+,+,PUNCT
dev-s59,2,Ego,ego,PRON
dev-s59,3,Atrualdus,Atrualdus,PROPN
dev-s59,4,",",",",PUNCT
dev-s59,5,sicut,sicut,SCONJ
dev-s59,6,supra,supra,ADV
dev-s59,7,legitur,lego,VERB
dev-s59,8,",",",",PUNCT
dev-s59,9,missus,missus,NOUN
dev-s59,10,fui,sum,AUX
dev-s59,11,.,.,PUNCT
dev-s60,1,signum,signum,NOUN
dev-s60,2,+,+,PUNCT
dev-s60,3,manus,manus,NOUN
dev-s60,4,Adalberti,Adalpertus,PROPN
dev-s60,5,",",",",PUNCT
dev-s60,6,filio,filius,NOUN
dev-s60,7,bone,bonus,ADJ
dev-s60,8,memorie,memoria,NOUN
dev-s60,9,Richiperti,Richipertus,PROPN
dev-s60,10,",",",",PUNCT
dev-s60,11,qui,qui,PRON
dev-s60,12,",",",",PUNCT
dev-s60,13,sicut,sicut,SCONJ
dev-s60,14,supra,supra,ADV
dev-s60,15,legitur,lego,VERB
dev-s60,16,",",",",PUNCT
dev-s60,17,missus,missus,NOUN
dev-s60,18,fuit,sum,AUX
dev-s60,19,.,.,PUNCT
dev-s61,1,+,+,PUNCT
dev-s61,2,Ego,ego,PRON
dev-s61,3,Vunichisi,Winighisus,PROPN
dev-s61,4,",",",",PUNCT
dev-s61,5,sicut,sicut,SCONJ
dev-s61,6,supra,supra,ADV
dev-s61,7,legitur,lego,VERB
dev-s61,8,",",",",PUNCT
dev-s61,9,missus,missus,NOUN
dev-s61,10,fui,sum,AUX
dev-s61,11,.,.,PUNCT
dev-s62,1,+,+,PUNCT
dev-s62,2,Ego,ego,PRON
dev-s62,3,Teopaldo,Teutpaldus,PROPN
dev-s62,4,",",",",PUNCT
dev-s62,5,rogatus,rogo,VERB
dev-s62,6,a,ab,ADP
dev-s62,7,suprascripti,suprascriptus,DET
dev-s62,8,germani,germanus,NOUN
dev-s62,9,",",",",PUNCT
dev-s62,10,me,ego,PRON
dev-s62,11,teste,testis,NOUN
dev-s62,12,subscripsi,subscribo,VERB
dev-s62,13,.,.,PUNCT
dev-s63,1,+,+,PUNCT
dev-s63,2,Ego,ego,PRON
dev-s63,3,Eriteo,Eriteus,PROPN
dev-s63,4,schabinus,scabinus,NOUN
dev-s63,5,suscripsi,subscribo,VERB
dev-s63,6,.,.,PUNCT
dev-s64,1,+,+,PUNCT
dev-s64,2,Ego,ego,PRON
dev-s64,3,Leo,Leo,PROPN
dev-s64,4,presbiter,presbyter,NOUN
dev-s64,5,",",",",PUNCT
dev-s64,6,rogatus,rogo,VERB
dev-s64,7,a,ab,ADP
dev-s64,8,suprascripti,suprascriptus,DET
dev-s64,9,germani,germanus,NOUN
dev-s64,10,",",",",PUNCT
dev-s64,11,me,ego,PRON
dev-s64,12,teste,testis,NOUN
dev-s64,13,subscripsi,subscribo,VERB
dev-s64,14,.,.,PUNCT
dev-s65,1,+,+,PUNCT
dev-s65,2,In,in,ADP
dev-s65,3,Dei,Deus,PROPN
dev-s65,4,omnipotentis,omnipotens,ADJ
dev-s65,5,nomine,nomen,NOUN
dev-s65,6,regnante,regno,VERB
dev-s65,7,domno,domnus,NOUN
dev-s65,8,nostro,noster,DET
dev-s65,9,Karolus,Carolus,PROPN
dev-s65,10,divina,diuinus,ADJ
dev-s65,11,faventem,faueo,VERB
dev-s65,12,clementiam,clementia,NOUN
dev-s65,13,imperator,imperator,NOUN
dev-s65,14,augusto,augustus,NOUN
dev-s65,15,",",",",PUNCT
dev-s65,16,anno,annus,NOUN
dev-s65,17,imperii,imperium,NOUN
dev-s65,18,eius,is,PRON
dev-s65,19,primo,primus,ADJ
dev-s65,20,",",",",PUNCT
dev-s65,21,quarto,quartus,ADJ
dev-s65,22,kalendas,kalendae,NOUN
dev-s65,23,augustas,augustus,ADJ
dev-s65,24,",",",",PUNCT
dev-s65,25,indictione,indictio,NOUN
dev-s65,26,quarta,quartus,ADJ
dev-s65,27,decima,decimus,ADJ
dev-s65,28,.,.,PUNCT
dev-s66,1,manifesti,manifestus,ADJ
dev-s66,2,sumus,sum,AUX
dev-s66,3,nos,nos,PRON
dev-s66,4,Ghisalperto,Ghiselpertus,PROPN
dev-s66,5,",",",",PUNCT
dev-s66,6,filio,filius,NOUN
dev-s66,7,quondam,quondam,ADJ
dev-s66,8,Vuiliperti,Wilipertus,PROPN
dev-s66,9,",",",",PUNCT
dev-s66,10,et,et,CCONJ
dev-s66,11,Adalfridi,Adalfridus,PROPN
dev-s66,12,",",",",PUNCT
dev-s66,13,filio,filius,NOUN
dev-s66,14,quondam,quondam,ADJ
dev-s66,15,Adalprandi,Adalprandus,PROPN
dev-s66,16,",",",",PUNCT
dev-s66,17,quia,quia,SCONJ
dev-s66,18,tu,tu,PRON
dev-s66,19,Gherardus,Gherardus,PROPN
dev-s66,20,",",",",PUNCT
dev-s66,21,gratia,gratia,NOUN
dev-s66,22,Dei,Deus,PROPN
dev-s66,23,uius,hic,DET
dev-s66,24,sancte,sanctus,ADJ
dev-s66,25,Lucane,lucanus,ADJ
dev-s66,26,ecclesie,ecclesia,NOUN
dev-s66,27,humilis,humilis,ADJ
dev-s66,28,episcopus,episcopus,NOUN
dev-s66,29,",",",",PUNCT
dev-s66,30,per,per,ADP
dev-s66,31,cartula,chartula,NOUN
dev-s66,32,livellario,libellarius,ADJ
dev-s66,33,nomine,nomen,NOUN
dev-s66,34,firmasti,firmo,VERB
dev-s66,35,nos,nos,PRON
dev-s66,36,",",",",PUNCT
dev-s66,37,id,is,PRON
dev-s66,38,est,sum,AUX
dev-s66,39,casa,casa,NOUN
dev-s66,40,et,et,CCONJ
dev-s66,41,res,res,NOUN
dev-s66,42,illa,ille,DET
dev-s66,43,in,in,ADP
dev-s66,44,loco,locus,NOUN
dev-s66,45,ubi,ubi,ADV
dev-s66,46,dicitur,dico,VERB
dev-s66,47,Lumisiano,Luminosus,PROPN
dev-s66,48,",",",",PUNCT
dev-s66,49,in,in,ADP
dev-s66,50,qua,qui,PRON
dev-s66,51,nos,nos,PRON
dev-s66,52,ipsis,ipse,DET
dev-s66,53,abitare,habito,VERB
dev-s66,54,visi,uideo,VERB
dev-s66,55,sumus,sum,AUX
dev-s66,56,",",",",PUNCT
dev-s66,57,quas,qui,DET
dev-s66,58,casa,casa,NOUN
dev-s66,59,et,et,CCONJ
dev-s66,60,res,res,NOUN
dev-s66,61,ipsa,ipse,DET
dev-s66,62,pertenens,pertineo,VERB
dev-s66,63,ipsius,ipse,DET
dev-s66,64,episcopatui,episcopatus,NOUN
dev-s66,65,vestro,uester,DET
dev-s66,66,sancti,sanctus,ADJ
dev-s66,67,Martini,Martinus,PROPN
dev-s66,68,;,;,PUNCT
dev-s67,1,casa,casa,NOUN
dev-s67,2,vero,uero,ADV
dev-s67,3,ipsa,ipse,DET
dev-s67,4,cum,cum,ADP
dev-s67,5,fundamento,fundamentum,NOUN
dev-s67,6,et,et,CCONJ
dev-s67,7,omnem,omnis,DET
dev-s67,8,edeficio,aedificium,NOUN
dev-s67,9,suo,suus,DET
dev-s67,10,seu,seu,CCONJ
dev-s67,11,curte,curtis,NOUN
dev-s67,12,",",",",PUNCT
dev-s67,13,orto,hortus,NOUN
dev-s67,14,",",",",PUNCT
dev-s67,15,terris,terra,NOUN
dev-s67,16,",",",",PUNCT
dev-s67,17,vineis,uinea,NOUN
dev-s67,18,",",",",PUNCT
dev-s67,19,silvis,silua,NOUN
dev-s67,20,",",",",PUNCT
dev-s67,21,virgareis,uirgareum,NOUN
dev-s67,22,",",",",PUNCT
dev-s67,23,pratis,pratum,NOUN
dev-s67,24,",",",",PUNCT
dev-s67,25,pascuis,pascuum,NOUN
dev-s67,26,",",",",PUNCT
dev-s67,27,cultis,cultus,ADJ
dev-s67,28,rebus,res,NOUN
dev-s67,29,vel,uel,CCONJ
dev-s67,30,incultis,incultus,ADJ
dev-s67,31,",",",",PUNCT
dev-s67,32,omnia,omnis,DET
dev-s67,33,quantum,quantum,ADV
dev-s67,34,ad,ad,ADP
dev-s67,35,ipsa,ipse,DET
dev-s67,36,casa,casa,NOUN
dev-s67,37,est,sum,AUX
dev-s67,38,pertenentes,pertineo,VERB
dev-s67,39,et,et,CCONJ
dev-s67,40,quondam,quondam,ADJ
dev-s67,41,Adalperto,Adalpertus,PROPN
dev-s67,42,exinde,exinde,ADV
dev-s67,43,ad,ad,ADP
dev-s67,44,manus,manus,NOUN
dev-s67,45,suas,suus,DET
dev-s67,46,abuit,habeo,VERB
dev-s67,47,et,et,CCONJ
dev-s67,48,nos,nos,PRON
dev-s67,49,ipsis,ipse,DET
dev-s67,50,exinde,exinde,ADV
dev-s67,51,ad,ad,ADP
dev-s67,52,manus,manus,NOUN
dev-s67,53,nostra,noster,DET
dev-s67,54,abere,habeo,VERB
dev-s67,55,visi,uideo,VERB
dev-s67,56,essemus,sum,AUX
dev-s67,57,nos,nos,PRON
dev-s67,58,firmasti,firmo,VERB
dev-s67,59,in,in,ADP
dev-s67,60,integrum,integer,ADJ
dev-s67,61,",",",",PUNCT
dev-s67,62,tali,talis,DET
dev-s67,63,ordinem,ordo,NOUN
dev-s67,64,ut,ut,SCONJ
dev-s67,65,nos,nos,PRON
dev-s67,66,vel,uel,CCONJ
dev-s67,67,nostris,noster,DET
dev-s67,68,heredibus,heres,NOUN
dev-s67,69,in,in,ADP
dev-s67,70,ipsa,ipse,DET
dev-s67,71,casa,casa,NOUN
dev-s67,72,residere,resideo,VERB
dev-s67,73,et,et,CCONJ
dev-s67,74,abitare,habito,VERB
dev-s67,75,debeamus,debeo,VERB
dev-s67,76,;,;,PUNCT
dev-s68,1,et,et,CCONJ
dev-s68,2,tam,tam,CCONJ
dev-s68,3,ipsa,ipse,DET
dev-s68,4,casa,casa,NOUN
dev-s68,5,quam,quam,CCONJ
dev-s68,6,et,et,CCONJ
dev-s68,7,predictis,praedictus,DET
dev-s68,8,res,res,NOUN
dev-s68,9,bene,bene,ADV
dev-s68,10,laborare,laboro,VERB
dev-s68,11,et,et,CCONJ
dev-s68,12,gubernare,guberno,VERB
dev-s68,13,seu,seu,CCONJ
dev-s68,14,meliorare,melioro,VERB
dev-s68,15,debeamus,debeo,VERB
dev-s68,16,.,.,PUNCT
dev-s69,1,et,et,CCONJ
dev-s69,2,exinde,exinde,ADV
dev-s69,3,tibi,tu,PRON
dev-s69,4,vel,uel,CCONJ
dev-s69,5,ad,ad,ADP
dev-s69,6,subcessoribus,successor,NOUN
dev-s69,7,tuis,tuus,DET
dev-s69,8,",",",",PUNCT
dev-s69,9,ad,ad,ADP
dev-s69,10,pars,pars,NOUN
dev-s69,11,ipsius,ipse,DET
dev-s69,12,episcopatui,episcopatus,NOUN
dev-s69,13,vestro,uester,DET
dev-s69,14,sancti,sanctus,ADJ
dev-s69,15,Martini,Martinus,PROPN
dev-s69,16,",",",",PUNCT
dev-s69,17,per,per,ADP
dev-s69,18,singulas,singulus,ADJ
dev-s69,19,vindemias,uindemia,NOUN
dev-s69,20,vobis,uos,PRON
dev-s69,21,dare,do,VERB
dev-s69,22,debeamus,debeo,VERB
dev-s69,23,medietatem,medietas,NOUN
dev-s69,24,vinum,uinum,NOUN
dev-s69,25,purum,purus,ADJ
dev-s69,26,ad,ad,ADP
dev-s69,27,tertiam,tertius,ADJ
dev-s69,28,vices,uicis,NOUN
dev-s69,29,uba,uua,NOUN
dev-s69,30,legitime,legitime,ADV
dev-s69,31,calcatas,calco,VERB
dev-s69,32,et,et,CCONJ
dev-s69,33,inde,inde,ADV
dev-s69,34,vinata,uino,VERB
dev-s69,35,",",",",PUNCT
dev-s69,36,nam,nam,PART
dev-s69,37,non,non,PART
dev-s69,38,pondum,pondus,NOUN
dev-s69,39,levandum,leuo,VERB
dev-s69,40,;,;,PUNCT
dev-s70,1,seu,seu,CCONJ
dev-s70,2,et,et,CCONJ
dev-s70,3,per,per,ADP
dev-s70,4,singulos,singulus,ADJ
dev-s70,5,annos,annus,NOUN
dev-s70,6,per,per,ADP
dev-s70,7,omnem,omnis,DET
dev-s70,8,festivitatem,festiuitas,NOUN
dev-s70,9,sancti,sanctus,ADJ
dev-s70,10,Reguli,Regulus,PROPN
dev-s70,11,censum,census,NOUN
dev-s70,12,vobis,uos,PRON
dev-s70,13,reddere,reddo,VERB
dev-s70,14,debeamus,debeo,VERB
dev-s70,15,hic,hic,ADV
dev-s70,16,civitate,ciuitas,NOUN
dev-s70,17,Luca,Luca,PROPN
dev-s70,18,ad,ad,ADP
dev-s70,19,ipso,ipse,DET
dev-s70,20,domo,domus,NOUN
dev-s70,21,vobis,uos,PRON
dev-s70,22,vel,uel,CCONJ
dev-s70,23,ad,ad,ADP
dev-s70,24,ministerialem,ministerialis,NOUN
dev-s70,25,vestro,uester,DET
dev-s70,26,quas,qui,PRON
dev-s70,27,pre,prae,ADP
dev-s70,28,tempore,tempus,NOUN
dev-s70,29,abueritis,habeo,VERB
dev-s70,30,",",",",PUNCT
dev-s70,31,argentum,argentum,NOUN
dev-s70,32,denarios,denarius,NOUN
dev-s70,33,bonos,bonus,ADJ
dev-s70,34,expendiviles,expendibilis,ADJ
dev-s70,35,numero,numerus,NOUN
dev-s70,36,viginti,uiginti,NUM
dev-s70,37,et,et,CCONJ
dev-s70,38,tres,tres,NUM
dev-s70,39,.,.,PUNCT
dev-s71,1,et,et,CCONJ
dev-s71,2,quando,quando,SCONJ
dev-s71,3,per,per,ADP
dev-s71,4,vindemia,uindemia,NOUN
dev-s71,5,subtus,subtus,ADP
dev-s71,6,palmentum,palmentum,NOUN
dev-s71,7,ibidem,ibidem,ADV
dev-s71,8,misso,missus,NOUN
dev-s71,9,vestro,uester,DET
dev-s71,10,venerit,uenio,VERB
dev-s71,11,",",",",PUNCT
dev-s71,12,nos,nos,PRON
dev-s71,13,eum,is,PRON
dev-s71,14,recipere,recipio,VERB
dev-s71,15,et,et,CCONJ
dev-s71,16,gubernare,guberno,VERB
dev-s71,17,debeamus,debeo,VERB
dev-s71,18,.,.,PUNCT
dev-s72,1,et,et,CCONJ
dev-s72,2,a,ab,ADP
dev-s72,3,mandato,mandatum,NOUN
dev-s72,4,vestro,uester,DET
dev-s72,5,venire,uenio,VERB
dev-s72,6,debeamus,debeo,VERB
dev-s72,7,hic,hic,ADV
dev-s72,8,civitate,ciuitas,NOUN
dev-s72,9,Luca,Luca,PROPN
dev-s72,10,ad,ad,ADP
dev-s72,11,iustitiam,iustitia,NOUN
dev-s72,12,faciendum,facio,VERB
dev-s72,13,tantum,tantum,ADV
dev-s72,14,.,.,PUNCT
dev-s73,1,et,et,CCONJ
dev-s73,2,si,si,SCONJ
dev-s73,3,a,ab,ADP
dev-s73,4,nos,nos,PRON
dev-s73,5,vobis,uos,PRON
dev-s73,6,hec,hic,DET
dev-s73,7,omnia,omnis,DET
dev-s73,8,qualiter,qualiter,SCONJ
dev-s73,9,superius,superius,ADV
dev-s73,10,legitur,lego,VERB
dev-s73,11,per,per,ADP
dev-s73,12,singulos,singulus,ADJ
dev-s73,13,annos,annus,NOUN
dev-s73,14,sic,sic,ADV
dev-s73,15,non,non,PART
dev-s73,16,fuerint,sum,AUX
dev-s73,17,adinpleta,adimpleo,VERB
dev-s73,18,et,et,CCONJ
dev-s73,19,conservata,conseruo,VERB
dev-s73,20,aut,aut,CCONJ
dev-s73,21,si,si,SCONJ
dev-s73,22,suprascripta,suprascriptus,DET
dev-s73,23,casa,casa,NOUN
dev-s73,24,et,et,CCONJ
dev-s73,25,res,res,NOUN
dev-s73,26,quas,qui,PRON
dev-s73,27,nobis,nos,PRON
dev-s73,28,dedisti,do,VERB
dev-s73,29,relaxaverimus,relaxo,VERB
dev-s73,30,vel,uel,CCONJ
dev-s73,31,si,si,SCONJ
dev-s73,32,per,per,ADP
dev-s73,33,nos,nos,PRON
dev-s73,34,pegiorata,peioro,VERB
dev-s73,35,fuerit,sum,AUX
dev-s73,36,",",",",PUNCT
dev-s73,37,spondimus,spondeo,VERB
dev-s73,38,nos,nos,PRON
dev-s73,39,qui,qui,DET
dev-s73,40,supra,supra,ADV
dev-s73,41,Ghisalperto,Ghiselpertus,PROPN
dev-s73,42,et,et,CCONJ
dev-s73,43,Adalfridi,Adalfridus,PROPN
dev-s73,44,una,una,ADV
dev-s73,45,cum,cum,ADP
dev-s73,46,nostris,noster,DET
dev-s73,47,heredibus,heres,NOUN
dev-s73,48,conponere,compono,VERB
dev-s73,49,tibi,tu,PRON
dev-s73,50,qui,qui,DET
dev-s73,51,supra,supra,ADV
dev-s73,52,Gherardus,Gherardus,PROPN
dev-s73,53,episcopus,episcopus,NOUN
dev-s73,54,vel,uel,CCONJ
dev-s73,55,ad,ad,ADP
dev-s73,56,subcessoribus,successor,NOUN
dev-s73,57,tuis,tuus,DET
dev-s73,58,argentum,argentum,NOUN
dev-s73,59,soledos,solidus,NOUN
dev-s73,60,viginti,uiginti,NUM
dev-s73,61,",",",",PUNCT
dev-s73,62,quia,quia,SCONJ
dev-s73,63,taliter,taliter,ADV
dev-s73,64,inter,inter,ADP
dev-s73,65,nos,nos,PRON
dev-s73,66,convenit,conuenio,VERB
dev-s73,67,.,.,PUNCT
dev-s74,1,et,et,CCONJ
dev-s74,2,duas,duo,NUM
dev-s74,3,inter,inter,ADP
dev-s74,4,nos,nos,PRON
dev-s74,5,cartulas,chartula,NOUN
dev-s74,6,Rachifonsum,Rachifonsus,PROPN
dev-s74,7,notarium,notarius,NOUN
dev-s74,8,scribere,scribo,VERB
dev-s74,9,rogavimus,rogo,VERB
dev-s74,10,.,.,PUNCT
dev-s75,1,actum,ago,VERB
dev-s75,2,Luca,Luca,PROPN
dev-s75,3,.,.,PUNCT
dev-s76,1,signa,signum,NOUN
dev-s76,2,+,+,PUNCT
dev-s76,3,+,+,PUNCT
dev-s76,4,manus,manus,NOUN
dev-s76,5,Ghisalperti,Ghiselpertus,PROPN
dev-s76,6,et,et,CCONJ
dev-s76,7,Adalfridi,Adalfridus,PROPN
dev-s76,8,",",",",PUNCT
dev-s76,9,qui,qui,PRON
dev-s76,10,hunc,hic,DET
dev-s76,11,libellum,libellus,NOUN
dev-s76,12,fieri,fio,VERB
dev-s76,13,rogaverunt,rogo,VERB
dev-s76,14,.,.,PUNCT
dev-s77,1,+,+,PUNCT
dev-s77,2,Ego,ego,PRON
dev-s77,3,[Propn],_,PROPN
dev-s77,4,",",",",PUNCT
dev-s77,5,rogatus,rogo,VERB
dev-s77,6,a,ab,ADP
dev-s77,7,Ghisalperto,Ghiselpertus,PROPN
dev-s77,8,et,et,CCONJ
dev-s77,9,Adalfridi,Adalfridus,PROPN
dev-s77,10,",",",",PUNCT
dev-s77,11,me,ego,PRON
dev-s77,12,teste,testis,NOUN
dev-s77,13,subscripsi,subscribo,VERB
dev-s77,14,.,.,PUNCT
dev-s78,1,+,+,PUNCT
dev-s78,2,Ego,ego,PRON
dev-s78,3,[Propn],_,PROPN
dev-s78,4,",",",",PUNCT
dev-s78,5,rogatus,rogo,VERB
dev-s78,6,a,ab,ADP
dev-s78,7,Ghisalperto,Ghiselpertus,PROPN
dev-s78,8,et,et,CCONJ
dev-s78,9,Adalfridi,Adalfridus,PROPN
dev-s78,10,",",",",PUNCT
dev-s78,11,me,ego,PRON
dev-s78,12,teste,testis,NOUN
dev-s78,13,subscripsi,subscribo,VERB
dev-s78,14,.,.,PUNCT
dev-s79,1,+,+,PUNCT
dev-s79,2,Ego,ego,PRON
dev-s79,3,[Propn],_,PROPN
dev-s79,4,",",",",PUNCT
dev-s79,5,rogatus,rogo,VERB
dev-s79,6,a,ab,ADP
dev-s79,7,Ghisalperto,Ghiselpertus,PROPN
dev-s79,8,et,et,CCONJ
dev-s79,9,Adalfridi,Adalfridus,PROPN
dev-s79,10,",",",",PUNCT
dev-s79,11,me,ego,PRON
dev-s79,12,teste,testis,NOUN
dev-s79,13,subscripsi,subscribo,VERB
dev-s79,14,.,.,PUNCT
dev-s80,1,+,+,PUNCT
dev-s80,2,Ego,ego,PRON
dev-s80,3,Teudimundus,Teudimundus,PROPN
dev-s80,4,",",",",PUNCT
dev-s80,5,rogatus,rogo,VERB
dev-s80,6,a,ab,ADP
dev-s80,7,Ghisalperto,Ghiselpertus,PROPN
dev-s80,8,et,et,CCONJ
dev-s80,9,Adalfridi,Adalfridus,PROPN
dev-s80,10,",",",",PUNCT
dev-s80,11,subscripsi,subscribo,VERB
dev-s80,12,.,.,PUNCT
dev-s81,1,+,+,PUNCT
dev-s81,2,Ego,ego,PRON
dev-s81,3,Rachifonsus,Rachifonsus,PROPN
dev-s81,4,notarius,notarius,NOUN
dev-s81,5,post,post,ADP
dev-s81,6,traditam,trado,VERB
dev-s81,7,conplevi,compleo,VERB
dev-s81,8,et,et,CCONJ
dev-s81,9,dedi,do,VERB
dev-s81,10,.,.,PUNCT
dev-s82,1,+,+,PUNCT
dev-s82,2,In,in,ADP
dev-s82,3,Dei,Deus,PROPN
dev-s82,4,omnipotentis,omnipotens,ADJ
dev-s82,5,nomine,nomen,NOUN
dev-s82,6,regnante,regno,VERB
dev-s82,7,domno,domnus,NOUN
dev-s82,8,nostro,noster,DET
dev-s82,9,Karolus,Carolus,PROPN
dev-s82,10,divina,diuinus,ADJ
dev-s82,11,faventem,faueo,VERB
dev-s82,12,clementiam,clementia,NOUN
dev-s82,13,imperator,imperator,NOUN
dev-s82,14,agusto,augustus,NOUN
dev-s82,15,",",",",PUNCT
dev-s82,16,anno,annus,NOUN
dev-s82,17,[--],_,X
dev-s82,18,imperii,imperium,NOUN
dev-s82,19,eius,is,PRON
dev-s82,20,primo,primus,ADJ
dev-s82,21,",",",",PUNCT
dev-s82,22,pridie,pridie,ADP
dev-s82,23,idus,idus,NOUN
dev-s82,24,augusti,augustus,NOUN
dev-s82,25,",",",",PUNCT
dev-s82,26,indictione,indictio,NOUN
dev-s82,27,quarta,quartus,ADJ
dev-s82,28,decima,decimus,ADJ
dev-s82,29,.,.,PUNCT
dev-s83,1,manifesti,manifestus,ADJ
dev-s83,2,sumus,sum,AUX
dev-s83,3,nos,nos,PRON
dev-s83,4,Urso,Ursus,PROPN
dev-s83,5,et,et,CCONJ
dev-s83,6,Lopo,lupus,PROPN
dev-s83,7,clericus,clericus,NOUN
dev-s83,8,germani,germanus,NOUN
dev-s83,9,",",",",PUNCT
dev-s83,10,filii,filius,NOUN
dev-s83,11,bone,bonus,ADJ
dev-s83,12,memorie,memoria,NOUN
dev-s83,13,Aggiprandi,Agiprandus,PROPN
dev-s83,14,",",",",PUNCT
dev-s83,15,quia,quia,SCONJ
dev-s83,16,tu,tu,PRON
dev-s83,17,Gherardus,Gherardus,PROPN
dev-s83,18,",",",",PUNCT
dev-s83,19,gratia,gratia,NOUN
dev-s83,20,Dei,Deus,PROPN
dev-s83,21,huius,hic,DET
dev-s83,22,sancte,sanctus,ADJ
dev-s83,23,Lucane,lucanus,ADJ
dev-s83,24,ecclesie,ecclesia,NOUN
dev-s83,25,humilis,humilis,ADJ
dev-s83,26,episcopus,episcopus,NOUN
dev-s83,27,",",",",PUNCT
dev-s83,28,per,per,ADP
dev-s83,29,cartula,chartula,NOUN
dev-s83,30,livellario,libellarius,ADJ
dev-s83,31,nomine,nomen,NOUN
dev-s83,32,firmasti,firmo,VERB
dev-s83,33,nos,nos,PRON
dev-s83,34,",",",",PUNCT
dev-s83,35,id,is,PRON
dev-s83,36,est,sum,AUX
dev-s83,37,in,in,ADP
dev-s83,38,capanna,capanna,NOUN
dev-s83,39,et,et,CCONJ
dev-s83,40,res,res,NOUN
dev-s83,41,illa,ille,DET
dev-s83,42,quas,qui,PRON
dev-s83,43,antea,antea,ADV
dev-s83,44,fuit,sum,AUX
dev-s83,45,casa,casa,NOUN
dev-s83,46,in,in,ADP
dev-s83,47,loco,locus,NOUN
dev-s83,48,Arena,Arena,PROPN
dev-s83,49,",",",",PUNCT
dev-s83,50,quas,qui,PRON
dev-s83,51,suprascripto,suprascriptus,DET
dev-s83,52,genitore,genitor,NOUN
dev-s83,53,nostro,noster,DET
dev-s83,54,ad,ad,ADP
dev-s83,55,manus,manus,NOUN
dev-s83,56,suas,suus,DET
dev-s83,57,abuit,habeo,VERB
dev-s83,58,;,;,PUNCT
dev-s84,1,quas,qui,DET
dev-s84,2,ipse,ipse,DET
dev-s84,3,capanna,capanna,NOUN
dev-s84,4,et,et,CCONJ
dev-s84,5,res,res,NOUN
dev-s84,6,pertenens,pertineo,VERB
dev-s84,7,ipsius,ipse,DET
dev-s84,8,episcopatui,episcopatus,NOUN
dev-s84,9,vestro,uester,DET
dev-s84,10,sancti,sanctus,ADJ
dev-s84,11,Martini,Martinus,PROPN
dev-s84,12,;,;,PUNCT
dev-s85,1,capanna,capanna,NOUN
dev-s85,2,vero,uero,ADV
dev-s85,3,ipsa,ipse,DET
dev-s85,4,cum,cum,ADP
dev-s85,5,fundamento,fundamentum,NOUN
dev-s85,6,et,et,CCONJ
dev-s85,7,omnem,omnis,DET
dev-s85,8,edeficio,aedificium,NOUN
dev-s85,9,suo,suus,DET
dev-s85,10,seu,seu,CCONJ
dev-s85,11,curte,curtis,NOUN
dev-s85,12,",",",",PUNCT
dev-s85,13,orto,hortus,NOUN
dev-s85,14,",",",",PUNCT
dev-s85,15,terris,terra,NOUN
dev-s85,16,",",",",PUNCT
dev-s85,17,vineis,uinea,NOUN
dev-s85,18,",",",",PUNCT
dev-s85,19,silvis,silua,NOUN
dev-s85,20,",",",",PUNCT
dev-s85,21,virgareis,uirgareum,NOUN
dev-s85,22,",",",",PUNCT
dev-s85,23,cultas,cultus,ADJ
dev-s85,24,res,res,NOUN
dev-s85,25,vel,uel,CCONJ
dev-s85,26,incultas,incultus,ADJ
dev-s85,27,",",",",PUNCT
dev-s85,28,omnia,omnis,DET
dev-s85,29,quantum,quantum,ADV
dev-s85,30,ad,ad,ADP
dev-s85,31,ipsa,ipse,DET
dev-s85,32,capanna,capanna,NOUN
dev-s85,33,est,sum,AUX
dev-s85,34,pertenentes,pertineo,VERB
dev-s85,35,et,et,CCONJ
dev-s85,36,suprascripto,suprascriptus,DET
dev-s85,37,genitore,genitor,NOUN
dev-s85,38,nostro,noster,DET
dev-s85,39,ad,ad,ADP
dev-s85,40,manus,manus,NOUN
dev-s85,41,suas,suus,DET
dev-s85,42,abuit,habeo,VERB
dev-s85,43,et,et,CCONJ
dev-s85,44,nos,nos,PRON
dev-s85,45,ipsos,ipse,DET
dev-s85,46,ad,ad,ADP
dev-s85,47,manus,manus,NOUN
dev-s85,48,nostra,noster,DET
dev-s85,49,abere,habeo,VERB
dev-s85,50,visis,uideo,VERB
dev-s85,51,essemus,sum,AUX
dev-s85,52,nobis,nos,PRON
dev-s85,53,firmasti,firmo,VERB
dev-s85,54,in,in,ADP
dev-s85,55,integrum,integer,ADJ
dev-s85,56,",",",",PUNCT
dev-s85,57,tali,talis,DET
dev-s85,58,ordinem,ordo,NOUN
dev-s85,59,ut,ut,SCONJ
dev-s85,60,nos,nos,PRON
dev-s85,61,vel,uel,CCONJ
dev-s85,62,nostris,noster,DET
dev-s85,63,heredibus,heres,NOUN
dev-s85,64,in,in,ADP
dev-s85,65,ipsa,ipse,DET
dev-s85,66,capanna,capanna,NOUN
dev-s85,67,residere,resideo,VERB
dev-s85,68,et,et,CCONJ
dev-s85,69,abitare,habito,VERB
dev-s85,70,debeamus,debeo,VERB
dev-s85,71,;,;,PUNCT
dev-s86,1,et,et,CCONJ
dev-s86,2,tam,tam,ADV
dev-s86,3,ipsa,ipse,DET
dev-s86,4,capanna,capanna,NOUN
dev-s86,5,et,et,CCONJ
dev-s86,6,res,res,NOUN
dev-s86,7,bene,bene,ADV
dev-s86,8,laborare,laboro,VERB
dev-s86,9,et,et,CCONJ
dev-s86,10,gubernare,guberno,VERB
dev-s86,11,seu,seu,CCONJ
dev-s86,12,meliorare,melioro,VERB
dev-s86,13,debeamus,debeo,VERB
dev-s86,14,",",",",PUNCT
dev-s86,15,fruges,frux,NOUN
dev-s86,16,vero,uero,ADV
dev-s86,17,exinde,exinde,ADV
dev-s86,18,nobis,nos,PRON
dev-s86,19,privatum,priuo,VERB
dev-s86,20,abere,habeo,VERB
dev-s86,21,et,et,CCONJ
dev-s86,22,fruere,fruor,VERB
dev-s86,23,debeamus,debeo,VERB
dev-s86,24,.,.,PUNCT
dev-s87,1,nisi,nisi,CCONJ
dev-s87,2,tantum,tantum,ADV
dev-s87,3,pro,pro,ADP
dev-s87,4,omni,omnis,DET
dev-s87,5,censum,census,NOUN
dev-s87,6,et,et,CCONJ
dev-s87,7,iustitia,iustitia,NOUN
dev-s87,8,exinde,exinde,ADV
dev-s87,9,tibi,tu,PRON
dev-s87,10,vel,uel,CCONJ
dev-s87,11,ad,ad,ADP
dev-s87,12,subcessoribus,successor,NOUN
dev-s87,13,tuis,tuus,DET
dev-s87,14,",",",",PUNCT
dev-s87,15,ad,ad,ADP
dev-s87,16,pars,pars,NOUN
dev-s87,17,ipsius,ipse,DET
dev-s87,18,episcopatui,episcopatus,NOUN
dev-s87,19,vestro,uester,DET
dev-s87,20,sancti,sanctus,ADJ
dev-s87,21,Martini,Martinus,PROPN
dev-s87,22,",",",",PUNCT
dev-s87,23,per,per,ADP
dev-s87,24,singulos,singulus,ADJ
dev-s87,25,annos,annus,NOUN
dev-s87,26,in,in,ADP
dev-s87,27,pasca,pascha,NOUN
dev-s87,28,Domini,Dominus,PROPN
dev-s87,29,nostri,noster,DET
dev-s87,30,Iesu,Iesus,PROPN
dev-s87,31,Christi,Christus,PROPN
dev-s87,32,reddere,reddo,VERB
dev-s87,33,debeamus,debeo,VERB
dev-s87,34,argentum,argentum,NOUN
dev-s87,35,denarios,denarius,NOUN
dev-s87,36,bonos,bonus,ADJ
dev-s87,37,expendiviles,expendibilis,ADJ
dev-s87,38,numero,numerus,NOUN
dev-s87,39,nonaginta,nonaginta,NUM
dev-s87,40,.,.,PUNCT
dev-s88,1,et,et,CCONJ
dev-s88,2,a,ab,ADP
dev-s88,3,mandato,mandatum,NOUN
dev-s88,4,vestro,uester,DET
dev-s88,5,venire,uenio,VERB
dev-s88,6,debeamus,debeo,VERB
dev-s88,7,hic,hic,ADV
dev-s88,8,civitate,ciuitas,NOUN
dev-s88,9,Luca,Luca,PROPN
dev-s88,10,legem,lex,NOUN
dev-s88,11,et,et,CCONJ
dev-s88,12,iustitiam,iustitia,NOUN
dev-s88,13,faciendum,facio,VERB
dev-s88,14,et,et,CCONJ
dev-s88,15,tantum,tantum,ADV
dev-s88,16,.,.,PUNCT
dev-s89,1,et,et,CCONJ
dev-s89,2,si,si,SCONJ
dev-s89,3,a,ab,ADP
dev-s89,4,nos,nos,PRON
dev-s89,5,vobis,uos,PRON
dev-s89,6,hec,hic,DET
dev-s89,7,omnia,omnis,DET
dev-s89,8,qualiter,qualiter,SCONJ
dev-s89,9,superius,superius,ADV
dev-s89,10,legitur,lego,VERB
dev-s89,11,per,per,ADP
dev-s89,12,singulos,singulus,ADJ
dev-s89,13,annos,annus,NOUN
dev-s89,14,sic,sic,ADV
dev-s89,15,non,non,PART
dev-s89,16,fuerint,sum,AUX
dev-s89,17,adinpleta,adimpleo,VERB
dev-s89,18,et,et,CCONJ
dev-s89,19,conservata,conseruo,VERB
dev-s89,20,aut,aut,CCONJ
dev-s89,21,si,si,SCONJ
dev-s89,22,suprascripta,suprascriptus,DET
dev-s89,23,capanna,capanna,NOUN
dev-s89,24,et,et,CCONJ
dev-s89,25,res,res,NOUN
dev-s89,26,relaxaverimus,relaxo,VERB
dev-s89,27,vel,uel,CCONJ
dev-s89,28,si,si,SCONJ
dev-s89,29,per,per,ADP
dev-s89,30,nos,nos,PRON
dev-s89,31,pegiorata,peioro,VERB
dev-s89,32,fuerit,sum,AUX
dev-s89,33,",",",",PUNCT
dev-s89,34,spondimus,spondeo,VERB
dev-s89,35,nos,nos,PRON
dev-s89,36,qui,qui,DET
dev-s89,37,supra,supra,ADV
dev-s89,38,Urso,Ursus,PROPN
dev-s89,39,et,et,CCONJ
dev-s89,40,Lopo,lupus,PROPN
dev-s89,41,clericus,clericus,NOUN
dev-s89,42,germani,germanus,NOUN
dev-s89,43,una,una,ADV
dev-s89,44,cum,cum,ADP
dev-s89,45,nostris,noster,DET
dev-s89,46,heredes,heres,NOUN
dev-s89,47,conponere,compono,VERB
dev-s89,48,tibi,tu,PRON
dev-s89,49,qui,qui,DET
dev-s89,50,supra,supra,ADV
dev-s89,51,Gherardus,Gherardus,PROPN
dev-s89,52,episcopus,episcopus,NOUN
dev-s89,53,vel,uel,CCONJ
dev-s89,54,ad,ad,ADP
dev-s89,55,subcessoribus,successor,NOUN
dev-s89,56,tuis,tuus,DET
dev-s89,57,penam,poena,NOUN
dev-s89,58,",",",",PUNCT
dev-s89,59,argentum,argentum,NOUN
dev-s89,60,soledos,solidus,NOUN
dev-s89,61,quadraginta,quadraginta,NUM
dev-s89,62,",",",",PUNCT
dev-s89,63,quia,quia,SCONJ
dev-s89,64,taliter,taliter,ADV
dev-s89,65,inter,inter,ADP
dev-s89,66,nos,nos,PRON
dev-s89,67,convenit,conuenio,VERB
dev-s89,68,.,.,PUNCT
dev-s90,1,et,et,CCONJ
dev-s90,2,duas,duo,NUM
dev-s90,3,inter,inter,ADP
dev-s90,4,nos,nos,PRON
dev-s90,5,cartulas,chartula,NOUN
dev-s90,6,Rachifonsum,Rachifonsus,PROPN
dev-s90,7,notarium,notarius,NOUN
dev-s90,8,scribere,scribo,VERB
dev-s90,9,rogavimus,rogo,VERB
dev-s90,10,.,.,PUNCT
dev-s91,1,actum,ago,VERB
dev-s91,2,Luca,Luca,PROPN
dev-s91,3,.,.,PUNCT
dev-s92,1,signum,signum,NOUN
dev-s92,2,+,+,PUNCT
dev-s92,3,manus,manus,NOUN
dev-s92,4,Ursi,Ursus,PROPN
dev-s92,5,",",",",PUNCT
dev-s92,6,qui,qui,PRON
dev-s92,7,hunc,hic,DET
dev-s92,8,libellum,libellus,NOUN
dev-s92,9,fieri,fio,VERB
dev-s92,10,rogavit,rogo,VERB
dev-s92,11,.,.,PUNCT
dev-s93,1,+,+,PUNCT
dev-s93,2,Ego,ego,PRON
dev-s93,3,Lopo,lupus,PROPN
dev-s93,4,clericus,clericus,NOUN
dev-s93,5,in,in,ADP
dev-s93,6,unc,hic,DET
dev-s93,7,libello,libellus,NOUN
dev-s93,8,a,ab,ADP
dev-s93,9,nos,nos,PRON
dev-s93,10,facto,facio,VERB
dev-s93,11,manu,manus,NOUN
dev-s93,12,mea,meus,DET
dev-s93,13,subscripsi,subscribo,VERB
dev-s93,14,.,.,PUNCT
dev-s94,1,+,+,PUNCT
dev-s94,2,Ego,ego,PRON
dev-s94,3,Teudimundus,Teudimundus,PROPN
dev-s94,4,",",",",PUNCT
dev-s94,5,rogatus,rogo,VERB
dev-s94,6,a,ab,ADP
dev-s94,7,suprascripti,suprascriptus,DET
dev-s94,8,germani,germanus,NOUN
dev-s94,9,",",",",PUNCT
dev-s94,10,subscripsi,subscribo,VERB
dev-s94,11,.,.,PUNCT
dev-s95,1,+,+,PUNCT
dev-s95,2,Ego,ego,PRON
dev-s95,3,Teuprandus,Teutprandus,PROPN
dev-s95,4,",",",",PUNCT
dev-s95,5,rogatus,rogo,VERB
dev-s95,6,a,ab,ADP
dev-s95,7,suprascripti,suprascriptus,DET
dev-s95,8,germani,germanus,NOUN
dev-s95,9,",",",",PUNCT
dev-s95,10,me,ego,PRON
dev-s95,11,teste,testis,NOUN
dev-s95,12,subscripsi,subscribo,VERB
dev-s95,13,.,.,PUNCT
dev-s96,1,+,+,PUNCT
dev-s96,2,Ego,ego,PRON
dev-s96,3,Fraolmi,Fraolmus,PROPN
dev-s96,4,",",",",PUNCT
dev-s96,5,rogatus,rogo,VERB
dev-s96,6,a,ab,ADP
dev-s96,7,suprascripti,suprascriptus,DET
dev-s96,8,germani,germanus,NOUN
dev-s96,9,",",",",PUNCT
dev-s96,10,subscripsi,subscribo,VERB
dev-s96,11,.,.,PUNCT
dev-s97,1,signum,signum,NOUN
dev-s97,2,+,+,PUNCT
dev-s97,3,manus,manus,NOUN
dev-s97,4,Vuilleradi,Wileradus,PROPN
dev-s97,5,",",",",PUNCT
dev-s97,6,filio,filius,NOUN
dev-s97,7,quondam,quondam,ADJ
dev-s97,8,Osprandi,Osprandus,PROPN
dev-s97,9,",",",",PUNCT
dev-s97,10,testis,testis,NOUN
dev-s97,11,.,.,PUNCT
dev-s98,1,+,+,PUNCT
dev-s98,2,Ego,ego,PRON
dev-s98,3,Ghisolfo,Ghisolfus,PROPN
dev-s98,4,",",",",PUNCT
dev-s98,5,rogatus,rogo,VERB
dev-s98,6,a,ab,ADP
dev-s98,7,suprascripti,suprascriptus,DET
dev-s98,8,germani,germanus,NOUN
dev-s98,9,",",",",PUNCT
dev-s98,10,me,ego,PRON
dev-s98,11,teste,testis,NOUN
dev-s98,12,subscripsi,subscribo,VERB
dev-s98,13,.,.,PUNCT
dev-s99,1,+,+,PUNCT
dev-s99,2,Ego,ego,PRON
dev-s99,3,Eriteo,Eriteus,PROPN
dev-s99,4,schabinus,scabinus,NOUN
dev-s99,5,suscripsi,subscribo,VERB
dev-s99,6,.,.,PUNCT
dev-s100,1,signum,signum,NOUN
dev-s100,2,+,+,PUNCT
dev-s100,3,manus,manus,NOUN
dev-s100,4,Liuttardi,Liuthardus,PROPN
dev-s100,5,",",",",PUNCT
dev-s100,6,filio,filius,NOUN
dev-s100,7,bone,bonus,ADJ
dev-s100,8,memorie,memoria,NOUN
dev-s100,9,Ghitidolfi,Ghitidolfus,PROPN
dev-s100,10,",",",",PUNCT
dev-s100,11,testis,testis,NOUN
dev-s100,12,.,.,PUNCT
dev-s101,1,+,+,PUNCT
dev-s101,2,Ego,ego,PRON
dev-s101,3,Rachifonsus,Rachifonsus,PROPN
dev-s101,4,notarius,notarius,NOUN
dev-s101,5,post,post,ADP
dev-s101,6,traditam,trado,VERB
dev-s101,7,conplevi,compleo,VERB
dev-s101,8,et,et,CCONJ
dev-s101,9,dedi,do,VERB
dev-s101,10,.,.,PUNCT
dev-s102,1,In,in,ADP
dev-s102,2,Dei,Deus,PROPN
dev-s102,3,omnipotentis,omnipotens,ADJ
dev-s102,4,nomine,nomen,NOUN
dev-s102,5,regnante,regno,VERB
dev-s102,6,domno,domnus,NOUN
dev-s102,7,nostro,noster,DET
dev-s102,8,Karolus,Carolus,PROPN
dev-s102,9,divina,diuinus,ADJ
dev-s102,10,faventem,faueo,VERB
dev-s102,11,clementia,clementia,NOUN
dev-s102,12,imperator,imperator,NOUN
dev-s102,13,augusto,augustus,NOUN
dev-s102,14,",",",",PUNCT
dev-s102,15,anno,annus,NOUN
dev-s102,16,imperii,imperium,NOUN
dev-s102,17,eius,is,PRON
dev-s102,18,secundo,secundus,ADJ
dev-s102,19,",",",",PUNCT
dev-s102,20,tertio,tertius,ADJ
dev-s102,21,decimo,decimus,ADJ
dev-s102,22,kalendas,kalendae,NOUN
dev-s102,23,februarii,Februarius,PROPN
dev-s102,24,",",",",PUNCT
dev-s102,25,indictione,indictio,NOUN
dev-s102,26,quinta,quintus,ADJ
dev-s102,27,decima,decimus,ADJ
dev-s102,28,.,.,PUNCT
dev-s103,1,manifesti,manifestus,ADJ
dev-s103,2,sumus,sum,AUX
dev-s103,3,nos,nos,PRON
dev-s103,4,Rachiprando,Rachiprandus,PROPN
dev-s103,5,et,et,CCONJ
dev-s103,6,Rachifuso,Rachifonsus,PROPN
dev-s103,7,germani,germanus,NOUN
dev-s103,8,",",",",PUNCT
dev-s103,9,filii,filius,NOUN
dev-s103,10,quondam,quondam,ADJ
dev-s103,11,Odalprandi,Odalprandus,PROPN
dev-s103,12,",",",",PUNCT
dev-s103,13,quia,quia,SCONJ
dev-s103,14,tu,tu,PRON
dev-s103,15,Gherardus,Gherardus,PROPN
dev-s103,16,episcopus,episcopus,NOUN
dev-s103,17,",",",",PUNCT
dev-s103,18,filio,filius,NOUN
dev-s103,19,bone,bonus,ADJ
dev-s103,20,memorie,memoria,NOUN
dev-s103,21,Ghottifridi,Gottfridus,PROPN
dev-s103,22,",",",",PUNCT
dev-s103,23,per,per,ADP
dev-s103,24,cartulam,chartula,NOUN
dev-s103,25,livellario,libellarius,ADJ
dev-s103,26,nomine,nomen,NOUN
dev-s103,27,dedisti,do,VERB
dev-s103,28,nobis,nos,PRON
dev-s103,29,id,is,PRON
dev-s103,30,est,sum,AUX
dev-s103,31,casa,casa,NOUN
dev-s103,32,et,et,CCONJ
dev-s103,33,res,res,NOUN
dev-s103,34,illa,ille,DET
dev-s103,35,quam,qui,PRON
dev-s103,36,abis,habeo,VERB
dev-s103,37,in,in,ADP
dev-s103,38,loco,locus,NOUN
dev-s103,39,ubi,ubi,ADV
dev-s103,40,dicitur,dico,VERB
dev-s103,41,Massa,Massa,PROPN
dev-s103,42,prope,prope,ADP
dev-s103,43,Frigido,Frigidus,PROPN
dev-s103,44,",",",",PUNCT
dev-s103,45,qui,qui,PRON
dev-s103,46,recta,rego,VERB
dev-s103,47,fuit,sum,AUX
dev-s103,48,per,per,ADP
dev-s103,49,suprascripto,suprascriptus,DET
dev-s103,50,genitore,genitor,NOUN
dev-s103,51,nostro,noster,DET
dev-s103,52,et,et,CCONJ
dev-s103,53,modo,modo,ADV
dev-s103,54,recta,rego,VERB
dev-s103,55,esse,sum,AUX
dev-s103,56,videtur,uideo,VERB
dev-s103,57,per,per,ADP
dev-s103,58,nos,nos,PRON
dev-s103,59,ipsis,ipse,DET
dev-s103,60,;,;,PUNCT
dev-s104,1,casa,casa,NOUN
dev-s104,2,ipsa,ipse,DET
dev-s104,3,cun,cum,ADP
dev-s104,4,fundamento,fundamentum,NOUN
dev-s104,5,et,et,CCONJ
dev-s104,6,edeficio,aedificium,NOUN
dev-s104,7,suo,suus,DET
dev-s104,8,seo,seu,CCONJ
dev-s104,9,curte,curtis,NOUN
dev-s104,10,",",",",PUNCT
dev-s104,11,orto,hortus,NOUN
dev-s104,12,",",",",PUNCT
dev-s104,13,terris,terra,NOUN
dev-s104,14,",",",",PUNCT
dev-s104,15,vineis,uinea,NOUN
dev-s104,16,",",",",PUNCT
dev-s104,17,olivis,oliua,NOUN
dev-s104,18,",",",",PUNCT
dev-s104,19,silvis,silua,NOUN
dev-s104,20,",",",",PUNCT
dev-s104,21,virgariis,uirgareum,NOUN
dev-s104,22,",",",",PUNCT
dev-s104,23,pratis,pratum,NOUN
dev-s104,24,",",",",PUNCT
dev-s104,25,pascuis,pascuum,NOUN
dev-s104,26,",",",",PUNCT
dev-s104,27,cultis,cultus,ADJ
dev-s104,28,rebus,res,NOUN
dev-s104,29,vel,uel,CCONJ
dev-s104,30,incultis,incultus,ADJ
dev-s104,31,",",",",PUNCT
dev-s104,32,omnia,omnis,DET
dev-s104,33,quantum,quantum,ADV
dev-s104,34,ad,ad,ADP
dev-s104,35,ipsa,ipse,DET
dev-s104,36,casa,casa,NOUN
dev-s104,37,est,sum,AUX
dev-s104,38,pertenentes,pertineo,VERB
dev-s104,39,",",",",PUNCT
dev-s104,40,et,et,CCONJ
dev-s104,41,nos,nos,PRON
dev-s104,42,ipsis,ipse,DET
dev-s104,43,exinde,exinde,ADV
dev-s104,44,ad,ad,ADP
dev-s104,45,manus,manus,NOUN
dev-s104,46,nostras,noster,DET
dev-s104,47,abere,habeo,VERB
dev-s104,48,videtur,uideo,VERB
dev-s104,49,",",",",PUNCT
dev-s104,50,in,in,ADP
dev-s104,51,integrum,integer,ADJ
dev-s104,52,nobis,nos,PRON
dev-s104,53,dedisti,do,VERB
dev-s104,54,tali,talis,DET
dev-s104,55,ordinem,ordo,NOUN
dev-s104,56,ut,ut,SCONJ
dev-s104,57,nos,nos,PRON
dev-s104,58,",",",",PUNCT
dev-s104,59,vel,uel,CCONJ
dev-s104,60,nostris,noster,DET
dev-s104,61,heredibus,heres,NOUN
dev-s104,62,",",",",PUNCT
dev-s104,63,in,in,ADP
dev-s104,64,ipsa,ipse,DET
dev-s104,65,casa,casa,NOUN
dev-s104,66,residere,resideo,VERB
dev-s104,67,et,et,CCONJ
dev-s104,68,abitare,habito,VERB
dev-s104,69,debeamus,debeo,VERB
dev-s104,70,",",",",PUNCT
dev-s104,71,et,et,CCONJ
dev-s104,72,tam,tam,ADV
dev-s104,73,ipsa,ipse,DET
dev-s104,74,casa,casa,NOUN
dev-s104,75,et,et,CCONJ
dev-s104,76,res,res,NOUN
dev-s104,77,bene,bene,ADV
dev-s104,78,laborare,laboro,VERB
dev-s104,79,et,et,CCONJ
dev-s104,80,gubernare,guberno,VERB
dev-s104,81,seo,seu,CCONJ
dev-s104,82,meliorare,melioro,VERB
dev-s104,83,debeamus,debeo,VERB
dev-s104,84,nobis,nos,PRON
dev-s104,85,privatum,priuo,VERB
dev-s104,86,fruendum,fruor,VERB
dev-s104,87,.,.,PUNCT
dev-s105,1,nisi,nisi,CCONJ
dev-s105,2,tantum,tantum,ADV
dev-s105,3,pro,pro,ADP
dev-s105,4,omni,omnis,DET
dev-s105,5,censum,census,NOUN
dev-s105,6,et,et,CCONJ
dev-s105,7,iustitia,iustitia,NOUN
dev-s105,8,exinde,exinde,ADV
dev-s105,9,tibi,tu,PRON
dev-s105,10,per,per,ADP
dev-s105,11,singulos,singulus,ADJ
dev-s105,12,annos,annus,NOUN
dev-s105,13,a,ad,ADP
dev-s105,14,curte,curtis,NOUN
dev-s105,15,tua,tuus,DET
dev-s105,16,domnicata,domnicatus,ADJ
dev-s105,17,illa,ille,DET
dev-s105,18,in,in,ADP
dev-s105,19,loco,locus,NOUN
dev-s105,20,ubi,ubi,ADV
dev-s105,21,dicitur,dico,VERB
dev-s105,22,Quarantula,Quarantula,PROPN
dev-s105,23,prope,prope,ADP
dev-s105,24,Frigido,Frigidus,PROPN
dev-s105,25,tibi,tu,PRON
dev-s105,26,",",",",PUNCT
dev-s105,27,vel,uel,CCONJ
dev-s105,28,ad,ad,ADP
dev-s105,29,ministeriales,ministerialis,NOUN
dev-s105,30,tuos,tuus,DET
dev-s105,31,quas,qui,PRON
dev-s105,32,in,in,ADP
dev-s105,33,ipsa,ipse,DET
dev-s105,34,curte,curtis,NOUN
dev-s105,35,pre,prae,ADP
dev-s105,36,tempore,tempus,NOUN
dev-s105,37,fuerit,sum,AUX
dev-s105,38,",",",",PUNCT
dev-s105,39,reddere,reddo,VERB
dev-s105,40,debeamus,debeo,VERB
dev-s105,41,argentum,argentum,NOUN
dev-s105,42,denarios,denarius,NOUN
dev-s105,43,duodecim,duodecim,NUM
dev-s105,44,boni,bonus,ADJ
dev-s105,45,expendivilis,expendibilis,ADJ
dev-s105,46,;,;,PUNCT
dev-s106,1,et,et,CCONJ
dev-s106,2,per,per,ADP
dev-s106,3,singolos,singulus,ADJ
dev-s106,4,annos,annus,NOUN
dev-s106,5,ad,ad,ADP
dev-s106,6,ipsa,ipse,DET
dev-s106,7,curte,curtis,NOUN
dev-s106,8,tua,tuus,DET
dev-s106,9,domnicata,domnicatus,ADJ
dev-s106,10,facere,facio,VERB
dev-s106,11,debeamus,debeo,VERB
dev-s106,12,operas,opera,NOUN
dev-s106,13,tres,tres,NUM
dev-s106,14,",",",",PUNCT
dev-s106,15,et,et,CCONJ
dev-s106,16,a,ab,ADP
dev-s106,17,mandato,mandatum,NOUN
dev-s106,18,vestro,uester,DET
dev-s106,19,ad,ad,ADP
dev-s106,20,ipsa,ipse,DET
dev-s106,21,curte,curtis,NOUN
dev-s106,22,tua,tuus,DET
dev-s106,23,domnicata,domnicatus,ADJ
dev-s106,24,venire,uenio,VERB
dev-s106,25,debeamus,debeo,VERB
dev-s106,26,legem,lex,NOUN
dev-s106,27,et,et,CCONJ
dev-s106,28,iustitiam,iustitia,NOUN
dev-s106,29,faciendum,facio,VERB
dev-s106,30,tantum,tantum,ADV
dev-s106,31,.,.,PUNCT
dev-s107,1,et,et,CCONJ
dev-s107,2,si,si,SCONJ
dev-s107,3,nos,nos,PRON
dev-s107,4,tibi,tu,PRON
dev-s107,5,taliter,taliter,ADV
dev-s107,6,non,non,PART
dev-s107,7,adimpleverimus,adimpleo,VERB
dev-s107,8,sicut,sicut,SCONJ
dev-s107,9,supra,supra,ADV
dev-s107,10,legitur,lego,VERB
dev-s107,11,",",",",PUNCT
dev-s107,12,et,et,CCONJ
dev-s107,13,nos,nos,PRON
dev-s107,14,suprascripta,suprascriptus,DET
dev-s107,15,casa,casa,NOUN
dev-s107,16,et,et,CCONJ
dev-s107,17,res,res,NOUN
dev-s107,18,relassaverimus,relaxo,VERB
dev-s107,19,",",",",PUNCT
dev-s107,20,vel,uel,CCONJ
dev-s107,21,si,si,SCONJ
dev-s107,22,per,per,ADP
dev-s107,23,nos,nos,PRON
dev-s107,24,pegiorata,peioro,VERB
dev-s107,25,fuerit,sum,AUX
dev-s107,26,",",",",PUNCT
dev-s107,27,spondimus,spondeo,VERB
dev-s107,28,nos,nos,PRON
dev-s107,29,qui,qui,DET
dev-s107,30,supra,supra,ADV
dev-s107,31,Rachiprando,Rachiprandus,PROPN
dev-s107,32,et,et,CCONJ
dev-s107,33,Rachifuso,Rachifonsus,PROPN
dev-s107,34,germani,germanus,NOUN
dev-s107,35,",",",",PUNCT
dev-s107,36,una,una,ADV
dev-s107,37,cum,cum,ADP
dev-s107,38,nostris,noster,DET
dev-s107,39,heredibus,heres,NOUN
dev-s107,40,",",",",PUNCT
dev-s107,41,conponere,compono,VERB
dev-s107,42,tibi,tu,PRON
dev-s107,43,qui,qui,DET
dev-s107,44,supra,supra,ADV
dev-s107,45,Gherardus,Gherardus,PROPN
dev-s107,46,episcopus,episcopus,NOUN
dev-s107,47,penam,poena,NOUN
dev-s107,48,",",",",PUNCT
dev-s107,49,argentum,argentum,NOUN
dev-s107,50,soledos,solidus,NOUN
dev-s107,51,triginta,triginta,NUM
dev-s107,52,",",",",PUNCT
dev-s107,53,quia,quia,SCONJ
dev-s107,54,taliter,taliter,ADV
dev-s107,55,inter,inter,ADP
dev-s107,56,nos,nos,PRON
dev-s107,57,convenit,conuenio,VERB
dev-s107,58,et,et,CCONJ
dev-s107,59,duas,duo,NUM
dev-s107,60,cartulas,chartula,NOUN
dev-s107,61,Lopo,lupus,PROPN
dev-s107,62,notarium,notarius,NOUN
dev-s107,63,scribere,scribo,VERB
dev-s107,64,rogavimus,rogo,VERB
dev-s107,65,.,.,PUNCT
dev-s108,1,actum,ago,VERB
dev-s108,2,Luca,Luca,PROPN
dev-s108,3,.,.,PUNCT
dev-s109,1,signa,signum,NOUN
dev-s109,2,+,+,PUNCT
dev-s109,3,+,+,PUNCT
dev-s109,4,manus,manus,NOUN
dev-s109,5,Rachiprandi,Rachiprandus,PROPN
dev-s109,6,et,et,CCONJ
dev-s109,7,Rachifusi,Rachifonsus,PROPN
dev-s109,8,germani,germanus,NOUN
dev-s109,9,qui,qui,PRON
dev-s109,10,hunc,hic,DET
dev-s109,11,libello,libellus,NOUN
dev-s109,12,fieri,fio,VERB
dev-s109,13,rogaverunt,rogo,VERB
dev-s109,14,.,.,PUNCT
dev-s110,1,ego,ego,PRON
dev-s110,2,Atrualdus,Atrualdus,PROPN
dev-s110,3,notarius,notarius,NOUN
dev-s110,4,",",",",PUNCT
dev-s110,5,rogatus,rogo,VERB
dev-s110,6,ad,ab,ADP
dev-s110,7,suprascripti,suprascriptus,DET
dev-s110,8,germani,germanus,NOUN
dev-s110,9,",",",",PUNCT
dev-s110,10,me,ego,PRON
dev-s110,11,teste,testis,NOUN
dev-s110,12,subscripsi,subscribo,VERB
dev-s110,13,.,.,PUNCT
dev-s111,1,ego,ego,PRON
dev-s111,2,Andreas,Andreas,PROPN
dev-s111,3,notarius,notarius,NOUN
dev-s111,4,",",",",PUNCT
dev-s111,5,rogatus,rogo,VERB
dev-s111,6,ad,ab,ADP
dev-s111,7,suprascripti,suprascriptus,DET
dev-s111,8,germani,germanus,NOUN
dev-s111,9,",",",",PUNCT
dev-s111,10,me,ego,PRON
dev-s111,11,teste,testis,NOUN
dev-s111,12,subscripsi,subscribo,VERB
dev-s111,13,.,.,PUNCT
dev-s112,1,ego,ego,PRON
dev-s112,2,Alpertus,Alpertus,PROPN
dev-s112,3,",",",",PUNCT
dev-s112,4,rogatus,rogo,VERB
dev-s112,5,ad,ab,ADP
dev-s112,6,suprascripti,suprascriptus,DET
dev-s112,7,germani,germanus,NOUN
dev-s112,8,",",",",PUNCT
dev-s112,9,me,ego,PRON
dev-s112,10,teste,testis,NOUN
dev-s112,11,subscripsi,subscribo,VERB
dev-s112,12,.,.,PUNCT
dev-s113,1,signum,signum,NOUN
dev-s113,2,+,+,PUNCT
dev-s113,3,manus,manus,NOUN
dev-s113,4,Filippi,Filippus,PROPN
dev-s113,5,filio,filius,NOUN
dev-s113,6,Sclauchi,Sclauchus,PROPN
dev-s113,7,",",",",PUNCT
dev-s113,8,testis,testis,NOUN
dev-s113,9,.,.,PUNCT
dev-s114,1,ego,ego,PRON
dev-s114,2,Lopo,lupus,PROPN
dev-s114,3,notarius,notarius,NOUN
dev-s114,4,post,post,ADP
dev-s114,5,traditam,trado,VERB
dev-s114,6,conplevi,compleo,VERB
dev-s114,7,et,et,CCONJ
dev-s114,8,dedi,do,VERB
dev-s114,9,.,.,PUNCT
dev-s115,1,In,in,ADP
dev-s115,2,Dei,Deus,PROPN
dev-s115,3,omnipotentis,omnipotens,ADJ
dev-s115,4,nomine,nomen,NOUN
dev-s115,5,regnante,regno,VERB
dev-s115,6,domno,domnus,NOUN
dev-s115,7,nostro,noster,DET
dev-s115,8,Karolus,Carolus,PROPN
dev-s115,9,divina,diuinus,ADJ
dev-s115,10,favente,faueo,VERB
dev-s115,11,clementiam,clementia,NOUN
dev-s115,12,imperatore,imperator,NOUN
dev-s115,13,augusto,augustus,NOUN
dev-s115,14,",",",",PUNCT
dev-s115,15,anno,annus,NOUN
dev-s115,16,imperii,imperium,NOUN
dev-s115,17,eius,is,PRON
dev-s115,18,secundo,secundus,ADJ
dev-s115,19,",",",",PUNCT
dev-s115,20,nono,nonus,ADJ
dev-s115,21,kalendas,kalendae,NOUN
dev-s115,22,magias,maius,ADJ
dev-s115,23,",",",",PUNCT
dev-s115,24,indictione,indictio,NOUN
dev-s115,25,quinta,quintus,ADJ
dev-s115,26,decima,decimus,ADJ
dev-s115,27,.,.,PUNCT
dev-s116,1,manifesti,manifestus,ADJ
dev-s116,2,sumus,sum,AUX
dev-s116,3,nos,nos,PRON
dev-s116,4,Ataprando,Ataprandus,PROPN
dev-s116,5,",",",",PUNCT
dev-s116,6,filio,filius,NOUN
dev-s116,7,quondam,quondam,ADJ
dev-s116,8,Vuilii,Guillus,PROPN
dev-s116,9,",",",",PUNCT
dev-s116,10,et,et,CCONJ
dev-s116,11,Leoprando,Leoprandus,PROPN
dev-s116,12,",",",",PUNCT
dev-s116,13,filio,filius,NOUN
dev-s116,14,quondam,quondam,ADJ
dev-s116,15,Liuprandi,Liutprandus,PROPN
dev-s116,16,",",",",PUNCT
dev-s116,17,quia,quia,SCONJ
dev-s116,18,tu,tu,PRON
dev-s116,19,Gherardus,Gherardus,PROPN
dev-s116,20,",",",",PUNCT
dev-s116,21,gratia,gratia,NOUN
dev-s116,22,Dei,Deus,PROPN
dev-s116,23,uius,hic,DET
dev-s116,24,sancte,sanctus,ADJ
dev-s116,25,Lucane,lucanus,ADJ
dev-s116,26,ecclesie,ecclesia,NOUN
dev-s116,27,humilis,humilis,ADJ
dev-s116,28,episcopus,episcopus,NOUN
dev-s116,29,",",",",PUNCT
dev-s116,30,per,per,ADP
dev-s116,31,cartula,chartula,NOUN
dev-s116,32,livellario,libellarius,ADJ
dev-s116,33,nomine,nomen,NOUN
dev-s116,34,ad,ad,ADP
dev-s116,35,censum,census,NOUN
dev-s116,36,perexolvendum,perexsoluo,VERB
dev-s116,37,dedisti,do,VERB
dev-s116,38,nobis,nos,PRON
dev-s116,39,id,is,PRON
dev-s116,40,est,sum,AUX
dev-s116,41,una,unus,DET
dev-s116,42,petia,petia,NOUN
dev-s116,43,de,de,ADP
dev-s116,44,terra,terra,NOUN
dev-s116,45,et,et,CCONJ
dev-s116,46,silva,silua,NOUN
dev-s116,47,in,in,ADP
dev-s116,48,loco,locus,NOUN
dev-s116,49,ubi,ubi,ADV
dev-s116,50,dicitur,dico,VERB
dev-s116,51,Leutariola,Leutariula,PROPN
dev-s116,52,",",",",PUNCT
dev-s116,53,prope,prope,ADP
dev-s116,54,Cercleto,Circuletum,PROPN
dev-s116,55,",",",",PUNCT
dev-s116,56,pertenentes,pertineo,VERB
dev-s116,57,ecclesie,ecclesia,NOUN
dev-s116,58,sancti,sanctus,ADJ
dev-s116,59,Fridiani,Fridianus,PROPN
dev-s116,60,in,in,ADP
dev-s116,61,loco,locus,NOUN
dev-s116,62,Lunata,Lunata,PROPN
dev-s116,63,quod,qui,PRON
dev-s116,64,est,sum,AUX
dev-s116,65,plebe,plebs,NOUN
dev-s116,66,battismali,baptismalis,ADJ
dev-s116,67,et,et,CCONJ
dev-s116,68,qui,qui,PRON
dev-s116,69,est,sum,AUX
dev-s116,70,desup,desub,ADP
dev-s116,71,potestate,potestas,NOUN
dev-s116,72,episcupatu,episcopatus,NOUN
dev-s116,73,vestro,uester,DET
dev-s116,74,sancti,sanctus,ADJ
dev-s116,75,Martini,Martinus,PROPN
dev-s116,76,;,;,PUNCT
dev-s117,1,qui,qui,PRON
dev-s117,2,uno,unus,DET
dev-s117,3,capo,caput,NOUN
dev-s117,4,tenet,teneo,VERB
dev-s117,5,in,in,ADP
dev-s117,6,terra,terra,NOUN
dev-s117,7,et,et,CCONJ
dev-s117,8,vinea,uinea,NOUN
dev-s117,9,de,de,ADP
dev-s117,10,filii,filius,NOUN
dev-s117,11,quondam,quondam,ADJ
dev-s117,12,Gumpaldi,Gumpaldus,PROPN
dev-s117,13,",",",",PUNCT
dev-s117,14,alio,alius,DET
dev-s117,15,capo,caput,NOUN
dev-s117,16,tenet,teneo,VERB
dev-s117,17,in,in,ADP
dev-s117,18,silva,silua,NOUN
dev-s117,19,suprascripte,suprascriptus,DET
dev-s117,20,sancti,sanctus,ADJ
dev-s117,21,Fridiani,Fridianus,PROPN
dev-s117,22,quas,qui,PRON
dev-s117,23,Antulo,Antulus,PROPN
dev-s117,24,ad,ad,ADP
dev-s117,25,manus,manus,NOUN
dev-s117,26,suas,suus,DET
dev-s117,27,abere,habeo,VERB
dev-s117,28,videtur,uideo,VERB
dev-s117,29,",",",",PUNCT
dev-s117,30,lato,latus,NOUN
dev-s117,31,uno,unus,DET
dev-s117,32,tenet,teneo,VERB
dev-s117,33,in,in,ADP
dev-s117,34,terra,terra,NOUN
dev-s117,35,suprascripte,suprascriptus,DET
dev-s117,36,ecclesie,ecclesia,NOUN
dev-s117,37,sancti,sanctus,ADJ
dev-s117,38,Fridiani,Fridianus,PROPN
dev-s117,39,quas,qui,PRON
dev-s117,40,Rapperto,Ratpertus,PROPN
dev-s117,41,ad,ad,ADP
dev-s117,42,manus,manus,NOUN
dev-s117,43,suas,suus,DET
dev-s117,44,abere,habeo,VERB
dev-s117,45,videtur,uideo,VERB
dev-s117,46,",",",",PUNCT
dev-s117,47,alio,alius,DET
dev-s117,48,lato,latus,NOUN
dev-s117,49,tenet,teneo,VERB
dev-s117,50,in,in,ADP
dev-s117,51,terra,terra,NOUN
dev-s117,52,et,et,CCONJ
dev-s117,53,silva,silua,NOUN
dev-s117,54,suprascripte,suprascriptus,DET
dev-s117,55,ecclesie,ecclesia,NOUN
dev-s117,56,sancti,sanctus,ADJ
dev-s117,57,Fridiani,Fridianus,PROPN
dev-s117,58,",",",",PUNCT
dev-s117,59,quas,qui,PRON
dev-s117,60,filii,filius,NOUN
dev-s117,61,suprascripti,suprascriptus,DET
dev-s117,62,Gumpaldi,Gumpaldus,PROPN
dev-s117,63,et,et,CCONJ
dev-s117,64,filii,filius,NOUN
dev-s117,65,Taculi,Taculus,PROPN
dev-s117,66,abere,habeo,VERB
dev-s117,67,videtur,uideo,VERB
dev-s117,68,;,;,PUNCT
dev-s118,1,suprascripta,suprascriptus,DET
dev-s118,2,petia,petia,NOUN
dev-s118,3,de,de,ADP
dev-s118,4,terra,terra,NOUN
dev-s118,5,et,et,CCONJ
dev-s118,6,silva,silua,NOUN
dev-s118,7,",",",",PUNCT
dev-s118,8,qualiter,qualiter,SCONJ
dev-s118,9,ab,ab,ADP
dev-s118,10,omnis,omnis,DET
dev-s118,11,partes,pars,NOUN
dev-s118,12,circumdata,circumdo,VERB
dev-s118,13,est,sum,AUX
dev-s118,14,per,per,ADP
dev-s118,15,designatas,designo,VERB
dev-s118,16,locas,locum,NOUN
dev-s118,17,",",",",PUNCT
dev-s118,18,nobis,nos,PRON
dev-s118,19,eas,is,PRON
dev-s118,20,dedisti,do,VERB
dev-s118,21,in,in,ADP
dev-s118,22,integrum,integer,ADJ
dev-s118,23,usque,usque,ADV
dev-s118,24,in,in,ADP
dev-s118,25,anni,annus,NOUN
dev-s118,26,viginti,uiginti,NUM
dev-s118,27,et,et,CCONJ
dev-s118,28,quinque,quinque,NUM
dev-s118,29,tali,talis,DET
dev-s118,30,ordinem,ordo,NOUN
dev-s118,31,ut,ut,SCONJ
dev-s118,32,da,da,ADP
dev-s118,33,ammodum,admodum,ADV
dev-s118,34,in,in,ADP
dev-s118,35,nostra,noster,DET
dev-s118,36,",",",",PUNCT
dev-s118,37,vel,uel,CCONJ
dev-s118,38,de,de,ADP
dev-s118,39,nostris,noster,DET
dev-s118,40,heredibus,heres,NOUN
dev-s118,41,",",",",PUNCT
dev-s118,42,sint,sum,AUX
dev-s118,43,potestate,potestas,NOUN
dev-s118,44,eas,is,PRON
dev-s118,45,abendi,habeo,VERB
dev-s118,46,",",",",PUNCT
dev-s118,47,imperandi,impero,VERB
dev-s118,48,",",",",PUNCT
dev-s118,49,laborandi,laboro,VERB
dev-s118,50,et,et,CCONJ
dev-s118,51,vobis,uos,PRON
dev-s118,52,eas,is,PRON
dev-s118,53,privato,priuo,VERB
dev-s118,54,nomine,nomen,NOUN
dev-s118,55,usufructuandi,usufructuo,VERB
dev-s118,56,.,.,PUNCT
dev-s119,1,nisi,nisi,CCONJ
dev-s119,2,tantum,tantum,ADV
dev-s119,3,pro,pro,ADP
dev-s119,4,omni,omnis,DET
dev-s119,5,censum,census,NOUN
dev-s119,6,et,et,CCONJ
dev-s119,7,iustitiam,iustitia,NOUN
dev-s119,8,exinde,exinde,ADV
dev-s119,9,tibi,tu,PRON
dev-s119,10,",",",",PUNCT
dev-s119,11,vel,uel,CCONJ
dev-s119,12,ad,ad,ADP
dev-s119,13,subcessores,successor,NOUN
dev-s119,14,tuos,tuus,DET
dev-s119,15,ad,ad,ADP
dev-s119,16,pars,pars,NOUN
dev-s119,17,suprascripte,suprascriptus,DET
dev-s119,18,ecclesie,ecclesia,NOUN
dev-s119,19,sancti,sanctus,ADJ
dev-s119,20,Fridiani,Fridianus,PROPN
dev-s119,21,",",",",PUNCT
dev-s119,22,per,per,ADP
dev-s119,23,singulos,singulus,ADJ
dev-s119,24,annos,annus,NOUN
dev-s119,25,in,in,ADP
dev-s119,26,mense,mensis,NOUN
dev-s119,27,novembrio,nouembrius,ADJ
dev-s119,28,reddere,reddo,VERB
dev-s119,29,debeamus,debeo,VERB
dev-s119,30,ad,ad,ADP
dev-s119,31,suprascripta,suprascriptus,DET
dev-s119,32,ecclesia,ecclesia,NOUN
dev-s119,33,sancti,sanctus,ADJ
dev-s119,34,Fridiani,Fridianus,PROPN
dev-s119,35,per,per,ADP
dev-s119,36,nos,nos,PRON
dev-s119,37,",",",",PUNCT
dev-s119,38,aut,aut,CCONJ
dev-s119,39,per,per,ADP
dev-s119,40,misso,missus,NOUN
dev-s119,41,nostro,noster,DET
dev-s119,42,",",",",PUNCT
dev-s119,43,vobis,uos,PRON
dev-s119,44,vel,uel,CCONJ
dev-s119,45,ad,ad,ADP
dev-s119,46,ministerialem,ministerialis,NOUN
dev-s119,47,illum,ille,DET
dev-s119,48,quas,qui,PRON
dev-s119,49,ibi,ubi,ADV
dev-s119,50,per,per,ADP
dev-s119,51,tempore,tempus,NOUN
dev-s119,52,abueritis,habeo,VERB
dev-s119,53,",",",",PUNCT
dev-s119,54,usque,usque,ADV
dev-s119,55,in,in,ADP
dev-s119,56,suprascripti,suprascriptus,DET
dev-s119,57,viginti,uiginti,NUM
dev-s119,58,et,et,CCONJ
dev-s119,59,quinque,quinque,NUM
dev-s119,60,anni,annus,NOUN
dev-s119,61,",",",",PUNCT
dev-s119,62,argentum,argentum,NOUN
dev-s119,63,denarios,denarius,NOUN
dev-s119,64,bonos,bonus,ADJ
dev-s119,65,expendibiles,expendibilis,ADJ
dev-s119,66,numero,numerus,NOUN
dev-s119,67,tres,tres,NUM
dev-s119,68,tantum,tantum,ADV
dev-s119,69,.,.,PUNCT
dev-s120,1,et,et,CCONJ
dev-s120,2,si,si,SCONJ
dev-s120,3,a,ab,ADP
dev-s120,4,nos,nos,PRON
dev-s120,5,vobis,uos,PRON
dev-s120,6,hec,hic,DET
dev-s120,7,omnia,omnis,DET
dev-s120,8,qualiter,qualiter,SCONJ
dev-s120,9,superius,superius,ADV
dev-s120,10,legitur,lego,VERB
dev-s120,11,per,per,ADP
dev-s120,12,singulos,singulus,ADJ
dev-s120,13,annos,annus,NOUN
dev-s120,14,sic,sic,ADV
dev-s120,15,non,non,PART
dev-s120,16,fuerint,sum,AUX
dev-s120,17,adimpleta,adimpleo,VERB
dev-s120,18,et,et,CCONJ
dev-s120,19,conservata,conseruo,VERB
dev-s120,20,",",",",PUNCT
dev-s120,21,aut,aut,CCONJ
dev-s120,22,si,si,SCONJ
dev-s120,23,suprascripta,suprascriptus,DET
dev-s120,24,petia,petia,NOUN
dev-s120,25,de,de,ADP
dev-s120,26,terra,terra,NOUN
dev-s120,27,et,et,CCONJ
dev-s120,28,silva,silua,NOUN
dev-s120,29,quas,qui,PRON
dev-s120,30,nobis,nos,PRON
dev-s120,31,dedisti,do,VERB
dev-s120,32,relacxaverimus,relaxo,VERB
dev-s120,33,",",",",PUNCT
dev-s120,34,vel,uel,CCONJ
dev-s120,35,si,si,SCONJ
dev-s120,36,per,per,ADP
dev-s120,37,nos,nos,PRON
dev-s120,38,pegiorata,peioro,VERB
dev-s120,39,fuerit,sum,AUX
dev-s120,40,usque,usque,ADV
dev-s120,41,in,in,ADP
dev-s120,42,suprascripti,suprascriptus,DET
dev-s120,43,viginti,uiginti,NUM
dev-s120,44,et,et,CCONJ
dev-s120,45,quinque,quinque,NUM
dev-s120,46,anni,annus,NOUN
dev-s120,47,",",",",PUNCT
dev-s120,48,spondimus,spondeo,VERB
dev-s120,49,nos,nos,PRON
dev-s120,50,qui,qui,DET
dev-s120,51,supra,supra,ADV
dev-s120,52,Ataprando,Ataprandus,PROPN
dev-s120,53,et,et,CCONJ
dev-s120,54,Leoprando,Leoprandus,PROPN
dev-s120,55,",",",",PUNCT
dev-s120,56,una,una,ADV
dev-s120,57,cum,cum,ADP
dev-s120,58,nostris,noster,DET
dev-s120,59,heredibus,heres,NOUN
dev-s120,60,",",",",PUNCT
dev-s120,61,componere,compono,VERB
dev-s120,62,tibi,tu,PRON
dev-s120,63,qui,qui,DET
dev-s120,64,supra,supra,ADV
dev-s120,65,Gherardus,Gherardus,PROPN
dev-s120,66,episcopus,episcopus,NOUN
dev-s120,67,",",",",PUNCT
dev-s120,68,vel,uel,CCONJ
dev-s120,69,ad,ad,ADP
dev-s120,70,subcessoribus,successor,NOUN
dev-s120,71,tuis,tuus,DET
dev-s120,72,",",",",PUNCT
dev-s120,73,penam,poena,NOUN
dev-s120,74,",",",",PUNCT
dev-s120,75,argentum,argentum,NOUN
dev-s120,76,soledos,solidus,NOUN
dev-s120,77,triginta,triginta,NUM
dev-s120,78,",",",",PUNCT
dev-s120,79,quia,quia,SCONJ
dev-s120,80,taliter,taliter,ADV
dev-s120,81,inter,inter,ADP
dev-s120,82,nos,nos,PRON
dev-s120,83,convenit,conuenio,VERB
dev-s120,84,et,et,CCONJ
dev-s120,85,duas,duo,NUM
dev-s120,86,inter,inter,ADP
dev-s120,87,nos,nos,PRON
dev-s120,88,cartulas,chartula,NOUN
dev-s120,89,Petrum,Petrus,PROPN
dev-s120,90,notarium,notarius,NOUN
dev-s120,91,scribere,scribo,VERB
dev-s120,92,rogavimus,rogo,VERB
dev-s120,93,.,.,PUNCT
dev-s121,1,actum,ago,VERB
dev-s121,2,Luca,Luca,PROPN
dev-s121,3,.,.,PUNCT
dev-s122,1,signa,signum,NOUN
dev-s122,2,+,+,PUNCT
dev-s122,3,+,+,PUNCT
dev-s122,4,manus,manus,NOUN
dev-s122,5,Ataprandi,Ataprandus,PROPN
dev-s122,6,et,et,CCONJ
dev-s122,7,Leoprandi,Leoprandus,PROPN
dev-s122,8,qui,qui,PRON
dev-s122,9,hunc,hic,DET
dev-s122,10,libello,libellus,NOUN
dev-s122,11,fieri,fio,VERB
dev-s122,12,rogaverunt,rogo,VERB
dev-s122,13,.,.,PUNCT
dev-s123,1,+,+,PUNCT
dev-s123,2,Ego,ego,PRON
dev-s123,3,Lamberto,Lampertus,PROPN
dev-s123,4,",",",",PUNCT
dev-s123,5,rogatus,rogo,VERB
dev-s123,6,ab,ab,ADP
dev-s123,7,Ataprando,Ataprandus,PROPN
dev-s123,8,et,et,CCONJ
dev-s123,9,Leoprando,Leoprandus,PROPN
dev-s123,10,",",",",PUNCT
dev-s123,11,me,ego,PRON
dev-s123,12,teste,testis,NOUN
dev-s123,13,subscripsi,subscribo,VERB
dev-s123,14,.,.,PUNCT
dev-s124,1,ego,ego,PRON
dev-s124,2,Fraolmi,Fraolmus,PROPN
dev-s124,3,",",",",PUNCT
dev-s124,4,rogatus,rogo,VERB
dev-s124,5,ab,ab,ADP
dev-s124,6,Ataprando,Ataprandus,PROPN
dev-s124,7,et,et,CCONJ
dev-s124,8,Leoprando,Leoprandus,PROPN
dev-s124,9,",",",",PUNCT
dev-s124,10,subscripsi,subscribo,VERB
dev-s124,11,.,.,PUNCT
dev-s125,1,+,+,PUNCT
dev-s125,2,Ego,ego,PRON
dev-s125,3,Ghisolfo,Ghisolfus,PROPN
dev-s125,4,",",",",PUNCT
dev-s125,5,rogatus,rogo,VERB
dev-s125,6,ab,ab,ADP
dev-s125,7,Ataprando,Ataprandus,PROPN
dev-s125,8,et,et,CCONJ
dev-s125,9,Leoprando,Leoprandus,PROPN
dev-s125,10,",",",",PUNCT
dev-s125,11,me,ego,PRON
dev-s125,12,teste,testis,NOUN
dev-s125,13,subscripsi,subscribo,VERB
dev-s125,14,.,.,PUNCT
dev-s126,1,ego,ego,PRON
dev-s126,2,Cunimundo,Cunimundus,PROPN
dev-s126,3,",",",",PUNCT
dev-s126,4,rogatus,rogo,VERB
dev-s126,5,ab,ab,ADP
dev-s126,6,Ataprando,Ataprandus,PROPN
dev-s126,7,et,et,CCONJ
dev-s126,8,Leoprando,Leoprandus,PROPN
dev-s126,9,",",",",PUNCT
dev-s126,10,me,ego,PRON
dev-s126,11,teste,testis,NOUN
dev-s126,12,subscripsi,subscribo,VERB
dev-s126,13,.,.,PUNCT
dev-s127,1,ego,ego,PRON
dev-s127,2,Petrus,Petrus,PROPN
dev-s127,3,notarius,notarius,NOUN
dev-s127,4,post,post,ADP
dev-s127,5,traditam,trado,VERB
dev-s127,6,conplevi,compleo,VERB
dev-s127,7,et,et,CCONJ
dev-s127,8,dedi,do,VERB
dev-s127,9,.,.,PUNCT
dev-s128,1,In,in,ADP
dev-s128,2,Dei,Deus,PROPN
dev-s128,3,omnipotentis,omnipotens,ADJ
dev-s128,4,nomine,nomen,NOUN
dev-s128,5,regnante,regno,VERB
dev-s128,6,domno,domnus,NOUN
dev-s128,7,nostro,noster,DET
dev-s128,8,Karolus,Carolus,PROPN
dev-s128,9,divina,diuinus,ADJ
dev-s128,10,faventem,faueo,VERB
dev-s128,11,clementia,clementia,NOUN
dev-s128,12,imperatore,imperator,NOUN
dev-s128,13,augusto,augustus,NOUN
dev-s128,14,",",",",PUNCT
dev-s128,15,anno,annus,NOUN
dev-s128,16,imperii,imperium,NOUN
dev-s128,17,eius,is,PRON
dev-s128,18,secundo,secundus,ADJ
dev-s128,19,",",",",PUNCT
dev-s128,20,tertium,tertius,ADJ
dev-s128,21,nonas,nonae,NOUN
dev-s128,22,magias,maius,ADJ
dev-s128,23,",",",",PUNCT
dev-s128,24,indictione,indictio,NOUN
dev-s128,25,quinta,quintus,ADJ
dev-s128,26,decima,decimus,ADJ
dev-s128,27,.,.,PUNCT
dev-s129,1,manifestu,manifestus,ADJ
dev-s129,2,sum,sum,AUX
dev-s129,3,ego,ego,PRON
dev-s129,4,Leo,Leo,PROPN
dev-s129,5,",",",",PUNCT
dev-s129,6,filio,filius,NOUN
dev-s129,7,quondam,quondam,ADJ
dev-s129,8,Georgii,Georgius,PROPN
dev-s129,9,",",",",PUNCT
dev-s129,10,quia,quia,SCONJ
dev-s129,11,tu,tu,PRON
dev-s129,12,Gherardus,Gherardus,PROPN
dev-s129,13,",",",",PUNCT
dev-s129,14,gratia,gratia,NOUN
dev-s129,15,Dei,Deus,PROPN
dev-s129,16,huius,hic,DET
dev-s129,17,sancte,sanctus,ADJ
dev-s129,18,Lucanem,lucanus,ADJ
dev-s129,19,ecclesie,ecclesia,NOUN
dev-s129,20,humilis,humilis,ADJ
dev-s129,21,episcopus,episcopus,NOUN
dev-s129,22,",",",",PUNCT
dev-s129,23,per,per,ADP
dev-s129,24,cartula,chartula,NOUN
dev-s129,25,livellario,libellarius,ADJ
dev-s129,26,nomine,nomen,NOUN
dev-s129,27,dedisti,do,VERB
dev-s129,28,mihi,ego,PRON
dev-s129,29,id,is,PRON
dev-s129,30,est,sum,AUX
dev-s129,31,una,unus,DET
dev-s129,32,petia,petia,NOUN
dev-s129,33,de,de,ADP
dev-s129,34,terra,terra,NOUN
dev-s129,35,et,et,CCONJ
dev-s129,36,silva,silua,NOUN
dev-s129,37,illa,ille,DET
dev-s129,38,in,in,ADP
dev-s129,39,loco,locus,NOUN
dev-s129,40,Pictule,Pettula,PROPN
dev-s129,41,",",",",PUNCT
dev-s129,42,ubi,ubi,ADV
dev-s129,43,dicitur,dico,VERB
dev-s129,44,Campo,campus,PROPN
dev-s129,45,da,da,ADP
dev-s129,46,Mulina,Molina,PROPN
dev-s129,47,",",",",PUNCT
dev-s129,48,prope,prope,ADP
dev-s129,49,fluvio,fluuius,NOUN
dev-s129,50,Auserclo,Auserculus,PROPN
dev-s129,51,",",",",PUNCT
dev-s129,52,pertenentes,pertineo,VERB
dev-s129,53,ipsius,ipse,DET
dev-s129,54,episcopatui,episcopatus,NOUN
dev-s129,55,vestro,uester,DET
dev-s129,56,sancti,sanctus,ADJ
dev-s129,57,Martini,Martinus,PROPN
dev-s129,58,",",",",PUNCT
dev-s129,59,est,sum,AUX
dev-s129,60,tenentes,teneo,VERB
dev-s129,61,uno,unus,DET
dev-s129,62,caput,caput,NOUN
dev-s129,63,in,in,ADP
dev-s129,64,vinea,uinea,NOUN
dev-s129,65,ipsius,ipse,DET
dev-s129,66,episcopatui,episcopatus,NOUN
dev-s129,67,sancti,sanctus,ADJ
dev-s129,68,Martini,Martinus,PROPN
dev-s129,69,",",",",PUNCT
dev-s129,70,alio,alius,DET
dev-s129,71,caput,caput,NOUN
dev-s129,72,tenet,teneo,VERB
dev-s129,73,in,in,ADP
dev-s129,74,via,uia,NOUN
dev-s129,75,pubblica,publicus,ADJ
dev-s129,76,",",",",PUNCT
dev-s129,77,lato,latus,NOUN
dev-s129,78,uno,unus,DET
dev-s129,79,tenet,teneo,VERB
dev-s129,80,in,in,ADP
dev-s129,81,vinea,uinea,NOUN
dev-s129,82,monasterii,monasterium,NOUN
dev-s129,83,Domini,Dominus,PROPN
dev-s129,84,et,et,CCONJ
dev-s129,85,Salvatoris,saluator,PROPN
dev-s129,86,",",",",PUNCT
dev-s129,87,alio,alius,DET
dev-s129,88,lato,latus,NOUN
dev-s129,89,tenet,teneo,VERB
dev-s129,90,in,in,ADP
dev-s129,91,vinea,uinea,NOUN
dev-s129,92,ecclesie,ecclesia,NOUN
dev-s129,93,sancti,sanctus,ADJ
dev-s129,94,Petri,Petrus,PROPN
dev-s129,95,;,;,PUNCT
dev-s130,1,suprascripta,suprascriptus,DET
dev-s130,2,petia,petia,NOUN
dev-s130,3,de,de,ADP
dev-s130,4,terra,terra,NOUN
dev-s130,5,et,et,CCONJ
dev-s130,6,silva,silua,NOUN
dev-s130,7,",",",",PUNCT
dev-s130,8,qualiter,qualiter,SCONJ
dev-s130,9,circumdata,circumdo,VERB
dev-s130,10,est,sum,AUX
dev-s130,11,per,per,ADP
dev-s130,12,designatas,designo,VERB
dev-s130,13,locas,locum,NOUN
dev-s130,14,",",",",PUNCT
dev-s130,15,una,una,ADV
dev-s130,16,cum,cum,ADP
dev-s130,17,omnibus,omnis,DET
dev-s130,18,arboribus,arbor,NOUN
dev-s130,19,suis,suus,DET
dev-s130,20,",",",",PUNCT
dev-s130,21,in,in,ADP
dev-s130,22,integrum,integer,ADJ
dev-s130,23,mihi,ego,PRON
dev-s130,24,eas,is,PRON
dev-s130,25,dedisti,do,VERB
dev-s130,26,",",",",PUNCT
dev-s130,27,tali,talis,DET
dev-s130,28,ordinem,ordo,NOUN
dev-s130,29,ut,ut,SCONJ
dev-s130,30,da,da,ADP
dev-s130,31,admodum,admodum,ADV
dev-s130,32,usque,usque,ADV
dev-s130,33,in,in,ADP
dev-s130,34,sex,sex,NUM
dev-s130,35,anni,annus,NOUN
dev-s130,36,expleti,expleo,VERB
dev-s130,37,prossimi,proximus,ADJ
dev-s130,38,venturi,uenio,VERB
dev-s130,39,ego,ego,PRON
dev-s130,40,",",",",PUNCT
dev-s130,41,vel,uel,CCONJ
dev-s130,42,meus,meus,DET
dev-s130,43,heredes,heres,NOUN
dev-s130,44,",",",",PUNCT
dev-s130,45,suprascripta,suprascriptus,DET
dev-s130,46,petia,petia,NOUN
dev-s130,47,de,de,ADP
dev-s130,48,terra,terra,NOUN
dev-s130,49,vinea,uinea,NOUN
dev-s130,50,plantare,planto,VERB
dev-s130,51,et,et,CCONJ
dev-s130,52,propaginare,propagino,VERB
dev-s130,53,seo,seu,CCONJ
dev-s130,54,elevare,eleuo,VERB
dev-s130,55,debeamus,debeo,VERB
dev-s130,56,et,et,CCONJ
dev-s130,57,eas,is,PRON
dev-s130,58,bene,bene,ADV
dev-s130,59,laborare,laboro,VERB
dev-s130,60,et,et,CCONJ
dev-s130,61,gubernare,guberno,VERB
dev-s130,62,seo,seu,CCONJ
dev-s130,63,meliorare,melioro,VERB
dev-s130,64,debeamus,debeo,VERB
dev-s130,65,",",",",PUNCT
dev-s130,66,nobis,nos,PRON
dev-s130,67,privatum,priuo,VERB
dev-s130,68,fruendum,fruor,VERB
dev-s130,69,.,.,PUNCT
dev-s131,1,et,et,CCONJ
dev-s131,2,post,post,ADP
dev-s131,3,ipsi,ipse,DET
dev-s131,4,sex,sex,NUM
dev-s131,5,anni,annus,NOUN
dev-s131,6,expleti,expleo,VERB
dev-s131,7,prossimi,proximus,ADJ
dev-s131,8,venturi,uenio,VERB
dev-s131,9,exinde,exinde,ADV
dev-s131,10,tibi,tu,PRON
dev-s131,11,",",",",PUNCT
dev-s131,12,vel,uel,CCONJ
dev-s131,13,ad,ad,ADP
dev-s131,14,subcessoribus,successor,NOUN
dev-s131,15,tuis,tuus,DET
dev-s131,16,ad,ad,ADP
dev-s131,17,parte,pars,NOUN
dev-s131,18,ipsius,ipse,DET
dev-s131,19,episcopatui,episcopatus,NOUN
dev-s131,20,vestro,uester,DET
dev-s131,21,sancti,sanctus,ADJ
dev-s131,22,Martini,Martinus,PROPN
dev-s131,23,",",",",PUNCT
dev-s131,24,vobis,uos,PRON
dev-s131,25,vel,uel,CCONJ
dev-s131,26,ad,ad,ADP
dev-s131,27,ministeriales,ministerialis,NOUN
dev-s131,28,vestro,uester,DET
dev-s131,29,quas,qui,PRON
dev-s131,30,in,in,ADP
dev-s131,31,ipso,ipse,DET
dev-s131,32,domum,domus,NOUN
dev-s131,33,pre,prae,ADP
dev-s131,34,tempore,tempus,NOUN
dev-s131,35,fuerit,sum,AUX
dev-s131,36,",",",",PUNCT
dev-s131,37,per,per,ADP
dev-s131,38,homne,omnis,DET
dev-s131,39,mense,mensis,NOUN
dev-s131,40,november,nouember,ADJ
dev-s131,41,vobis,uos,PRON
dev-s131,42,reddere,reddo,VERB
dev-s131,43,debeamus,debeo,VERB
dev-s131,44,argentum,argentum,NOUN
dev-s131,45,denarios,denarius,NOUN
dev-s131,46,quatuordecim,quattuordecim,NUM
dev-s131,47,boni,bonus,ADJ
dev-s131,48,expendivilis,expendibilis,ADJ
dev-s131,49,tantum,tantum,ADV
dev-s131,50,.,.,PUNCT
dev-s132,1,et,et,CCONJ
dev-s132,2,si,si,SCONJ
dev-s132,3,nos,nos,PRON
dev-s132,4,vobis,uos,PRON
dev-s132,5,taliter,taliter,ADV
dev-s132,6,non,non,PART
dev-s132,7,adimpleverimus,adimpleo,VERB
dev-s132,8,sicut,sicut,SCONJ
dev-s132,9,supra,supra,ADV
dev-s132,10,legitur,lego,VERB
dev-s132,11,",",",",PUNCT
dev-s132,12,aut,aut,CCONJ
dev-s132,13,suprascripta,suprascriptus,DET
dev-s132,14,petia,petia,NOUN
dev-s132,15,de,de,ADP
dev-s132,16,terra,terra,NOUN
dev-s132,17,et,et,CCONJ
dev-s132,18,silva,silua,NOUN
dev-s132,19,quas,qui,PRON
dev-s132,20,mihi,ego,PRON
dev-s132,21,dedisti,do,VERB
dev-s132,22,relassaverimus,relaxo,VERB
dev-s132,23,",",",",PUNCT
dev-s132,24,vel,uel,CCONJ
dev-s132,25,si,si,SCONJ
dev-s132,26,aput,apud,ADP
dev-s132,27,nos,nos,PRON
dev-s132,28,pegiorata,peioro,VERB
dev-s132,29,fuerit,sum,AUX
dev-s132,30,",",",",PUNCT
dev-s132,31,spondeo,spondeo,VERB
dev-s132,32,ego,ego,PRON
dev-s132,33,qui,qui,DET
dev-s132,34,supra,supra,ADV
dev-s132,35,Leo,Leo,PROPN
dev-s132,36,",",",",PUNCT
dev-s132,37,una,una,ADV
dev-s132,38,cum,cum,ADP
dev-s132,39,meis,meus,DET
dev-s132,40,heredes,heres,NOUN
dev-s132,41,",",",",PUNCT
dev-s132,42,conponere,compono,VERB
dev-s132,43,tibi,tu,PRON
dev-s132,44,qui,qui,DET
dev-s132,45,supra,supra,ADV
dev-s132,46,Gherardus,Gherardus,PROPN
dev-s132,47,episcopus,episcopus,NOUN
dev-s132,48,",",",",PUNCT
dev-s132,49,vel,uel,CCONJ
dev-s132,50,ad,ad,ADP
dev-s132,51,subcessoribus,successor,NOUN
dev-s132,52,tuis,tuus,DET
dev-s132,53,",",",",PUNCT
dev-s132,54,penam,poena,NOUN
dev-s132,55,",",",",PUNCT
dev-s132,56,argentum,argentum,NOUN
dev-s132,57,soledos,solidus,NOUN
dev-s132,58,viginti,uiginti,NUM
dev-s132,59,",",",",PUNCT
dev-s132,60,quia,quia,SCONJ
dev-s132,61,taliter,taliter,ADV
dev-s132,62,inter,inter,ADP
dev-s132,63,nos,nos,PRON
dev-s132,64,convenit,conuenio,VERB
dev-s132,65,et,et,CCONJ
dev-s132,66,duas,duo,NUM
dev-s132,67,cartulas,chartula,NOUN
dev-s132,68,Lopo,lupus,PROPN
dev-s132,69,notarium,notarius,NOUN
dev-s132,70,scribere,scribo,VERB
dev-s132,71,rogavimus,rogo,VERB
dev-s132,72,.,.,PUNCT
dev-s133,1,actum,ago,VERB
dev-s133,2,Luca,Luca,PROPN
dev-s133,3,.,.,PUNCT
dev-s134,1,signum,signum,NOUN
dev-s134,2,+,+,PUNCT
dev-s134,3,manus,manus,NOUN
dev-s134,4,Lei,Leo,PROPN
dev-s134,5,qui,qui,PRON
dev-s134,6,hunc,hic,DET
dev-s134,7,libello,libellus,NOUN
dev-s134,8,fieri,fio,VERB
dev-s134,9,rogavit,rogo,VERB
dev-s134,10,.,.,PUNCT
dev-s135,1,+,+,PUNCT
dev-s135,2,Ego,ego,PRON
dev-s135,3,Eriteo,Eriteus,PROPN
dev-s135,4,schabinus,scabinus,NOUN
dev-s135,5,subscripsi,subscribo,VERB
dev-s135,6,.,.,PUNCT
dev-s136,1,+,+,PUNCT
dev-s136,2,Ego,ego,PRON
dev-s136,3,Liutfridi,Liutfridus,PROPN
dev-s136,4,",",",",PUNCT
dev-s136,5,rogatus,rogo,VERB
dev-s136,6,a,ab,ADP
dev-s136,7,Leo,Leo,PROPN
dev-s136,8,",",",",PUNCT
dev-s136,9,me,ego,PRON
dev-s136,10,teste,testis,NOUN
dev-s136,11,subscripsi,subscribo,VERB
dev-s136,12,.,.,PUNCT
dev-s137,1,+,+,PUNCT
dev-s137,2,Ego,ego,PRON
dev-s137,3,Adalbertus,Adalpertus,PROPN
dev-s137,4,",",",",PUNCT
dev-s137,5,rogatus,rogo,VERB
dev-s137,6,a,ab,ADP
dev-s137,7,Leo,Leo,PROPN
dev-s137,8,",",",",PUNCT
dev-s137,9,me,ego,PRON
dev-s137,10,teste,testis,NOUN
dev-s137,11,subscripsi,subscribo,VERB
dev-s137,12,.,.,PUNCT
dev-s138,1,+,+,PUNCT
dev-s138,2,Ego,ego,PRON
dev-s138,3,Daiprando,Daiprandus,PROPN
dev-s138,4,",",",",PUNCT
dev-s138,5,rogatus,rogo,VERB
dev-s138,6,a,ab,ADP
dev-s138,7,Leo,Leo,PROPN
dev-s138,8,",",",",PUNCT
dev-s138,9,me,ego,PRON
dev-s138,10,teste,testis,NOUN
dev-s138,11,subscripsi,subscribo,VERB
dev-s138,12,.,.,PUNCT
dev-s139,1,signum,signum,NOUN
dev-s139,2,+,+,PUNCT
dev-s139,3,manus,manus,NOUN
dev-s139,4,Teupaldi,Teutpaldus,PROPN
dev-s139,5,",",",",PUNCT
dev-s139,6,filio,filius,NOUN
dev-s139,7,quondam,quondam,ADJ
dev-s139,8,Teuperti,Teutpertus,PROPN
dev-s139,9,",",",",PUNCT
dev-s139,10,testis,testis,NOUN
dev-s139,11,.,.,PUNCT
dev-s140,1,+,+,PUNCT
dev-s140,2,Ego,ego,PRON
dev-s140,3,Lopo,lupus,PROPN
dev-s140,4,notarius,notarius,NOUN
dev-s140,5,post,post,ADP
dev-s140,6,traditam,trado,VERB
dev-s140,7,conplevi,compleo,VERB
dev-s140,8,et,et,CCONJ
dev-s140,9,dedi,do,VERB
dev-s140,10,.,.,PUNCT
dev-s141,1,In,in,ADP
dev-s141,2,Dei,Deus,PROPN
dev-s141,3,omnipotenti,omnipotens,ADJ
dev-s141,4,nomine,nomen,NOUN
dev-s141,5,regnante,regno,VERB
dev-s141,6,domno,domnus,NOUN
dev-s141,7,nostro,noster,DET
dev-s141,8,Karolus,Carolus,PROPN
dev-s141,9,divina,diuinus,ADJ
dev-s141,10,favente,faueo,VERB
dev-s141,11,clementia,clementia,NOUN
dev-s141,12,imperatore,imperator,NOUN
dev-s141,13,augusto,augustus,NOUN
dev-s141,14,",",",",PUNCT
dev-s141,15,anno,annus,NOUN
dev-s141,16,imperii,imperium,NOUN
dev-s141,17,eius,is,PRON
dev-s141,18,secundo,secundus,ADJ
dev-s141,19,",",",",PUNCT
dev-s141,20,sexto,sextus,ADJ
dev-s141,21,decimo,decimus,ADJ
dev-s141,22,kalendas,kalendae,NOUN
dev-s141,23,iunii,iunius,NOUN
dev-s141,24,",",",",PUNCT
dev-s141,25,indictione,indictio,NOUN
dev-s141,26,quinta,quintus,ADJ
dev-s141,27,decima,decimus,ADJ
dev-s141,28,.,.,PUNCT
dev-s142,1,manifestu,manifestus,ADJ
dev-s142,2,sum,sum,AUX
dev-s142,3,ego,ego,PRON
dev-s142,4,Chuneradu,Cuniradus,PROPN
dev-s142,5,",",",",PUNCT
dev-s142,6,avitator,habitator,NOUN
dev-s142,7,in,in,ADP
dev-s142,8,loco,locus,NOUN
dev-s142,9,Alfiano,Alfianum,PROPN
dev-s142,10,prope,prope,ADP
dev-s142,11,vico,uicus,NOUN
dev-s142,12,Fitri,Fitrum,PROPN
dev-s142,13,",",",",PUNCT
dev-s142,14,filio,filius,NOUN
dev-s142,15,bone,bonus,ADJ
dev-s142,16,memorie,memoria,NOUN
dev-s142,17,Chauserami,Causeramus,PROPN
dev-s142,18,",",",",PUNCT
dev-s142,19,quia,quia,SCONJ
dev-s142,20,tu,tu,PRON
dev-s142,21,Gherardus,Gherardus,PROPN
dev-s142,22,",",",",PUNCT
dev-s142,23,gratia,gratia,NOUN
dev-s142,24,Dei,Deus,PROPN
dev-s142,25,huius,hic,DET
dev-s142,26,sancte,sanctus,ADJ
dev-s142,27,Lucanem,lucanus,ADJ
dev-s142,28,ecclesie,ecclesia,NOUN
dev-s142,29,humilis,humilis,ADJ
dev-s142,30,episcopus,episcopus,NOUN
dev-s142,31,",",",",PUNCT
dev-s142,32,per,per,ADP
dev-s142,33,cartula,chartula,NOUN
dev-s142,34,livellario,libellarius,ADJ
dev-s142,35,nomine,nomen,NOUN
dev-s142,36,ad,ad,ADP
dev-s142,37,censum,census,NOUN
dev-s142,38,peresolvendum,perexsoluo,VERB
dev-s142,39,dedisti,do,VERB
dev-s142,40,mihi,ego,PRON
dev-s142,41,id,is,PRON
dev-s142,42,est,sum,AUX
dev-s142,43,ecclesia,ecclesia,NOUN
dev-s142,44,illa,ille,DET
dev-s142,45,cui,qui,PRON
dev-s142,46,vocabulum,uocabulum,NOUN
dev-s142,47,est,sum,AUX
dev-s142,48,beati,beatus,ADJ
dev-s142,49,sancti,sanctus,ADJ
dev-s142,50,Angeli,Angelus,PROPN
dev-s142,51,sitas,sino,VERB
dev-s142,52,loco,locus,NOUN
dev-s142,53,Corsanicho,Corsanicum,PROPN
dev-s142,54,",",",",PUNCT
dev-s142,55,pertenens,pertineo,VERB
dev-s142,56,monasterii,monasterium,NOUN
dev-s142,57,sancte,sanctus,ADJ
dev-s142,58,Marie,Maria,PROPN
dev-s142,59,sitas,sino,VERB
dev-s142,60,foras,foras,ADP
dev-s142,61,civitatem,ciuitas,NOUN
dev-s142,62,ista,iste,DET
dev-s142,63,Lucense,lucensis,ADJ
dev-s142,64,prope,prope,ADP
dev-s142,65,fluvio,fluuius,NOUN
dev-s142,66,Auserclo,Auserculus,PROPN
dev-s142,67,",",",",PUNCT
dev-s142,68,quod,qui,PRON
dev-s142,69,est,sum,AUX
dev-s142,70,desup,desub,ADP
dev-s142,71,potestatem,potestas,NOUN
dev-s142,72,ipsius,ipse,DET
dev-s142,73,episcopatui,episcopatus,NOUN
dev-s142,74,vestro,uester,DET
dev-s142,75,sancti,sanctus,ADJ
dev-s142,76,Martini,Martinus,PROPN
dev-s142,77,;,;,PUNCT
dev-s143,1,simul,simul,ADV
dev-s143,2,et,et,CCONJ
dev-s143,3,mihi,ego,PRON
dev-s143,4,dedisti,do,VERB
dev-s143,5,id,is,PRON
dev-s143,6,est,sum,AUX
dev-s143,7,duo,duo,NUM
dev-s143,8,petie,petia,NOUN
dev-s143,9,de,de,ADP
dev-s143,10,vinee,uinea,NOUN
dev-s143,11,et,et,CCONJ
dev-s143,12,una,unus,DET
dev-s143,13,petia,petia,NOUN
dev-s143,14,de,de,ADP
dev-s143,15,terra,terra,NOUN
dev-s143,16,in,in,ADP
dev-s143,17,ipso,ipse,DET
dev-s143,18,loco,locus,NOUN
dev-s143,19,Corsanico,Corsanicum,PROPN
dev-s143,20,pertenentes,pertineo,VERB
dev-s143,21,ipsius,ipse,DET
dev-s143,22,monasterium,monasterium,NOUN
dev-s143,23,sanctae,sanctus,ADJ
dev-s143,24,Marie,Maria,PROPN
dev-s143,25,",",",",PUNCT
dev-s143,26,suprascripte,suprascriptus,DET
dev-s143,27,duo,duo,NUM
dev-s143,28,petie,petia,NOUN
dev-s143,29,de,de,ADP
dev-s143,30,vinee,uinea,NOUN
dev-s143,31,et,et,CCONJ
dev-s143,32,predicta,praedictus,DET
dev-s143,33,petia,petia,NOUN
dev-s143,34,de,de,ADP
dev-s143,35,terra,terra,NOUN
dev-s143,36,in,in,ADP
dev-s143,37,integrum,integer,ADJ
dev-s143,38,;,;,PUNCT
dev-s144,1,casa,casa,NOUN
dev-s144,2,ipsa,ipse,DET
dev-s144,3,cum,cum,ADP
dev-s144,4,terris,terra,NOUN
dev-s144,5,",",",",PUNCT
dev-s144,6,vineis,uinea,NOUN
dev-s144,7,",",",",PUNCT
dev-s144,8,cultis,cultus,ADJ
dev-s144,9,rebus,res,NOUN
dev-s144,10,vel,uel,CCONJ
dev-s144,11,incultis,incultus,ADJ
dev-s144,12,quantum,quantum,ADV
dev-s144,13,ad,ad,ADP
dev-s144,14,ipsa,ipse,DET
dev-s144,15,casa,casa,NOUN
dev-s144,16,est,sum,AUX
dev-s144,17,pertenentes,pertineo,VERB
dev-s144,18,",",",",PUNCT
dev-s144,19,et,et,CCONJ
dev-s144,20,Ermulo,Ermulus,PROPN
dev-s144,21,massario,massarius,NOUN
dev-s144,22,exinde,exinde,ADV
dev-s144,23,ad,ad,ADP
dev-s144,24,manus,manus,NOUN
dev-s144,25,suas,suus,DET
dev-s144,26,abuit,habeo,VERB
dev-s144,27,",",",",PUNCT
dev-s144,28,in,in,ADP
dev-s144,29,integrum,integer,ADJ
dev-s144,30,",",",",PUNCT
dev-s144,31,simul,simul,ADV
dev-s144,32,et,et,CCONJ
dev-s144,33,mihi,ego,PRON
dev-s144,34,dedisti,do,VERB
dev-s144,35,id,is,PRON
dev-s144,36,est,sum,AUX
dev-s144,37,casa,casa,NOUN
dev-s144,38,et,et,CCONJ
dev-s144,39,res,res,NOUN
dev-s144,40,illa,ille,DET
dev-s144,41,in,in,ADP
dev-s144,42,loco,locus,NOUN
dev-s144,43,Vetuliano,Vetulianum,PROPN
dev-s144,44,",",",",PUNCT
dev-s144,45,qui,qui,PRON
dev-s144,46,regitur,rego,VERB
dev-s144,47,per,per,ADP
dev-s144,48,Silvulo,Siluulus,PROPN
dev-s144,49,massario,massarius,NOUN
dev-s144,50,",",",",PUNCT
dev-s144,51,pertenentes,pertineo,VERB
dev-s144,52,suprascripti,suprascriptus,DET
dev-s144,53,monasterii,monasterium,NOUN
dev-s144,54,sancte,sanctus,ADJ
dev-s144,55,Marie,Maria,PROPN
dev-s144,56,",",",",PUNCT
dev-s144,57,iam,iam,ADV
dev-s144,58,dicta,dico,VERB
dev-s144,59,casa,casa,NOUN
dev-s144,60,una,una,ADV
dev-s144,61,cum,cum,ADP
dev-s144,62,omnia,omnis,DET
dev-s144,63,res,res,NOUN
dev-s144,64,ad,ad,ADP
dev-s144,65,eam,is,PRON
dev-s144,66,pertenentes,pertineo,VERB
dev-s144,67,",",",",PUNCT
dev-s144,68,et,et,CCONJ
dev-s144,69,suprascripto,suprascriptus,DET
dev-s144,70,Silvulo,Siluulus,PROPN
dev-s144,71,exinde,exinde,ADV
dev-s144,72,ad,ad,ADP
dev-s144,73,manus,manus,NOUN
dev-s144,74,suas,suus,DET
dev-s144,75,abere,habeo,VERB
dev-s144,76,videtur,uideo,VERB
dev-s144,77,",",",",PUNCT
dev-s144,78,in,in,ADP
dev-s144,79,integrum,integer,ADJ
dev-s144,80,",",",",PUNCT
dev-s144,81,una,una,ADV
dev-s144,82,cum,cum,ADP
dev-s144,83,casa,casa,NOUN
dev-s144,84,et,et,CCONJ
dev-s144,85,res,res,NOUN
dev-s144,86,illa,ille,DET
dev-s144,87,in,in,ADP
dev-s144,88,loco,locus,NOUN
dev-s144,89,Rocta,Rupta,PROPN
dev-s144,90,prope,prope,ADP
dev-s144,91,ecclesie,ecclesia,NOUN
dev-s144,92,Domini,Dominus,PROPN
dev-s144,93,et,et,CCONJ
dev-s144,94,Salvatoris,saluator,PROPN
dev-s144,95,",",",",PUNCT
dev-s144,96,pertenentes,pertineo,VERB
dev-s144,97,ipsius,ipse,DET
dev-s144,98,monasterii,monasterium,NOUN
dev-s144,99,sancte,sanctus,ADJ
dev-s144,100,Marie,Maria,PROPN
dev-s144,101,",",",",PUNCT
dev-s144,102,et,et,CCONJ
dev-s144,103,modo,modo,ADV
dev-s144,104,recta,rego,VERB
dev-s144,105,esse,sum,AUX
dev-s144,106,videtur,uideo,VERB
dev-s144,107,per,per,ADP
dev-s144,108,Insuardulo,Insuardulus,PROPN
dev-s144,109,massario,massarius,NOUN
dev-s144,110,;,;,PUNCT
dev-s145,1,casa,casa,NOUN
dev-s145,2,ipsa,ipse,DET
dev-s145,3,una,una,ADV
dev-s145,4,cum,cum,ADP
dev-s145,5,omnia,omnis,DET
dev-s145,6,res,res,NOUN
dev-s145,7,ad,ad,ADP
dev-s145,8,eam,is,PRON
dev-s145,9,pertenentes,pertineo,VERB
dev-s145,10,",",",",PUNCT
dev-s145,11,et,et,CCONJ
dev-s145,12,suprascripto,suprascriptus,DET
dev-s145,13,Insuardulo,Insuardulus,PROPN
dev-s145,14,exinde,exinde,ADV
dev-s145,15,ad,ad,ADP
dev-s145,16,manus,manus,NOUN
dev-s145,17,suas,suus,DET
dev-s145,18,abere,habeo,VERB
dev-s145,19,videtur,uideo,VERB
dev-s145,20,",",",",PUNCT
dev-s145,21,in,in,ADP
dev-s145,22,integrum,integer,ADJ
dev-s145,23,mihi,ego,PRON
dev-s145,24,eas,is,PRON
dev-s145,25,dedisti,do,VERB
dev-s145,26,;,;,PUNCT
dev-s146,1,adque,atque,CCONJ
dev-s146,2,et,et,CCONJ
dev-s146,3,mihi,ego,PRON
dev-s146,4,dedisti,do,VERB
dev-s146,5,id,is,PRON
dev-s146,6,est,sum,AUX
dev-s146,7,duo,duo,NUM
dev-s146,8,casis,casa,NOUN
dev-s146,9,et,et,CCONJ
dev-s146,10,rebus,res,NOUN
dev-s146,11,massariciis,massaricius,ADJ
dev-s146,12,illis,ille,DET
dev-s146,13,in,in,ADP
dev-s146,14,loco,locus,NOUN
dev-s146,15,ubi,ubi,ADV
dev-s146,16,dicitur,dico,VERB
dev-s146,17,Novam,Noua,PROPN
dev-s146,18,",",",",PUNCT
dev-s146,19,prope,prope,ADP
dev-s146,20,plebem,plebs,NOUN
dev-s146,21,sancti,sanctus,ADJ
dev-s146,22,Saturnini,Saturninus,PROPN
dev-s146,23,",",",",PUNCT
dev-s146,24,qui,qui,PRON
dev-s146,25,sunt,sum,AUX
dev-s146,26,pertenentes,pertineo,VERB
dev-s146,27,ipsius,ipse,DET
dev-s146,28,monasterii,monasterium,NOUN
dev-s146,29,",",",",PUNCT
dev-s146,30,qui,qui,DET
dev-s146,31,una,unus,DET
dev-s146,32,ex,ex,ADP
dev-s146,33,ipse,ipse,DET
dev-s146,34,recta,rego,VERB
dev-s146,35,esse,sum,AUX
dev-s146,36,videtur,uideo,VERB
dev-s146,37,per,per,ADP
dev-s146,38,Rachipaldo,Rachipaldus,PROPN
dev-s146,39,et,et,CCONJ
dev-s146,40,Paldo,Paldus,PROPN
dev-s146,41,massarii,massarius,NOUN
dev-s146,42,",",",",PUNCT
dev-s146,43,suprascripte,suprascriptus,DET
dev-s146,44,duo,duo,NUM
dev-s146,45,casis,casa,NOUN
dev-s146,46,una,una,ADV
dev-s146,47,cum,cum,ADP
dev-s146,48,omnia,omnis,DET
dev-s146,49,res,res,NOUN
dev-s146,50,ad,ad,ADP
dev-s146,51,eam,is,PRON
dev-s146,52,pertenentes,pertineo,VERB
dev-s146,53,",",",",PUNCT
dev-s146,54,et,et,CCONJ
dev-s146,55,suprascripto,suprascriptus,DET
dev-s146,56,Rachipaldo,Rachipaldus,PROPN
dev-s146,57,et,et,CCONJ
dev-s146,58,Paldo,Paldus,PROPN
dev-s146,59,exinde,exinde,ADV
dev-s146,60,ad,ad,ADP
dev-s146,61,manus,manus,NOUN
dev-s146,62,suas,suus,DET
dev-s146,63,abuerunt,habeo,VERB
dev-s146,64,",",",",PUNCT
dev-s146,65,in,in,ADP
dev-s146,66,integrum,integer,ADJ
dev-s146,67,",",",",PUNCT
dev-s146,68,una,una,ADV
dev-s146,69,cum,cum,ADP
dev-s146,70,una,unus,DET
dev-s146,71,petia,petia,NOUN
dev-s146,72,de,de,ADP
dev-s146,73,vinea,uinea,NOUN
dev-s146,74,illa,ille,DET
dev-s146,75,in,in,ADP
dev-s146,76,loco,locus,NOUN
dev-s146,77,Mutiliano,Mutilianus,ADJ
dev-s146,78,",",",",PUNCT
dev-s146,79,quas,qui,PRON
dev-s146,80,Rachiprandulo,Rachiprandulus,PROPN
dev-s146,81,",",",",PUNCT
dev-s146,82,eas,is,PRON
dev-s146,83,ad,ad,ADP
dev-s146,84,manus,manus,NOUN
dev-s146,85,suas,suus,DET
dev-s146,86,abet,habeo,VERB
dev-s146,87,",",",",PUNCT
dev-s146,88,qui,qui,PRON
dev-s146,89,pertenentes,pertineo,VERB
dev-s146,90,suprascripti,suprascriptus,DET
dev-s146,91,monasterii,monasterium,NOUN
dev-s146,92,sancte,sanctus,ADJ
dev-s146,93,Marie,Maria,PROPN
dev-s146,94,",",",",PUNCT
dev-s146,95,petia,petia,NOUN
dev-s146,96,ipsa,ipse,DET
dev-s146,97,in,in,ADP
dev-s146,98,integrum,integer,ADJ
dev-s146,99,;,;,PUNCT
dev-s147,1,adque,atque,CCONJ
dev-s147,2,et,et,CCONJ
dev-s147,3,mihi,ego,PRON
dev-s147,4,dedisti,do,VERB
dev-s147,5,una,unus,DET
dev-s147,6,petia,petia,NOUN
dev-s147,7,de,de,ADP
dev-s147,8,terra,terra,NOUN
dev-s147,9,illa,ille,DET
dev-s147,10,in,in,ADP
dev-s147,11,loco,locus,NOUN
dev-s147,12,Vuindali,Vuindalus,PROPN
dev-s147,13,",",",",PUNCT
dev-s147,14,quas,qui,PRON
dev-s147,15,Adalpertulo,Adalpertulus,PROPN
dev-s147,16,ad,ad,ADP
dev-s147,17,manus,manus,NOUN
dev-s147,18,suas,suus,DET
dev-s147,19,abet,habeo,VERB
dev-s147,20,",",",",PUNCT
dev-s147,21,pertenentes,pertineo,VERB
dev-s147,22,suprascripti,suprascriptus,DET
dev-s147,23,monasterii,monasterium,NOUN
dev-s147,24,sancte,sanctus,ADJ
dev-s147,25,Marie,Maria,PROPN
dev-s147,26,",",",",PUNCT
dev-s147,27,qui,qui,PRON
dev-s147,28,uno,unus,DET
dev-s147,29,caput,caput,NOUN
dev-s147,30,tenet,teneo,VERB
dev-s147,31,in,in,ADP
dev-s147,32,via,uia,NOUN
dev-s147,33,publica,publicus,ADJ
dev-s147,34,",",",",PUNCT
dev-s147,35,et,et,CCONJ
dev-s147,36,alio,alius,DET
dev-s147,37,caput,caput,NOUN
dev-s147,38,cum,cum,ADP
dev-s147,39,ambes,ambo,DET
dev-s147,40,lateras,latus,NOUN
dev-s147,41,est,sum,AUX
dev-s147,42,tenentes,teneo,VERB
dev-s147,43,in,in,ADP
dev-s147,44,terra,terra,NOUN
dev-s147,45,Adalberti,Adalpertus,PROPN
dev-s147,46,comes,comes,NOUN
dev-s147,47,",",",",PUNCT
dev-s147,48,petia,petia,NOUN
dev-s147,49,ipsa,ipse,DET
dev-s147,50,in,in,ADP
dev-s147,51,integrum,integer,ADJ
dev-s147,52,.,.,PUNCT
dev-s148,1,In,in,ADP
dev-s148,2,Dei,Deus,PROPN
dev-s148,3,omnipotentis,omnipotens,ADJ
dev-s148,4,nomine,nomen,NOUN
dev-s148,5,regnante,regno,VERB
dev-s148,6,domno,domnus,NOUN
dev-s148,7,nostro,noster,DET
dev-s148,8,Karolus,Carolus,PROPN
dev-s148,9,divina,diuinus,ADJ
dev-s148,10,faventem,faueo,VERB
dev-s148,11,clementia,clementia,NOUN
dev-s148,12,imperatore,imperator,NOUN
dev-s148,13,augusto,augustus,NOUN
dev-s148,14,",",",",PUNCT
dev-s148,15,anno,annus,NOUN
dev-s148,16,imperii,imperium,NOUN
dev-s148,17,eius,is,PRON
dev-s148,18,secundo,secundus,ADJ
dev-s148,19,",",",",PUNCT
dev-s148,20,quinto,quintus,ADJ
dev-s148,21,decimo,decimus,ADJ
dev-s148,22,kalendas,kalendae,NOUN
dev-s148,23,iunii,iunius,NOUN
dev-s148,24,",",",",PUNCT
dev-s148,25,indictione,indictio,NOUN
dev-s148,26,quinta,quintus,ADJ
dev-s148,27,decima,decimus,ADJ
dev-s148,28,.,.,PUNCT
dev-s149,1,manifestu,manifestus,ADJ
dev-s149,2,sum,sum,AUX
dev-s149,3,ego,ego,PRON
dev-s149,4,Vuillerado,Wileradus,PROPN
dev-s149,5,",",",",PUNCT
dev-s149,6,filio,filius,NOUN
dev-s149,7,quondam,quondam,ADJ
dev-s149,8,Ansiprande,Ansprandus,PROPN
dev-s149,9,",",",",PUNCT
dev-s149,10,quia,quia,SCONJ
dev-s149,11,tu,tu,PRON
dev-s149,12,Gherardus,Gherardus,PROPN
dev-s149,13,",",",",PUNCT
dev-s149,14,gratia,gratia,NOUN
dev-s149,15,Dei,Deus,PROPN
dev-s149,16,huius,hic,DET
dev-s149,17,sancte,sanctus,ADJ
dev-s149,18,Lucanem,lucanus,ADJ
dev-s149,19,ecclesie,ecclesia,NOUN
dev-s149,20,humilis,humilis,ADJ
dev-s149,21,episcopus,episcopus,NOUN
dev-s149,22,",",",",PUNCT
dev-s149,23,per,per,ADP
dev-s149,24,cartula,chartula,NOUN
dev-s149,25,livellario,libellarius,ADJ
dev-s149,26,nomine,nomen,NOUN
dev-s149,27,dedisti,do,VERB
dev-s149,28,mihi,ego,PRON
dev-s149,29,",",",",PUNCT
dev-s149,30,id,is,PRON
dev-s149,31,est,sum,AUX
dev-s149,32,una,unus,DET
dev-s149,33,petia,petia,NOUN
dev-s149,34,de,de,ADP
dev-s149,35,terra,terra,NOUN
dev-s149,36,et,et,CCONJ
dev-s149,37,silva,silua,NOUN
dev-s149,38,illa,ille,DET
dev-s149,39,in,in,ADP
dev-s149,40,loco,locus,NOUN
dev-s149,41,ubi,ubi,ADV
dev-s149,42,dicitur,dico,VERB
dev-s149,43,Lama,Lama,PROPN
dev-s149,44,prope,prope,ADP
dev-s149,45,ecclesia,ecclesia,NOUN
dev-s149,46,sancti,sanctus,ADJ
dev-s149,47,Prosperii,Prosperius,PROPN
dev-s149,48,",",",",PUNCT
dev-s149,49,qui,qui,PRON
dev-s149,50,pertinens,pertineo,VERB
dev-s149,51,ecclesie,ecclesia,NOUN
dev-s149,52,sancti,sanctus,ADJ
dev-s149,53,Gregorii,Gregorius,PROPN
dev-s149,54,sitas,sino,VERB
dev-s149,55,loco,locus,NOUN
dev-s149,56,Pisscia,Piscia,PROPN
dev-s149,57,Maiore,magnus,ADJ
dev-s149,58,",",",",PUNCT
dev-s149,59,qui,qui,PRON
dev-s149,60,pertinens,pertineo,VERB
dev-s149,61,ecclesie,ecclesia,NOUN
dev-s149,62,Domini,Dominus,PROPN
dev-s149,63,et,et,CCONJ
dev-s149,64,Salvatoris,saluator,PROPN
dev-s149,65,",",",",PUNCT
dev-s149,66,quod,qui,PRON
dev-s149,67,est,sum,AUX
dev-s149,68,desup,desub,ADP
dev-s149,69,potestatem,potestas,NOUN
dev-s149,70,ipsius,ipse,DET
dev-s149,71,episcopatui,episcopatus,NOUN
dev-s149,72,vestro,uester,DET
dev-s149,73,sancti,sanctus,ADJ
dev-s149,74,Martini,Martinus,PROPN
dev-s149,75,;,;,PUNCT
dev-s150,1,et,et,CCONJ
dev-s150,2,ipsa,ipse,DET
dev-s150,3,petia,petia,NOUN
dev-s150,4,de,de,ADP
dev-s150,5,terra,terra,NOUN
dev-s150,6,et,et,CCONJ
dev-s150,7,silva,silua,NOUN
dev-s150,8,",",",",PUNCT
dev-s150,9,Gumprando,Gumprandus,PROPN
dev-s150,10,eas,is,PRON
dev-s150,11,ad,ad,ADP
dev-s150,12,manus,manus,NOUN
dev-s150,13,suas,suus,DET
dev-s150,14,abuit,habeo,VERB
dev-s150,15,",",",",PUNCT
dev-s150,16,qui,qui,PRON
dev-s150,17,uno,unus,DET
dev-s150,18,caput,caput,NOUN
dev-s150,19,tenet,teneo,VERB
dev-s150,20,in,in,ADP
dev-s150,21,rivo,riuus,NOUN
dev-s150,22,ubi,ubi,ADV
dev-s150,23,dicitur,dico,VERB
dev-s150,24,Vecclaio,Vetuliarium,PROPN
dev-s150,25,",",",",PUNCT
dev-s150,26,alio,alius,DET
dev-s150,27,caput,caput,NOUN
dev-s150,28,tenet,teneo,VERB
dev-s150,29,in,in,ADP
dev-s150,30,terra,terra,NOUN
dev-s150,31,Tatii,Tatius,PROPN
dev-s150,32,",",",",PUNCT
dev-s150,33,lato,latus,NOUN
dev-s150,34,uno,unus,DET
dev-s150,35,tenet,teneo,VERB
dev-s150,36,in,in,ADP
dev-s150,37,via,uia,NOUN
dev-s150,38,pubblica,publicus,ADJ
dev-s150,39,",",",",PUNCT
dev-s150,40,alio,alius,DET
dev-s150,41,lato,latus,NOUN
dev-s150,42,tenet,teneo,VERB
dev-s150,43,in,in,ADP
dev-s150,44,vinea,uinea,NOUN
dev-s150,45,Chuniperti,Cunipertus,PROPN
dev-s150,46,;,;,PUNCT
dev-s151,1,suprascripta,suprascriptus,DET
dev-s151,2,petia,petia,NOUN
dev-s151,3,de,de,ADP
dev-s151,4,terra,terra,NOUN
dev-s151,5,et,et,CCONJ
dev-s151,6,silva,silua,NOUN
dev-s151,7,",",",",PUNCT
dev-s151,8,qualiter,qualiter,ADV
dev-s151,9,per,per,ADP
dev-s151,10,designatas,designo,VERB
dev-s151,11,locas,locum,NOUN
dev-s151,12,",",",",PUNCT
dev-s151,13,una,una,ADV
dev-s151,14,cum,cum,ADP
dev-s151,15,omnibus,omnis,DET
dev-s151,16,arboribus,arbor,NOUN
dev-s151,17,suis,suus,DET
dev-s151,18,",",",",PUNCT
dev-s151,19,in,in,ADP
dev-s151,20,integrum,integer,ADJ
dev-s151,21,mihi,ego,PRON
dev-s151,22,eas,is,PRON
dev-s151,23,dedisti,do,VERB
dev-s151,24,tali,talis,DET
dev-s151,25,ordinem,ordo,NOUN
dev-s151,26,ut,ut,SCONJ
dev-s151,27,ego,ego,PRON
dev-s151,28,",",",",PUNCT
dev-s151,29,vel,uel,CCONJ
dev-s151,30,meus,meus,DET
dev-s151,31,heredes,heres,NOUN
dev-s151,32,",",",",PUNCT
dev-s151,33,infra,infra,ADP
dev-s151,34,isti,iste,DET
dev-s151,35,tres,tres,NUM
dev-s151,36,anni,annus,NOUN
dev-s151,37,expleti,expleo,VERB
dev-s151,38,prossimi,proximus,ADJ
dev-s151,39,venturi,uenio,VERB
dev-s151,40,infra,infra,ADP
dev-s151,41,ipsa,ipse,DET
dev-s151,42,petia,petia,NOUN
dev-s151,43,de,de,ADP
dev-s151,44,terra,terra,NOUN
dev-s151,45,et,et,CCONJ
dev-s151,46,silva,silua,NOUN
dev-s151,47,casa,casa,NOUN
dev-s151,48,levare,leuo,VERB
dev-s151,49,et,et,CCONJ
dev-s151,50,claudere,claudo,VERB
dev-s151,51,seo,seu,CCONJ
dev-s151,52,coperire,cooperio,VERB
dev-s151,53,debeamus,debeo,VERB
dev-s151,54,;,;,PUNCT
dev-s152,1,et,et,CCONJ
dev-s152,2,homines,homo,NOUN
dev-s152,3,in,in,ADP
dev-s152,4,ipsa,ipse,DET
dev-s152,5,casa,casa,NOUN
dev-s152,6,ad,ad,ADP
dev-s152,7,residendum,resideo,VERB
dev-s152,8,et,et,CCONJ
dev-s152,9,abitandum,habito,VERB
dev-s152,10,mittere,mitto,VERB
dev-s152,11,debeamus,debeo,VERB
dev-s152,12,nobis,nos,PRON
dev-s152,13,privatum,priuo,VERB
dev-s152,14,fruendum,fruor,VERB
dev-s152,15,.,.,PUNCT
dev-s153,1,nisi,nisi,CCONJ
dev-s153,2,tantum,tantum,ADV
dev-s153,3,pro,pro,ADP
dev-s153,4,omni,omnis,DET
dev-s153,5,censum,census,NOUN
dev-s153,6,et,et,CCONJ
dev-s153,7,iustitia,iustitia,NOUN
dev-s153,8,exinde,exinde,ADV
dev-s153,9,tibi,tu,PRON
dev-s153,10,",",",",PUNCT
dev-s153,11,vel,uel,CCONJ
dev-s153,12,ad,ad,ADP
dev-s153,13,subcessoribus,successor,NOUN
dev-s153,14,tuis,tuus,DET
dev-s153,15,ad,ad,ADP
dev-s153,16,parte,pars,NOUN
dev-s153,17,ipsius,ipse,DET
dev-s153,18,ecclesie,ecclesia,NOUN
dev-s153,19,sancti,sanctus,ADJ
dev-s153,20,Gregorii,Gregorius,PROPN
dev-s153,21,",",",",PUNCT
dev-s153,22,per,per,ADP
dev-s153,23,singulos,singulus,ADJ
dev-s153,24,annos,annus,NOUN
dev-s153,25,in,in,ADP
dev-s153,26,mense,mensis,NOUN
dev-s153,27,augusto,augustus,ADJ
dev-s153,28,vobis,uos,PRON
dev-s153,29,",",",",PUNCT
dev-s153,30,vel,uel,CCONJ
dev-s153,31,ad,ad,ADP
dev-s153,32,ministeriales,ministerialis,NOUN
dev-s153,33,vestro,uester,DET
dev-s153,34,quas,qui,PRON
dev-s153,35,in,in,ADP
dev-s153,36,ipsa,ipse,DET
dev-s153,37,ecclesia,ecclesia,NOUN
dev-s153,38,pre,prae,ADP
dev-s153,39,tempore,tempus,NOUN
dev-s153,40,fuerit,sum,AUX
dev-s153,41,",",",",PUNCT
dev-s153,42,censum,census,NOUN
dev-s153,43,vobis,uos,PRON
dev-s153,44,reddere,reddo,VERB
dev-s153,45,debeamus,debeo,VERB
dev-s153,46,",",",",PUNCT
dev-s153,47,argentum,argentum,NOUN
dev-s153,48,denarios,denarius,NOUN
dev-s153,49,duodecim,duodecim,NUM
dev-s153,50,boni,bonus,ADJ
dev-s153,51,expendivilis,expendibilis,ADJ
dev-s153,52,;,;,PUNCT
dev-s154,1,et,et,CCONJ
dev-s154,2,homines,homo,NOUN
dev-s154,3,illos,ille,DET
dev-s154,4,qui,qui,PRON
dev-s154,5,in,in,ADP
dev-s154,6,suprascripta,suprascriptus,DET
dev-s154,7,casa,casa,NOUN
dev-s154,8,abitantes,habito,VERB
dev-s154,9,fuerit,sum,AUX
dev-s154,10,",",",",PUNCT
dev-s154,11,eos,is,PRON
dev-s154,12,a,ab,ADP
dev-s154,13,mandato,mandatum,NOUN
dev-s154,14,vestro,uester,DET
dev-s154,15,hic,hic,ADV
dev-s154,16,Luca,Luca,PROPN
dev-s154,17,venire,uenio,VERB
dev-s154,18,faciamus,facio,VERB
dev-s154,19,legem,lex,NOUN
dev-s154,20,et,et,CCONJ
dev-s154,21,iustitiam,iustitia,NOUN
dev-s154,22,faciendum,facio,VERB
dev-s154,23,tantum,tantum,ADV
dev-s154,24,.,.,PUNCT
dev-s155,1,et,et,CCONJ
dev-s155,2,si,si,SCONJ
dev-s155,3,nos,nos,PRON
dev-s155,4,vobis,uos,PRON
dev-s155,5,taliter,taliter,ADV
dev-s155,6,non,non,PART
dev-s155,7,adimpleverimus,adimpleo,VERB
dev-s155,8,sicut,sicut,SCONJ
dev-s155,9,supra,supra,ADV
dev-s155,10,legitur,lego,VERB
dev-s155,11,aut,aut,CCONJ
dev-s155,12,suprascripta,suprascriptus,DET
dev-s155,13,casa,casa,NOUN
dev-s155,14,et,et,CCONJ
dev-s155,15,predictam,praedictus,DET
dev-s155,16,terram,terra,NOUN
dev-s155,17,et,et,CCONJ
dev-s155,18,silva,silua,NOUN
dev-s155,19,relassaverimus,relaxo,VERB
dev-s155,20,",",",",PUNCT
dev-s155,21,vel,uel,CCONJ
dev-s155,22,si,si,SCONJ
dev-s155,23,aput,apud,ADP
dev-s155,24,nos,nos,PRON
dev-s155,25,pegiorata,peioro,VERB
dev-s155,26,fuerit,sum,AUX
dev-s155,27,",",",",PUNCT
dev-s155,28,spondeo,spondeo,VERB
dev-s155,29,ego,ego,PRON
dev-s155,30,qui,qui,DET
dev-s155,31,supra,supra,ADV
dev-s155,32,Vuillerado,Wileradus,PROPN
dev-s155,33,",",",",PUNCT
dev-s155,34,una,una,ADV
dev-s155,35,cum,cum,ADP
dev-s155,36,meis,meus,DET
dev-s155,37,heredes,heres,NOUN
dev-s155,38,",",",",PUNCT
dev-s155,39,conponere,compono,VERB
dev-s155,40,tibi,tu,PRON
dev-s155,41,",",",",PUNCT
dev-s155,42,vel,uel,CCONJ
dev-s155,43,ad,ad,ADP
dev-s155,44,subcessoribus,successor,NOUN
dev-s155,45,tuis,tuus,DET
dev-s155,46,",",",",PUNCT
dev-s155,47,penam,poena,NOUN
dev-s155,48,",",",",PUNCT
dev-s155,49,argentum,argentum,NOUN
dev-s155,50,soledos,solidus,NOUN
dev-s155,51,quadraginta,quadraginta,NUM
dev-s155,52,",",",",PUNCT
dev-s155,53,quia,quia,SCONJ
dev-s155,54,taliter,taliter,ADV
dev-s155,55,inter,inter,ADP
dev-s155,56,nos,nos,PRON
dev-s155,57,convenit,conuenio,VERB
dev-s155,58,et,et,CCONJ
dev-s155,59,duas,duo,NUM
dev-s155,60,cartulas,chartula,NOUN
dev-s155,61,Lopo,lupus,PROPN
dev-s155,62,notarium,notarius,NOUN
dev-s155,63,scribere,scribo,VERB
dev-s155,64,rogavimus,rogo,VERB
dev-s155,65,.,.,PUNCT
dev-s156,1,actum,ago,VERB
dev-s156,2,Luca,Luca,PROPN
dev-s156,3,.,.,PUNCT
dev-s157,1,signum,signum,NOUN
dev-s157,2,+,+,PUNCT
dev-s157,3,manus,manus,NOUN
dev-s157,4,Vuilleradi,Wileradus,PROPN
dev-s157,5,qui,qui,PRON
dev-s157,6,hunc,hic,DET
dev-s157,7,libello,libellus,NOUN
dev-s157,8,fieri,fio,VERB
dev-s157,9,rogavit,rogo,VERB
dev-s157,10,.,.,PUNCT
dev-s158,1,ego,ego,PRON
dev-s158,2,Lamperto,Lampertus,PROPN
dev-s158,3,notarius,notarius,NOUN
dev-s158,4,",",",",PUNCT
dev-s158,5,rogatu,rogo,VERB
dev-s158,6,a,ab,ADP
dev-s158,7,Vuillerado,Wileradus,PROPN
dev-s158,8,",",",",PUNCT
dev-s158,9,me,ego,PRON
dev-s158,10,teste,testis,NOUN
dev-s158,11,subscripsi,subscribo,VERB
dev-s158,12,.,.,PUNCT
dev-s159,1,ego,ego,PRON
dev-s159,2,Liupertus,Liutpertus,PROPN
dev-s159,3,",",",",PUNCT
dev-s159,4,rogatus,rogo,VERB
dev-s159,5,a,ab,ADP
dev-s159,6,Villerado,Wileradus,PROPN
dev-s159,7,",",",",PUNCT
dev-s159,8,me,ego,PRON
dev-s159,9,teste,testis,NOUN
dev-s159,10,subscripsi,subscribo,VERB
dev-s159,11,.,.,PUNCT
dev-s160,1,ego,ego,PRON
dev-s160,2,Fraolmi,Fraolmus,PROPN
dev-s160,3,",",",",PUNCT
dev-s160,4,rogatus,rogo,VERB
dev-s160,5,a,ab,ADP
dev-s160,6,Villerado,Wileradus,PROPN
dev-s160,7,",",",",PUNCT
dev-s160,8,subscripsi,subscribo,VERB
dev-s160,9,.,.,PUNCT
dev-s161,1,+,+,PUNCT
dev-s161,2,Ego,ego,PRON
dev-s161,3,Alboni,Albonus,PROPN
dev-s161,4,",",",",PUNCT
dev-s161,5,rogatus,rogo,VERB
dev-s161,6,a,ab,ADP
dev-s161,7,Vuillerado,Wileradus,PROPN
dev-s161,8,",",",",PUNCT
dev-s161,9,me,ego,PRON
dev-s161,10,teste,testis,NOUN
dev-s161,11,subscripsi,subscribo,VERB
dev-s161,12,.,.,PUNCT
dev-s162,1,+,+,PUNCT
dev-s162,2,Ego,ego,PRON
dev-s162,3,Lopo,lupus,PROPN
dev-s162,4,notarius,notarius,NOUN
dev-s162,5,post,post,ADP
dev-s162,6,traditam,trado,VERB
dev-s162,7,complevi,compleo,VERB
dev-s162,8,et,et,CCONJ
dev-s162,9,dedi,do,VERB
dev-s162,10,.,.,PUNCT
dev-s163,1,In,in,ADP
dev-s163,2,Dei,Deus,PROPN
dev-s163,3,omnipotentis,omnipotens,ADJ
dev-s163,4,nomine,nomen,NOUN
dev-s163,5,regnante,regno,VERB
dev-s163,6,domno,domnus,NOUN
dev-s163,7,nostro,noster,DET
dev-s163,8,Karolus,Carolus,PROPN
dev-s163,9,divina,diuinus,ADJ
dev-s163,10,faventem,faueo,VERB
dev-s163,11,clementia,clementia,NOUN
dev-s163,12,imperatore,imperator,NOUN
dev-s163,13,augusto,augustus,NOUN
dev-s163,14,",",",",PUNCT
dev-s163,15,anno,annus,NOUN
dev-s163,16,imperii,imperium,NOUN
dev-s163,17,eius,is,PRON
dev-s163,18,secundo,secundus,ADJ
dev-s163,19,",",",",PUNCT
dev-s163,20,quarto,quartus,ADJ
dev-s163,21,decimo,decimus,ADJ
dev-s163,22,kalendas,kalendae,NOUN
dev-s163,23,iulii,iulius,NOUN
dev-s163,24,",",",",PUNCT
dev-s163,25,indictione,indictio,NOUN
dev-s163,26,quinta,quintus,ADJ
dev-s163,27,decima,decimus,ADJ
dev-s163,28,.,.,PUNCT
dev-s164,1,seo,seu,CCONJ
dev-s164,2,et,et,CCONJ
dev-s164,3,mihi,ego,PRON
dev-s164,4,dedisti,do,VERB
dev-s164,5,res,res,NOUN
dev-s164,6,illa,ille,DET
dev-s164,7,in,in,ADP
dev-s164,8,loco,locus,NOUN
dev-s164,9,ubi,ubi,ADV
dev-s164,10,dicitur,dico,VERB
dev-s164,11,Septimo,septimus,PROPN
dev-s164,12,",",",",PUNCT
dev-s164,13,pertenentes,pertineo,VERB
dev-s164,14,ecclesie,ecclesia,NOUN
dev-s164,15,sancti,sanctus,ADJ
dev-s164,16,Benedicti,Benedictus,PROPN
dev-s164,17,quod,qui,PRON
dev-s164,18,est,sum,AUX
dev-s164,19,desup,desub,ADP
dev-s164,20,potestatem,potestas,NOUN
dev-s164,21,ipsius,ipse,DET
dev-s164,22,episcopatui,episcopatus,NOUN
dev-s164,23,vestro,uester,DET
dev-s164,24,sancti,sanctus,ADJ
dev-s164,25,Martini,Martinus,PROPN
dev-s164,26,",",",",PUNCT
dev-s164,27,adque,atque,CCONJ
dev-s164,28,res,res,NOUN
dev-s164,29,illa,ille,DET
dev-s164,30,in,in,ADP
dev-s164,31,loco,locus,NOUN
dev-s164,32,Oliveto,oliuetum,PROPN
dev-s164,33,",",",",PUNCT
dev-s164,34,prope,prope,ADP
dev-s164,35,Centulatichi,Centulaticum,PROPN
dev-s164,36,",",",",PUNCT
dev-s164,37,quas,qui,PRON
dev-s164,38,ego,ego,PRON
dev-s164,39,ipsi,ipse,DET
dev-s164,40,usque,usque,ADP
dev-s164,41,modo,modo,ADV
dev-s164,42,ad,ad,ADP
dev-s164,43,manus,manus,NOUN
dev-s164,44,meas,meus,DET
dev-s164,45,abere,habeo,VERB
dev-s164,46,videor,uideo,VERB
dev-s164,47,",",",",PUNCT
dev-s164,48,pertenentes,pertineo,VERB
dev-s164,49,ipsius,ipse,DET
dev-s164,50,episcopatui,episcopatus,NOUN
dev-s164,51,vestro,uester,DET
dev-s164,52,",",",",PUNCT
dev-s164,53,tam,tam,ADV
dev-s164,54,terris,terra,NOUN
dev-s164,55,",",",",PUNCT
dev-s164,56,vineis,uinea,NOUN
dev-s164,57,",",",",PUNCT
dev-s164,58,olivetis,oliuetum,NOUN
dev-s164,59,",",",",PUNCT
dev-s164,60,silvis,silua,NOUN
dev-s164,61,",",",",PUNCT
dev-s164,62,virgariis,uirgareum,NOUN
dev-s164,63,",",",",PUNCT
dev-s164,64,pratis,pratum,NOUN
dev-s164,65,",",",",PUNCT
dev-s164,66,pascuis,pascuum,NOUN
dev-s164,67,",",",",PUNCT
dev-s164,68,cultis,cultus,ADJ
dev-s164,69,rebus,res,NOUN
dev-s164,70,vel,uel,CCONJ
dev-s164,71,incultis,incultus,ADJ
dev-s164,72,",",",",PUNCT
dev-s164,73,quantum,quantum,ADV
dev-s164,74,in,in,ADP
dev-s164,75,ipsis,ipse,DET
dev-s164,76,locis,locus,NOUN
dev-s164,77,Septimo,septimus,PROPN
dev-s164,78,et,et,CCONJ
dev-s164,79,Oliveto,oliuetum,PROPN
dev-s164,80,ipsius,ipse,DET
dev-s164,81,episcopatui,episcopatus,NOUN
dev-s164,82,vestro,uester,DET
dev-s164,83,est,sum,AUX
dev-s164,84,pertinentes,pertineo,VERB
dev-s164,85,",",",",PUNCT
dev-s164,86,mihi,ego,PRON
dev-s164,87,eas,is,PRON
dev-s164,88,dedisti,do,VERB
dev-s164,89,in,in,ADP
dev-s164,90,integrum,integer,ADJ
dev-s164,91,;,;,PUNCT
dev-s165,1,simul,simul,ADV
dev-s165,2,et,et,CCONJ
dev-s165,3,mihi,ego,PRON
dev-s165,4,dedisti,do,VERB
dev-s165,5,id,is,PRON
dev-s165,6,est,sum,AUX
dev-s165,7,casa,casa,NOUN
dev-s165,8,et,et,CCONJ
dev-s165,9,res,res,NOUN
dev-s165,10,illa,ille,DET
dev-s165,11,in,in,ADP
dev-s165,12,loco,locus,NOUN
dev-s165,13,ubi,ubi,ADV
dev-s165,14,dicitur,dico,VERB
dev-s165,15,Monte,Mons,PROPN
dev-s165,16,Alto,altus,ADJ
dev-s165,17,pertenentes,pertineo,VERB
dev-s165,18,ipsius,ipse,DET
dev-s165,19,episcopatui,episcopatus,NOUN
dev-s165,20,vestro,uester,DET
dev-s165,21,sancti,sanctus,ADJ
dev-s165,22,Martini,Martinus,PROPN
dev-s165,23,",",",",PUNCT
dev-s165,24,quas,qui,PRON
dev-s165,25,Ildiprando,Ildiprandus,PROPN
dev-s165,26,ad,ad,ADP
dev-s165,27,manus,manus,NOUN
dev-s165,28,suas,suus,DET
dev-s165,29,abere,habeo,VERB
dev-s165,30,videtur,uideo,VERB
dev-s165,31,",",",",PUNCT
dev-s165,32,casa,casa,NOUN
dev-s165,33,ipsa,ipse,DET
dev-s165,34,cum,cum,ADP
dev-s165,35,curte,curtis,NOUN
dev-s165,36,",",",",PUNCT
dev-s165,37,orto,hortus,NOUN
dev-s165,38,",",",",PUNCT
dev-s165,39,vineis,uinea,NOUN
dev-s165,40,",",",",PUNCT
dev-s165,41,silvis,silua,NOUN
dev-s165,42,",",",",PUNCT
dev-s165,43,virgariis,uirgareum,NOUN
dev-s165,44,",",",",PUNCT
dev-s165,45,pratis,pratum,NOUN
dev-s165,46,",",",",PUNCT
dev-s165,47,pascuis,pascuum,NOUN
dev-s165,48,",",",",PUNCT
dev-s165,49,cultas,cultus,ADJ
dev-s165,50,res,res,NOUN
dev-s165,51,vel,uel,CCONJ
dev-s165,52,incultas,incultus,ADJ
dev-s165,53,[--],_,X
dev-s165,54,et,et,CCONJ
dev-s165,55,rebus,res,NOUN
dev-s165,56,quantum,quantum,ADV
dev-s165,57,suprascripto,suprascriptus,DET
dev-s165,58,Ildiprando,Ildiprandus,PROPN
dev-s165,59,de,de,ADP
dev-s165,60,parte,pars,NOUN
dev-s165,61,ipsius,ipse,DET
dev-s165,62,episcopatui,episcopatus,NOUN
dev-s165,63,vestro,uester,DET
dev-s165,64,ad,ad,ADP
dev-s165,65,manus,manus,NOUN
dev-s165,66,suas,suus,DET
dev-s165,67,habere,habeo,VERB
dev-s165,68,videtur,uideo,VERB
dev-s165,69,",",",",PUNCT
dev-s165,70,in,in,ADP
dev-s165,71,integrum,integer,ADJ
dev-s165,72,mihi,ego,PRON
dev-s165,73,eas,is,PRON
dev-s165,74,dedisti,do,VERB
dev-s165,75,",",",",PUNCT
dev-s165,76,tali,talis,DET
dev-s165,77,ordinem,ordo,NOUN
dev-s165,78,ut,ut,SCONJ
dev-s165,79,da,da,ADP
dev-s165,80,admodum,admodum,ADV
dev-s165,81,in,in,ADP
dev-s165,82,mea,meus,DET
dev-s165,83,qui,qui,DET
dev-s165,84,supra,supra,ADV
dev-s165,85,Vuiliberto,Wilipertus,PROPN
dev-s165,86,",",",",PUNCT
dev-s165,87,vel,uel,CCONJ
dev-s165,88,de,de,ADP
dev-s165,89,meis,meus,DET
dev-s165,90,heredes,heres,NOUN
dev-s165,91,",",",",PUNCT
dev-s165,92,sint,sum,AUX
dev-s165,93,potestatem,potestas,NOUN
dev-s165,94,suprascriptis,suprascriptus,DET
dev-s165,95,casis,casa,NOUN
dev-s165,96,et,et,CCONJ
dev-s165,97,rebus,res,NOUN
dev-s165,98,quas,qui,PRON
dev-s165,99,mihi,ego,PRON
dev-s165,100,dedisti,do,VERB
dev-s165,101,abendi,habeo,VERB
dev-s165,102,",",",",PUNCT
dev-s165,103,possidendi,possideo,VERB
dev-s165,104,",",",",PUNCT
dev-s165,105,inperandi,impero,VERB
dev-s165,106,",",",",PUNCT
dev-s165,107,gubernandi,guberno,VERB
dev-s165,108,",",",",PUNCT
dev-s165,109,laborare,laboro,VERB
dev-s165,110,faciendi,facio,VERB
dev-s165,111,",",",",PUNCT
dev-s165,112,usufructuandi,usufructuo,VERB
dev-s165,113,ita,ita,ADV
dev-s165,114,ut,ut,SCONJ
dev-s165,115,melioretur,melioro,VERB
dev-s165,116,et,et,CCONJ
dev-s165,117,non,non,PART
dev-s165,118,pegioretur,peioro,VERB
dev-s165,119,.,.,PUNCT
dev-s166,1,In,in,ADP
dev-s166,2,Dei,Deus,PROPN
dev-s166,3,omnipotentis,omnipotens,ADJ
dev-s166,4,nomine,nomen,NOUN
dev-s166,5,regnante,regno,VERB
dev-s166,6,domno,domnus,NOUN
dev-s166,7,nostro,noster,DET
dev-s166,8,Karolus,Carolus,PROPN
dev-s166,9,divina,diuinus,ADJ
dev-s166,10,faventem,faueo,VERB
dev-s166,11,clementiam,clementia,NOUN
dev-s166,12,imperatore,imperator,NOUN
dev-s166,13,augusto,augustus,NOUN
dev-s166,14,",",",",PUNCT
dev-s166,15,anno,annus,NOUN
dev-s166,16,imperii,imperium,NOUN
dev-s166,17,eius,is,PRON
dev-s166,18,secundo,secundus,ADJ
dev-s166,19,",",",",PUNCT
dev-s166,20,decimo,decimus,ADJ
dev-s166,21,kalendas,kalendae,NOUN
dev-s166,22,iulias,iulius,ADJ
dev-s166,23,",",",",PUNCT
dev-s166,24,indictione,indictio,NOUN
dev-s166,25,quinta,quintus,ADJ
dev-s166,26,decima,decimus,ADJ
dev-s166,27,.,.,PUNCT
dev-s167,1,manifestu,manifestus,ADJ
dev-s167,2,sum,sum,AUX
dev-s167,3,ego,ego,PRON
dev-s167,4,Audiprando,Audiprandus,PROPN
dev-s167,5,",",",",PUNCT
dev-s167,6,filio,filius,NOUN
dev-s167,7,quondam,quondam,ADJ
dev-s167,8,Adalperti,Adalpertus,PROPN
dev-s167,9,",",",",PUNCT
dev-s167,10,quia,quia,SCONJ
dev-s167,11,tu,tu,PRON
dev-s167,12,Gherardus,Gherardus,PROPN
dev-s167,13,",",",",PUNCT
dev-s167,14,gratia,gratia,NOUN
dev-s167,15,Dei,Deus,PROPN
dev-s167,16,uius,hic,DET
dev-s167,17,sancte,sanctus,ADJ
dev-s167,18,Lucane,lucanus,ADJ
dev-s167,19,ecclesie,ecclesia,NOUN
dev-s167,20,humilis,humilis,ADJ
dev-s167,21,episcopus,episcopus,NOUN
dev-s167,22,",",",",PUNCT
dev-s167,23,per,per,ADP
dev-s167,24,cartula,chartula,NOUN
dev-s167,25,livellario,libellarius,ADJ
dev-s167,26,nomine,nomen,NOUN
dev-s167,27,ad,ad,ADP
dev-s167,28,censum,census,NOUN
dev-s167,29,vobis,uos,PRON
dev-s167,30,perexolvendum,perexsoluo,VERB
dev-s167,31,dedisti,do,VERB
dev-s167,32,mihi,ego,PRON
dev-s167,33,id,is,PRON
dev-s167,34,est,sum,AUX
dev-s167,35,casa,casa,NOUN
dev-s167,36,et,et,CCONJ
dev-s167,37,res,res,NOUN
dev-s167,38,illa,ille,DET
dev-s167,39,in,in,ADP
dev-s167,40,loco,locus,NOUN
dev-s167,41,et,et,CCONJ
dev-s167,42,finibus,finis,NOUN
dev-s167,43,Decimo,decimus,PROPN
dev-s167,44,",",",",PUNCT
dev-s167,45,quas,qui,PRON
dev-s167,46,Cristiano,Christianus,PROPN
dev-s167,47,et,et,CCONJ
dev-s167,48,Aggulo,Aggulus,PROPN
dev-s167,49,ad,ad,ADP
dev-s167,50,manus,manus,NOUN
dev-s167,51,suas,suus,DET
dev-s167,52,abere,habeo,VERB
dev-s167,53,videtur,uideo,VERB
dev-s167,54,",",",",PUNCT
dev-s167,55,pertenentes,pertineo,VERB
dev-s167,56,ipsius,ipse,DET
dev-s167,57,episcopatui,episcopatus,NOUN
dev-s167,58,vestro,uester,DET
dev-s167,59,sancti,sanctus,ADJ
dev-s167,60,Martini,Martinus,PROPN
dev-s167,61,;,;,PUNCT
dev-s168,1,et,et,CCONJ
dev-s168,2,in,in,ADP
dev-s168,3,ipsa,ipse,DET
dev-s168,4,casa,casa,NOUN
dev-s168,5,homines,homo,NOUN
dev-s168,6,ad,ad,ADP
dev-s168,7,abitandum,habito,VERB
dev-s168,8,mittere,mitto,VERB
dev-s168,9,debeamus,debeo,VERB
dev-s168,10,.,.,PUNCT
dev-s169,1,et,et,CCONJ
dev-s169,2,pro,pro,ADP
dev-s169,3,iustitiam,iustitia,NOUN
dev-s169,4,exinde,exinde,ADV
dev-s169,5,tibi,tu,PRON
dev-s169,6,",",",",PUNCT
dev-s169,7,vel,uel,CCONJ
dev-s169,8,ad,ad,ADP
dev-s169,9,subcessoribus,successor,NOUN
dev-s169,10,tuis,tuus,DET
dev-s169,11,ad,ad,ADP
dev-s169,12,pars,pars,NOUN
dev-s169,13,ipsius,ipse,DET
dev-s169,14,episcopatui,episcopatus,NOUN
dev-s169,15,vestro,uester,DET
dev-s169,16,sancti,sanctus,ADJ
dev-s169,17,Martini,Martinus,PROPN
dev-s169,18,",",",",PUNCT
dev-s169,19,per,per,ADP
dev-s169,20,singulos,singulus,ADJ
dev-s169,21,annos,annus,NOUN
dev-s169,22,",",",",PUNCT
dev-s169,23,dum,dum,SCONJ
dev-s169,24,vita,uita,NOUN
dev-s169,25,suprascripte,suprascriptus,DET
dev-s169,26,Amalperghe,Amalperga,PROPN
dev-s169,27,filie,filia,NOUN
dev-s169,28,mee,meus,DET
dev-s169,29,fuerint,sum,AUX
dev-s169,30,",",",",PUNCT
dev-s169,31,per,per,ADP
dev-s169,32,omnem,omnis,DET
dev-s169,33,mense,mensis,NOUN
dev-s169,34,december,december,ADJ
dev-s169,35,censum,census,NOUN
dev-s169,36,vobis,uos,PRON
dev-s169,37,reddere,reddo,VERB
dev-s169,38,debeamus,debeo,VERB
dev-s169,39,ad,ad,ADP
dev-s169,40,suprascripto,suprascriptus,DET
dev-s169,41,domo,domus,NOUN
dev-s169,42,vobis,uos,PRON
dev-s169,43,",",",",PUNCT
dev-s169,44,vel,uel,CCONJ
dev-s169,45,ad,ad,ADP
dev-s169,46,ministeriales,ministerialis,NOUN
dev-s169,47,vestro,uester,DET
dev-s169,48,quas,qui,PRON
dev-s169,49,ibi,ubi,ADV
dev-s169,50,pre,prae,ADP
dev-s169,51,tempore,tempus,NOUN
dev-s169,52,abueritis,habeo,VERB
dev-s169,53,",",",",PUNCT
dev-s169,54,argentum,argentum,NOUN
dev-s169,55,denarios,denarius,NOUN
dev-s169,56,bonos,bonus,ADJ
dev-s169,57,expendiviles,expendibilis,ADJ
dev-s169,58,numero,numerus,NOUN
dev-s169,59,duodecim,duodecim,NUM
dev-s169,60,;,;,PUNCT
dev-s170,1,et,et,CCONJ
dev-s170,2,homines,homo,NOUN
dev-s170,3,illos,ille,DET
dev-s170,4,qui,qui,PRON
dev-s170,5,in,in,ADP
dev-s170,6,ipsa,ipse,DET
dev-s170,7,casa,casa,NOUN
dev-s170,8,abitantes,habito,VERB
dev-s170,9,fuerit,sum,AUX
dev-s170,10,",",",",PUNCT
dev-s170,11,nos,nos,PRON
dev-s170,12,eum,is,PRON
dev-s170,13,a,ab,ADP
dev-s170,14,mandato,mandatum,NOUN
dev-s170,15,vestro,uester,DET
dev-s170,16,venire,uenio,VERB
dev-s170,17,faciamus,facio,VERB
dev-s170,18,hic,hic,ADV
dev-s170,19,civitate,ciuitas,NOUN
dev-s170,20,Luca,Luca,PROPN
dev-s170,21,legem,lex,NOUN
dev-s170,22,et,et,CCONJ
dev-s170,23,iustitiam,iustitia,NOUN
dev-s170,24,faciendum,facio,VERB
dev-s170,25,tantum,tantum,ADV
dev-s170,26,.,.,PUNCT
dev-s171,1,et,et,CCONJ
dev-s171,2,si,si,SCONJ
dev-s171,3,a,ab,ADP
dev-s171,4,nos,nos,PRON
dev-s171,5,vobis,uos,PRON
dev-s171,6,hec,hic,DET
dev-s171,7,omnia,omnis,DET
dev-s171,8,qualiter,qualiter,SCONJ
dev-s171,9,superius,superius,ADV
dev-s171,10,legitur,lego,VERB
dev-s171,11,per,per,ADP
dev-s171,12,singulos,singulus,ADJ
dev-s171,13,annos,annus,NOUN
dev-s171,14,sic,sic,ADV
dev-s171,15,non,non,PART
dev-s171,16,fuerint,sum,AUX
dev-s171,17,adinpleta,adimpleo,VERB
dev-s171,18,et,et,CCONJ
dev-s171,19,conservata,conseruo,VERB
dev-s171,20,",",",",PUNCT
dev-s171,21,aut,aut,CCONJ
dev-s171,22,si,si,SCONJ
dev-s171,23,suprascripta,suprascriptus,DET
dev-s171,24,casa,casa,NOUN
dev-s171,25,et,et,CCONJ
dev-s171,26,res,res,NOUN
dev-s171,27,relaxaverimus,relaxo,VERB
dev-s171,28,",",",",PUNCT
dev-s171,29,vel,uel,CCONJ
dev-s171,30,si,si,SCONJ
dev-s171,31,per,per,ADP
dev-s171,32,nos,nos,PRON
dev-s171,33,pegiorata,peioro,VERB
dev-s171,34,fuerit,sum,AUX
dev-s171,35,usque,usque,ADV
dev-s171,36,dum,dum,SCONJ
dev-s171,37,vita,uita,NOUN
dev-s171,38,suprascripte,suprascriptus,DET
dev-s171,39,Amalperghe,Amalperga,PROPN
dev-s171,40,filie,filia,NOUN
dev-s171,41,mee,meus,DET
dev-s171,42,fuerint,sum,AUX
dev-s171,43,",",",",PUNCT
dev-s171,44,spondeo,spondeo,VERB
dev-s171,45,cum,cum,ADP
dev-s171,46,meis,meus,DET
dev-s171,47,heredes,heres,NOUN
dev-s171,48,conponere,compono,VERB
dev-s171,49,tibi,tu,PRON
dev-s171,50,qui,qui,DET
dev-s171,51,supra,supra,ADV
dev-s171,52,Gherardus,Gherardus,PROPN
dev-s171,53,episcopus,episcopus,NOUN
dev-s171,54,",",",",PUNCT
dev-s171,55,vel,uel,CCONJ
dev-s171,56,ad,ad,ADP
dev-s171,57,subcessoribus,successor,NOUN
dev-s171,58,tuis,tuus,DET
dev-s171,59,",",",",PUNCT
dev-s171,60,penam,poena,NOUN
dev-s171,61,",",",",PUNCT
dev-s171,62,argentum,argentum,NOUN
dev-s171,63,soledos,solidus,NOUN
dev-s171,64,triginta,triginta,NUM
dev-s171,65,",",",",PUNCT
dev-s171,66,quia,quia,SCONJ
dev-s171,67,taliter,taliter,ADV
dev-s171,68,inter,inter,ADP
dev-s171,69,nos,nos,PRON
dev-s171,70,convenit,conuenio,VERB
dev-s171,71,et,et,CCONJ
dev-s171,72,duas,duo,NUM
dev-s171,73,inter,inter,ADP
dev-s171,74,nos,nos,PRON
dev-s171,75,cartulas,chartula,NOUN
dev-s171,76,Rachifonsum,Rachifonsus,PROPN
dev-s171,77,notarium,notarius,NOUN
dev-s171,78,scribere,scribo,VERB
dev-s171,79,rogavimus,rogo,VERB
dev-s171,80,.,.,PUNCT
dev-s172,1,actum,ago,VERB
dev-s172,2,Luca,Luca,PROPN
dev-s172,3,.,.,PUNCT
dev-s173,1,signum,signum,NOUN
dev-s173,2,+,+,PUNCT
dev-s173,3,manus,manus,NOUN
dev-s173,4,Audiprandi,Audiprandus,PROPN
dev-s173,5,qui,qui,PRON
dev-s173,6,hunc,hic,DET
dev-s173,7,libellum,libellus,NOUN
dev-s173,8,fieri,fio,VERB
dev-s173,9,rogavit,rogo,VERB
dev-s173,10,.,.,PUNCT
dev-s174,1,+,+,PUNCT
dev-s174,2,Ego,ego,PRON
dev-s174,3,Teopaldo,Teutpaldus,PROPN
dev-s174,4,",",",",PUNCT
dev-s174,5,rogatus,rogo,VERB
dev-s174,6,ab,ab,ADP
dev-s174,7,Audiprando,Audiprandus,PROPN
dev-s174,8,",",",",PUNCT
dev-s174,9,me,ego,PRON
dev-s174,10,testes,testis,NOUN
dev-s174,11,subscripsi,subscribo,VERB
dev-s174,12,.,.,PUNCT
dev-s175,1,+,+,PUNCT
dev-s175,2,Ego,ego,PRON
dev-s175,3,Benedicto,Benedictus,PROPN
dev-s175,4,",",",",PUNCT
dev-s175,5,rogatus,rogo,VERB
dev-s175,6,ab,ab,ADP
dev-s175,7,Audiprando,Audiprandus,PROPN
dev-s175,8,",",",",PUNCT
dev-s175,9,me,ego,PRON
dev-s175,10,teste,testis,NOUN
dev-s175,11,subscripsi,subscribo,VERB
dev-s175,12,.,.,PUNCT
dev-s176,1,ego,ego,PRON
dev-s176,2,Liutifridi,Liutfridus,PROPN
dev-s176,3,",",",",PUNCT
dev-s176,4,rogatus,rogo,VERB
dev-s176,5,ab,ab,ADP
dev-s176,6,Audiprando,Audiprandus,PROPN
dev-s176,7,",",",",PUNCT
dev-s176,8,me,ego,PRON
dev-s176,9,teste,testis,NOUN
dev-s176,10,subscripsi,subscribo,VERB
dev-s176,11,.,.,PUNCT
dev-s177,1,+,+,PUNCT
dev-s177,2,Ego,ego,PRON
dev-s177,3,Petrus,Petrus,PROPN
dev-s177,4,",",",",PUNCT
dev-s177,5,rogatus,rogo,VERB
dev-s177,6,ab,ab,ADP
dev-s177,7,Audiprando,Audiprandus,PROPN
dev-s177,8,",",",",PUNCT
dev-s177,9,me,ego,PRON
dev-s177,10,teste,testis,NOUN
dev-s177,11,subscripsi,subscribo,VERB
dev-s177,12,.,.,PUNCT
dev-s178,1,+,+,PUNCT
dev-s178,2,Ego,ego,PRON
dev-s178,3,Rachifonsus,Rachifonsus,PROPN
dev-s178,4,notarius,notarius,NOUN
dev-s178,5,post,post,ADP
dev-s178,6,traditam,trado,VERB
dev-s178,7,conplevi,compleo,VERB
dev-s178,8,et,et,CCONJ
dev-s178,9,dedi,do,VERB
dev-s178,10,.,.,PUNCT
dev-s179,1,In,in,ADP
dev-s179,2,Dei,Deus,PROPN
dev-s179,3,omnipotentis,omnipotens,ADJ
dev-s179,4,nomine,nomen,NOUN
dev-s179,5,regnante,regno,VERB
dev-s179,6,domno,domnus,NOUN
dev-s179,7,nostro,noster,DET
dev-s179,8,Karolus,Carolus,PROPN
dev-s179,9,divina,diuinus,ADJ
dev-s179,10,favente,faueo,VERB
dev-s179,11,clementia,clementia,NOUN
dev-s179,12,inperatore,imperator,NOUN
dev-s179,13,augusto,augustus,NOUN
dev-s179,14,",",",",PUNCT
dev-s179,15,anno,annus,NOUN
dev-s179,16,inperii,imperium,NOUN
dev-s179,17,eius,is,PRON
dev-s179,18,secundo,secundus,ADJ
dev-s179,19,",",",",PUNCT
dev-s179,20,pridie,pridie,ADP
dev-s179,21,idus,idus,NOUN
dev-s179,22,iulii,iulius,NOUN
dev-s179,23,",",",",PUNCT
dev-s179,24,indictione,indictio,NOUN
dev-s179,25,quinta,quintus,ADJ
dev-s179,26,decima,decimus,ADJ
dev-s179,27,.,.,PUNCT
dev-s180,1,manifestu,manifestus,ADJ
dev-s180,2,sum,sum,AUX
dev-s180,3,ego,ego,PRON
dev-s180,4,Andreas,Andreas,PROPN
dev-s180,5,clericus,clericus,NOUN
dev-s180,6,et,et,CCONJ
dev-s180,7,acolitus,acolytus,NOUN
dev-s180,8,",",",",PUNCT
dev-s180,9,filio,filius,NOUN
dev-s180,10,quondam,quondam,ADJ
dev-s180,11,Aufusi,Aufusus,PROPN
dev-s180,12,",",",",PUNCT
dev-s180,13,quia,quia,SCONJ
dev-s180,14,tu,tu,PRON
dev-s180,15,Gherardus,Gherardus,PROPN
dev-s180,16,",",",",PUNCT
dev-s180,17,gratia,gratia,NOUN
dev-s180,18,Dei,Deus,PROPN
dev-s180,19,huius,hic,DET
dev-s180,20,sancte,sanctus,ADJ
dev-s180,21,Lucane,lucanus,ADJ
dev-s180,22,ecclesie,ecclesia,NOUN
dev-s180,23,umilis,humilis,ADJ
dev-s180,24,episcopus,episcopus,NOUN
dev-s180,25,",",",",PUNCT
dev-s180,26,per,per,ADP
dev-s180,27,cartula,chartula,NOUN
dev-s180,28,livellario,libellarius,ADJ
dev-s180,29,nomine,nomen,NOUN
dev-s180,30,dedisti,do,VERB
dev-s180,31,mihi,ego,PRON
dev-s180,32,id,is,PRON
dev-s180,33,est,sum,AUX
dev-s180,34,ecclesia,ecclesia,NOUN
dev-s180,35,illa,ille,DET
dev-s180,36,cui,qui,PRON
dev-s180,37,vocabulum,uocabulum,NOUN
dev-s180,38,est,sum,AUX
dev-s180,39,beati,beatus,ADJ
dev-s180,40,sancti,sanctus,ADJ
dev-s180,41,Quirici,Quiricus,PROPN
dev-s180,42,",",",",PUNCT
dev-s180,43,sita,sino,VERB
dev-s180,44,loco,locus,NOUN
dev-s180,45,ubi,ubi,ADV
dev-s180,46,dicitur,dico,VERB
dev-s180,47,Monticello,Monticellus,PROPN
dev-s180,48,",",",",PUNCT
dev-s180,49,pertenentes,pertineo,VERB
dev-s180,50,ecclesie,ecclesia,NOUN
dev-s180,51,episcopatui,episcopatus,NOUN
dev-s180,52,vestro,uester,DET
dev-s180,53,sancti,sanctus,ADJ
dev-s180,54,Martini,Martinus,PROPN
dev-s180,55,",",",",PUNCT
dev-s180,56,iam,iam,ADV
dev-s180,57,dicta,dico,VERB
dev-s180,58,ecclesia,ecclesia,NOUN
dev-s180,59,sancti,sanctus,ADJ
dev-s180,60,Quirici,Quiricus,PROPN
dev-s180,61,",",",",PUNCT
dev-s180,62,una,una,ADV
dev-s180,63,cum,cum,ADP
dev-s180,64,subdita,subdita,NOUN
dev-s180,65,recta,recta,ADP
dev-s180,66,ipsa,ipse,DET
dev-s180,67,ecclesia,ecclesia,NOUN
dev-s180,68,cum,cum,ADP
dev-s180,69,fundamento,fundamentum,NOUN
dev-s180,70,et,et,CCONJ
dev-s180,71,omnem,omnis,DET
dev-s180,72,etdeficio,aedificium,NOUN
dev-s180,73,suo,suus,DET
dev-s180,74,sive,siue,CCONJ
dev-s180,75,cum,cum,ADP
dev-s180,76,ipso,ipse,DET
dev-s180,77,Monticello,Monticellus,PROPN
dev-s180,78,;,;,PUNCT
dev-s181,1,et,et,CCONJ
dev-s181,2,petie,petia,NOUN
dev-s181,3,ille,ille,DET
dev-s181,4,de,de,ADP
dev-s181,5,terre,terra,NOUN
dev-s181,6,prope,prope,ADP
dev-s181,7,ipso,ipse,DET
dev-s181,8,Monticello,Monticellus,PROPN
dev-s181,9,pertenentes,pertineo,VERB
dev-s181,10,ipsius,ipse,DET
dev-s181,11,ecclesie,ecclesia,NOUN
dev-s181,12,qualiter,qualiter,SCONJ
dev-s181,13,eas,is,PRON
dev-s181,14,Lamperto,Lampertus,PROPN
dev-s181,15,presbitero,presbyter,NOUN
dev-s181,16,ad,ad,ADP
dev-s181,17,manus,manus,NOUN
dev-s181,18,suas,suus,DET
dev-s181,19,abuit,habeo,VERB
dev-s181,20,",",",",PUNCT
dev-s181,21,mihi,ego,PRON
dev-s181,22,dedisti,do,VERB
dev-s181,23,in,in,ADP
dev-s181,24,integrum,integer,ADJ
dev-s181,25,;,;,PUNCT
dev-s182,1,simul,simul,ADV
dev-s182,2,et,et,CCONJ
dev-s182,3,constituo,constituo,VERB
dev-s182,4,adque,atque,CCONJ
dev-s182,5,confirmavit,confirmo,VERB
dev-s182,6,seo,seu,CCONJ
dev-s182,7,dedisti,do,VERB
dev-s182,8,in,in,ADP
dev-s182,9,potestate,potestas,NOUN
dev-s182,10,mea,meus,DET
dev-s182,11,omnem,omnis,DET
dev-s182,12,decimationem,decimatio,NOUN
dev-s182,13,illa,ille,DET
dev-s182,14,",",",",PUNCT
dev-s182,15,quas,qui,PRON
dev-s182,16,singulis,singulus,ADJ
dev-s182,17,hominibus,homo,NOUN
dev-s182,18,ad,ad,ADP
dev-s182,19,pars,pars,NOUN
dev-s182,20,eiusdem,idem,DET
dev-s182,21,ecclesie,ecclesia,NOUN
dev-s182,22,sancti,sanctus,ADJ
dev-s182,23,Quirici,Quiricus,PROPN
dev-s182,24,et,et,CCONJ
dev-s182,25,ad,ad,ADP
dev-s182,26,eius,is,PRON
dev-s182,27,que,que,CCONJ
dev-s182,28,rectoribus,rector,NOUN
dev-s182,29,consuetudo,consuetudo,NOUN
dev-s182,30,sunt,sum,AUX
dev-s182,31,reddendi,reddo,VERB
dev-s182,32,",",",",PUNCT
dev-s182,33,ut,ut,SCONJ
dev-s182,34,singulis,singulus,ADJ
dev-s182,35,quibusque,quisque,DET
dev-s182,36,anni,annus,NOUN
dev-s182,37,in,in,ADP
dev-s182,38,mea,meus,DET
dev-s182,39,et,et,CCONJ
dev-s182,40,Adalmanni,Adalmannus,PROPN
dev-s182,41,clerico,clericus,NOUN
dev-s182,42,filio,filius,NOUN
dev-s182,43,meo,meus,DET
dev-s182,44,",",",",PUNCT
dev-s182,45,diebus,dies,NOUN
dev-s182,46,vite,uita,NOUN
dev-s182,47,nostre,noster,DET
dev-s182,48,",",",",PUNCT
dev-s182,49,sint,sum,AUX
dev-s182,50,potestatem,potestas,NOUN
dev-s182,51,ipsa,ipse,DET
dev-s182,52,decimationem,decimatio,NOUN
dev-s182,53,recoligendi,recolligo,VERB
dev-s182,54,et,et,CCONJ
dev-s182,55,abendi,habeo,VERB
dev-s182,56,privatu,priuo,VERB
dev-s182,57,nomine,nomen,NOUN
dev-s182,58,;,;,PUNCT
dev-s183,1,sic,sic,ADV
dev-s183,2,tamen,tamen,ADV
dev-s183,3,ipsa,ipse,DET
dev-s183,4,ecclesia,ecclesia,NOUN
dev-s183,5,sancti,sanctus,ADJ
dev-s183,6,Quirici,Quiricus,PROPN
dev-s183,7,",",",",PUNCT
dev-s183,8,cum,cum,ADP
dev-s183,9,predicta,praedictus,DET
dev-s183,10,subdita,subdita,NOUN
dev-s183,11,et,et,CCONJ
dev-s183,12,Monticello,Monticellus,PROPN
dev-s183,13,",",",",PUNCT
dev-s183,14,et,et,CCONJ
dev-s183,15,predicte,praedictus,DET
dev-s183,16,petie,petia,NOUN
dev-s183,17,de,de,ADP
dev-s183,18,terre,terra,NOUN
dev-s183,19,quas,qui,PRON
dev-s183,20,mihi,ego,PRON
dev-s183,21,dedisti,do,VERB
dev-s183,22,",",",",PUNCT
dev-s183,23,in,in,ADP
dev-s183,24,mea,meus,DET
dev-s183,25,qui,qui,DET
dev-s183,26,supra,supra,ADV
dev-s183,27,Andreas,Andreas,PROPN
dev-s183,28,clerico,clericus,NOUN
dev-s183,29,et,et,CCONJ
dev-s183,30,suprascripti,suprascriptus,DET
dev-s183,31,Adalmanni,Adalmannus,PROPN
dev-s183,32,clerico,clericus,NOUN
dev-s183,33,filio,filius,NOUN
dev-s183,34,meo,meus,DET
dev-s183,35,sint,sum,AUX
dev-s183,36,potestatem,potestas,NOUN
dev-s183,37,diebus,dies,NOUN
dev-s183,38,vite,uita,NOUN
dev-s183,39,nostre,noster,DET
dev-s183,40,eas,is,PRON
dev-s183,41,abendi,habeo,VERB
dev-s183,42,",",",",PUNCT
dev-s183,43,inperandi,impero,VERB
dev-s183,44,",",",",PUNCT
dev-s183,45,gubernandi,guberno,VERB
dev-s183,46,",",",",PUNCT
dev-s183,47,laborare,laboro,VERB
dev-s183,48,faciendi,facio,VERB
dev-s183,49,",",",",PUNCT
dev-s183,50,meliorandi,melioro,VERB
dev-s183,51,et,et,CCONJ
dev-s183,52,usufructuandi,usufructuo,VERB
dev-s183,53,privato,priuo,VERB
dev-s183,54,nomine,nomen,NOUN
dev-s183,55,;,;,PUNCT
dev-s184,1,et,et,CCONJ
dev-s184,2,in,in,ADP
dev-s184,3,ipsa,ipse,DET
dev-s184,4,ecclesia,ecclesia,NOUN
dev-s184,5,sancti,sanctus,ADJ
dev-s184,6,Quirici,Quiricus,PROPN
dev-s184,7,per,per,ADP
dev-s184,8,nostra,noster,DET
dev-s184,9,dispositionem,dispositio,NOUN
dev-s184,10,officium,officium,NOUN
dev-s184,11,Dei,Deus,PROPN
dev-s184,12,et,et,CCONJ
dev-s184,13,luminaria,luminare,NOUN
dev-s184,14,fieri,fio,VERB
dev-s184,15,debeas,debeo,VERB
dev-s184,16,.,.,PUNCT
dev-s185,1,seo,seu,CCONJ
dev-s185,2,et,et,CCONJ
dev-s185,3,vobis,uos,PRON
dev-s185,4,reddere,reddo,VERB
dev-s185,5,debeamus,debeo,VERB
dev-s185,6,per,per,ADP
dev-s185,7,singulos,singulus,ADJ
dev-s185,8,annos,annus,NOUN
dev-s185,9,",",",",PUNCT
dev-s185,10,in,in,ADP
dev-s185,11,festivitate,festiuitas,NOUN
dev-s185,12,ipsius,ipse,DET
dev-s185,13,ecclesie,ecclesia,NOUN
dev-s185,14,sancti,sanctus,ADJ
dev-s185,15,Quirici,Quiricus,PROPN
dev-s185,16,",",",",PUNCT
dev-s185,17,offertas,offertum,NOUN
dev-s185,18,et,et,CCONJ
dev-s185,19,cereas,cerea,NOUN
dev-s185,20,iusta,iuxta,ADP
dev-s185,21,quomodo,quomodo,SCONJ
dev-s185,22,exinde,exinde,ADV
dev-s185,23,est,sum,AUX
dev-s185,24,consuetudo,consuetudo,NOUN
dev-s185,25,reddendi,reddo,VERB
dev-s185,26,;,;,PUNCT
dev-s186,1,quidem,quidem,PART
dev-s186,2,et,et,CCONJ
dev-s186,3,in,in,ADP
dev-s186,4,vigilia,uigilia,NOUN
dev-s186,5,et,et,CCONJ
dev-s186,6,festivitate,festiuitas,NOUN
dev-s186,7,eiusdem,idem,DET
dev-s186,8,ecclesie,ecclesia,NOUN
dev-s186,9,sancti,sanctus,ADJ
dev-s186,10,Quirici,Quiricus,PROPN
dev-s186,11,",",",",PUNCT
dev-s186,12,inter,inter,ADP
dev-s186,13,sacerdotes,sacerdos,NOUN
dev-s186,14,et,et,CCONJ
dev-s186,15,cleros,clerus,NOUN
dev-s186,16,et,et,CCONJ
dev-s186,17,missos,missus,NOUN
dev-s186,18,vestro,uester,DET
dev-s186,19,usque,usque,ADP
dev-s186,20,numero,numerus,NOUN
dev-s186,21,decem,decem,NUM
dev-s186,22,",",",",PUNCT
dev-s186,23,qui,qui,PRON
dev-s186,24,ibi,ubi,ADV
dev-s186,25,obvenerint,obuenio,VERB
dev-s186,26,pro,pro,ADP
dev-s186,27,ipsas,ipse,DET
dev-s186,28,ecclesia,ecclesia,NOUN
dev-s186,29,revuardandum,regardo,VERB
dev-s186,30,et,et,CCONJ
dev-s186,31,offersionem,offersio,NOUN
dev-s186,32,recipiendum,recipio,VERB
dev-s186,33,",",",",PUNCT
dev-s186,34,nos,nos,PRON
dev-s186,35,eos,is,PRON
dev-s186,36,recipere,recipio,VERB
dev-s186,37,et,et,CCONJ
dev-s186,38,bene,bene,ADV
dev-s186,39,gubernare,guberno,VERB
dev-s186,40,debeamus,debeo,VERB
dev-s186,41,tantum,tantum,ADV
dev-s186,42,.,.,PUNCT
dev-s187,1,et,et,CCONJ
dev-s187,2,si,si,SCONJ
dev-s187,3,a,ab,ADP
dev-s187,4,nos,nos,PRON
dev-s187,5,vobis,uos,PRON
dev-s187,6,hec,hic,DET
dev-s187,7,omnia,omnis,DET
dev-s187,8,qualiter,qualiter,SCONJ
dev-s187,9,superius,superius,ADV
dev-s187,10,legitur,lego,VERB
dev-s187,11,per,per,ADP
dev-s187,12,singulos,singulus,ADJ
dev-s187,13,annos,annus,NOUN
dev-s187,14,sic,sic,ADV
dev-s187,15,non,non,PART
dev-s187,16,fuerint,sum,AUX
dev-s187,17,adinpleta,adimpleo,VERB
dev-s187,18,et,et,CCONJ
dev-s187,19,conservata,conseruo,VERB
dev-s187,20,",",",",PUNCT
dev-s187,21,aut,aut,CCONJ
dev-s187,22,si,si,SCONJ
dev-s187,23,suprascripta,suprascriptus,DET
dev-s187,24,ecclesia,ecclesia,NOUN
dev-s187,25,sancti,sanctus,ADJ
dev-s187,26,Quirici,Quiricus,PROPN
dev-s187,27,cum,cum,ADP
dev-s187,28,subdita,subdita,NOUN
dev-s187,29,et,et,CCONJ
dev-s187,30,rebus,res,NOUN
dev-s187,31,quas,qui,PRON
dev-s187,32,nobis,nos,PRON
dev-s187,33,dedisti,do,VERB
dev-s187,34,",",",",PUNCT
dev-s187,35,sive,siue,CCONJ
dev-s187,36,predicta,praedictus,DET
dev-s187,37,decimatione,decimatio,NOUN
dev-s187,38,que,qui,PRON
dev-s187,39,ad,ad,ADP
dev-s187,40,ipsa,ipse,DET
dev-s187,41,ecclesia,ecclesia,NOUN
dev-s187,42,est,sum,AUX
dev-s187,43,pertinentes,pertineo,VERB
dev-s187,44,et,et,CCONJ
dev-s187,45,consuetudo,consuetudo,NOUN
dev-s187,46,ibi,ubi,ADV
dev-s187,47,singulis,singulus,ADJ
dev-s187,48,hominibus,homo,NOUN
dev-s187,49,reddere,reddo,VERB
dev-s187,50,debebunt,debeo,VERB
dev-s187,51,",",",",PUNCT
dev-s187,52,quas,qui,PRON
dev-s187,53,mihi,ego,PRON
dev-s187,54,supra,supra,ADV
dev-s187,55,abere,habeo,VERB
dev-s187,56,constituisti,constituo,VERB
dev-s187,57,",",",",PUNCT
dev-s187,58,relaxaverimus,relaxo,VERB
dev-s187,59,vel,uel,CCONJ
dev-s187,60,si,si,SCONJ
dev-s187,61,per,per,ADP
dev-s187,62,nos,nos,PRON
dev-s187,63,pegiorata,peioro,VERB
dev-s187,64,fuerit,sum,AUX
dev-s187,65,",",",",PUNCT
dev-s187,66,spondeo,spondeo,VERB
dev-s187,67,ego,ego,PRON
dev-s187,68,qui,qui,DET
dev-s187,69,supra,supra,ADV
dev-s187,70,Andreas,Andreas,PROPN
dev-s187,71,clerico,clericus,NOUN
dev-s187,72,",",",",PUNCT
dev-s187,73,una,una,ADV
dev-s187,74,cum,cum,ADP
dev-s187,75,suprascripto,suprascriptus,DET
dev-s187,76,Adalmanno,Adalmannus,PROPN
dev-s187,77,clerico,clericus,NOUN
dev-s187,78,filio,filius,NOUN
dev-s187,79,meo,meus,DET
dev-s187,80,",",",",PUNCT
dev-s187,81,conponere,compono,VERB
dev-s187,82,tibi,tu,PRON
dev-s187,83,qui,qui,DET
dev-s187,84,supra,supra,ADV
dev-s187,85,Gherardus,Gherardus,PROPN
dev-s187,86,episcopus,episcopus,NOUN
dev-s187,87,",",",",PUNCT
dev-s187,88,vel,uel,CCONJ
dev-s187,89,ad,ad,ADP
dev-s187,90,successoribus,successor,NOUN
dev-s187,91,tuis,tuus,DET
dev-s187,92,",",",",PUNCT
dev-s187,93,penam,poena,NOUN
dev-s187,94,",",",",PUNCT
dev-s187,95,argentum,argentum,NOUN
dev-s187,96,soledos,solidus,NOUN
dev-s187,97,centum,centum,NUM
dev-s187,98,",",",",PUNCT
dev-s187,99,quia,quia,SCONJ
dev-s187,100,taliter,taliter,ADV
dev-s187,101,inter,inter,ADP
dev-s187,102,nos,nos,PRON
dev-s187,103,convenit,conuenio,VERB
dev-s187,104,et,et,CCONJ
dev-s187,105,duas,duo,NUM
dev-s187,106,inter,inter,ADP
dev-s187,107,nos,nos,PRON
dev-s187,108,cartulas,chartula,NOUN
dev-s187,109,Hiudo,Hiudus,PROPN
dev-s187,110,notarium,notarius,NOUN
dev-s187,111,scribere,scribo,VERB
dev-s187,112,rogavimus,rogo,VERB
dev-s187,113,.,.,PUNCT
dev-s188,1,actum,ago,VERB
dev-s188,2,Luca,Luca,PROPN
dev-s188,3,.,.,PUNCT
dev-s189,1,signum,signum,NOUN
dev-s189,2,+,+,PUNCT
dev-s189,3,manus,manus,NOUN
dev-s189,4,Andreas,Andreas,PROPN
dev-s189,5,clerico,clericus,NOUN
dev-s189,6,qui,qui,PRON
dev-s189,7,hunc,hic,DET
dev-s189,8,libellum,libellus,NOUN
dev-s189,9,fieri,fio,VERB
dev-s189,10,rogavit,rogo,VERB
dev-s189,11,.,.,PUNCT
dev-s190,1,+,+,PUNCT
dev-s190,2,Ego,ego,PRON
dev-s190,3,Leo,Leo,PROPN
dev-s190,4,notarius,notarius,NOUN
dev-s190,5,",",",",PUNCT
dev-s190,6,rogatus,rogo,VERB
dev-s190,7,ab,ab,ADP
dev-s190,8,Andreas,Andreas,PROPN
dev-s190,9,clericus,clericus,NOUN
dev-s190,10,et,et,CCONJ
dev-s190,11,acolitus,acolytus,NOUN
dev-s190,12,",",",",PUNCT
dev-s190,13,me,ego,PRON
dev-s190,14,teste,testis,NOUN
dev-s190,15,subscripsi,subscribo,VERB
dev-s190,16,.,.,PUNCT
dev-s191,1,+,+,PUNCT
dev-s191,2,Ego,ego,PRON
dev-s191,3,Eriteo,Eriteus,PROPN
dev-s191,4,schabinus,scabinus,NOUN
dev-s191,5,subscripsi,subscribo,VERB
dev-s191,6,.,.,PUNCT
dev-s192,1,+,+,PUNCT
dev-s192,2,Ego,ego,PRON
dev-s192,3,Georgius,Georgius,PROPN
dev-s192,4,notarius,notarius,NOUN
dev-s192,5,",",",",PUNCT
dev-s192,6,rogatus,rogo,VERB
dev-s192,7,ab,ab,ADP
dev-s192,8,Andreas,Andreas,PROPN
dev-s192,9,clerico,clericus,NOUN
dev-s192,10,et,et,CCONJ
dev-s192,11,acolitus,acolytus,NOUN
dev-s192,12,",",",",PUNCT
dev-s192,13,me,ego,PRON
dev-s192,14,teste,testis,NOUN
dev-s192,15,subscripsi,subscribo,VERB
dev-s192,16,.,.,PUNCT
dev-s193,1,+,+,PUNCT
dev-s193,2,Ego,ego,PRON
dev-s193,3,Liutifridi,Liutfridus,PROPN
dev-s193,4,",",",",PUNCT
dev-s193,5,rogatus,rogo,VERB
dev-s193,6,ab,ab,ADP
dev-s193,7,Andreas,Andreas,PROPN
dev-s193,8,clerico,clericus,NOUN
dev-s193,9,et,et,CCONJ
dev-s193,10,acolitus,acolytus,NOUN
dev-s193,11,",",",",PUNCT
dev-s193,12,me,ego,PRON
dev-s193,13,teste,testis,NOUN
dev-s193,14,subscripsi,subscribo,VERB
dev-s193,15,.,.,PUNCT
dev-s194,1,ego,ego,PRON
dev-s194,2,Rosselmus,Rosselmus,PROPN
dev-s194,3,notarius,notarius,NOUN
dev-s194,4,",",",",PUNCT
dev-s194,5,rogatus,rogo,VERB
dev-s194,6,ab,ab,ADP
dev-s194,7,Andreas,Andreas,PROPN
dev-s194,8,clerico,clericus,NOUN
dev-s194,9,et,et,CCONJ
dev-s194,10,aculatus,acolytus,NOUN
dev-s194,11,",",",",PUNCT
dev-s194,12,me,ego,PRON
dev-s194,13,teste,testis,NOUN
dev-s194,14,subscripsi,subscribo,VERB
dev-s194,15,.,.,PUNCT
dev-s195,1,+,+,PUNCT
dev-s195,2,Ego,ego,PRON
dev-s195,3,Andreas,Andreas,PROPN
dev-s195,4,notarius,notarius,NOUN
dev-s195,5,",",",",PUNCT
dev-s195,6,rogatus,rogo,VERB
dev-s195,7,ab,ab,ADP
dev-s195,8,Andreas,Andreas,PROPN
dev-s195,9,clerico,clericus,NOUN
dev-s195,10,et,et,CCONJ
dev-s195,11,acolitus,acolytus,NOUN
dev-s195,12,",",",",PUNCT
dev-s195,13,me,ego,PRON
dev-s195,14,teste,testis,NOUN
dev-s195,15,subscripsi,subscribo,VERB
dev-s195,16,.,.,PUNCT
dev-s196,1,+,+,PUNCT
dev-s196,2,Ego,ego,PRON
dev-s196,3,Hiudo,Hiudus,PROPN
dev-s196,4,notarius,notarius,NOUN
dev-s196,5,post,post,ADP
dev-s196,6,traditam,trado,VERB
dev-s196,7,conplevi,compleo,VERB
dev-s196,8,et,et,CCONJ
dev-s196,9,dedi,do,VERB
dev-s196,10,.,.,PUNCT
dev-s197,1,+,+,PUNCT
dev-s197,2,In,in,ADP
dev-s197,3,Dei,Deus,PROPN
dev-s197,4,omnipotentis,omnipotens,ADJ
dev-s197,5,nomine,nomen,NOUN
dev-s197,6,regnante,regno,VERB
dev-s197,7,domno,domnus,NOUN
dev-s197,8,nostro,noster,DET
dev-s197,9,Karolus,Carolus,PROPN
dev-s197,10,divina,diuinus,ADJ
dev-s197,11,faventem,faueo,VERB
dev-s197,12,clementia,clementia,NOUN
dev-s197,13,imperatore,imperator,NOUN
dev-s197,14,augusto,augustus,NOUN
dev-s197,15,",",",",PUNCT
dev-s197,16,anno,annus,NOUN
dev-s197,17,imperii,imperium,NOUN
dev-s197,18,eius,is,PRON
dev-s197,19,secundo,secundus,ADJ
dev-s197,20,",",",",PUNCT
dev-s197,21,tertium,tertius,ADJ
dev-s197,22,nonas,nonae,NOUN
dev-s197,23,augustas,augustus,ADJ
dev-s197,24,",",",",PUNCT
dev-s197,25,indictione,indictio,NOUN
dev-s197,26,quinta,quintus,ADJ
dev-s197,27,decima,decimus,ADJ
dev-s197,28,.,.,PUNCT
dev-s198,1,manifestu,manifestus,ADJ
dev-s198,2,sum,sum,AUX
dev-s198,3,ego,ego,PRON
dev-s198,4,Cosprando,Cosprandus,PROPN
dev-s198,5,presbitero,presbyter,NOUN
dev-s198,6,que,qui,PRON
dev-s198,7,Toto,Totus,PROPN
dev-s198,8,vocatur,uoco,VERB
dev-s198,9,",",",",PUNCT
dev-s198,10,filio,filius,NOUN
dev-s198,11,bone,bonus,ADJ
dev-s198,12,memorie,memoria,NOUN
dev-s198,13,Teudiprandi,Teudiprandus,PROPN
dev-s198,14,",",",",PUNCT
dev-s198,15,quia,quia,SCONJ
dev-s198,16,Gherardus,Gherardus,PROPN
dev-s198,17,",",",",PUNCT
dev-s198,18,gratia,gratia,NOUN
dev-s198,19,Dei,Deus,PROPN
dev-s198,20,huius,hic,DET
dev-s198,21,sancte,sanctus,ADJ
dev-s198,22,Lucanem,lucanus,ADJ
dev-s198,23,ecclesie,ecclesia,NOUN
dev-s198,24,humilis,humilis,ADJ
dev-s198,25,episcopus,episcopus,NOUN
dev-s198,26,",",",",PUNCT
dev-s198,27,per,per,ADP
dev-s198,28,consensum,consensus,NOUN
dev-s198,29,sacerdotum,sacerdos,NOUN
dev-s198,30,suorum,suus,DET
dev-s198,31,",",",",PUNCT
dev-s198,32,ordinavit,ordino,VERB
dev-s198,33,et,et,CCONJ
dev-s198,34,confirmavit,confirmo,VERB
dev-s198,35,me,ego,PRON
dev-s198,36,in,in,ADP
dev-s198,37,ecclesia,ecclesia,NOUN
dev-s198,38,illa,ille,DET
dev-s198,39,cui,qui,PRON
dev-s198,40,vocabulum,uocabulum,NOUN
dev-s198,41,est,sum,AUX
dev-s198,42,beati,beatus,ADJ
dev-s198,43,sancti,sanctus,ADJ
dev-s198,44,Georgii,Georgius,PROPN
dev-s198,45,",",",",PUNCT
dev-s198,46,sitas,sino,VERB
dev-s198,47,loco,locus,NOUN
dev-s198,48,Monte,Mons,PROPN
dev-s198,49,Alto,altus,ADJ
dev-s198,50,quas,qui,PRON
dev-s198,51,ego,ego,PRON
dev-s198,52,",",",",PUNCT
dev-s198,53,eas,is,PRON
dev-s198,54,ad,ad,ADP
dev-s198,55,manus,manus,NOUN
dev-s198,56,mea,meus,DET
dev-s198,57,abere,habeo,VERB
dev-s198,58,videor,uideo,VERB
dev-s198,59,",",",",PUNCT
dev-s198,60,pertenentes,pertineo,VERB
dev-s198,61,ecclesie,ecclesia,NOUN
dev-s198,62,sancti,sanctus,ADJ
dev-s198,63,Fridiani,Fridianus,PROPN
dev-s198,64,sitas,sino,VERB
dev-s198,65,loco,locus,NOUN
dev-s198,66,Valleiano,Vallianum,PROPN
dev-s198,67,",",",",PUNCT
dev-s198,68,quod,qui,PRON
dev-s198,69,est,sum,AUX
dev-s198,70,desup,desub,ADP
dev-s198,71,potestatem,potestas,NOUN
dev-s198,72,ipsius,ipse,DET
dev-s198,73,episcopatui,episcopatus,NOUN
dev-s198,74,sancti,sanctus,ADJ
dev-s198,75,Martini,Martinus,PROPN
dev-s198,76,",",",",PUNCT
dev-s198,77,iam,iam,ADV
dev-s198,78,dicta,dico,VERB
dev-s198,79,ecclesia,ecclesia,NOUN
dev-s198,80,sancti,sanctus,ADJ
dev-s198,81,Georgii,Georgius,PROPN
dev-s198,82,",",",",PUNCT
dev-s198,83,una,una,ADV
dev-s198,84,cum,cum,ADP
dev-s198,85,omnia,omnis,DET
dev-s198,86,res,res,NOUN
dev-s198,87,ad,ad,ADP
dev-s198,88,eam,is,PRON
dev-s198,89,pertenente,pertineo,VERB
dev-s198,90,",",",",PUNCT
dev-s198,91,in,in,ADP
dev-s198,92,integrum,integer,ADJ
dev-s198,93,me,ego,PRON
dev-s198,94,inibi,inibi,ADV
dev-s198,95,ordinavit,ordino,VERB
dev-s198,96,et,et,CCONJ
dev-s198,97,confirmavit,confirmo,VERB
dev-s198,98,",",",",PUNCT
dev-s198,99,sicut,sicut,SCONJ
dev-s198,100,in,in,ADP
dev-s198,101,ipsa,ipse,DET
dev-s198,102,ordinationes,ordinatio,NOUN
dev-s198,103,legitur,lego,VERB
dev-s198,104,.,.,PUNCT
dev-s199,1,et,et,CCONJ
dev-s199,2,pro,pro,ADP
dev-s199,3,ipsa,ipse,DET
dev-s199,4,ecclesia,ecclesia,NOUN
dev-s199,5,sancti,sanctus,ADJ
dev-s199,6,Georgii,Georgius,PROPN
dev-s199,7,per,per,ADP
dev-s199,8,hanc,hic,DET
dev-s199,9,cartulam,chartula,NOUN
dev-s199,10,repromitto,repromitto,VERB
dev-s199,11,tibi,tu,PRON
dev-s199,12,qui,qui,DET
dev-s199,13,supra,supra,ADV
dev-s199,14,Gherardus,Gherardus,PROPN
dev-s199,15,episcopus,episcopus,NOUN
dev-s199,16,per,per,ADP
dev-s199,17,singulos,singulus,ADJ
dev-s199,18,annos,annus,NOUN
dev-s199,19,in,in,ADP
dev-s199,20,mense,mensis,NOUN
dev-s199,21,decembrio,decembrius,ADJ
dev-s199,22,",",",",PUNCT
dev-s199,23,dum,dum,SCONJ
dev-s199,24,vita,uita,NOUN
dev-s199,25,mea,meus,DET
dev-s199,26,fuerit,sum,AUX
dev-s199,27,",",",",PUNCT
dev-s199,28,tibi,tu,PRON
dev-s199,29,vel,uel,CCONJ
dev-s199,30,ad,ad,ADP
dev-s199,31,subcessoribus,successor,NOUN
dev-s199,32,tuis,tuus,DET
dev-s199,33,ad,ad,ADP
dev-s199,34,parte,pars,NOUN
dev-s199,35,suprascripte,suprascriptus,DET
dev-s199,36,ecclesie,ecclesia,NOUN
dev-s199,37,sancti,sanctus,ADJ
dev-s199,38,Fridiani,Fridianus,PROPN
dev-s199,39,dare,do,VERB
dev-s199,40,et,et,CCONJ
dev-s199,41,peresolvere,perexsoluo,VERB
dev-s199,42,promitto,promitto,VERB
dev-s199,43,vobis,uos,PRON
dev-s199,44,",",",",PUNCT
dev-s199,45,vel,uel,CCONJ
dev-s199,46,ad,ad,ADP
dev-s199,47,ministeriales,ministerialis,NOUN
dev-s199,48,vestro,uester,DET
dev-s199,49,qui,qui,PRON
dev-s199,50,in,in,ADP
dev-s199,51,ipsa,ipse,DET
dev-s199,52,ecclesia,ecclesia,NOUN
dev-s199,53,pre,prae,ADP
dev-s199,54,tempore,tempus,NOUN
dev-s199,55,fuerit,sum,AUX
dev-s199,56,",",",",PUNCT
dev-s199,57,libras,libra,NOUN
dev-s199,58,de,de,ADP
dev-s199,59,oleum,oleum,NOUN
dev-s199,60,novem,nouem,NUM
dev-s199,61,.,.,PUNCT
dev-s200,1,unde,unde,ADV
dev-s200,2,repromitto,repromitto,VERB
dev-s200,3,ego,ego,PRON
dev-s200,4,qui,qui,DET
dev-s200,5,supra,supra,ADV
dev-s200,6,Cosprando,Cosprandus,PROPN
dev-s200,7,presbitero,presbyter,NOUN
dev-s200,8,",",",",PUNCT
dev-s200,9,dum,dum,SCONJ
dev-s200,10,vita,uita,NOUN
dev-s200,11,mea,meus,DET
dev-s200,12,fuerit,sum,AUX
dev-s200,13,",",",",PUNCT
dev-s200,14,tibi,tu,PRON
dev-s200,15,qui,qui,DET
dev-s200,16,supra,supra,ADV
dev-s200,17,Gherardus,Gherardus,PROPN
dev-s200,18,episcopus,episcopus,NOUN
dev-s200,19,",",",",PUNCT
dev-s200,20,vel,uel,CCONJ
dev-s200,21,ad,ad,ADP
dev-s200,22,subcessoribus,successor,NOUN
dev-s200,23,tuis,tuus,DET
dev-s200,24,",",",",PUNCT
dev-s200,25,ut,ut,SCONJ
dev-s200,26,si,si,SCONJ
dev-s200,27,ego,ego,PRON
dev-s200,28,suprascripte,suprascriptus,DET
dev-s200,29,novem,nouem,NUM
dev-s200,30,libras,libra,NOUN
dev-s200,31,de,de,ADP
dev-s200,32,oleum,oleum,NOUN
dev-s200,33,per,per,ADP
dev-s200,34,singulos,singulus,ADJ
dev-s200,35,annos,annus,NOUN
dev-s200,36,non,non,PART
dev-s200,37,dedero,do,VERB
dev-s200,38,et,et,CCONJ
dev-s200,39,non,non,PART
dev-s200,40,peresolsero,perexsoluo,VERB
dev-s200,41,sicut,sicut,SCONJ
dev-s200,42,supra,supra,ADV
dev-s200,43,promisi,promitto,VERB
dev-s200,44,",",",",PUNCT
dev-s200,45,tunc,tunc,ADV
dev-s200,46,spondeo,spondeo,VERB
dev-s200,47,ego,ego,PRON
dev-s200,48,qui,qui,DET
dev-s200,49,supra,supra,ADV
dev-s200,50,Cosprando,Cosprandus,PROPN
dev-s200,51,presbitero,presbyter,NOUN
dev-s200,52,componere,compono,VERB
dev-s200,53,tibi,tu,PRON
dev-s200,54,qui,qui,DET
dev-s200,55,supra,supra,ADV
dev-s200,56,Gherardus,Gherardus,PROPN
dev-s200,57,episcopus,episcopus,NOUN
dev-s200,58,",",",",PUNCT
dev-s200,59,vel,uel,CCONJ
dev-s200,60,ad,ad,ADP
dev-s200,61,subcessoribus,successor,NOUN
dev-s200,62,tuis,tuus,DET
dev-s200,63,",",",",PUNCT
dev-s200,64,de,de,ADP
dev-s200,65,quale,qualis,DET
dev-s200,66,mense,mensis,NOUN
dev-s200,67,decembrio,decembrius,ADJ
dev-s200,68,suprascripto,suprascriptus,DET
dev-s200,69,oleum,oleum,NOUN
dev-s200,70,menime,minime,ADV
dev-s200,71,dedero,do,VERB
dev-s200,72,in,in,ADP
dev-s200,73,duplum,duplus,ADJ
dev-s200,74,.,.,PUNCT
dev-s201,1,et,et,CCONJ
dev-s201,2,hanc,hic,DET
dev-s201,3,promissio,promissio,NOUN
dev-s201,4,dum,dum,SCONJ
dev-s201,5,vita,uita,NOUN
dev-s201,6,mea,meus,DET
dev-s201,7,fuerit,sum,AUX
dev-s201,8,in,in,ADP
dev-s201,9,sua,suus,DET
dev-s201,10,permaneat,permaneo,VERB
dev-s201,11,firmitate,firmitas,NOUN
dev-s201,12,",",",",PUNCT
dev-s201,13,quia,quia,SCONJ
dev-s201,14,in,in,ADP
dev-s201,15,tali,talis,DET
dev-s201,16,ordinem,ordo,NOUN
dev-s201,17,hanc,hic,DET
dev-s201,18,promissio,promissio,NOUN
dev-s201,19,Lopo,lupus,PROPN
dev-s201,20,notarium,notarius,NOUN
dev-s201,21,scribere,scribo,VERB
dev-s201,22,rogavi,rogo,VERB
dev-s201,23,.,.,PUNCT
dev-s202,1,actum,ago,VERB
dev-s202,2,Luca,Luca,PROPN
dev-s202,3,.,.,PUNCT
dev-s203,1,+,+,PUNCT
dev-s203,2,Ego,ego,PRON
dev-s203,3,Cosprando,Cosprandus,PROPN
dev-s203,4,presbitero,presbyter,NOUN
dev-s203,5,in,in,ADP
dev-s203,6,anc,hic,DET
dev-s203,7,cartula,chartula,NOUN
dev-s203,8,a,ab,ADP
dev-s203,9,me,ego,PRON
dev-s203,10,facta,facio,VERB
dev-s203,11,subscripsi,subscribo,VERB
dev-s203,12,.,.,PUNCT
dev-s204,1,ego,ego,PRON
dev-s204,2,Cunimundo,Cunimundus,PROPN
dev-s204,3,",",",",PUNCT
dev-s204,4,rogatus,rogo,VERB
dev-s204,5,a,ab,ADP
dev-s204,6,Cosprando,Cosprandus,PROPN
dev-s204,7,presbitero,presbyter,NOUN
dev-s204,8,",",",",PUNCT
dev-s204,9,me,ego,PRON
dev-s204,10,teste,testis,NOUN
dev-s204,11,subscripsi,subscribo,VERB
dev-s204,12,.,.,PUNCT
dev-s205,1,+,+,PUNCT
dev-s205,2,Ego,ego,PRON
dev-s205,3,Vuilleramus,Willeramus,PROPN
dev-s205,4,",",",",PUNCT
dev-s205,5,rogatus,rogo,VERB
dev-s205,6,a,ab,ADP
dev-s205,7,Cosprando,Cosprandus,PROPN
dev-s205,8,presbitero,presbyter,NOUN
dev-s205,9,",",",",PUNCT
dev-s205,10,me,ego,PRON
dev-s205,11,teste,testis,NOUN
dev-s205,12,subscripsi,subscribo,VERB
dev-s205,13,.,.,PUNCT
dev-s206,1,+,+,PUNCT
dev-s206,2,Ego,ego,PRON
dev-s206,3,Teopaldo,Teutpaldus,PROPN
dev-s206,4,",",",",PUNCT
dev-s206,5,rogatus,rogo,VERB
dev-s206,6,a,ab,ADP
dev-s206,7,Cosprando,Cosprandus,PROPN
dev-s206,8,presbitero,presbyter,NOUN
dev-s206,9,",",",",PUNCT
dev-s206,10,me,ego,PRON
dev-s206,11,teste,testis,NOUN
dev-s206,12,subscripsi,subscribo,VERB
dev-s206,13,.,.,PUNCT
dev-s207,1,+,+,PUNCT
dev-s207,2,Ego,ego,PRON
dev-s207,3,Ghisolfo,Ghisolfus,PROPN
dev-s207,4,",",",",PUNCT
dev-s207,5,rogatus,rogo,VERB
dev-s207,6,a,ab,ADP
dev-s207,7,Cosprando,Cosprandus,PROPN
dev-s207,8,presbitero,presbyter,NOUN
dev-s207,9,",",",",PUNCT
dev-s207,10,me,ego,PRON
dev-s207,11,teste,testis,NOUN
dev-s207,12,subscripsi,subscribo,VERB
dev-s207,13,.,.,PUNCT
dev-s208,1,+,+,PUNCT
dev-s208,2,Ego,ego,PRON
dev-s208,3,Eriteo,Eriteus,PROPN
dev-s208,4,schabinus,scabinus,NOUN
dev-s208,5,subscripsi,subscribo,VERB
dev-s208,6,.,.,PUNCT
dev-s209,1,signum,signum,NOUN
dev-s209,2,+,+,PUNCT
dev-s209,3,manus,manus,NOUN
dev-s209,4,Vincenti,Vincentius,PROPN
dev-s209,5,",",",",PUNCT
dev-s209,6,filio,filius,NOUN
dev-s209,7,bone,bonus,ADJ
dev-s209,8,memorie,memoria,NOUN
dev-s209,9,Ilmerandi,Ilmerandus,PROPN
dev-s209,10,",",",",PUNCT
dev-s209,11,testis,testis,NOUN
dev-s209,12,.,.,PUNCT
dev-s210,1,+,+,PUNCT
dev-s210,2,Ego,ego,PRON
dev-s210,3,Lopo,lupus,PROPN
dev-s210,4,notarius,notarius,NOUN
dev-s210,5,post,post,ADP
dev-s210,6,traditam,trado,VERB
dev-s210,7,complevi,compleo,VERB
dev-s210,8,et,et,CCONJ
dev-s210,9,dedi,do,VERB
dev-s210,10,.,.,PUNCT
dev-s211,1,In,in,ADP
dev-s211,2,Dei,Deus,PROPN
dev-s211,3,omnipotentis,omnipotens,ADJ
dev-s211,4,nomine,nomen,NOUN
dev-s211,5,regnante,regno,VERB
dev-s211,6,domno,domnus,NOUN
dev-s211,7,nostro,noster,DET
dev-s211,8,Karolus,Carolus,PROPN
dev-s211,9,divina,diuinus,ADJ
dev-s211,10,faventem,faueo,VERB
dev-s211,11,clementiam,clementia,NOUN
dev-s211,12,imperatore,imperator,NOUN
dev-s211,13,augusto,augustus,NOUN
dev-s211,14,",",",",PUNCT
dev-s211,15,anno,annus,NOUN
dev-s211,16,inperii,imperium,NOUN
dev-s211,17,eius,is,PRON
dev-s211,18,secundo,secundus,ADJ
dev-s211,19,",",",",PUNCT
dev-s211,20,nonas,nonae,NOUN
dev-s211,21,augustas,augustus,ADJ
dev-s211,22,",",",",PUNCT
dev-s211,23,indictione,indictio,NOUN
dev-s211,24,quinta,quintus,ADJ
dev-s211,25,decima,decimus,ADJ
dev-s211,26,.,.,PUNCT
dev-s212,1,manifestu,manifestus,ADJ
dev-s212,2,sum,sum,AUX
dev-s212,3,ego,ego,PRON
dev-s212,4,Odalprando,Odalprandus,PROPN
dev-s212,5,",",",",PUNCT
dev-s212,6,filio,filius,NOUN
dev-s212,7,quondam,quondam,ADJ
dev-s212,8,Liudiprandi,Liutprandus,PROPN
dev-s212,9,",",",",PUNCT
dev-s212,10,de,de,ADP
dev-s212,11,loco,locus,NOUN
dev-s212,12,Cornino,Corninum,PROPN
dev-s212,13,",",",",PUNCT
dev-s212,14,quia,quia,SCONJ
dev-s212,15,tu,tu,PRON
dev-s212,16,Gherardus,Gherardus,PROPN
dev-s212,17,",",",",PUNCT
dev-s212,18,gratia,gratia,NOUN
dev-s212,19,Dei,Deus,PROPN
dev-s212,20,huius,hic,DET
dev-s212,21,sancte,sanctus,ADJ
dev-s212,22,Lucane,lucanus,ADJ
dev-s212,23,ecclesie,ecclesia,NOUN
dev-s212,24,humilis,humilis,ADJ
dev-s212,25,episcopus,episcopus,NOUN
dev-s212,26,",",",",PUNCT
dev-s212,27,per,per,ADP
dev-s212,28,cartula,chartula,NOUN
dev-s212,29,livellario,libellarius,ADJ
dev-s212,30,nomine,nomen,NOUN
dev-s212,31,ad,ad,ADP
dev-s212,32,censum,census,NOUN
dev-s212,33,perexolvendum,perexsoluo,VERB
dev-s212,34,dedisti,do,VERB
dev-s212,35,mihi,ego,PRON
dev-s212,36,id,is,PRON
dev-s212,37,est,sum,AUX
dev-s212,38,duo,duo,NUM
dev-s212,39,casis,casa,NOUN
dev-s212,40,et,et,CCONJ
dev-s212,41,rebus,res,NOUN
dev-s212,42,illis,ille,DET
dev-s212,43,in,in,ADP
dev-s212,44,loco,locus,NOUN
dev-s212,45,et,et,CCONJ
dev-s212,46,finibus,finis,NOUN
dev-s212,47,Monteburuli,Monteburulum,PROPN
dev-s212,48,",",",",PUNCT
dev-s212,49,ubi,ubi,ADV
dev-s212,50,dicitur,dico,VERB
dev-s212,51,sub,sub,ADP
dev-s212,52,ripa,Ripa,PROPN
dev-s212,53,",",",",PUNCT
dev-s212,54,pertenentes,pertineo,VERB
dev-s212,55,ecclesie,ecclesia,NOUN
dev-s212,56,vestre,uester,DET
dev-s212,57,sancti,sanctus,ADJ
dev-s212,58,Fridiani,Fridianus,PROPN
dev-s212,59,qui,qui,PRON
dev-s212,60,est,sum,AUX
dev-s212,61,desup,desub,ADP
dev-s212,62,potestatem,potestas,NOUN
dev-s212,63,ipsius,ipse,DET
dev-s212,64,ecclesie,ecclesia,NOUN
dev-s212,65,episcopatui,episcopatus,NOUN
dev-s212,66,vestri,uester,DET
dev-s212,67,sancti,sanctus,ADJ
dev-s212,68,Martini,Martinus,PROPN
dev-s212,69,",",",",PUNCT
dev-s212,70,qui,qui,DET
dev-s212,71,una,unus,DET
dev-s212,72,ex,ex,ADP
dev-s212,73,ipse,ipse,DET
dev-s212,74,casa,casa,NOUN
dev-s212,75,et,et,CCONJ
dev-s212,76,res,res,NOUN
dev-s212,77,regitur,rego,VERB
dev-s212,78,per,per,ADP
dev-s212,79,Ildipertulo,Hildipertulus,PROPN
dev-s212,80,et,et,CCONJ
dev-s212,81,Natalio,Natalius,PROPN
dev-s212,82,germani,germanus,NOUN
dev-s212,83,",",",",PUNCT
dev-s212,84,et,et,CCONJ
dev-s212,85,ille,ille,DET
dev-s212,86,alia,alius,DET
dev-s212,87,casa,casa,NOUN
dev-s212,88,et,et,CCONJ
dev-s212,89,res,res,NOUN
dev-s212,90,regitur,rego,VERB
dev-s212,91,per,per,ADP
dev-s212,92,Pertinandulo,Pertinandulus,PROPN
dev-s212,93,et,et,CCONJ
dev-s212,94,Ghisulo,Ghisulus,PROPN
dev-s212,95,;,;,PUNCT
dev-s213,1,seo,seu,CCONJ
dev-s213,2,et,et,CCONJ
dev-s213,3,dedisti,do,VERB
dev-s213,4,mihi,ego,PRON
dev-s213,5,res,res,NOUN
dev-s213,6,illa,ille,DET
dev-s213,7,in,in,ADP
dev-s213,8,eodem,idem,DET
dev-s213,9,loco,locus,NOUN
dev-s213,10,Monteburuli,Monteburulum,PROPN
dev-s213,11,",",",",PUNCT
dev-s213,12,pertenentes,pertineo,VERB
dev-s213,13,suprascripte,suprascriptus,DET
dev-s213,14,ecclesie,ecclesia,NOUN
dev-s213,15,",",",",PUNCT
dev-s213,16,quas,qui,PRON
dev-s213,17,Leoprandulo,Leoprandulus,PROPN
dev-s213,18,ad,ad,ADP
dev-s213,19,laborandum,laboro,VERB
dev-s213,20,ad,ad,ADP
dev-s213,21,manus,manus,NOUN
dev-s213,22,suas,suus,DET
dev-s213,23,abere,habeo,VERB
dev-s213,24,videtur,uideo,VERB
dev-s213,25,",",",",PUNCT
dev-s213,26,tam,tam,ADV
dev-s213,27,terris,terra,NOUN
dev-s213,28,",",",",PUNCT
dev-s213,29,vineis,uinea,NOUN
dev-s213,30,",",",",PUNCT
dev-s213,31,cultas,cultus,ADJ
dev-s213,32,res,res,NOUN
dev-s213,33,vel,uel,CCONJ
dev-s213,34,incultas,incultus,ADJ
dev-s213,35,;,;,PUNCT
dev-s214,1,omnia,omnis,DET
dev-s214,2,et,et,CCONJ
dev-s214,3,in,in,ADP
dev-s214,4,omnibus,omnis,DET
dev-s214,5,quantum,quantum,ADV
dev-s214,6,in,in,ADP
dev-s214,7,suprascripto,suprascriptus,DET
dev-s214,8,loco,locus,NOUN
dev-s214,9,et,et,CCONJ
dev-s214,10,finibus,finis,NOUN
dev-s214,11,Monteburuli,Monteburulum,PROPN
dev-s214,12,suprascripte,suprascriptus,DET
dev-s214,13,ecclesie,ecclesia,NOUN
dev-s214,14,sancti,sanctus,ADJ
dev-s214,15,Fridiani,Fridianus,PROPN
dev-s214,16,est,sum,AUX
dev-s214,17,pertenentes,pertineo,VERB
dev-s214,18,",",",",PUNCT
dev-s214,19,in,in,ADP
dev-s214,20,integrum,integer,ADJ
dev-s214,21,mihi,ego,PRON
dev-s214,22,dedisti,do,VERB
dev-s214,23,tali,talis,DET
dev-s214,24,tinore,tenor,NOUN
dev-s214,25,ut,ut,SCONJ
dev-s214,26,da,da,ADP
dev-s214,27,admodum,admodum,ADV
dev-s214,28,in,in,ADP
dev-s214,29,mea,meus,DET
dev-s214,30,qui,qui,DET
dev-s214,31,supra,supra,ADV
dev-s214,32,Odalprando,Odalprandus,PROPN
dev-s214,33,",",",",PUNCT
dev-s214,34,vel,uel,CCONJ
dev-s214,35,de,de,ADP
dev-s214,36,meis,meus,DET
dev-s214,37,heredes,heres,NOUN
dev-s214,38,",",",",PUNCT
dev-s214,39,sint,sum,AUX
dev-s214,40,potestatem,potestas,NOUN
dev-s214,41,suprascriptis,suprascriptus,DET
dev-s214,42,casis,casa,NOUN
dev-s214,43,et,et,CCONJ
dev-s214,44,rebus,res,NOUN
dev-s214,45,quas,qui,PRON
dev-s214,46,mihi,ego,PRON
dev-s214,47,dedisti,do,VERB
dev-s214,48,abendi,habeo,VERB
dev-s214,49,",",",",PUNCT
dev-s214,50,inperandi,impero,VERB
dev-s214,51,",",",",PUNCT
dev-s214,52,laborare,laboro,VERB
dev-s214,53,faciendi,facio,VERB
dev-s214,54,",",",",PUNCT
dev-s214,55,meliorandi,melioro,VERB
dev-s214,56,",",",",PUNCT
dev-s214,57,et,et,CCONJ
dev-s214,58,nobis,nos,PRON
dev-s214,59,eas,is,PRON
dev-s214,60,privato,priuo,VERB
dev-s214,61,nomine,nomen,NOUN
dev-s214,62,usufructuandi,usufructuo,VERB
dev-s214,63,.,.,PUNCT
dev-s215,1,nisi,nisi,CCONJ
dev-s215,2,pro,pro,ADP
dev-s215,3,omni,omnis,DET
dev-s215,4,censum,census,NOUN
dev-s215,5,et,et,CCONJ
dev-s215,6,iustitiam,iustitia,NOUN
dev-s215,7,exinde,exinde,ADV
dev-s215,8,tibi,tu,PRON
dev-s215,9,",",",",PUNCT
dev-s215,10,vel,uel,CCONJ
dev-s215,11,ad,ad,ADP
dev-s215,12,successoribus,successor,NOUN
dev-s215,13,tuis,tuus,DET
dev-s215,14,ad,ad,ADP
dev-s215,15,parte,pars,NOUN
dev-s215,16,ipsius,ipse,DET
dev-s215,17,ecclesie,ecclesia,NOUN
dev-s215,18,vestre,uester,DET
dev-s215,19,sancti,sanctus,ADJ
dev-s215,20,Fridiani,Fridianus,PROPN
dev-s215,21,",",",",PUNCT
dev-s215,22,censum,census,NOUN
dev-s215,23,reddere,reddo,VERB
dev-s215,24,debeamus,debeo,VERB
dev-s215,25,in,in,ADP
dev-s215,26,loco,locus,NOUN
dev-s215,27,Cornino,Corninum,PROPN
dev-s215,28,",",",",PUNCT
dev-s215,29,ad,ad,ADP
dev-s215,30,curte,curtis,NOUN
dev-s215,31,vestra,uester,DET
dev-s215,32,domnicata,domnicatus,ADJ
dev-s215,33,que,qui,PRON
dev-s215,34,dicitur,dico,VERB
dev-s215,35,Casale,Casalis,PROPN
dev-s215,36,Appi,Appus,PROPN
dev-s215,37,",",",",PUNCT
dev-s215,38,per,per,ADP
dev-s215,39,singulos,singulus,ADJ
dev-s215,40,annos,annus,NOUN
dev-s215,41,in,in,ADP
dev-s215,42,mense,mensis,NOUN
dev-s215,43,magio,maius,ADJ
dev-s215,44,",",",",PUNCT
dev-s215,45,argentum,argentum,NOUN
dev-s215,46,denarios,denarius,NOUN
dev-s215,47,bonos,bonus,ADJ
dev-s215,48,expendiviles,expendibilis,ADJ
dev-s215,49,numero,numerus,NOUN
dev-s215,50,triginta,triginta,NUM
dev-s215,51,sex,sex,NUM
dev-s215,52,per,per,ADP
dev-s215,53,nos,nos,PRON
dev-s215,54,",",",",PUNCT
dev-s215,55,aut,aut,CCONJ
dev-s215,56,per,per,ADP
dev-s215,57,misso,missus,NOUN
dev-s215,58,nostro,noster,DET
dev-s215,59,",",",",PUNCT
dev-s215,60,vobis,uos,PRON
dev-s215,61,vel,uel,CCONJ
dev-s215,62,ad,ad,ADP
dev-s215,63,ministeriale,ministerialis,NOUN
dev-s215,64,vestrum,uester,DET
dev-s215,65,qui,qui,PRON
dev-s215,66,in,in,ADP
dev-s215,67,ipsa,ipse,DET
dev-s215,68,curte,curtis,NOUN
dev-s215,69,pre,prae,ADP
dev-s215,70,tempore,tempus,NOUN
dev-s215,71,abueritis,habeo,VERB
dev-s215,72,;,;,PUNCT
dev-s216,1,et,et,CCONJ
dev-s216,2,per,per,ADP
dev-s216,3,singulos,singulus,ADJ
dev-s216,4,annos,annus,NOUN
dev-s216,5,in,in,ADP
dev-s216,6,mense,mensis,NOUN
dev-s216,7,ianuario,ianuarius,ADJ
dev-s216,8,vobis,uos,PRON
dev-s216,9,reddere,reddo,VERB
dev-s216,10,debeamus,debeo,VERB
dev-s216,11,aucellos,auicellus,NOUN
dev-s216,12,bonos,bonus,ADJ
dev-s216,13,murtinos,murtinus,ADJ
dev-s216,14,numero,numerus,NOUN
dev-s216,15,quinquaginta,quinquaginta,NUM
dev-s216,16,ad,ad,ADP
dev-s216,17,suprascripta,suprascriptus,DET
dev-s216,18,curte,curtis,NOUN
dev-s216,19,per,per,ADP
dev-s216,20,nos,nos,PRON
dev-s216,21,",",",",PUNCT
dev-s216,22,aut,aut,CCONJ
dev-s216,23,per,per,ADP
dev-s216,24,misso,missus,NOUN
dev-s216,25,nostro,noster,DET
dev-s216,26,",",",",PUNCT
dev-s216,27,vobis,uos,PRON
dev-s216,28,vel,uel,CCONJ
dev-s216,29,ad,ad,ADP
dev-s216,30,ministerialem,ministerialis,NOUN
dev-s216,31,vestrum,uester,DET
dev-s216,32,qui,qui,PRON
dev-s216,33,in,in,ADP
dev-s216,34,ipsa,ipse,DET
dev-s216,35,curte,curtis,NOUN
dev-s216,36,pre,prae,ADP
dev-s216,37,tempore,tempus,NOUN
dev-s216,38,abueritis,habeo,VERB
dev-s216,39,;,;,PUNCT
dev-s217,1,et,et,CCONJ
dev-s217,2,homines,homo,NOUN
dev-s217,3,illis,ille,DET
dev-s217,4,qui,qui,PRON
dev-s217,5,in,in,ADP
dev-s217,6,ipsis,ipse,DET
dev-s217,7,casis,casa,NOUN
dev-s217,8,abitantes,habito,VERB
dev-s217,9,fuerit,sum,AUX
dev-s217,10,",",",",PUNCT
dev-s217,11,nos,nos,PRON
dev-s217,12,eos,is,PRON
dev-s217,13,a,ab,ADP
dev-s217,14,mandato,mandatum,NOUN
dev-s217,15,vestro,uester,DET
dev-s217,16,venire,uenio,VERB
dev-s217,17,faciamus,facio,VERB
dev-s217,18,in,in,ADP
dev-s217,19,comitato,comitatus,NOUN
dev-s217,20,Cornino,Corninum,PROPN
dev-s217,21,a,ad,ADP
dev-s217,22,legem,lex,NOUN
dev-s217,23,et,et,CCONJ
dev-s217,24,iustitiam,iustitia,NOUN
dev-s217,25,faciendum,facio,VERB
dev-s217,26,tantum,tantum,ADV
dev-s217,27,.,.,PUNCT
dev-s218,1,et,et,CCONJ
dev-s218,2,si,si,SCONJ
dev-s218,3,nos,nos,PRON
dev-s218,4,vobis,uos,PRON
dev-s218,5,hec,hic,DET
dev-s218,6,omnia,omnis,DET
dev-s218,7,qualiter,qualiter,SCONJ
dev-s218,8,superius,superius,ADV
dev-s218,9,legitur,lego,VERB
dev-s218,10,per,per,ADP
dev-s218,11,singulos,singulus,ADJ
dev-s218,12,annos,annus,NOUN
dev-s218,13,sic,sic,ADV
dev-s218,14,non,non,PART
dev-s218,15,fuerit,sum,AUX
dev-s218,16,adinpleta,adimpleo,VERB
dev-s218,17,et,et,CCONJ
dev-s218,18,conservata,conseruo,VERB
dev-s218,19,",",",",PUNCT
dev-s218,20,aut,aut,CCONJ
dev-s218,21,si,si,SCONJ
dev-s218,22,suprascriptis,suprascriptus,DET
dev-s218,23,casis,casa,NOUN
dev-s218,24,et,et,CCONJ
dev-s218,25,rebus,res,NOUN
dev-s218,26,quas,qui,PRON
dev-s218,27,mihi,ego,PRON
dev-s218,28,dedisti,do,VERB
dev-s218,29,relaxaverimus,relaxo,VERB
dev-s218,30,",",",",PUNCT
dev-s218,31,vel,uel,CCONJ
dev-s218,32,si,si,SCONJ
dev-s218,33,per,per,ADP
dev-s218,34,nos,nos,PRON
dev-s218,35,pegioratas,peioro,VERB
dev-s218,36,fuerit,sum,AUX
dev-s218,37,",",",",PUNCT
dev-s218,38,spondeo,spondeo,VERB
dev-s218,39,ego,ego,PRON
dev-s218,40,qui,qui,DET
dev-s218,41,supra,supra,ADV
dev-s218,42,Odalprando,Odalprandus,PROPN
dev-s218,43,",",",",PUNCT
dev-s218,44,una,una,ADV
dev-s218,45,cum,cum,ADP
dev-s218,46,meis,meus,DET
dev-s218,47,heredes,heres,NOUN
dev-s218,48,",",",",PUNCT
dev-s218,49,conponere,compono,VERB
dev-s218,50,tibi,tu,PRON
dev-s218,51,qui,qui,DET
dev-s218,52,supra,supra,ADV
dev-s218,53,Gherardus,Gherardus,PROPN
dev-s218,54,episcopus,episcopus,NOUN
dev-s218,55,",",",",PUNCT
dev-s218,56,vel,uel,CCONJ
dev-s218,57,ad,ad,ADP
dev-s218,58,successoribus,successor,NOUN
dev-s218,59,tuis,tuus,DET
dev-s218,60,",",",",PUNCT
dev-s218,61,penam,poena,NOUN
dev-s218,62,",",",",PUNCT
dev-s218,63,argentum,argentum,NOUN
dev-s218,64,soledos,solidus,NOUN
dev-s218,65,centum,centum,NUM
dev-s218,66,",",",",PUNCT
dev-s218,67,quia,quia,SCONJ
dev-s218,68,taliter,taliter,ADV
dev-s218,69,inter,inter,ADP
dev-s218,70,nos,nos,PRON
dev-s218,71,convenit,conuenio,VERB
dev-s218,72,et,et,CCONJ
dev-s218,73,duas,duo,NUM
dev-s218,74,inter,inter,ADP
dev-s218,75,nos,nos,PRON
dev-s218,76,cartulas,chartula,NOUN
dev-s218,77,Adalpertum,Adalpertus,PROPN
dev-s218,78,notarium,notarius,NOUN
dev-s218,79,scribere,scribo,VERB
dev-s218,80,rogavimus,rogo,VERB
dev-s218,81,.,.,PUNCT
dev-s219,1,actum,ago,VERB
dev-s219,2,Luca,Luca,PROPN
dev-s219,3,.,.,PUNCT
dev-s220,1,signum,signum,NOUN
dev-s220,2,+,+,PUNCT
dev-s220,3,manus,manus,NOUN
dev-s220,4,Odalprandi,Odalprandus,PROPN
dev-s220,5,qui,qui,PRON
dev-s220,6,unc,hic,DET
dev-s220,7,libellum,libellus,NOUN
dev-s220,8,fieri,fio,VERB
dev-s220,9,rogavit,rogo,VERB
dev-s220,10,.,.,PUNCT
dev-s221,1,ego,ego,PRON
dev-s221,2,Fraolmus,Fraolmus,PROPN
dev-s221,3,",",",",PUNCT
dev-s221,4,rogatus,rogo,VERB
dev-s221,5,ab,ab,ADP
dev-s221,6,Odalprando,Odalprandus,PROPN
dev-s221,7,",",",",PUNCT
dev-s221,8,subscripsi,subscribo,VERB
dev-s221,9,.,.,PUNCT
dev-s222,1,signum,signum,NOUN
dev-s222,2,+,+,PUNCT
dev-s222,3,manus,manus,NOUN
dev-s222,4,Vincenti,Vincentius,PROPN
dev-s222,5,",",",",PUNCT
dev-s222,6,filio,filius,NOUN
dev-s222,7,quondam,quondam,ADJ
dev-s222,8,Ilmerandi,Ilmerandus,PROPN
dev-s222,9,",",",",PUNCT
dev-s222,10,testis,testis,NOUN
dev-s222,11,.,.,PUNCT
dev-s223,1,+,+,PUNCT
dev-s223,2,Ego,ego,PRON
dev-s223,3,Teopaldo,Teutpaldus,PROPN
dev-s223,4,",",",",PUNCT
dev-s223,5,rogatus,rogo,VERB
dev-s223,6,ab,ab,ADP
dev-s223,7,Odalprando,Odalprandus,PROPN
dev-s223,8,",",",",PUNCT
dev-s223,9,me,ego,PRON
dev-s223,10,teste,testis,NOUN
dev-s223,11,subscripsi,subscribo,VERB
dev-s223,12,.,.,PUNCT
dev-s224,1,+,+,PUNCT
dev-s224,2,Ego,ego,PRON
dev-s224,3,Alpertus,Alpertus,PROPN
dev-s224,4,",",",",PUNCT
dev-s224,5,rogatus,rogo,VERB
dev-s224,6,ab,ab,ADP
dev-s224,7,Odalprando,Odalprandus,PROPN
dev-s224,8,",",",",PUNCT
dev-s224,9,me,ego,PRON
dev-s224,10,teste,testis,NOUN
dev-s224,11,subscripsi,subscribo,VERB
dev-s224,12,.,.,PUNCT
dev-s225,1,+,+,PUNCT
dev-s225,2,Ego,ego,PRON
dev-s225,3,Eriteo,Eriteus,PROPN
dev-s225,4,schabinus,scabinus,NOUN
dev-s225,5,subscripsi,subscribo,VERB
dev-s225,6,.,.,PUNCT
dev-s226,1,+,+,PUNCT
dev-s226,2,Ego,ego,PRON
dev-s226,3,Leo,Leo,PROPN
dev-s226,4,",",",",PUNCT
dev-s226,5,rogatus,rogo,VERB
dev-s226,6,ab,ab,ADP
dev-s226,7,Odalprando,Odalprandus,PROPN
dev-s226,8,",",",",PUNCT
dev-s226,9,me,ego,PRON
dev-s226,10,teste,testis,NOUN
dev-s226,11,subscripsi,subscribo,VERB
dev-s226,12,.,.,PUNCT
dev-s227,1,+,+,PUNCT
dev-s227,2,Ego,ego,PRON
dev-s227,3,Adalpertus,Adalpertus,PROPN
dev-s227,4,notarius,notarius,NOUN
dev-s227,5,post,post,ADP
dev-s227,6,traditam,trado,VERB
dev-s227,7,conplevi,compleo,VERB
dev-s227,8,et,et,CCONJ
dev-s227,9,dedi,do,VERB
dev-s227,10,.,.,PUNCT
dev-s228,1,+,+,PUNCT
dev-s228,2,In,in,ADP
dev-s228,3,Dei,Deus,PROPN
dev-s228,4,omnipotentis,omnipotens,ADJ
dev-s228,5,nomine,nomen,NOUN
dev-s228,6,regnante,regno,VERB
dev-s228,7,domno,domnus,NOUN
dev-s228,8,nostro,noster,DET
dev-s228,9,Karolus,Carolus,PROPN
dev-s228,10,divina,diuinus,ADJ
dev-s228,11,faventem,faueo,VERB
dev-s228,12,clementia,clementia,NOUN
dev-s228,13,imperatore,imperator,NOUN
dev-s228,14,augusto,augustus,NOUN
dev-s228,15,",",",",PUNCT
dev-s228,16,anno,annus,NOUN
dev-s228,17,imperi,imperium,NOUN
dev-s228,18,eius,is,PRON
dev-s228,19,secundo,secundus,ADJ
dev-s228,20,",",",",PUNCT
dev-s228,21,octavo,octauus,ADJ
dev-s228,22,decimo,decimus,ADJ
dev-s228,23,kalendas,kalendae,NOUN
dev-s228,24,septembris,september,ADJ
dev-s228,25,",",",",PUNCT
dev-s228,26,indictione,indictio,NOUN
dev-s228,27,quinta,quintus,ADJ
dev-s228,28,decima,decimus,ADJ
dev-s228,29,.,.,PUNCT
dev-s229,1,manifestu,manifestus,ADJ
dev-s229,2,sum,sum,AUX
dev-s229,3,ego,ego,PRON
dev-s229,4,Atrapaldo,Atripaldus,PROPN
dev-s229,5,",",",",PUNCT
dev-s229,6,filio,filius,NOUN
dev-s229,7,bone,bonus,ADJ
dev-s229,8,memorie,memoria,NOUN
dev-s229,9,Uppaldi,Uppaldus,PROPN
dev-s229,10,de,de,ADP
dev-s229,11,Marila,Marila,PROPN
dev-s229,12,",",",",PUNCT
dev-s229,13,quia,quia,SCONJ
dev-s229,14,tu,tu,PRON
dev-s229,15,Gherardus,Gherardus,PROPN
dev-s229,16,",",",",PUNCT
dev-s229,17,gratia,gratia,NOUN
dev-s229,18,Dei,Deus,PROPN
dev-s229,19,huius,hic,DET
dev-s229,20,sancte,sanctus,ADJ
dev-s229,21,Lucane,lucanus,ADJ
dev-s229,22,ecclesie,ecclesia,NOUN
dev-s229,23,humilis,humilis,ADJ
dev-s229,24,episcopus,episcopus,NOUN
dev-s229,25,",",",",PUNCT
dev-s229,26,per,per,ADP
dev-s229,27,cartula,chartula,NOUN
dev-s229,28,livellario,libellarius,ADJ
dev-s229,29,nomine,nomen,NOUN
dev-s229,30,ad,ad,ADP
dev-s229,31,censsum,census,NOUN
dev-s229,32,perexolvendum,perexsoluo,VERB
dev-s229,33,dedisti,do,VERB
dev-s229,34,mihi,ego,PRON
dev-s229,35,id,is,PRON
dev-s229,36,est,sum,AUX
dev-s229,37,casa,casa,NOUN
dev-s229,38,et,et,CCONJ
dev-s229,39,res,res,NOUN
dev-s229,40,illa,ille,DET
dev-s229,41,massaricia,massaricius,ADJ
dev-s229,42,ubi,ubi,ADV
dev-s229,43,dicitur,dico,VERB
dev-s229,44,Perclo,Perclum,PROPN
dev-s229,45,",",",",PUNCT
dev-s229,46,prope,prope,ADP
dev-s229,47,Materaria,Materaria,PROPN
dev-s229,48,",",",",PUNCT
dev-s229,49,pertinentes,pertineo,VERB
dev-s229,50,ecclesie,ecclesia,NOUN
dev-s229,51,vestre,uester,DET
dev-s229,52,sancti,sanctus,ADJ
dev-s229,53,Fridiani,Fridianus,PROPN
dev-s229,54,",",",",PUNCT
dev-s229,55,qui,qui,PRON
dev-s229,56,est,sum,AUX
dev-s229,57,desup,desub,ADP
dev-s229,58,potestate,potestas,NOUN
dev-s229,59,episcopatui,episcopatus,NOUN
dev-s229,60,vestro,uester,DET
dev-s229,61,sancti,sanctus,ADJ
dev-s229,62,Martini,Martinus,PROPN
dev-s229,63,",",",",PUNCT
dev-s229,64,casa,casa,NOUN
dev-s229,65,vero,uero,ADV
dev-s229,66,ipsa,ipse,DET
dev-s229,67,cum,cum,ADP
dev-s229,68,terris,terra,NOUN
dev-s229,69,",",",",PUNCT
dev-s229,70,vineis,uinea,NOUN
dev-s229,71,",",",",PUNCT
dev-s229,72,silvis,silua,NOUN
dev-s229,73,",",",",PUNCT
dev-s229,74,virgareis,uirgareum,NOUN
dev-s229,75,",",",",PUNCT
dev-s229,76,cultas,cultus,ADJ
dev-s229,77,res,res,NOUN
dev-s229,78,vel,uel,CCONJ
dev-s229,79,incultas,incultus,ADJ
dev-s229,80,",",",",PUNCT
dev-s229,81,omnia,omnis,DET
dev-s229,82,et,et,CCONJ
dev-s229,83,in,in,ADP
dev-s229,84,omnibus,omnis,DET
dev-s229,85,rebus,res,NOUN
dev-s229,86,quantum,quantum,ADV
dev-s229,87,ad,ad,ADP
dev-s229,88,ipsa,ipse,DET
dev-s229,89,casa,casa,NOUN
dev-s229,90,ubique,ubique,ADV
dev-s229,91,est,sum,AUX
dev-s229,92,pertinentes,pertineo,VERB
dev-s229,93,",",",",PUNCT
dev-s229,94,in,in,ADP
dev-s229,95,integrum,integer,ADJ
dev-s229,96,;,;,PUNCT
dev-s230,1,simul,simul,ADV
dev-s230,2,et,et,CCONJ
dev-s230,3,dedisti,do,VERB
dev-s230,4,mihi,ego,PRON
dev-s230,5,tres,tres,NUM
dev-s230,6,petie,petia,NOUN
dev-s230,7,de,de,ADP
dev-s230,8,terre,terra,NOUN
dev-s230,9,ille,ille,DET
dev-s230,10,in,in,ADP
dev-s230,11,loco,locus,NOUN
dev-s230,12,Marila,Marila,PROPN
dev-s230,13,qui,qui,PRON
dev-s230,14,similiter,similiter,ADV
dev-s230,15,perteneunt,pertineo,VERB
dev-s230,16,de,de,ADP
dev-s230,17,ecclesie,ecclesia,NOUN
dev-s230,18,vestre,uester,DET
dev-s230,19,sancti,sanctus,ADJ
dev-s230,20,Fridiani,Fridianus,PROPN
dev-s230,21,",",",",PUNCT
dev-s230,22,et,et,CCONJ
dev-s230,23,ipse,ipse,DET
dev-s230,24,tres,tres,NUM
dev-s230,25,petie,petia,NOUN
dev-s230,26,de,de,ADP
dev-s230,27,terre,terra,NOUN
dev-s230,28,Adalpaldo,Adalpaldus,PROPN
dev-s230,29,et,et,CCONJ
dev-s230,30,filii,filius,NOUN
dev-s230,31,quondam,quondam,ADJ
dev-s230,32,Iohannis,Johannes,PROPN
dev-s230,33,ad,ad,ADP
dev-s230,34,manum,manus,NOUN
dev-s230,35,suam,suus,DET
dev-s230,36,abuerunt,habeo,VERB
dev-s230,37,in,in,ADP
dev-s230,38,integrum,integer,ADJ
dev-s230,39,;,;,PUNCT
dev-s231,1,nisi,nisi,CCONJ
dev-s231,2,tantum,tantum,ADV
dev-s231,3,pro,pro,ADP
dev-s231,4,omni,omnis,DET
dev-s231,5,censum,census,NOUN
dev-s231,6,et,et,CCONJ
dev-s231,7,iustitia,iustitia,NOUN
dev-s231,8,exinde,exinde,ADV
dev-s231,9,tibi,tu,PRON
dev-s231,10,",",",",PUNCT
dev-s231,11,vel,uel,CCONJ
dev-s231,12,ad,ad,ADP
dev-s231,13,subcessoribus,successor,NOUN
dev-s231,14,tuis,tuus,DET
dev-s231,15,ad,ad,ADP
dev-s231,16,pars,pars,NOUN
dev-s231,17,ipsius,ipse,DET
dev-s231,18,ecclesie,ecclesia,NOUN
dev-s231,19,sancti,sanctus,ADJ
dev-s231,20,Fridiani,Fridianus,PROPN
dev-s231,21,",",",",PUNCT
dev-s231,22,in,in,ADP
dev-s231,23,suprascripta,suprascriptus,DET
dev-s231,24,ecclesia,ecclesia,NOUN
dev-s231,25,sancti,sanctus,ADJ
dev-s231,26,Fridiani,Fridianus,PROPN
dev-s231,27,",",",",PUNCT
dev-s231,28,per,per,ADP
dev-s231,29,singulos,singulus,ADJ
dev-s231,30,menses,mensis,NOUN
dev-s231,31,ianuario,ianuarius,ADJ
dev-s231,32,reddere,reddo,VERB
dev-s231,33,debeamus,debeo,VERB
dev-s231,34,argentum,argentum,NOUN
dev-s231,35,denarios,denarius,NOUN
dev-s231,36,bonos,bonus,ADJ
dev-s231,37,expendibiles,expendibilis,ADJ
dev-s231,38,octuaginta,octoginta,NUM
dev-s231,39,et,et,CCONJ
dev-s231,40,quattuor,quattuor,NUM
dev-s231,41,",",",",PUNCT
dev-s231,42,et,et,CCONJ
dev-s231,43,homines,homo,NOUN
dev-s231,44,illos,ille,DET
dev-s231,45,qui,qui,PRON
dev-s231,46,in,in,ADP
dev-s231,47,ipsa,ipse,DET
dev-s231,48,casa,casa,NOUN
dev-s231,49,abitantes,habito,VERB
dev-s231,50,fuerit,sum,AUX
dev-s231,51,",",",",PUNCT
dev-s231,52,ad,ab,ADP
dev-s231,53,mandato,mandatum,NOUN
dev-s231,54,vestro,uester,DET
dev-s231,55,eos,is,PRON
dev-s231,56,venire,uenio,VERB
dev-s231,57,faciamus,facio,VERB
dev-s231,58,hic,hic,ADV
dev-s231,59,Luca,Luca,PROPN
dev-s231,60,legem,lex,NOUN
dev-s231,61,et,et,CCONJ
dev-s231,62,iustitia,iustitia,NOUN
dev-s231,63,faciendum,facio,VERB
dev-s231,64,;,;,PUNCT
dev-s232,1,alias,alius,DET
dev-s232,2,nobis,nos,PRON
dev-s232,3,superimposita,superimpono,VERB
dev-s232,4,nihilo,nihilo,ADV
dev-s232,5,faciatis,facio,VERB
dev-s232,6,.,.,PUNCT
dev-s233,1,et,et,CCONJ
dev-s233,2,si,si,SCONJ
dev-s233,3,a,ab,ADP
dev-s233,4,nos,nos,PRON
dev-s233,5,vobis,uos,PRON
dev-s233,6,hec,hic,DET
dev-s233,7,omnia,omnis,DET
dev-s233,8,sic,sic,ADV
dev-s233,9,non,non,PART
dev-s233,10,fuerit,sum,AUX
dev-s233,11,adimpleta,adimpleo,VERB
dev-s233,12,et,et,CCONJ
dev-s233,13,conservata,conseruo,VERB
dev-s233,14,sicut,sicut,SCONJ
dev-s233,15,superius,superius,ADV
dev-s233,16,legitur,lego,VERB
dev-s233,17,",",",",PUNCT
dev-s233,18,vel,uel,CCONJ
dev-s233,19,si,si,SCONJ
dev-s233,20,nos,nos,PRON
dev-s233,21,suprascripta,suprascriptus,DET
dev-s233,22,casa,casa,NOUN
dev-s233,23,et,et,CCONJ
dev-s233,24,res,res,NOUN
dev-s233,25,quas,qui,PRON
dev-s233,26,mihi,ego,PRON
dev-s233,27,dedisti,do,VERB
dev-s233,28,relaxaverimus,relaxo,VERB
dev-s233,29,",",",",PUNCT
dev-s233,30,aut,aut,CCONJ
dev-s233,31,si,si,SCONJ
dev-s233,32,per,per,ADP
dev-s233,33,nos,nos,PRON
dev-s233,34,pegiorata,peioro,VERB
dev-s233,35,fueri,sum,AUX
dev-s233,36,",",",",PUNCT
dev-s233,37,spondeo,spondeo,VERB
dev-s233,38,ego,ego,PRON
dev-s233,39,qui,qui,DET
dev-s233,40,supra,supra,ADV
dev-s233,41,Atrapaldo,Atripaldus,PROPN
dev-s233,42,cum,cum,ADP
dev-s233,43,meis,meus,DET
dev-s233,44,heredes,heres,NOUN
dev-s233,45,conponere,compono,VERB
dev-s233,46,tibi,tu,PRON
dev-s233,47,qui,qui,DET
dev-s233,48,supra,supra,ADV
dev-s233,49,Gherardus,Gherardus,PROPN
dev-s233,50,episcopus,episcopus,NOUN
dev-s233,51,",",",",PUNCT
dev-s233,52,vel,uel,CCONJ
dev-s233,53,ad,ad,ADP
dev-s233,54,supcessoribus,successor,NOUN
dev-s233,55,tuis,tuus,DET
dev-s233,56,",",",",PUNCT
dev-s233,57,penam,poena,NOUN
dev-s233,58,",",",",PUNCT
dev-s233,59,argentum,argentum,NOUN
dev-s233,60,soledos,solidus,NOUN
dev-s233,61,sexaginta,sexaginta,NUM
dev-s233,62,",",",",PUNCT
dev-s233,63,quia,quia,SCONJ
dev-s233,64,taliter,taliter,ADV
dev-s233,65,inter,inter,ADP
dev-s233,66,nos,nos,PRON
dev-s233,67,conveni,conuenio,VERB
dev-s233,68,et,et,CCONJ
dev-s233,69,duas,duo,NUM
dev-s233,70,inter,inter,ADP
dev-s233,71,nos,nos,PRON
dev-s233,72,cartulas,chartula,NOUN
dev-s233,73,Cospertum,Cospertus,PROPN
dev-s233,74,notarium,notarius,NOUN
dev-s233,75,scribere,scribo,VERB
dev-s233,76,rogavimus,rogo,VERB
dev-s233,77,.,.,PUNCT
dev-s234,1,actum,ago,VERB
dev-s234,2,Luca,Luca,PROPN
dev-s234,3,.,.,PUNCT
dev-s235,1,signum,signum,NOUN
dev-s235,2,+,+,PUNCT
dev-s235,3,manus,manus,NOUN
dev-s235,4,Atrapaldi,Atripaldus,PROPN
dev-s235,5,qui,qui,PRON
dev-s235,6,hunc,hic,DET
dev-s235,7,libello,libellus,NOUN
dev-s235,8,fieri,fio,VERB
dev-s235,9,rogavit,rogo,VERB
dev-s235,10,.,.,PUNCT
dev-s236,1,+,+,PUNCT
dev-s236,2,Ego,ego,PRON
dev-s236,3,Lambertus,Lampertus,PROPN
dev-s236,4,",",",",PUNCT
dev-s236,5,rogatus,rogo,VERB
dev-s236,6,ab,ab,ADP
dev-s236,7,Atrapaldo,Atripaldus,PROPN
dev-s236,8,",",",",PUNCT
dev-s236,9,me,ego,PRON
dev-s236,10,teste,testis,NOUN
dev-s236,11,subscripsi,subscribo,VERB
dev-s236,12,.,.,PUNCT
dev-s237,1,ego,ego,PRON
dev-s237,2,Ghiselfridi,Ghiselfridus,PROPN
dev-s237,3,notarius,notarius,NOUN
dev-s237,4,et,et,CCONJ
dev-s237,5,schabinus,scabinus,NOUN
dev-s237,6,subscripsi,subscribo,VERB
dev-s237,7,.,.,PUNCT
dev-s238,1,signum,signum,NOUN
dev-s238,2,+,+,PUNCT
dev-s238,3,manus,manus,NOUN
dev-s238,4,Petri,Petrus,PROPN
dev-s238,5,",",",",PUNCT
dev-s238,6,filio,filius,NOUN
dev-s238,7,quondam,quondam,ADJ
dev-s238,8,Filippi,Filippus,PROPN
dev-s238,9,",",",",PUNCT
dev-s238,10,testis,testis,NOUN
dev-s238,11,.,.,PUNCT
dev-s239,1,+,+,PUNCT
dev-s239,2,Ego,ego,PRON
dev-s239,3,Ioannes,Johannes,PROPN
dev-s239,4,",",",",PUNCT
dev-s239,5,rogatus,rogo,VERB
dev-s239,6,ab,ab,ADP
dev-s239,7,Atrapaldo,Atripaldus,PROPN
dev-s239,8,",",",",PUNCT
dev-s239,9,manus,manus,NOUN
dev-s239,10,mea,meus,DET
dev-s239,11,subscripsi,subscribo,VERB
dev-s239,12,.,.,PUNCT
dev-s240,1,+,+,PUNCT
dev-s240,2,Ego,ego,PRON
dev-s240,3,Andrea,Andreas,PROPN
dev-s240,4,",",",",PUNCT
dev-s240,5,rogatus,rogo,VERB
dev-s240,6,ab,ab,ADP
dev-s240,7,Atrapaldo,Atripaldus,PROPN
dev-s240,8,",",",",PUNCT
dev-s240,9,me,ego,PRON
dev-s240,10,teste,testis,NOUN
dev-s240,11,subscripsi,subscribo,VERB
dev-s240,12,.,.,PUNCT
dev-s241,1,+,+,PUNCT
dev-s241,2,Ego,ego,PRON
dev-s241,3,Cospertus,Cospertus,PROPN
dev-s241,4,notarius,notarius,NOUN
dev-s241,5,pos,post,ADP
dev-s241,6,traditam,trado,VERB
dev-s241,7,conplevi,compleo,VERB
dev-s241,8,et,et,CCONJ
dev-s241,9,dedi,do,VERB
dev-s241,10,.,.,PUNCT
dev-s242,1,In,in,ADP
dev-s242,2,Dei,Deus,PROPN
dev-s242,3,omnipotentis,omnipotens,ADJ
dev-s242,4,nomine,nomen,NOUN
dev-s242,5,regnante,regno,VERB
dev-s242,6,domno,domnus,NOUN
dev-s242,7,nostro,noster,DET
dev-s242,8,Karolus,Carolus,PROPN
dev-s242,9,divina,diuinus,ADJ
dev-s242,10,faventem,faueo,VERB
dev-s242,11,clementia,clementia,NOUN
dev-s242,12,imperatore,imperator,NOUN
dev-s242,13,augusto,augustus,NOUN
dev-s242,14,",",",",PUNCT
dev-s242,15,anno,annus,NOUN
dev-s242,16,imperii,imperium,NOUN
dev-s242,17,eius,is,PRON
dev-s242,18,secundo,secundus,ADJ
dev-s242,19,",",",",PUNCT
dev-s242,20,quarto,quartus,ADJ
dev-s242,21,decimo,decimus,ADJ
dev-s242,22,kalendas,kalendae,NOUN
dev-s242,23,septembris,september,ADJ
dev-s242,24,",",",",PUNCT
dev-s242,25,indictione,indictio,NOUN
dev-s242,26,quinta,quintus,ADJ
dev-s242,27,decima,decimus,ADJ
dev-s242,28,.,.,PUNCT
dev-s243,1,manifesti,manifestus,ADJ
dev-s243,2,sumus,sum,AUX
dev-s243,3,nos,nos,PRON
dev-s243,4,Alperto,Alpertus,PROPN
dev-s243,5,et,et,CCONJ
dev-s243,6,Deodato,Deodatus,PROPN
dev-s243,7,seo,seu,CCONJ
dev-s243,8,Marco,Marcus,PROPN
dev-s243,9,et,et,CCONJ
dev-s243,10,Richimundo,Richimundus,PROPN
dev-s243,11,adque,atque,CCONJ
dev-s243,12,Richiperto,Richipertus,PROPN
dev-s243,13,germani,germanus,NOUN
dev-s243,14,",",",",PUNCT
dev-s243,15,filii,filius,NOUN
dev-s243,16,quondam,quondam,ADJ
dev-s243,17,Teudiprando,Teudiprandus,PROPN
dev-s243,18,",",",",PUNCT
dev-s243,19,quia,quia,SCONJ
dev-s243,20,tu,tu,PRON
dev-s243,21,Daiprando,Daiprandus,PROPN
dev-s243,22,diacono,diaconus,NOUN
dev-s243,23,",",",",PUNCT
dev-s243,24,rectorem,rector,NOUN
dev-s243,25,adque,atque,CCONJ
dev-s243,26,custodem,custos,NOUN
dev-s243,27,ecclesie,ecclesia,NOUN
dev-s243,28,beati,beatus,ADJ
dev-s243,29,sancti,sanctus,ADJ
dev-s243,30,Petri,Petrus,PROPN
dev-s243,31,sita,sino,VERB
dev-s243,32,foras,foras,ADP
dev-s243,33,civitatem,ciuitas,NOUN
dev-s243,34,ista,iste,DET
dev-s243,35,Lucense,lucensis,ADJ
dev-s243,36,ubi,ubi,ADV
dev-s243,37,dicitur,dico,VERB
dev-s243,38,Maiore,magnus,ADJ
dev-s243,39,",",",",PUNCT
dev-s243,40,per,per,ADP
dev-s243,41,cartula,chartula,NOUN
dev-s243,42,livellario,libellarius,ADJ
dev-s243,43,nomine,nomen,NOUN
dev-s243,44,ad,ad,ADP
dev-s243,45,censum,census,NOUN
dev-s243,46,peresolvendum,perexsoluo,VERB
dev-s243,47,dedisti,do,VERB
dev-s243,48,nobis,nos,PRON
dev-s243,49,id,is,PRON
dev-s243,50,est,sum,AUX
dev-s243,51,res,res,NOUN
dev-s243,52,illa,ille,DET
dev-s243,53,in,in,ADP
dev-s243,54,loco,locus,NOUN
dev-s243,55,Liciniano,Licinianus,ADJ
dev-s243,56,",",",",PUNCT
dev-s243,57,pertenens,pertineo,VERB
dev-s243,58,ecclesie,ecclesia,NOUN
dev-s243,59,sancti,sanctus,ADJ
dev-s243,60,Petri,Petrus,PROPN
dev-s243,61,",",",",PUNCT
dev-s243,62,quas,qui,PRON
dev-s243,63,nos,nos,PRON
dev-s243,64,ipsis,ipse,DET
dev-s243,65,modo,modo,ADV
dev-s243,66,ad,ad,ADP
dev-s243,67,manus,manus,NOUN
dev-s243,68,nostras,noster,DET
dev-s243,69,abere,habeo,VERB
dev-s243,70,videmur,uideo,VERB
dev-s243,71,",",",",PUNCT
dev-s243,72,tam,tam,ADV
dev-s243,73,terris,terra,NOUN
dev-s243,74,",",",",PUNCT
dev-s243,75,vineis,uinea,NOUN
dev-s243,76,",",",",PUNCT
dev-s243,77,silvis,silua,NOUN
dev-s243,78,",",",",PUNCT
dev-s243,79,virgariis,uirgareum,NOUN
dev-s243,80,",",",",PUNCT
dev-s243,81,pratis,pratum,NOUN
dev-s243,82,",",",",PUNCT
dev-s243,83,pascuis,pascuum,NOUN
dev-s243,84,",",",",PUNCT
dev-s243,85,cultis,cultus,ADJ
dev-s243,86,rebus,res,NOUN
dev-s243,87,vel,uel,CCONJ
dev-s243,88,incultis,incultus,ADJ
dev-s243,89,omnia,omnis,DET
dev-s243,90,et,et,CCONJ
dev-s243,91,in,in,ADP
dev-s243,92,omnibus,omnis,DET
dev-s243,93,rebus,res,NOUN
dev-s243,94,quantum,quantum,ADV
dev-s243,95,nos,nos,PRON
dev-s243,96,ipsis,ipse,DET
dev-s243,97,de,de,ADP
dev-s243,98,pars,pars,NOUN
dev-s243,99,ipsius,ipse,DET
dev-s243,100,ecclesie,ecclesia,NOUN
dev-s243,101,sancti,sanctus,ADJ
dev-s243,102,Petri,Petrus,PROPN
dev-s243,103,ad,ad,ADP
dev-s243,104,manus,manus,NOUN
dev-s243,105,nostras,noster,DET
dev-s243,106,abere,habeo,VERB
dev-s243,107,videmur,uideo,VERB
dev-s243,108,in,in,ADP
dev-s243,109,integrum,integer,ADJ
dev-s243,110,;,;,PUNCT
dev-s244,1,esceptaste,excepto,VERB
dev-s244,2,res,res,NOUN
dev-s244,3,illa,ille,DET
dev-s244,4,que,qui,PRON
dev-s244,5,alii,alius,DET
dev-s244,6,hominibus,homo,NOUN
dev-s244,7,de,de,ADP
dev-s244,8,parte,pars,NOUN
dev-s244,9,suprascripte,suprascriptus,DET
dev-s244,10,ecclesie,ecclesia,NOUN
dev-s244,11,ad,ad,ADP
dev-s244,12,manus,manus,NOUN
dev-s244,13,suas,suus,DET
dev-s244,14,abunt,habeo,VERB
dev-s244,15,quas,qui,PRON
dev-s244,16,nobis,nos,PRON
dev-s244,17,menime,minime,ADV
dev-s244,18,dedisti,do,VERB
dev-s244,19,",",",",PUNCT
dev-s244,20,tali,talis,DET
dev-s244,21,ordine,ordo,NOUN
dev-s244,22,ut,ut,SCONJ
dev-s244,23,da,da,ADP
dev-s244,24,admodum,admodum,ADV
dev-s244,25,in,in,ADP
dev-s244,26,nostra,noster,DET
dev-s244,27,qui,qui,DET
dev-s244,28,supra,supra,ADV
dev-s244,29,germani,germanus,NOUN
dev-s244,30,sit,sum,AUX
dev-s244,31,potestate,potestas,NOUN
dev-s244,32,suprascripta,suprascriptus,DET
dev-s244,33,res,res,NOUN
dev-s244,34,quas,qui,PRON
dev-s244,35,nobis,nos,PRON
dev-s244,36,dedisti,do,VERB
dev-s244,37,abendi,habeo,VERB
dev-s244,38,",",",",PUNCT
dev-s244,39,inperandi,impero,VERB
dev-s244,40,",",",",PUNCT
dev-s244,41,gubernandi,guberno,VERB
dev-s244,42,",",",",PUNCT
dev-s244,43,laborare,laboro,VERB
dev-s244,44,faciendi,facio,VERB
dev-s244,45,et,et,CCONJ
dev-s244,46,usufructuandi,usufructuo,VERB
dev-s244,47,",",",",PUNCT
dev-s244,48,ita,ita,ADV
dev-s244,49,ut,ut,SCONJ
dev-s244,50,melioretur,melioro,VERB
dev-s244,51,nam,nam,PART
dev-s244,52,non,non,PART
dev-s244,53,pegioretur,peioro,VERB
dev-s244,54,.,.,PUNCT
dev-s245,1,nisi,nisi,CCONJ
dev-s245,2,tantum,tantum,ADV
dev-s245,3,pro,pro,ADP
dev-s245,4,omni,omnis,DET
dev-s245,5,censum,census,NOUN
dev-s245,6,et,et,CCONJ
dev-s245,7,iustitia,iustitia,NOUN
dev-s245,8,exinde,exinde,ADV
dev-s245,9,tibi,tu,PRON
dev-s245,10,",",",",PUNCT
dev-s245,11,vel,uel,CCONJ
dev-s245,12,ad,ad,ADP
dev-s245,13,subcessoribus,successor,NOUN
dev-s245,14,tuis,tuus,DET
dev-s245,15,ad,ad,ADP
dev-s245,16,parte,pars,NOUN
dev-s245,17,ipsius,ipse,DET
dev-s245,18,ecclesie,ecclesia,NOUN
dev-s245,19,",",",",PUNCT
dev-s245,20,per,per,ADP
dev-s245,21,singulos,singulus,ADJ
dev-s245,22,annos,annus,NOUN
dev-s245,23,in,in,ADP
dev-s245,24,mense,mensis,NOUN
dev-s245,25,iulio,iulius,ADJ
dev-s245,26,vobis,uos,PRON
dev-s245,27,",",",",PUNCT
dev-s245,28,vel,uel,CCONJ
dev-s245,29,ad,ad,ADP
dev-s245,30,ministeriales,ministerialis,NOUN
dev-s245,31,vestro,uester,DET
dev-s245,32,quas,qui,PRON
dev-s245,33,in,in,ADP
dev-s245,34,ipsa,ipse,DET
dev-s245,35,ecclesia,ecclesia,NOUN
dev-s245,36,pre,prae,ADP
dev-s245,37,tempore,tempus,NOUN
dev-s245,38,fuerit,sum,AUX
dev-s245,39,",",",",PUNCT
dev-s245,40,censum,census,NOUN
dev-s245,41,vobis,uos,PRON
dev-s245,42,reddere,reddo,VERB
dev-s245,43,debeamus,debeo,VERB
dev-s245,44,",",",",PUNCT
dev-s245,45,argentum,argentum,NOUN
dev-s245,46,denarios,denarius,NOUN
dev-s245,47,duodecim,duodecim,NUM
dev-s245,48,boni,bonus,ADJ
dev-s245,49,expendivilis,expendibilis,ADJ
dev-s245,50,",",",",PUNCT
dev-s245,51,et,et,CCONJ
dev-s245,52,a,ab,ADP
dev-s245,53,mandato,mandatum,NOUN
dev-s245,54,vestro,uester,DET
dev-s245,55,hic,hic,ADV
dev-s245,56,Luca,Luca,PROPN
dev-s245,57,venire,uenio,VERB
dev-s245,58,debeamus,debeo,VERB
dev-s245,59,legem,lex,NOUN
dev-s245,60,et,et,CCONJ
dev-s245,61,iustitiam,iustitia,NOUN
dev-s245,62,faciendum,facio,VERB
dev-s245,63,tantum,tantum,ADV
dev-s245,64,.,.,PUNCT
dev-s246,1,et,et,CCONJ
dev-s246,2,si,si,SCONJ
dev-s246,3,nos,nos,PRON
dev-s246,4,vobis,uos,PRON
dev-s246,5,taliter,taliter,ADV
dev-s246,6,non,non,PART
dev-s246,7,adimpleverimus,adimpleo,VERB
dev-s246,8,sicut,sicut,SCONJ
dev-s246,9,supra,supra,ADV
dev-s246,10,legitur,lego,VERB
dev-s246,11,",",",",PUNCT
dev-s246,12,et,et,CCONJ
dev-s246,13,nos,nos,PRON
dev-s246,14,suprascripta,suprascriptus,DET
dev-s246,15,res,res,NOUN
dev-s246,16,relassaverimus,relaxo,VERB
dev-s246,17,",",",",PUNCT
dev-s246,18,vel,uel,CCONJ
dev-s246,19,si,si,SCONJ
dev-s246,20,per,per,ADP
dev-s246,21,nos,nos,PRON
dev-s246,22,pegiorata,peioro,VERB
dev-s246,23,fuerit,sum,AUX
dev-s246,24,",",",",PUNCT
dev-s246,25,spondimus,spondeo,VERB
dev-s246,26,nos,nos,PRON
dev-s246,27,qui,qui,DET
dev-s246,28,supra,supra,ADV
dev-s246,29,germani,germanus,NOUN
dev-s246,30,",",",",PUNCT
dev-s246,31,una,una,ADV
dev-s246,32,cum,cum,ADP
dev-s246,33,nostris,noster,DET
dev-s246,34,heredibus,heres,NOUN
dev-s246,35,",",",",PUNCT
dev-s246,36,conponere,compono,VERB
dev-s246,37,tibi,tu,PRON
dev-s246,38,qui,qui,DET
dev-s246,39,supra,supra,ADV
dev-s246,40,Daiprando,Daiprandus,PROPN
dev-s246,41,diacono,diaconus,NOUN
dev-s246,42,",",",",PUNCT
dev-s246,43,vel,uel,CCONJ
dev-s246,44,ad,ad,ADP
dev-s246,45,subcessoribus,successor,NOUN
dev-s246,46,tuis,tuus,DET
dev-s246,47,",",",",PUNCT
dev-s246,48,penam,poena,NOUN
dev-s246,49,",",",",PUNCT
dev-s246,50,argentum,argentum,NOUN
dev-s246,51,soledos,solidus,NOUN
dev-s246,52,viginti,uiginti,NUM
dev-s246,53,",",",",PUNCT
dev-s246,54,quia,quia,SCONJ
dev-s246,55,taliter,taliter,ADV
dev-s246,56,inter,inter,ADP
dev-s246,57,nos,nos,PRON
dev-s246,58,convenit,conuenio,VERB
dev-s246,59,et,et,CCONJ
dev-s246,60,duas,duo,NUM
dev-s246,61,cartulas,chartula,NOUN
dev-s246,62,Lopo,lupus,PROPN
dev-s246,63,notarium,notarius,NOUN
dev-s246,64,scribere,scribo,VERB
dev-s246,65,rogavimus,rogo,VERB
dev-s246,66,.,.,PUNCT
dev-s247,1,actum,ago,VERB
dev-s247,2,Luca,Luca,PROPN
dev-s247,3,.,.,PUNCT
dev-s248,1,signa,signum,NOUN
dev-s248,2,+,+,PUNCT
dev-s248,3,+,+,PUNCT
dev-s248,4,+,+,PUNCT
dev-s248,5,+,+,PUNCT
dev-s248,6,+,+,PUNCT
dev-s248,7,manus,manus,NOUN
dev-s248,8,Alperti,Alpertus,PROPN
dev-s248,9,et,et,CCONJ
dev-s248,10,Deudati,Deodatus,PROPN
dev-s248,11,seo,seu,CCONJ
dev-s248,12,Marchi,Marcus,PROPN
dev-s248,13,et,et,CCONJ
dev-s248,14,Richimundi,Richimundus,PROPN
dev-s248,15,adque,atque,CCONJ
dev-s248,16,Richiperti,Richipertus,PROPN
dev-s248,17,germani,germanus,NOUN
dev-s248,18,",",",",PUNCT
dev-s248,19,qui,qui,PRON
dev-s248,20,hunc,hic,DET
dev-s248,21,libello,libellus,NOUN
dev-s248,22,fieri,fio,VERB
dev-s248,23,rogaverunt,rogo,VERB
dev-s248,24,.,.,PUNCT
dev-s249,1,+,+,PUNCT
dev-s249,2,Ego,ego,PRON
dev-s249,3,Umperto,Umbertus,PROPN
dev-s249,4,",",",",PUNCT
dev-s249,5,rogatus,rogo,VERB
dev-s249,6,ad,ab,ADP
dev-s249,7,suprascripti,suprascriptus,DET
dev-s249,8,germani,germanus,NOUN
dev-s249,9,",",",",PUNCT
dev-s249,10,me,ego,PRON
dev-s249,11,teste,testis,NOUN
dev-s249,12,subscripsi,subscribo,VERB
dev-s249,13,.,.,PUNCT
dev-s250,1,ego,ego,PRON
dev-s250,2,Teudiprandus,Teudiprandus,PROPN
dev-s250,3,notarius,notarius,NOUN
dev-s250,4,",",",",PUNCT
dev-s250,5,rogatus,rogo,VERB
dev-s250,6,a,ab,ADP
dev-s250,7,suprascripti,suprascriptus,DET
dev-s250,8,germani,germanus,NOUN
dev-s250,9,",",",",PUNCT
dev-s250,10,me,ego,PRON
dev-s250,11,teste,testis,NOUN
dev-s250,12,subscripsi,subscribo,VERB
dev-s250,13,.,.,PUNCT
dev-s251,1,ego,ego,PRON
dev-s251,2,Teuprandus,Teutprandus,PROPN
dev-s251,3,",",",",PUNCT
dev-s251,4,rogatus,rogo,VERB
dev-s251,5,a,ab,ADP
dev-s251,6,suprascripti,suprascriptus,DET
dev-s251,7,germani,germanus,NOUN
dev-s251,8,",",",",PUNCT
dev-s251,9,me,ego,PRON
dev-s251,10,teste,testis,NOUN
dev-s251,11,subscripsi,subscribo,VERB
dev-s251,12,.,.,PUNCT
dev-s252,1,ego,ego,PRON
dev-s252,2,Leo,Leo,PROPN
dev-s252,3,",",",",PUNCT
dev-s252,4,rogatus,rogo,VERB
dev-s252,5,a,ab,ADP
dev-s252,6,suprascripti,suprascriptus,DET
dev-s252,7,germani,germanus,NOUN
dev-s252,8,",",",",PUNCT
dev-s252,9,me,ego,PRON
dev-s252,10,teste,testis,NOUN
dev-s252,11,subscripsi,subscribo,VERB
dev-s252,12,.,.,PUNCT
dev-s253,1,signum,signum,NOUN
dev-s253,2,+,+,PUNCT
dev-s253,3,manus,manus,NOUN
dev-s253,4,Andriperti,Andripertus,PROPN
dev-s253,5,",",",",PUNCT
dev-s253,6,filio,filius,NOUN
dev-s253,7,quondam,quondam,ADJ
dev-s253,8,Andree,Andreas,PROPN
dev-s253,9,",",",",PUNCT
dev-s253,10,testis,testis,NOUN
dev-s253,11,.,.,PUNCT
dev-s254,1,+,+,PUNCT
dev-s254,2,Ego,ego,PRON
dev-s254,3,Lopo,lupus,PROPN
dev-s254,4,notarius,notarius,NOUN
dev-s254,5,post,post,ADP
dev-s254,6,traditam,trado,VERB
dev-s254,7,complevi,compleo,VERB
dev-s254,8,et,et,CCONJ
dev-s254,9,dedi,do,VERB
dev-s254,10,.,.,PUNCT
dev-s255,1,+,+,PUNCT
dev-s255,2,In,in,ADP
dev-s255,3,Dei,Deus,PROPN
dev-s255,4,omnipotemtis,omnipotens,ADJ
dev-s255,5,nomine,nomen,NOUN
dev-s255,6,regnante,regno,VERB
dev-s255,7,domno,domnus,NOUN
dev-s255,8,nostro,noster,DET
dev-s255,9,Karolus,Carolus,PROPN
dev-s255,10,divina,diuinus,ADJ
dev-s255,11,faventem,faueo,VERB
dev-s255,12,clementiam,clementia,NOUN
dev-s255,13,imperatore,imperator,NOUN
dev-s255,14,augusto,augustus,NOUN
dev-s255,15,",",",",PUNCT
dev-s255,16,anno,annus,NOUN
dev-s255,17,imperii,imperium,NOUN
dev-s255,18,eius,is,PRON
dev-s255,19,tertio,tertius,ADJ
dev-s255,20,",",",",PUNCT
dev-s255,21,kalendas,kalendae,NOUN
dev-s255,22,novembris,nouember,ADJ
dev-s255,23,",",",",PUNCT
dev-s255,24,indictione,indictio,NOUN
dev-s255,25,prima,primus,ADJ
dev-s255,26,.,.,PUNCT
dev-s256,1,simul,simul,ADV
dev-s256,2,et,et,CCONJ
dev-s256,3,dedisti,do,VERB
dev-s256,4,mihi,ego,PRON
dev-s256,5,duo,duo,NUM
dev-s256,6,capannis,capanna,NOUN
dev-s256,7,et,et,CCONJ
dev-s256,8,rebus,res,NOUN
dev-s256,9,in,in,ADP
dev-s256,10,ipso,ipse,DET
dev-s256,11,loco,locus,NOUN
dev-s256,12,Campi,campus,PROPN
dev-s256,13,",",",",PUNCT
dev-s256,14,qui,qui,DET
dev-s256,15,una,unus,DET
dev-s256,16,ex,ex,ADP
dev-s256,17,ipse,ipse,DET
dev-s256,18,capannis,capanna,NOUN
dev-s256,19,regitur,rego,VERB
dev-s256,20,per,per,ADP
dev-s256,21,Oscisulo,Hoschisulus,PROPN
dev-s256,22,",",",",PUNCT
dev-s256,23,et,et,CCONJ
dev-s256,24,ille,ille,DET
dev-s256,25,alia,alius,DET
dev-s256,26,regitur,rego,VERB
dev-s256,27,per,per,ADP
dev-s256,28,Ursulo,Ursulus,PROPN
dev-s256,29,massario,massarius,NOUN
dev-s256,30,",",",",PUNCT
dev-s256,31,et,et,CCONJ
dev-s256,32,sunt,sum,AUX
dev-s256,33,pertenentes,pertineo,VERB
dev-s256,34,suprascripte,suprascriptus,DET
dev-s256,35,ecclesie,ecclesia,NOUN
dev-s256,36,sancti,sanctus,ADJ
dev-s256,37,Silvestri,Syluester,PROPN
dev-s256,38,",",",",PUNCT
dev-s256,39,ambo,ambo,DET
dev-s256,40,ipse,ipse,DET
dev-s256,41,capannis,capanna,NOUN
dev-s256,42,cum,cum,ADP
dev-s256,43,fundamentis,fundamentum,NOUN
dev-s256,44,",",",",PUNCT
dev-s256,45,curtis,curtis,NOUN
dev-s256,46,",",",",PUNCT
dev-s256,47,ortis,hortus,NOUN
dev-s256,48,",",",",PUNCT
dev-s256,49,terris,terra,NOUN
dev-s256,50,",",",",PUNCT
dev-s256,51,vineis,uinea,NOUN
dev-s256,52,",",",",PUNCT
dev-s256,53,silvis,silua,NOUN
dev-s256,54,",",",",PUNCT
dev-s256,55,virgaris,uirgareum,NOUN
dev-s256,56,",",",",PUNCT
dev-s256,57,pratis,pratum,NOUN
dev-s256,58,",",",",PUNCT
dev-s256,59,pascuis,pascuum,NOUN
dev-s256,60,",",",",PUNCT
dev-s256,61,cultas,cultus,ADJ
dev-s256,62,res,res,NOUN
dev-s256,63,vel,uel,CCONJ
dev-s256,64,incultas,incultus,ADJ
dev-s256,65,;,;,PUNCT
dev-s257,1,omnia,omnis,DET
dev-s257,2,quantum,quantum,ADV
dev-s257,3,ad,ad,ADP
dev-s257,4,ipsis,ipse,DET
dev-s257,5,capannis,capanna,NOUN
dev-s257,6,est,sum,AUX
dev-s257,7,pertenentes,pertineo,VERB
dev-s257,8,in,in,ADP
dev-s257,9,integrum,integer,ADJ
dev-s257,10,mihi,ego,PRON
dev-s257,11,dedisti,do,VERB
dev-s257,12,",",",",PUNCT
dev-s257,13,tali,talis,DET
dev-s257,14,ordinem,ordo,NOUN
dev-s257,15,ut,ut,SCONJ
dev-s257,16,da,da,ADP
dev-s257,17,admodum,admodum,ADV
dev-s257,18,in,in,ADP
dev-s257,19,mea,meus,DET
dev-s257,20,vel,uel,CCONJ
dev-s257,21,de,de,ADP
dev-s257,22,meis,meus,DET
dev-s257,23,heredes,heres,NOUN
dev-s257,24,sint,sum,AUX
dev-s257,25,potestatem,potestas,NOUN
dev-s257,26,eas,is,PRON
dev-s257,27,abendum,habeo,VERB
dev-s257,28,",",",",PUNCT
dev-s257,29,imperandum,impero,VERB
dev-s257,30,",",",",PUNCT
dev-s257,31,laborare,laboro,VERB
dev-s257,32,faciendum,facio,VERB
dev-s257,33,",",",",PUNCT
dev-s257,34,meliorandum,melioro,VERB
dev-s257,35,et,et,CCONJ
dev-s257,36,nobis,nos,PRON
dev-s257,37,privatum,priuo,VERB
dev-s257,38,fruendum,fruor,VERB
dev-s257,39,.,.,PUNCT
dev-s258,1,nisi,nisi,CCONJ
dev-s258,2,tantum,tantum,ADV
dev-s258,3,pro,pro,ADP
dev-s258,4,omni,omnis,DET
dev-s258,5,censum,census,NOUN
dev-s258,6,et,et,CCONJ
dev-s258,7,iustitia,iustitia,NOUN
dev-s258,8,exinde,exinde,ADV
dev-s258,9,tibi,tu,PRON
dev-s258,10,",",",",PUNCT
dev-s258,11,vel,uel,CCONJ
dev-s258,12,ab,ad,ADP
dev-s258,13,subcessoribus,successor,NOUN
dev-s258,14,tuis,tuus,DET
dev-s258,15,ad,ad,ADP
dev-s258,16,pars,pars,NOUN
dev-s258,17,ipsius,ipse,DET
dev-s258,18,ecclesie,ecclesia,NOUN
dev-s258,19,sancti,sanctus,ADJ
dev-s258,20,Silvestri,Syluester,PROPN
dev-s258,21,",",",",PUNCT
dev-s258,22,dare,do,VERB
dev-s258,23,debeamus,debeo,VERB
dev-s258,24,per,per,ADP
dev-s258,25,singulos,singulus,ADJ
dev-s258,26,annos,annus,NOUN
dev-s258,27,in,in,ADP
dev-s258,28,mense,mensis,NOUN
dev-s258,29,octuber,october,ADJ
dev-s258,30,hic,hic,ADV
dev-s258,31,Luca,Luca,PROPN
dev-s258,32,ad,ad,ADP
dev-s258,33,ipso,ipse,DET
dev-s258,34,domo,domus,NOUN
dev-s258,35,per,per,ADP
dev-s258,36,nos,nos,PRON
dev-s258,37,",",",",PUNCT
dev-s258,38,aut,aut,CCONJ
dev-s258,39,per,per,ADP
dev-s258,40,misso,missus,NOUN
dev-s258,41,nostro,noster,DET
dev-s258,42,",",",",PUNCT
dev-s258,43,vobis,uos,PRON
dev-s258,44,",",",",PUNCT
dev-s258,45,vel,uel,CCONJ
dev-s258,46,ad,ad,ADP
dev-s258,47,misso,missus,NOUN
dev-s258,48,vestro,uester,DET
dev-s258,49,",",",",PUNCT
dev-s258,50,argentum,argentum,NOUN
dev-s258,51,denarios,denarius,NOUN
dev-s258,52,bonos,bonus,ADJ
dev-s258,53,expendiviles,expendibilis,ADJ
dev-s258,54,numero,numerus,NOUN
dev-s258,55,duodecim,duodecim,NUM
dev-s258,56,;,;,PUNCT
dev-s259,1,et,et,CCONJ
dev-s259,2,homini,homo,NOUN
dev-s259,3,illi,ille,DET
dev-s259,4,qui,qui,PRON
dev-s259,5,in,in,ADP
dev-s259,6,ipsis,ipse,DET
dev-s259,7,capannis,capanna,NOUN
dev-s259,8,abitantis,habito,VERB
dev-s259,9,fuerit,sum,AUX
dev-s259,10,",",",",PUNCT
dev-s259,11,nos,nos,PRON
dev-s259,12,eos,is,PRON
dev-s259,13,a,ab,ADP
dev-s259,14,mandato,mandatum,NOUN
dev-s259,15,vestro,uester,DET
dev-s259,16,venire,uenio,VERB
dev-s259,17,faciamus,facio,VERB
dev-s259,18,hic,hic,ADV
dev-s259,19,Luca,Luca,PROPN
dev-s259,20,iustitiam,iustitia,NOUN
dev-s259,21,faciendum,facio,VERB
dev-s259,22,tantum,tantum,ADV
dev-s259,23,.,.,PUNCT
dev-s260,1,et,et,CCONJ
dev-s260,2,si,si,SCONJ
dev-s260,3,a,ab,ADP
dev-s260,4,nos,nos,PRON
dev-s260,5,vobis,uos,PRON
dev-s260,6,hec,hic,DET
dev-s260,7,omnia,omnis,DET
dev-s260,8,qualiter,qualiter,SCONJ
dev-s260,9,superius,superius,ADV
dev-s260,10,legitur,lego,VERB
dev-s260,11,per,per,ADP
dev-s260,12,singulos,singulus,ADJ
dev-s260,13,annos,annus,NOUN
dev-s260,14,sic,sic,ADV
dev-s260,15,non,non,PART
dev-s260,16,fuerit,sum,AUX
dev-s260,17,adinpleta,adimpleo,VERB
dev-s260,18,et,et,CCONJ
dev-s260,19,conservata,conseruo,VERB
dev-s260,20,",",",",PUNCT
dev-s260,21,aut,aut,CCONJ
dev-s260,22,si,si,SCONJ
dev-s260,23,suprascripto,suprascriptus,DET
dev-s260,24,casalino,casalinus,NOUN
dev-s260,25,seu,seu,CCONJ
dev-s260,26,capannis,capanna,NOUN
dev-s260,27,et,et,CCONJ
dev-s260,28,rebus,res,NOUN
dev-s260,29,quas,qui,PRON
dev-s260,30,mihi,ego,PRON
dev-s260,31,dedisti,do,VERB
dev-s260,32,relassaverimus,relaxo,VERB
dev-s260,33,",",",",PUNCT
dev-s260,34,vel,uel,CCONJ
dev-s260,35,si,si,SCONJ
dev-s260,36,aput,apud,ADP
dev-s260,37,nos,nos,PRON
dev-s260,38,pegiorata,peioro,VERB
dev-s260,39,fuerit,sum,AUX
dev-s260,40,",",",",PUNCT
dev-s260,41,spondeo,spondeo,VERB
dev-s260,42,ego,ego,PRON
dev-s260,43,qui,qui,DET
dev-s260,44,supra,supra,ADV
dev-s260,45,Adanaldo,Adonaldus,PROPN
dev-s260,46,",",",",PUNCT
dev-s260,47,una,una,ADV
dev-s260,48,cum,cum,ADP
dev-s260,49,meis,meus,DET
dev-s260,50,heredes,heres,NOUN
dev-s260,51,",",",",PUNCT
dev-s260,52,conponere,compono,VERB
dev-s260,53,tibi,tu,PRON
dev-s260,54,qui,qui,DET
dev-s260,55,supra,supra,ADV
dev-s260,56,Gherardus,Gherardus,PROPN
dev-s260,57,episcopus,episcopus,NOUN
dev-s260,58,",",",",PUNCT
dev-s260,59,ad,ad,ADP
dev-s260,60,subcessoribus,successor,NOUN
dev-s260,61,tuis,tuus,DET
dev-s260,62,",",",",PUNCT
dev-s260,63,penam,poena,NOUN
dev-s260,64,",",",",PUNCT
dev-s260,65,argentum,argentum,NOUN
dev-s260,66,soledos,solidus,NOUN
dev-s260,67,sexaginta,sexaginta,NUM
dev-s260,68,",",",",PUNCT
dev-s260,69,quia,quia,SCONJ
dev-s260,70,taliter,taliter,ADV
dev-s260,71,inter,inter,ADP
dev-s260,72,nos,nos,PRON
dev-s260,73,convenit,conuenio,VERB
dev-s260,74,et,et,CCONJ
dev-s260,75,duas,duo,NUM
dev-s260,76,inter,inter,ADP
dev-s260,77,nos,nos,PRON
dev-s260,78,cartulas,chartula,NOUN
dev-s260,79,Leo,Leo,PROPN
dev-s260,80,notarium,notarius,NOUN
dev-s260,81,scribere,scribo,VERB
dev-s260,82,rogavimus,rogo,VERB
dev-s260,83,.,.,PUNCT
dev-s261,1,actum,ago,VERB
dev-s261,2,Luca,Luca,PROPN
dev-s261,3,.,.,PUNCT
dev-s262,1,signum,signum,NOUN
dev-s262,2,+,+,PUNCT
dev-s262,3,manus,manus,NOUN
dev-s262,4,Adanaldi,Adonaldus,PROPN
dev-s262,5,qui,qui,PRON
dev-s262,6,hunc,hic,DET
dev-s262,7,libellum,libellus,NOUN
dev-s262,8,fieri,fio,VERB
dev-s262,9,rogavit,rogo,VERB
dev-s262,10,.,.,PUNCT
dev-s263,1,ego,ego,PRON
dev-s263,2,Ghiselfridi,Ghiselfridus,PROPN
dev-s263,3,notarius,notarius,NOUN
dev-s263,4,et,et,CCONJ
dev-s263,5,schabinus,scabinus,NOUN
dev-s263,6,subscripsi,subscribo,VERB
dev-s263,7,.,.,PUNCT
dev-s264,1,+,+,PUNCT
dev-s264,2,Ego,ego,PRON
dev-s264,3,Sisemundus,Sisimundus,PROPN
dev-s264,4,",",",",PUNCT
dev-s264,5,rogatus,rogo,VERB
dev-s264,6,ab,ab,ADP
dev-s264,7,Adanaldo,Adonaldus,PROPN
dev-s264,8,",",",",PUNCT
dev-s264,9,me,ego,PRON
dev-s264,10,teste,testis,NOUN
dev-s264,11,subscripsi,subscribo,VERB
dev-s264,12,.,.,PUNCT
dev-s265,1,+,+,PUNCT
dev-s265,2,Ego,ego,PRON
dev-s265,3,Leo,Leo,PROPN
dev-s265,4,archipresbiter,archipresbyter,NOUN
dev-s265,5,subscripsi,subscribo,VERB
dev-s265,6,.,.,PUNCT
dev-s266,1,ego,ego,PRON
dev-s266,2,Teudimundus,Teudimundus,PROPN
dev-s266,3,",",",",PUNCT
dev-s266,4,rogatus,rogo,VERB
dev-s266,5,ab,ab,ADP
dev-s266,6,Adanaldu,Adonaldus,PROPN
dev-s266,7,",",",",PUNCT
dev-s266,8,subscripsi,subscribo,VERB
dev-s266,9,.,.,PUNCT
dev-s267,1,+,+,PUNCT
dev-s267,2,Ego,ego,PRON
dev-s267,3,Aloni,Aloin,PROPN
dev-s267,4,",",",",PUNCT
dev-s267,5,rogatus,rogo,VERB
dev-s267,6,ab,ab,ADP
dev-s267,7,Adanaldo,Adonaldus,PROPN
dev-s267,8,",",",",PUNCT
dev-s267,9,me,ego,PRON
dev-s267,10,teste,testis,NOUN
dev-s267,11,subscripsi,subscribo,VERB
dev-s267,12,.,.,PUNCT
dev-s268,1,+,+,PUNCT
dev-s268,2,Ego,ego,PRON
dev-s268,3,Daiprandus,Daiprandus,PROPN
dev-s268,4,diaconus,diaconus,NOUN
dev-s268,5,subscripsi,subscribo,VERB
dev-s268,6,.,.,PUNCT
dev-s269,1,ego,ego,PRON
dev-s269,2,Fraolmi,Fraolmus,PROPN
dev-s269,3,",",",",PUNCT
dev-s269,4,rogatus,rogo,VERB
dev-s269,5,ab,ab,ADP
dev-s269,6,Adanaldo,Adonaldus,PROPN
dev-s269,7,",",",",PUNCT
dev-s269,8,subscripsi,subscribo,VERB
dev-s269,9,.,.,PUNCT
dev-s270,1,+,+,PUNCT
dev-s270,2,Ego,ego,PRON
dev-s270,3,Leo,Leo,PROPN
dev-s270,4,notarius,notarius,NOUN
dev-s270,5,post,post,ADP
dev-s270,6,traditam,trado,VERB
dev-s270,7,conplevi,compleo,VERB
dev-s270,8,et,et,CCONJ
dev-s270,9,dedi,do,VERB
dev-s270,10,.,.,PUNCT
dev-s271,1,+,+,PUNCT
dev-s271,2,In,in,ADP
dev-s271,3,Dei,Deus,PROPN
dev-s271,4,omnipotentis,omnipotens,ADJ
dev-s271,5,nomine,nomen,NOUN
dev-s271,6,regnante,regno,VERB
dev-s271,7,domno,domnus,NOUN
dev-s271,8,nostro,noster,DET
dev-s271,9,Karolus,Carolus,PROPN
dev-s271,10,divina,diuinus,ADJ
dev-s271,11,faventem,faueo,VERB
dev-s271,12,clementia,clementia,NOUN
dev-s271,13,imperatore,imperator,NOUN
dev-s271,14,augusto,augustus,NOUN
dev-s271,15,",",",",PUNCT
dev-s271,16,anno,annus,NOUN
dev-s271,17,imperii,imperium,NOUN
dev-s271,18,eius,is,PRON
dev-s271,19,secundo,secundus,ADJ
dev-s271,20,",",",",PUNCT
dev-s271,21,duodecimo,duodecimus,ADJ
dev-s271,22,kalendas,kalendae,NOUN
dev-s271,23,ianuarii,ianuarius,NOUN
dev-s271,24,",",",",PUNCT
dev-s271,25,indictione,indictio,NOUN
dev-s271,26,prima,primus,ADJ
dev-s271,27,.,.,PUNCT
dev-s272,1,manifestu,manifestus,ADJ
dev-s272,2,sum,sum,AUX
dev-s272,3,ego,ego,PRON
dev-s272,4,Leoprando,Leoprandus,PROPN
dev-s272,5,",",",",PUNCT
dev-s272,6,filio,filius,NOUN
dev-s272,7,quondam,quondam,ADJ
dev-s272,8,Andree,Andreas,PROPN
dev-s272,9,",",",",PUNCT
dev-s272,10,quia,quia,SCONJ
dev-s272,11,tu,tu,PRON
dev-s272,12,Gherardus,Gherardus,PROPN
dev-s272,13,",",",",PUNCT
dev-s272,14,gratia,gratia,NOUN
dev-s272,15,Dei,Deus,PROPN
dev-s272,16,huius,hic,DET
dev-s272,17,sancte,sanctus,ADJ
dev-s272,18,Lucanem,lucanus,ADJ
dev-s272,19,ecclesie,ecclesia,NOUN
dev-s272,20,humilis,humilis,ADJ
dev-s272,21,episcopus,episcopus,NOUN
dev-s272,22,",",",",PUNCT
dev-s272,23,per,per,ADP
dev-s272,24,cartula,chartula,NOUN
dev-s272,25,livellario,libellarius,ADJ
dev-s272,26,nomine,nomen,NOUN
dev-s272,27,dedisti,do,VERB
dev-s272,28,mihi,ego,PRON
dev-s272,29,id,is,PRON
dev-s272,30,est,sum,AUX
dev-s272,31,casa,casa,NOUN
dev-s272,32,et,et,CCONJ
dev-s272,33,res,res,NOUN
dev-s272,34,illa,ille,DET
dev-s272,35,in,in,ADP
dev-s272,36,loco,locus,NOUN
dev-s272,37,prope,prope,ADP
dev-s272,38,ubi,ubi,ADV
dev-s272,39,dicitur,dico,VERB
dev-s272,40,Castello,Castellum,PROPN
dev-s272,41,",",",",PUNCT
dev-s272,42,qui,qui,PRON
dev-s272,43,modo,modo,ADV
dev-s272,44,regitur,rego,VERB
dev-s272,45,per,per,ADP
dev-s272,46,me,ego,PRON
dev-s272,47,ipso,ipse,DET
dev-s272,48,",",",",PUNCT
dev-s272,49,pertenentes,pertineo,VERB
dev-s272,50,ipsius,ipse,DET
dev-s272,51,episcopatui,episcopatus,NOUN
dev-s272,52,vestro,uester,DET
dev-s272,53,sancti,sanctus,ADJ
dev-s272,54,Martini,Martinus,PROPN
dev-s272,55,;,;,PUNCT
dev-s273,1,nisi,nisi,CCONJ
dev-s273,2,tantum,tantum,ADV
dev-s273,3,pro,pro,ADP
dev-s273,4,homni,omnis,DET
dev-s273,5,censum,census,NOUN
dev-s273,6,et,et,CCONJ
dev-s273,7,iustitia,iustitia,NOUN
dev-s273,8,exinde,exinde,ADV
dev-s273,9,tibi,tu,PRON
dev-s273,10,vel,uel,CCONJ
dev-s273,11,ad,ad,ADP
dev-s273,12,subcessoribus,successor,NOUN
dev-s273,13,tuis,tuus,DET
dev-s273,14,ad,ad,ADP
dev-s273,15,parte,pars,NOUN
dev-s273,16,ipsius,ipse,DET
dev-s273,17,episcopatui,episcopatus,NOUN
dev-s273,18,vestro,uester,DET
dev-s273,19,sancti,sanctus,ADJ
dev-s273,20,Martini,Martinus,PROPN
dev-s273,21,per,per,ADP
dev-s273,22,singulos,singulus,ADJ
dev-s273,23,annos,annus,NOUN
dev-s273,24,",",",",PUNCT
dev-s273,25,in,in,ADP
dev-s273,26,mense,mensis,NOUN
dev-s273,27,ianuario,ianuarius,ADJ
dev-s273,28,",",",",PUNCT
dev-s273,29,ad,ad,ADP
dev-s273,30,curte,curtis,NOUN
dev-s273,31,vestra,uester,DET
dev-s273,32,domnicata,domnicatus,ADJ
dev-s273,33,illa,ille,DET
dev-s273,34,in,in,ADP
dev-s273,35,loco,locus,NOUN
dev-s273,36,Casale,Casalis,PROPN
dev-s273,37,Lasscii,Lascius,PROPN
dev-s273,38,vobis,uos,PRON
dev-s273,39,",",",",PUNCT
dev-s273,40,vel,uel,CCONJ
dev-s273,41,ad,ad,ADP
dev-s273,42,ministeriales,ministerialis,NOUN
dev-s273,43,vestro,uester,DET
dev-s273,44,quas,qui,PRON
dev-s273,45,inibi,inibi,ADV
dev-s273,46,pre,prae,ADP
dev-s273,47,tempore,tempus,NOUN
dev-s273,48,fuerit,sum,AUX
dev-s273,49,",",",",PUNCT
dev-s273,50,reddere,reddo,VERB
dev-s273,51,debeamus,debeo,VERB
dev-s273,52,argentum,argentum,NOUN
dev-s273,53,denarios,denarius,NOUN
dev-s273,54,viginti,uiginti,NUM
dev-s273,55,quatuor,quattuor,NUM
dev-s273,56,boni,bonus,ADJ
dev-s273,57,expendivilis,expendibilis,ADJ
dev-s273,58,et,et,CCONJ
dev-s273,59,aucellos,auicellus,NOUN
dev-s273,60,murtenos,murtinus,ADJ
dev-s273,61,triginta,triginta,NUM
dev-s273,62,bonos,bonus,ADJ
dev-s273,63,",",",",PUNCT
dev-s273,64,et,et,CCONJ
dev-s273,65,a,ab,ADP
dev-s273,66,mandato,mandatum,NOUN
dev-s273,67,vestro,uester,DET
dev-s273,68,hic,hic,ADV
dev-s273,69,Luca,Luca,PROPN
dev-s273,70,vel,uel,CCONJ
dev-s273,71,ad,ad,ADP
dev-s273,72,ipsa,ipse,DET
dev-s273,73,curte,curtis,NOUN
dev-s273,74,domnicata,domnicatus,ADJ
dev-s273,75,venire,uenio,VERB
dev-s273,76,debeamus,debeo,VERB
dev-s273,77,iustitiam,iustitia,NOUN
dev-s273,78,faciendum,facio,VERB
dev-s273,79,tantum,tantum,ADV
dev-s273,80,.,.,PUNCT
dev-s274,1,et,et,CCONJ
dev-s274,2,si,si,SCONJ
dev-s274,3,nos,nos,PRON
dev-s274,4,vobis,uos,PRON
dev-s274,5,taliter,taliter,ADV
dev-s274,6,non,non,PART
dev-s274,7,adimpleverimus,adimpleo,VERB
dev-s274,8,sicut,sicut,SCONJ
dev-s274,9,supra,supra,ADV
dev-s274,10,legitur,lego,VERB
dev-s274,11,",",",",PUNCT
dev-s274,12,aut,aut,CCONJ
dev-s274,13,suprascripta,suprascriptus,DET
dev-s274,14,casa,casa,NOUN
dev-s274,15,et,et,CCONJ
dev-s274,16,res,res,NOUN
dev-s274,17,relassaverimus,relaxo,VERB
dev-s274,18,",",",",PUNCT
dev-s274,19,vel,uel,CCONJ
dev-s274,20,si,si,SCONJ
dev-s274,21,per,per,ADP
dev-s274,22,nos,nos,PRON
dev-s274,23,pegiorata,peioro,VERB
dev-s274,24,fuerit,sum,AUX
dev-s274,25,",",",",PUNCT
dev-s274,26,spondeo,spondeo,VERB
dev-s274,27,ego,ego,PRON
dev-s274,28,qui,qui,DET
dev-s274,29,supra,supra,ADV
dev-s274,30,Leoprando,Leoprandus,PROPN
dev-s274,31,",",",",PUNCT
dev-s274,32,una,una,ADV
dev-s274,33,cum,cum,ADP
dev-s274,34,meis,meus,DET
dev-s274,35,heredes,heres,NOUN
dev-s274,36,conponere,compono,VERB
dev-s274,37,tibi,tu,PRON
dev-s274,38,qui,qui,DET
dev-s274,39,supra,supra,ADV
dev-s274,40,Gherardus,Gherardus,PROPN
dev-s274,41,episcopus,episcopus,NOUN
dev-s274,42,",",",",PUNCT
dev-s274,43,vel,uel,CCONJ
dev-s274,44,ad,ad,ADP
dev-s274,45,subcessoribus,successor,NOUN
dev-s274,46,tuis,tuus,DET
dev-s274,47,",",",",PUNCT
dev-s274,48,penam,poena,NOUN
dev-s274,49,",",",",PUNCT
dev-s274,50,argentum,argentum,NOUN
dev-s274,51,soledos,solidus,NOUN
dev-s274,52,viginti,uiginti,NUM
dev-s274,53,",",",",PUNCT
dev-s274,54,quia,quia,SCONJ
dev-s274,55,taliter,taliter,ADV
dev-s274,56,inter,inter,ADP
dev-s274,57,nos,nos,PRON
dev-s274,58,convenit,conuenio,VERB
dev-s274,59,et,et,CCONJ
dev-s274,60,duas,duo,NUM
dev-s274,61,cartulas,chartula,NOUN
dev-s274,62,Lopo,lupus,PROPN
dev-s274,63,notarium,notarius,NOUN
dev-s274,64,scribere,scribo,VERB
dev-s274,65,rogavimus,rogo,VERB
dev-s274,66,.,.,PUNCT
dev-s275,1,actum,ago,VERB
dev-s275,2,Luca,Luca,PROPN
dev-s275,3,.,.,PUNCT
dev-s276,1,signum,signum,NOUN
dev-s276,2,+,+,PUNCT
dev-s276,3,manus,manus,NOUN
dev-s276,4,Leoprandi,Leoprandus,PROPN
dev-s276,5,qui,qui,PRON
dev-s276,6,hunc,hic,DET
dev-s276,7,libello,libellus,NOUN
dev-s276,8,fieri,fio,VERB
dev-s276,9,rogavit,rogo,VERB
dev-s276,10,.,.,PUNCT
dev-s277,1,+,+,PUNCT
dev-s277,2,Ego,ego,PRON
dev-s277,3,Teupertus,Teutpertus,PROPN
dev-s277,4,",",",",PUNCT
dev-s277,5,rogatus,rogo,VERB
dev-s277,6,a,ab,ADP
dev-s277,7,Leoprando,Leoprandus,PROPN
dev-s277,8,",",",",PUNCT
dev-s277,9,me,ego,PRON
dev-s277,10,teste,testis,NOUN
dev-s277,11,subscripsi,subscribo,VERB
dev-s277,12,.,.,PUNCT
dev-s278,1,+,+,PUNCT
dev-s278,2,Ego,ego,PRON
dev-s278,3,Teopaldo,Teutpaldus,PROPN
dev-s278,4,",",",",PUNCT
dev-s278,5,rogatus,rogo,VERB
dev-s278,6,a,ab,ADP
dev-s278,7,Leoprando,Leoprandus,PROPN
dev-s278,8,",",",",PUNCT
dev-s278,9,me,ego,PRON
dev-s278,10,teste,testis,NOUN
dev-s278,11,subscripsi,subscribo,VERB
dev-s278,12,.,.,PUNCT
dev-s279,1,signum,signum,NOUN
dev-s279,2,+,+,PUNCT
dev-s279,3,manus,manus,NOUN
dev-s279,4,Ebruardi,Ebruardus,PROPN
dev-s279,5,",",",",PUNCT
dev-s279,6,filio,filius,NOUN
dev-s279,7,quondam,quondam,ADJ
dev-s279,8,Ansimi,Ansimus,PROPN
dev-s279,9,",",",",PUNCT
dev-s279,10,testis,testis,NOUN
dev-s279,11,.,.,PUNCT
dev-s280,1,signum,signum,NOUN
dev-s280,2,+,+,PUNCT
dev-s280,3,manus,manus,NOUN
dev-s280,4,Filippi,Filippus,PROPN
dev-s280,5,",",",",PUNCT
dev-s280,6,filio,filius,NOUN
dev-s280,7,Sclauchi,Sclauchus,PROPN
dev-s280,8,",",",",PUNCT
dev-s280,9,testis,testis,NOUN
dev-s280,10,.,.,PUNCT
dev-s281,1,signum,signum,NOUN
dev-s281,2,+,+,PUNCT
dev-s281,3,manus,manus,NOUN
dev-s281,4,Adalprandi,Adalprandus,PROPN
dev-s281,5,",",",",PUNCT
dev-s281,6,filio,filius,NOUN
dev-s281,7,bone,bonus,ADJ
dev-s281,8,memorie,memoria,NOUN
dev-s281,9,Vualprandi,Walprandus,PROPN
dev-s281,10,",",",",PUNCT
dev-s281,11,testis,testis,NOUN
dev-s281,12,.,.,PUNCT
dev-s282,1,+,+,PUNCT
dev-s282,2,Ego,ego,PRON
dev-s282,3,Lopo,lupus,PROPN
dev-s282,4,notarius,notarius,NOUN
dev-s282,5,post,post,ADP
dev-s282,6,traditam,trado,VERB
dev-s282,7,conplevi,compleo,VERB
dev-s282,8,et,et,CCONJ
dev-s282,9,dedi,do,VERB
dev-s282,10,.,.,PUNCT
dev-s283,1,+,+,PUNCT
dev-s283,2,In,in,ADP
dev-s283,3,Dei,Deus,PROPN
dev-s283,4,omnipotentis,omnipotens,ADJ
dev-s283,5,nomine,nomen,NOUN
dev-s283,6,regnante,regno,VERB
dev-s283,7,domno,domnus,NOUN
dev-s283,8,nostro,noster,DET
dev-s283,9,Karolus,Carolus,PROPN
dev-s283,10,divina,diuinus,ADJ
dev-s283,11,faventem,faueo,VERB
dev-s283,12,clementia,clementia,NOUN
dev-s283,13,imperatore,imperator,NOUN
dev-s283,14,augusto,augustus,NOUN
dev-s283,15,",",",",PUNCT
dev-s283,16,anno,annus,NOUN
dev-s283,17,imperii,imperium,NOUN
dev-s283,18,eius,is,PRON
dev-s283,19,tertio,tertius,ADJ
dev-s283,20,",",",",PUNCT
dev-s283,21,nonas,nonae,NOUN
dev-s283,22,ianuarii,ianuarius,ADJ
dev-s283,23,",",",",PUNCT
dev-s283,24,indictione,indictio,NOUN
dev-s283,25,prima,primus,ADJ
dev-s283,26,.,.,PUNCT
dev-s284,1,manifestu,manifestus,ADJ
dev-s284,2,sum,sum,AUX
dev-s284,3,ego,ego,PRON
dev-s284,4,Vuinipaldo,Winipaldus,PROPN
dev-s284,5,",",",",PUNCT
dev-s284,6,filio,filius,NOUN
dev-s284,7,quondam,quondam,ADJ
dev-s284,8,Seuli,Seulus,PROPN
dev-s284,9,",",",",PUNCT
dev-s284,10,quia,quia,SCONJ
dev-s284,11,tu,tu,PRON
dev-s284,12,Gherardus,Gherardus,PROPN
dev-s284,13,",",",",PUNCT
dev-s284,14,gratia,gratia,NOUN
dev-s284,15,Dei,Deus,PROPN
dev-s284,16,huius,hic,DET
dev-s284,17,sancte,sanctus,ADJ
dev-s284,18,Lucanem,lucanus,ADJ
dev-s284,19,ecclesie,ecclesia,NOUN
dev-s284,20,humilis,humilis,ADJ
dev-s284,21,episcopus,episcopus,NOUN
dev-s284,22,",",",",PUNCT
dev-s284,23,per,per,ADP
dev-s284,24,cartula,chartula,NOUN
dev-s284,25,livellario,libellarius,ADJ
dev-s284,26,nomine,nomen,NOUN
dev-s284,27,dedisti,do,VERB
dev-s284,28,mihi,ego,PRON
dev-s284,29,id,is,PRON
dev-s284,30,est,sum,AUX
dev-s284,31,casalino,casalinus,NOUN
dev-s284,32,illo,ille,DET
dev-s284,33,in,in,ADP
dev-s284,34,loco,locus,NOUN
dev-s284,35,Rocta,Rupta,PROPN
dev-s284,36,",",",",PUNCT
dev-s284,37,ubi,ubi,ADV
dev-s284,38,dicitur,dico,VERB
dev-s284,39,Capriaticho,Capriaticum,PROPN
dev-s284,40,",",",",PUNCT
dev-s284,41,quas,qui,PRON
dev-s284,42,Himulo,Himulus,PROPN
dev-s284,43,",",",",PUNCT
dev-s284,44,eas,is,PRON
dev-s284,45,ad,ad,ADP
dev-s284,46,manus,manus,NOUN
dev-s284,47,suas,suus,DET
dev-s284,48,abuit,habeo,VERB
dev-s284,49,",",",",PUNCT
dev-s284,50,pertenentes,pertineo,VERB
dev-s284,51,ecclesie,ecclesia,NOUN
dev-s284,52,sancti,sanctus,ADJ
dev-s284,53,Silvester,Syluester,PROPN
dev-s284,54,sitas,sino,VERB
dev-s284,55,foras,foras,ADP
dev-s284,56,civitatem,ciuitas,NOUN
dev-s284,57,ista,iste,DET
dev-s284,58,Lucense,lucensis,ADJ
dev-s284,59,quod,qui,PRON
dev-s284,60,est,sum,AUX
dev-s284,61,desup,desub,ADP
dev-s284,62,potestatem,potestas,NOUN
dev-s284,63,ipsius,ipse,DET
dev-s284,64,episcopatui,episcopatus,NOUN
dev-s284,65,vestro,uester,DET
dev-s284,66,sancti,sanctus,ADJ
dev-s284,67,Martini,Martinus,PROPN
dev-s284,68,;,;,PUNCT
dev-s285,1,nisi,nisi,CCONJ
dev-s285,2,tantum,tantum,ADV
dev-s285,3,pro,pro,ADP
dev-s285,4,omni,omnis,DET
dev-s285,5,censum,census,NOUN
dev-s285,6,et,et,CCONJ
dev-s285,7,iustitia,iustitia,NOUN
dev-s285,8,exinde,exinde,ADV
dev-s285,9,tibi,tu,PRON
dev-s285,10,",",",",PUNCT
dev-s285,11,vel,uel,CCONJ
dev-s285,12,ad,ad,ADP
dev-s285,13,subcessoribus,successor,NOUN
dev-s285,14,tuis,tuus,DET
dev-s285,15,ad,ad,ADP
dev-s285,16,parte,pars,NOUN
dev-s285,17,ipsius,ipse,DET
dev-s285,18,ecclesie,ecclesia,NOUN
dev-s285,19,sancti,sanctus,ADJ
dev-s285,20,Silvester,Syluester,PROPN
dev-s285,21,",",",",PUNCT
dev-s285,22,per,per,ADP
dev-s285,23,singulos,singulus,ADJ
dev-s285,24,annos,annus,NOUN
dev-s285,25,in,in,ADP
dev-s285,26,mense,mensis,NOUN
dev-s285,27,magio,maius,ADJ
dev-s285,28,vobis,uos,PRON
dev-s285,29,",",",",PUNCT
dev-s285,30,vel,uel,CCONJ
dev-s285,31,ad,ad,ADP
dev-s285,32,ministeriales,ministerialis,NOUN
dev-s285,33,vestro,uester,DET
dev-s285,34,quas,qui,PRON
dev-s285,35,ibi,ubi,ADV
dev-s285,36,pre,prae,ADP
dev-s285,37,tempore,tempus,NOUN
dev-s285,38,fuerit,sum,AUX
dev-s285,39,",",",",PUNCT
dev-s285,40,reddere,reddo,VERB
dev-s285,41,debeamus,debeo,VERB
dev-s285,42,argentum,argentum,NOUN
dev-s285,43,denarios,denarius,NOUN
dev-s285,44,quinquaginta,quinquaginta,NUM
dev-s285,45,boni,bonus,ADJ
dev-s285,46,expendivilis,expendibilis,ADJ
dev-s285,47,tantum,tantum,ADV
dev-s285,48,.,.,PUNCT
dev-s286,1,et,et,CCONJ
dev-s286,2,si,si,SCONJ
dev-s286,3,nos,nos,PRON
dev-s286,4,vobis,uos,PRON
dev-s286,5,taliter,taliter,ADV
dev-s286,6,non,non,PART
dev-s286,7,adimpleverimus,adimpleo,VERB
dev-s286,8,sicut,sicut,SCONJ
dev-s286,9,supra,supra,ADV
dev-s286,10,legitur,lego,VERB
dev-s286,11,",",",",PUNCT
dev-s286,12,aut,aut,CCONJ
dev-s286,13,suprascripto,suprascriptus,DET
dev-s286,14,casalino,casalinus,NOUN
dev-s286,15,et,et,CCONJ
dev-s286,16,res,res,NOUN
dev-s286,17,relassaverimus,relaxo,VERB
dev-s286,18,vel,uel,CCONJ
dev-s286,19,si,si,SCONJ
dev-s286,20,aput,apud,ADP
dev-s286,21,nos,nos,PRON
dev-s286,22,pegiorata,peioro,VERB
dev-s286,23,fuerit,sum,AUX
dev-s286,24,",",",",PUNCT
dev-s286,25,spondeo,spondeo,VERB
dev-s286,26,ego,ego,PRON
dev-s286,27,qui,qui,DET
dev-s286,28,supra,supra,ADV
dev-s286,29,Vuinipaldo,Winipaldus,PROPN
dev-s286,30,",",",",PUNCT
dev-s286,31,una,una,ADV
dev-s286,32,cum,cum,ADP
dev-s286,33,suprascripto,suprascriptus,DET
dev-s286,34,Gheripaldo,Gheiripaldus,PROPN
dev-s286,35,et,et,CCONJ
dev-s286,36,Ildipaldo,Ildipaldus,PROPN
dev-s286,37,germani,germanus,NOUN
dev-s286,38,filii,filius,NOUN
dev-s286,39,mei,meus,DET
dev-s286,40,",",",",PUNCT
dev-s286,41,vel,uel,CCONJ
dev-s286,42,et,et,CCONJ
dev-s286,43,de,de,ADP
dev-s286,44,eorum,is,PRON
dev-s286,45,heredes,heres,NOUN
dev-s286,46,",",",",PUNCT
dev-s286,47,conponere,compono,VERB
dev-s286,48,tibi,tu,PRON
dev-s286,49,qui,qui,DET
dev-s286,50,supra,supra,ADV
dev-s286,51,Gherardus,Gherardus,PROPN
dev-s286,52,episcopus,episcopus,NOUN
dev-s286,53,",",",",PUNCT
dev-s286,54,vel,uel,CCONJ
dev-s286,55,ad,ad,ADP
dev-s286,56,subcessoribus,successor,NOUN
dev-s286,57,tuis,tuus,DET
dev-s286,58,",",",",PUNCT
dev-s286,59,penam,poena,NOUN
dev-s286,60,",",",",PUNCT
dev-s286,61,argentum,argentum,NOUN
dev-s286,62,soledos,solidus,NOUN
dev-s286,63,triginta,triginta,NUM
dev-s286,64,",",",",PUNCT
dev-s286,65,quia,quia,SCONJ
dev-s286,66,taliter,taliter,ADV
dev-s286,67,inter,inter,ADP
dev-s286,68,nos,nos,PRON
dev-s286,69,convenit,conuenio,VERB
dev-s286,70,et,et,CCONJ
dev-s286,71,duas,duo,NUM
dev-s286,72,cartulas,chartula,NOUN
dev-s286,73,Lopo,lupus,PROPN
dev-s286,74,notarium,notarius,NOUN
dev-s286,75,scribere,scribo,VERB
dev-s286,76,rogavimus,rogo,VERB
dev-s286,77,.,.,PUNCT
dev-s287,1,actum,ago,VERB
dev-s287,2,Luca,Luca,PROPN
dev-s287,3,.,.,PUNCT
dev-s288,1,signum,signum,NOUN
dev-s288,2,+,+,PUNCT
dev-s288,3,manus,manus,NOUN
dev-s288,4,Vuinipaldi,Winipaldus,PROPN
dev-s288,5,qui,qui,PRON
dev-s288,6,hunc,hic,DET
dev-s288,7,libello,libellus,NOUN
dev-s288,8,fieri,fio,VERB
dev-s288,9,rogavit,rogo,VERB
dev-s288,10,.,.,PUNCT
dev-s289,1,ego,ego,PRON
dev-s289,2,Leo,Leo,PROPN
dev-s289,3,notarius,notarius,NOUN
dev-s289,4,",",",",PUNCT
dev-s289,5,rogatus,rogo,VERB
dev-s289,6,a,ab,ADP
dev-s289,7,Vuinipaldo,Winipaldus,PROPN
dev-s289,8,",",",",PUNCT
dev-s289,9,me,ego,PRON
dev-s289,10,teste,testis,NOUN
dev-s289,11,subscripsi,subscribo,VERB
dev-s289,12,.,.,PUNCT
dev-s290,1,+,+,PUNCT
dev-s290,2,Ego,ego,PRON
dev-s290,3,Eriteo,Eriteus,PROPN
dev-s290,4,schabinus,scabinus,NOUN
dev-s290,5,subscripsi,subscribo,VERB
dev-s290,6,.,.,PUNCT
dev-s291,1,+,+,PUNCT
dev-s291,2,Ego,ego,PRON
dev-s291,3,Baldipertus,Baldipertus,PROPN
dev-s291,4,",",",",PUNCT
dev-s291,5,rogatus,rogo,VERB
dev-s291,6,a,ab,ADP
dev-s291,7,Vuinipaldo,Winipaldus,PROPN
dev-s291,8,",",",",PUNCT
dev-s291,9,me,ego,PRON
dev-s291,10,teste,testis,NOUN
dev-s291,11,subscripsi,subscribo,VERB
dev-s291,12,.,.,PUNCT
dev-s292,1,signum,signum,NOUN
dev-s292,2,+,+,PUNCT
dev-s292,3,manus,manus,NOUN
dev-s292,4,Ebruardi,Ebruardus,PROPN
dev-s292,5,",",",",PUNCT
dev-s292,6,filio,filius,NOUN
dev-s292,7,quondam,quondam,ADJ
dev-s292,8,Ansimi,Ansimus,PROPN
dev-s292,9,",",",",PUNCT
dev-s292,10,testis,testis,NOUN
dev-s292,11,.,.,PUNCT
dev-s293,1,+,+,PUNCT
dev-s293,2,Ego,ego,PRON
dev-s293,3,Daiprando,Daiprandus,PROPN
dev-s293,4,",",",",PUNCT
dev-s293,5,rogatus,rogo,VERB
dev-s293,6,a,ab,ADP
dev-s293,7,Vuinipaldo,Winipaldus,PROPN
dev-s293,8,",",",",PUNCT
dev-s293,9,me,ego,PRON
dev-s293,10,teste,testis,NOUN
dev-s293,11,subscripsi,subscribo,VERB
dev-s293,12,.,.,PUNCT
dev-s294,1,+,+,PUNCT
dev-s294,2,Ego,ego,PRON
dev-s294,3,Lopo,lupus,PROPN
dev-s294,4,notarius,notarius,NOUN
dev-s294,5,post,post,ADP
dev-s294,6,traditam,trado,VERB
dev-s294,7,conplevi,compleo,VERB
dev-s294,8,et,et,CCONJ
dev-s294,9,dedi,do,VERB
dev-s294,10,.,.,PUNCT
dev-s295,1,+,+,PUNCT
dev-s295,2,In,in,ADP
dev-s295,3,Dei,Deus,PROPN
dev-s295,4,omnipotentis,omnipotens,ADJ
dev-s295,5,nomine,nomen,NOUN
dev-s295,6,regnante,regno,VERB
dev-s295,7,domno,domnus,NOUN
dev-s295,8,nostro,noster,DET
dev-s295,9,Karolus,Carolus,PROPN
dev-s295,10,divina,diuinus,ADJ
dev-s295,11,faventem,faueo,VERB
dev-s295,12,clementia,clementia,NOUN
dev-s295,13,imperatore,imperator,NOUN
dev-s295,14,augusto,augustus,NOUN
dev-s295,15,",",",",PUNCT
dev-s295,16,anno,annus,NOUN
dev-s295,17,imperii,imperium,NOUN
dev-s295,18,eius,is,PRON
dev-s295,19,tertio,tertius,ADJ
dev-s295,20,",",",",PUNCT
dev-s295,21,quintum,quintus,ADJ
dev-s295,22,nonas,nonae,NOUN
dev-s295,23,martii,Martius,PROPN
dev-s295,24,",",",",PUNCT
dev-s295,25,indictione,indictio,NOUN
dev-s295,26,prima,primus,ADJ
dev-s295,27,.,.,PUNCT
dev-s296,1,manifestu,manifestus,ADJ
dev-s296,2,sum,sum,AUX
dev-s296,3,ego,ego,PRON
dev-s296,4,Eriteo,Eriteus,PROPN
dev-s296,5,schabino,scabinus,NOUN
dev-s296,6,",",",",PUNCT
dev-s296,7,filio,filius,NOUN
dev-s296,8,bone,bonus,ADJ
dev-s296,9,memorie,memoria,NOUN
dev-s296,10,Ermitei,Ermiteus,PROPN
dev-s296,11,",",",",PUNCT
dev-s296,12,quia,quia,SCONJ
dev-s296,13,convenit,conuenio,VERB
dev-s296,14,mihi,ego,PRON
dev-s296,15,una,una,ADV
dev-s296,16,tecum,tecum,NOUN
dev-s296,17,Gherardus,Gherardus,PROPN
dev-s296,18,",",",",PUNCT
dev-s296,19,gratia,gratia,NOUN
dev-s296,20,Dei,Deus,PROPN
dev-s296,21,huius,hic,DET
dev-s296,22,sancte,sanctus,ADJ
dev-s296,23,Lucanem,lucanus,ADJ
dev-s296,24,ecclesie,ecclesia,NOUN
dev-s296,25,humilis,humilis,ADJ
dev-s296,26,episcopus,episcopus,NOUN
dev-s296,27,",",",",PUNCT
dev-s296,28,ud,ut,SCONJ
dev-s296,29,inter,inter,ADP
dev-s296,30,nos,nos,PRON
dev-s296,31,de,de,ADP
dev-s296,32,aliquantis,aliquantus,DET
dev-s296,33,casis,casa,NOUN
dev-s296,34,et,et,CCONJ
dev-s296,35,rebus,res,NOUN
dev-s296,36,comutationem,commutatio,NOUN
dev-s296,37,facere,facio,VERB
dev-s296,38,deberemus,debeo,VERB
dev-s296,39,sicut,sicut,SCONJ
dev-s296,40,et,et,CCONJ
dev-s296,41,factum,facio,VERB
dev-s296,42,est,sum,AUX
dev-s296,43,;,;,PUNCT
dev-s297,1,proinde,proinde,ADV
dev-s297,2,ego,ego,PRON
dev-s297,3,qui,qui,DET
dev-s297,4,supra,supra,ADV
dev-s297,5,Eriteo,Eriteus,PROPN
dev-s297,6,schabino,scabinus,NOUN
dev-s297,7,per,per,ADP
dev-s297,8,hanc,hic,DET
dev-s297,9,cartula,chartula,NOUN
dev-s297,10,in,in,ADP
dev-s297,11,comutationem,commutatio,NOUN
dev-s297,12,dare,do,VERB
dev-s297,13,et,et,CCONJ
dev-s297,14,tradere,trado,VERB
dev-s297,15,videor,uideo,VERB
dev-s297,16,tibi,tu,PRON
dev-s297,17,qui,qui,DET
dev-s297,18,supra,supra,ADV
dev-s297,19,Gherardus,Gherardus,PROPN
dev-s297,20,episcopus,episcopus,NOUN
dev-s297,21,ad,ad,ADP
dev-s297,22,parte,pars,NOUN
dev-s297,23,ecclesie,ecclesia,NOUN
dev-s297,24,vestre,uester,DET
dev-s297,25,sancti,sanctus,ADJ
dev-s297,26,Fridiani,Fridianus,PROPN
dev-s297,27,",",",",PUNCT
dev-s297,28,quod,qui,PRON
dev-s297,29,est,sum,AUX
dev-s297,30,plebem,plebs,NOUN
dev-s297,31,baptismales,baptismalis,ADJ
dev-s297,32,sitas,sino,VERB
dev-s297,33,Lunatam,Lunata,PROPN
dev-s297,34,",",",",PUNCT
dev-s297,35,quod,qui,PRON
dev-s297,36,est,sum,AUX
dev-s297,37,desup,desub,ADP
dev-s297,38,potestatem,potestas,NOUN
dev-s297,39,ipsius,ipse,DET
dev-s297,40,episcopatui,episcopatus,NOUN
dev-s297,41,vestro,uester,DET
dev-s297,42,sancti,sanctus,ADJ
dev-s297,43,Martini,Martinus,PROPN
dev-s297,44,",",",",PUNCT
dev-s297,45,id,is,PRON
dev-s297,46,est,sum,AUX
dev-s297,47,duo,duo,NUM
dev-s297,48,casis,casa,NOUN
dev-s297,49,et,et,CCONJ
dev-s297,50,rebus,res,NOUN
dev-s297,51,meis,meus,DET
dev-s297,52,illis,ille,DET
dev-s297,53,massariciis,massaricius,ADJ
dev-s297,54,",",",",PUNCT
dev-s297,55,qui,qui,DET
dev-s297,56,una,unus,DET
dev-s297,57,ex,ex,ADP
dev-s297,58,ipse,ipse,DET
dev-s297,59,esse,sum,AUX
dev-s297,60,videtur,uideo,VERB
dev-s297,61,in,in,ADP
dev-s297,62,loco,locus,NOUN
dev-s297,63,Sesantula,Sexantula,PROPN
dev-s297,64,",",",",PUNCT
dev-s297,65,qui,qui,PRON
dev-s297,66,regitur,rego,VERB
dev-s297,67,per,per,ADP
dev-s297,68,Adalpertulo,Adalpertulus,PROPN
dev-s297,69,massario,massarius,NOUN
dev-s297,70,",",",",PUNCT
dev-s297,71,et,et,CCONJ
dev-s297,72,ille,ille,DET
dev-s297,73,alia,alius,DET
dev-s297,74,casa,casa,NOUN
dev-s297,75,et,et,CCONJ
dev-s297,76,res,res,NOUN
dev-s297,77,prope,prope,ADP
dev-s297,78,suprascripto,suprascriptus,DET
dev-s297,79,loco,locus,NOUN
dev-s297,80,Sesantula,Sexantula,PROPN
dev-s297,81,",",",",PUNCT
dev-s297,82,ubi,ubi,ADV
dev-s297,83,dicitur,dico,VERB
dev-s297,84,Vintignatica,Vintiniatica,PROPN
dev-s297,85,",",",",PUNCT
dev-s297,86,ubi,ubi,ADV
dev-s297,87,reside,resideo,VERB
dev-s297,88,Aggulo,Aggulus,PROPN
dev-s297,89,massario,massarius,NOUN
dev-s297,90,;,;,PUNCT
dev-s298,1,et,et,CCONJ
dev-s298,2,pro,pro,ADP
dev-s298,3,suprascripte,suprascriptus,DET
dev-s298,4,duo,duo,NUM
dev-s298,5,casis,casa,NOUN
dev-s298,6,et,et,CCONJ
dev-s298,7,rebus,res,NOUN
dev-s298,8,quas,qui,PRON
dev-s298,9,tibi,tu,PRON
dev-s298,10,in,in,ADP
dev-s298,11,comutationem,commutatio,NOUN
dev-s298,12,dedi,do,VERB
dev-s298,13,",",",",PUNCT
dev-s298,14,recepi,recipio,VERB
dev-s298,15,ad,ab,ADP
dev-s298,16,te,tu,PRON
dev-s298,17,in,in,ADP
dev-s298,18,comutationem,commutatio,NOUN
dev-s298,19,de,de,ADP
dev-s298,20,parte,pars,NOUN
dev-s298,21,suprascripte,suprascriptus,DET
dev-s298,22,ecclesie,ecclesia,NOUN
dev-s298,23,vestre,uester,DET
dev-s298,24,Fridiani,Fridianus,PROPN
dev-s298,25,quod,qui,PRON
dev-s298,26,est,sum,AUX
dev-s298,27,plebem,plebs,NOUN
dev-s298,28,baptismales,baptismalis,ADJ
dev-s298,29,",",",",PUNCT
dev-s298,30,id,is,PRON
dev-s298,31,est,sum,AUX
dev-s298,32,casa,casa,NOUN
dev-s298,33,et,et,CCONJ
dev-s298,34,res,res,NOUN
dev-s298,35,illa,ille,DET
dev-s298,36,massaricias,massaricius,NOUN
dev-s298,37,in,in,ADP
dev-s298,38,loco,locus,NOUN
dev-s298,39,Pisscia,Piscia,PROPN
dev-s298,40,Minore,paruus,ADJ
dev-s298,41,",",",",PUNCT
dev-s298,42,ubi,ubi,ADV
dev-s298,43,dicitur,dico,VERB
dev-s298,44,ad,ad,ADP
dev-s298,45,Colle,Collis,PROPN
dev-s298,46,Muntuli,Montulus,PROPN
dev-s298,47,",",",",PUNCT
dev-s298,48,qui,qui,PRON
dev-s298,49,regitur,rego,VERB
dev-s298,50,per,per,ADP
dev-s298,51,Gumfridulo,Gumfridulus,PROPN
dev-s298,52,massario,massarius,NOUN
dev-s298,53,",",",",PUNCT
dev-s298,54,pertenentes,pertineo,VERB
dev-s298,55,suprascripte,suprascriptus,DET
dev-s298,56,ecclesie,ecclesia,NOUN
dev-s298,57,vestre,uester,DET
dev-s298,58,sancti,sanctus,ADJ
dev-s298,59,Fridiani,Fridianus,PROPN
dev-s298,60,",",",",PUNCT
dev-s298,61,casa,casa,NOUN
dev-s298,62,vero,uero,ADV
dev-s298,63,ipsa,ipse,DET
dev-s298,64,cun,cum,ADP
dev-s298,65,fundamento,fundamentum,NOUN
dev-s298,66,et,et,CCONJ
dev-s298,67,edeficio,aedificium,NOUN
dev-s298,68,suo,suus,DET
dev-s298,69,",",",",PUNCT
dev-s298,70,seo,seu,CCONJ
dev-s298,71,curte,curtis,NOUN
dev-s298,72,",",",",PUNCT
dev-s298,73,orto,hortus,NOUN
dev-s298,74,",",",",PUNCT
dev-s298,75,terris,terra,NOUN
dev-s298,76,",",",",PUNCT
dev-s298,77,olivis,oliua,NOUN
dev-s298,78,",",",",PUNCT
dev-s298,79,vineis,uinea,NOUN
dev-s298,80,quod,qui,PRON
dev-s298,81,est,sum,AUX
dev-s298,82,per,per,ADP
dev-s298,83,mensura,mensura,NOUN
dev-s298,84,ad,ad,ADP
dev-s298,85,iusta,iustus,ADJ
dev-s298,86,pertica,pertica,NOUN
dev-s298,87,mensurata,mensuro,VERB
dev-s298,88,modiorum,modius,NOUN
dev-s298,89,quinque,quinque,NUM
dev-s298,90,quas,qui,PRON
dev-s298,91,ad,ab,ADP
dev-s298,92,te,tu,PRON
dev-s298,93,",",",",PUNCT
dev-s298,94,eas,is,PRON
dev-s298,95,in,in,ADP
dev-s298,96,comutationem,commutatio,NOUN
dev-s298,97,recepi,recipio,VERB
dev-s298,98,",",",",PUNCT
dev-s298,99,una,una,ADV
dev-s298,100,cum,cum,ADP
dev-s298,101,aliis,alius,DET
dev-s298,102,terris,terra,NOUN
dev-s298,103,et,et,CCONJ
dev-s298,104,silvis,silua,NOUN
dev-s298,105,",",",",PUNCT
dev-s298,106,sive,siue,CCONJ
dev-s298,107,sterpeta,stirpetum,NOUN
dev-s298,108,que,qui,PRON
dev-s298,109,ad,ad,ADP
dev-s298,110,ipsa,ipse,DET
dev-s298,111,casa,casa,NOUN
dev-s298,112,sunt,sum,AUX
dev-s298,113,pertenentes,pertineo,VERB
dev-s298,114,;,;,PUNCT
dev-s299,1,omnia,omnis,DET
dev-s299,2,qualiter,qualiter,SCONJ
dev-s299,3,suprascripto,suprascriptus,DET
dev-s299,4,Gumfridulo,Gumfridulus,PROPN
dev-s299,5,eas,is,PRON
dev-s299,6,ad,ad,ADP
dev-s299,7,manus,manus,NOUN
dev-s299,8,suas,suus,DET
dev-s299,9,abere,habeo,VERB
dev-s299,10,videtur,uideo,VERB
dev-s299,11,",",",",PUNCT
dev-s299,12,ad,ab,ADP
dev-s299,13,te,tu,PRON
dev-s299,14,eas,is,PRON
dev-s299,15,in,in,ADP
dev-s299,16,comutationem,commutatio,NOUN
dev-s299,17,recepi,recipio,VERB
dev-s299,18,in,in,ADP
dev-s299,19,integrum,integer,ADJ
dev-s299,20,.,.,PUNCT
dev-s300,1,ubi,ubi,ADV
dev-s300,2,et,et,CCONJ
dev-s300,3,super,super,ADP
dev-s300,4,hanc,hic,DET
dev-s300,5,comutationem,commutatio,NOUN
dev-s300,6,secundum,secundum,ADP
dev-s300,7,legem,lex,NOUN
dev-s300,8,tu,tu,PRON
dev-s300,9,qui,qui,DET
dev-s300,10,supra,supra,ADV
dev-s300,11,Gherardus,Gherardus,PROPN
dev-s300,12,episcopus,episcopus,NOUN
dev-s300,13,diresisti,dirigo,VERB
dev-s300,14,missos,missus,NOUN
dev-s300,15,vestros,uester,DET
dev-s300,16,",",",",PUNCT
dev-s300,17,id,is,PRON
dev-s300,18,est,sum,AUX
dev-s300,19,Teupaldo,Teutpaldus,PROPN
dev-s300,20,et,et,CCONJ
dev-s300,21,Teutperto,Teutpertus,PROPN
dev-s300,22,seo,seu,CCONJ
dev-s300,23,Petrus,Petrus,PROPN
dev-s300,24,",",",",PUNCT
dev-s300,25,et,et,CCONJ
dev-s300,26,Adalbertus,Adalpertus,PROPN
dev-s300,27,comes,comes,NOUN
dev-s300,28,direxit,dirigo,VERB
dev-s300,29,missos,missus,NOUN
dev-s300,30,suos,suus,DET
dev-s300,31,id,is,PRON
dev-s300,32,est,sum,AUX
dev-s300,33,Adalfridi,Adalfridus,PROPN
dev-s300,34,schabino,scabinus,NOUN
dev-s300,35,et,et,CCONJ
dev-s300,36,Aliprando,Alprandus,PROPN
dev-s300,37,",",",",PUNCT
dev-s300,38,seo,seu,CCONJ
dev-s300,39,Richimundo,Richimundus,PROPN
dev-s300,40,de,de,ADP
dev-s300,41,Vuamo,Wamum,PROPN
dev-s300,42,",",",",PUNCT
dev-s300,43,qui,qui,PRON
dev-s300,44,ambulaverunt,ambulo,VERB
dev-s300,45,una,una,ADV
dev-s300,46,cum,cum,ADP
dev-s300,47,alios,alius,DET
dev-s300,48,bonos,bonus,ADJ
dev-s300,49,et,et,CCONJ
dev-s300,50,credentes,credo,VERB
dev-s300,51,homines,homo,NOUN
dev-s300,52,et,et,CCONJ
dev-s300,53,previderunt,praeuideo,VERB
dev-s300,54,adque,atque,CCONJ
dev-s300,55,renuntiaverunt,renuntio,VERB
dev-s300,56,vobis,uos,PRON
dev-s300,57,qualiter,qualiter,SCONJ
dev-s300,58,meliorata,melioro,VERB
dev-s300,59,comutationem,commutatio,NOUN
dev-s300,60,dedi,do,VERB
dev-s300,61,ad,ad,ADP
dev-s300,62,parte,pars,NOUN
dev-s300,63,suprascripte,suprascriptus,DET
dev-s300,64,ecclesie,ecclesia,NOUN
dev-s300,65,vestre,uester,DET
dev-s300,66,quam,quam,SCONJ
dev-s300,67,recipisset,recipio,VERB
dev-s300,68,",",",",PUNCT
dev-s300,69,ut,ut,SCONJ
dev-s300,70,magis,magis,ADV
dev-s300,71,omni,omnis,DET
dev-s300,72,tempore,tempus,NOUN
dev-s300,73,hanc,hic,DET
dev-s300,74,comutatio,commutatio,NOUN
dev-s300,75,stabilem,stabilis,ADJ
dev-s300,76,permaneat,permaneo,VERB
dev-s300,77,.,.,PUNCT
dev-s301,1,unde,unde,ADV
dev-s301,2,repromitto,repromitto,VERB
dev-s301,3,ego,ego,PRON
dev-s301,4,qui,qui,DET
dev-s301,5,supra,supra,ADV
dev-s301,6,Eriteo,Eriteus,PROPN
dev-s301,7,schabino,scabinus,NOUN
dev-s301,8,",",",",PUNCT
dev-s301,9,una,una,ADV
dev-s301,10,cum,cum,ADP
dev-s301,11,meis,meus,DET
dev-s301,12,heredes,heres,NOUN
dev-s301,13,",",",",PUNCT
dev-s301,14,tibi,tu,PRON
dev-s301,15,qui,qui,DET
dev-s301,16,supra,supra,ADV
dev-s301,17,Gherardus,Gherardus,PROPN
dev-s301,18,episcopus,episcopus,NOUN
dev-s301,19,",",",",PUNCT
dev-s301,20,vel,uel,CCONJ
dev-s301,21,ad,ad,ADP
dev-s301,22,subcessoribus,successor,NOUN
dev-s301,23,tuis,tuus,DET
dev-s301,24,aut,aut,CCONJ
dev-s301,25,eidem,idem,DET
dev-s301,26,homini,homo,NOUN
dev-s301,27,cui,qui,PRON
dev-s301,28,vos,uos,PRON
dev-s301,29,suprascriptis,suprascriptus,DET
dev-s301,30,duo,duo,NUM
dev-s301,31,casis,casa,NOUN
dev-s301,32,et,et,CCONJ
dev-s301,33,rebus,res,NOUN
dev-s301,34,quas,qui,PRON
dev-s301,35,tibi,tu,PRON
dev-s301,36,in,in,ADP
dev-s301,37,comutationem,commutatio,NOUN
dev-s301,38,dedi,do,VERB
dev-s301,39,dederitis,do,VERB
dev-s301,40,vel,uel,CCONJ
dev-s301,41,abere,habeo,VERB
dev-s301,42,decreveritis,decerno,VERB
dev-s301,43,",",",",PUNCT
dev-s301,44,ut,ut,SCONJ
dev-s301,45,si,si,SCONJ
dev-s301,46,nos,nos,PRON
dev-s301,47,vobis,uos,PRON
dev-s301,48,in,in,ADP
dev-s301,49,aliquod,aliqui,DET
dev-s301,50,exinde,exinde,ADV
dev-s301,51,intentionaverimus,intentiono,VERB
dev-s301,52,aut,aut,CCONJ
dev-s301,53,retolli,retollo,VERB
dev-s301,54,vel,uel,CCONJ
dev-s301,55,suptragi,subtraho,VERB
dev-s301,56,quesierimus,quaero,VERB
dev-s301,57,per,per,ADP
dev-s301,58,quolibet,quilibet,DET
dev-s301,59,ingenio,ingenium,NOUN
dev-s301,60,et,et,CCONJ
dev-s301,61,si,si,SCONJ
dev-s301,62,nos,nos,PRON
dev-s301,63,exinde,exinde,ADV
dev-s301,64,autores,auctor,NOUN
dev-s301,65,dare,do,VERB
dev-s301,66,volueritis,uolo,VERB
dev-s301,67,vobis,uos,PRON
dev-s301,68,eas,is,PRON
dev-s301,69,ab,ab,ADP
dev-s301,70,omni,omnis,DET
dev-s301,71,homines,homo,NOUN
dev-s301,72,defendere,defendo,VERB
dev-s301,73,non,non,PART
dev-s301,74,potuerimus,possum,VERB
dev-s301,75,",",",",PUNCT
dev-s301,76,spondimus,spondeo,VERB
dev-s301,77,nos,nos,PRON
dev-s301,78,vobis,uos,PRON
dev-s301,79,conponere,compono,VERB
dev-s301,80,suprascripte,suprascriptus,DET
dev-s301,81,duo,duo,NUM
dev-s301,82,case,casa,NOUN
dev-s301,83,et,et,CCONJ
dev-s301,84,rebus,res,NOUN
dev-s301,85,quas,qui,PRON
dev-s301,86,tibi,tu,PRON
dev-s301,87,in,in,ADP
dev-s301,88,comutationem,commutatio,NOUN
dev-s301,89,dedi,do,VERB
dev-s301,90,in,in,ADP
dev-s301,91,duplum,duplus,ADJ
dev-s301,92,in,in,ADP
dev-s301,93,ferquidem,ferquidis,ADJ
dev-s301,94,loco,locus,NOUN
dev-s301,95,sub,sub,ADP
dev-s301,96,estimatione,aestimatio,NOUN
dev-s301,97,quales,qualis,DET
dev-s301,98,tunc,tunc,ADV
dev-s301,99,fuerint,sum,AUX
dev-s301,100,;,;,PUNCT
dev-s302,1,actum,ago,VERB
dev-s302,2,Luca,Luca,PROPN
dev-s302,3,.,.,PUNCT
dev-s303,1,+,+,PUNCT
dev-s303,2,Ego,ego,PRON
dev-s303,3,Eriteo,Eriteus,PROPN
dev-s303,4,schabinus,scabinus,NOUN
dev-s303,5,in,in,ADP
dev-s303,6,anc,hic,DET
dev-s303,7,comotatione,commutatio,NOUN
dev-s303,8,a,ab,ADP
dev-s303,9,me,ego,PRON
dev-s303,10,facta,facio,VERB
dev-s303,11,mano,manus,NOUN
dev-s303,12,mea,meus,DET
dev-s303,13,subscripsi,subscribo,VERB
dev-s303,14,.,.,PUNCT
dev-s304,1,+,+,PUNCT
dev-s304,2,Ego,ego,PRON
dev-s304,3,Roffridi,Rodfridus,PROPN
dev-s304,4,notarius,notarius,NOUN
dev-s304,5,et,et,CCONJ
dev-s304,6,schabinus,scabinus,NOUN
dev-s304,7,subscripsi,subscribo,VERB
dev-s304,8,.,.,PUNCT
dev-s305,1,+,+,PUNCT
dev-s305,2,Ego,ego,PRON
dev-s305,3,Teopaldo,Teutpaldus,PROPN
dev-s305,4,",",",",PUNCT
dev-s305,5,sicut,sicut,SCONJ
dev-s305,6,de,de,ADP
dev-s305,7,me,ego,PRON
dev-s305,8,supra,supra,ADV
dev-s305,9,legitur,lego,VERB
dev-s305,10,",",",",PUNCT
dev-s305,11,missus,missus,NOUN
dev-s305,12,fui,sum,AUX
dev-s305,13,.,.,PUNCT
dev-s306,1,+,+,PUNCT
dev-s306,2,Ego,ego,PRON
dev-s306,3,Adelmo,Adolmus,PROPN
dev-s306,4,clericus,clericus,NOUN
dev-s306,5,interfui,intersum,VERB
dev-s306,6,.,.,PUNCT
dev-s307,1,+,+,PUNCT
dev-s307,2,Ego,ego,PRON
dev-s307,3,Teupertus,Teutpertus,PROPN
dev-s307,4,sicut,sicut,SCONJ
dev-s307,5,de,de,ADP
dev-s307,6,me,ego,PRON
dev-s307,7,supra,supra,ADV
dev-s307,8,legitur,lego,VERB
dev-s307,9,missus,missus,NOUN
dev-s307,10,fui,sum,AUX
dev-s307,11,.,.,PUNCT
dev-s308,1,signum,signum,NOUN
dev-s308,2,+,+,PUNCT
dev-s308,3,manus,manus,NOUN
dev-s308,4,Ermifridi,Ermifridus,PROPN
dev-s308,5,",",",",PUNCT
dev-s308,6,filio,filius,NOUN
dev-s308,7,quondam,quondam,ADJ
dev-s308,8,Gumfridi,Gumfridus,PROPN
dev-s308,9,",",",",PUNCT
dev-s308,10,interfuit,intersum,VERB
dev-s308,11,.,.,PUNCT
dev-s309,1,+,+,PUNCT
dev-s309,2,Ego,ego,PRON
dev-s309,3,Petrus,Petrus,PROPN
dev-s309,4,[--],_,X
dev-s309,5,missus,missus,NOUN
dev-s309,6,fui,sum,AUX
dev-s309,7,.,.,PUNCT
dev-s310,1,+,+,PUNCT
dev-s310,2,Ego,ego,PRON
dev-s310,3,Adalfridi,Adalfridus,PROPN
dev-s310,4,schabinus,scabinus,NOUN
dev-s310,5,",",",",PUNCT
dev-s310,6,sicut,sicut,SCONJ
dev-s310,7,supra,supra,ADV
dev-s310,8,legitur,lego,VERB
dev-s310,9,",",",",PUNCT
dev-s310,10,missus,missus,NOUN
dev-s310,11,fui,sum,AUX
dev-s310,12,.,.,PUNCT
dev-s311,1,signum,signum,NOUN
dev-s311,2,+,+,PUNCT
dev-s311,3,manus,manus,NOUN
dev-s311,4,Atrifusi,Atrifusus,PROPN
dev-s311,5,",",",",PUNCT
dev-s311,6,filio,filius,NOUN
dev-s311,7,quondam,quondam,ADJ
dev-s311,8,Teuperti,Teutpertus,PROPN
dev-s311,9,",",",",PUNCT
dev-s311,10,interfuit,intersum,VERB
dev-s311,11,.,.,PUNCT
dev-s312,1,+,+,PUNCT
dev-s312,2,Ego,ego,PRON
dev-s312,3,Aliprandu,Alprandus,PROPN
dev-s312,4,",",",",PUNCT
dev-s312,5,sicut,sicut,SCONJ
dev-s312,6,de,de,ADP
dev-s312,7,me,ego,PRON
dev-s312,8,supra,supra,ADV
dev-s312,9,legitur,lego,VERB
dev-s312,10,",",",",PUNCT
dev-s312,11,missus,missus,NOUN
dev-s312,12,fui,sum,AUX
dev-s312,13,.,.,PUNCT
dev-s313,1,+,+,PUNCT
dev-s313,2,Ego,ego,PRON
dev-s313,3,Richimundo,Richimundus,PROPN
dev-s313,4,",",",",PUNCT
dev-s313,5,sicut,sicut,SCONJ
dev-s313,6,de,de,ADP
dev-s313,7,me,ego,PRON
dev-s313,8,supra,supra,ADV
dev-s313,9,legitur,lego,VERB
dev-s313,10,",",",",PUNCT
dev-s313,11,missus,missus,NOUN
dev-s313,12,fui,sum,AUX
dev-s313,13,.,.,PUNCT
dev-s314,1,+,+,PUNCT
dev-s314,2,Ego,ego,PRON
dev-s314,3,Leo,Leo,PROPN
dev-s314,4,",",",",PUNCT
dev-s314,5,rogatus,rogo,VERB
dev-s314,6,ab,ab,ADP
dev-s314,7,Eriteo,Eriteus,PROPN
dev-s314,8,schabino,scabinus,NOUN
dev-s314,9,",",",",PUNCT
dev-s314,10,me,ego,PRON
dev-s314,11,teste,testis,NOUN
dev-s314,12,subscripsi,subscribo,VERB
dev-s314,13,.,.,PUNCT
dev-s315,1,+,+,PUNCT
dev-s315,2,Ego,ego,PRON
dev-s315,3,Liutifridi,Liutfridus,PROPN
dev-s315,4,",",",",PUNCT
dev-s315,5,rogatus,rogo,VERB
dev-s315,6,ab,ab,ADP
dev-s315,7,Eriteo,Eriteus,PROPN
dev-s315,8,schabino,scabinus,NOUN
dev-s315,9,",",",",PUNCT
dev-s315,10,me,ego,PRON
dev-s315,11,teste,testis,NOUN
dev-s315,12,subscripsi,subscribo,VERB
dev-s315,13,.,.,PUNCT
dev-s316,1,+,+,PUNCT
dev-s316,2,Ego,ego,PRON
dev-s316,3,Benedicto,Benedictus,PROPN
dev-s316,4,",",",",PUNCT
dev-s316,5,rogatus,rogo,VERB
dev-s316,6,ab,ab,ADP
dev-s316,7,Eriteo,Eriteus,PROPN
dev-s316,8,schabino,scabinus,NOUN
dev-s316,9,",",",",PUNCT
dev-s316,10,me,ego,PRON
dev-s316,11,teste,testis,NOUN
dev-s316,12,subscripsi,subscribo,VERB
dev-s316,13,.,.,PUNCT
dev-s317,1,+,+,PUNCT
dev-s317,2,Ego,ego,PRON
dev-s317,3,Cudimundo,Gudimundus,PROPN
dev-s317,4,",",",",PUNCT
dev-s317,5,rogatus,rogo,VERB
dev-s317,6,ab,ab,ADP
dev-s317,7,Eriteo,Eriteus,PROPN
dev-s317,8,schabino,scabinus,NOUN
dev-s317,9,",",",",PUNCT
dev-s317,10,me,ego,PRON
dev-s317,11,teste,testis,NOUN
dev-s317,12,subscripsi,subscribo,VERB
dev-s317,13,.,.,PUNCT
dev-s318,1,+,+,PUNCT
dev-s318,2,Ego,ego,PRON
dev-s318,3,Ghisolfo,Ghisolfus,PROPN
dev-s318,4,",",",",PUNCT
dev-s318,5,rogatus,rogo,VERB
dev-s318,6,ab,ab,ADP
dev-s318,7,Eriteo,Eriteus,PROPN
dev-s318,8,schabino,scabinus,NOUN
dev-s318,9,",",",",PUNCT
dev-s318,10,me,ego,PRON
dev-s318,11,teste,testis,NOUN
dev-s318,12,subscripsi,subscribo,VERB
dev-s318,13,.,.,PUNCT
dev-s319,1,signum,signum,NOUN
dev-s319,2,+,+,PUNCT
dev-s319,3,manus,manus,NOUN
dev-s319,4,Vincenti,Vincentius,PROPN
dev-s319,5,",",",",PUNCT
dev-s319,6,filio,filius,NOUN
dev-s319,7,quondam,quondam,ADJ
dev-s319,8,Ilmerandi,Ilmerandus,PROPN
dev-s319,9,",",",",PUNCT
dev-s319,10,testis,testis,NOUN
dev-s319,11,.,.,PUNCT
dev-s320,1,+,+,PUNCT
dev-s320,2,Ego,ego,PRON
dev-s320,3,Lopo,lupus,PROPN
dev-s320,4,notarius,notarius,NOUN
dev-s320,5,post,post,ADP
dev-s320,6,traditam,trado,VERB
dev-s320,7,conplevi,compleo,VERB
dev-s320,8,et,et,CCONJ
dev-s320,9,dedi,do,VERB
dev-s320,10,.,.,PUNCT
dev-s321,1,In,in,ADP
dev-s321,2,Dei,Deus,PROPN
dev-s321,3,omnipotentis,omnipotens,ADJ
dev-s321,4,nomine,nomen,NOUN
dev-s321,5,regnante,regno,VERB
dev-s321,6,domno,domnus,NOUN
dev-s321,7,nostro,noster,DET
dev-s321,8,Karolus,Carolus,PROPN
dev-s321,9,divina,diuinus,ADJ
dev-s321,10,faventem,faueo,VERB
dev-s321,11,clementiam,clementia,NOUN
dev-s321,12,imperatore,imperator,NOUN
dev-s321,13,augusto,augustus,NOUN
dev-s321,14,",",",",PUNCT
dev-s321,15,anno,annus,NOUN
dev-s321,16,imperii,imperium,NOUN
dev-s321,17,eius,is,PRON
dev-s321,18,tertio,tertius,ADJ
dev-s321,19,",",",",PUNCT
dev-s321,20,tertium,tertius,ADJ
dev-s321,21,nonas,nonae,NOUN
dev-s321,22,aprelis,aprilis,ADJ
dev-s321,23,",",",",PUNCT
dev-s321,24,indictione,indictio,NOUN
dev-s321,25,prima,primus,ADJ
dev-s321,26,.,.,PUNCT
dev-s322,1,manifestu,manifestus,ADJ
dev-s322,2,sum,sum,AUX
dev-s322,3,ego,ego,PRON
dev-s322,4,Chunimundo,Cunimundus,PROPN
dev-s322,5,",",",",PUNCT
dev-s322,6,filio,filius,NOUN
dev-s322,7,bone,bonus,ADJ
dev-s322,8,memorie,memoria,NOUN
dev-s322,9,Chunimundi,Cunimundus,PROPN
dev-s322,10,",",",",PUNCT
dev-s322,11,quia,quia,SCONJ
dev-s322,12,tu,tu,PRON
dev-s322,13,Gherardus,Gherardus,PROPN
dev-s322,14,",",",",PUNCT
dev-s322,15,gratia,gratia,NOUN
dev-s322,16,Dei,Deus,PROPN
dev-s322,17,huius,hic,DET
dev-s322,18,sancte,sanctus,ADJ
dev-s322,19,Lucane,lucanus,ADJ
dev-s322,20,ecclesie,ecclesia,NOUN
dev-s322,21,humilis,humilis,ADJ
dev-s322,22,episcopus,episcopus,NOUN
dev-s322,23,",",",",PUNCT
dev-s322,24,per,per,ADP
dev-s322,25,cartula,chartula,NOUN
dev-s322,26,livellario,libellarius,ADJ
dev-s322,27,nomine,nomen,NOUN
dev-s322,28,dedisti,do,VERB
dev-s322,29,mihi,ego,PRON
dev-s322,30,id,is,PRON
dev-s322,31,est,sum,AUX
dev-s322,32,fundamentum,fundamentum,NOUN
dev-s322,33,et,et,CCONJ
dev-s322,34,casalino,casalinus,NOUN
dev-s322,35,illo,ille,DET
dev-s322,36,ubi,ubi,ADV
dev-s322,37,iam,iam,ADV
dev-s322,38,antea,antea,ADV
dev-s322,39,fuit,sum,AUX
dev-s322,40,casa,casa,NOUN
dev-s322,41,et,et,CCONJ
dev-s322,42,curte,curtis,NOUN
dev-s322,43,domnicata,domnicatus,ADJ
dev-s322,44,et,et,CCONJ
dev-s322,45,modo,modo,ADV
dev-s322,46,in,in,ADP
dev-s322,47,ibidem,ibidem,ADV
dev-s322,48,capanna,capanna,NOUN
dev-s322,49,esse,sum,AUX
dev-s322,50,videtur,uideo,VERB
dev-s322,51,",",",",PUNCT
dev-s322,52,in,in,ADP
dev-s322,53,loco,locus,NOUN
dev-s322,54,ubi,ubi,ADV
dev-s322,55,dicitur,dico,VERB
dev-s322,56,ad,ad,ADP
dev-s322,57,Sala,sala,NOUN
dev-s322,58,",",",",PUNCT
dev-s322,59,finibus,finis,NOUN
dev-s322,60,Carfaniense,Garfaniensis,PROPN
dev-s322,61,",",",",PUNCT
dev-s322,62,pertenentes,pertineo,VERB
dev-s322,63,ecclesie,ecclesia,NOUN
dev-s322,64,vestre,uester,DET
dev-s322,65,Domini,Dominus,PROPN
dev-s322,66,et,et,CCONJ
dev-s322,67,Salvatoris,saluator,PROPN
dev-s322,68,sito,sino,VERB
dev-s322,69,hic,hic,ADV
dev-s322,70,Luca,Luca,PROPN
dev-s322,71,",",",",PUNCT
dev-s322,72,qui,qui,PRON
dev-s322,73,est,sum,AUX
dev-s322,74,desup,desub,ADP
dev-s322,75,potestatem,potestas,NOUN
dev-s322,76,ipsius,ipse,DET
dev-s322,77,episcopatui,episcopatus,NOUN
dev-s322,78,vestro,uester,DET
dev-s322,79,sancti,sanctus,ADJ
dev-s322,80,Martini,Martinus,PROPN
dev-s322,81,;,;,PUNCT
dev-s323,1,vel,uel,CCONJ
dev-s323,2,quantum,quantum,ADV
dev-s323,3,in,in,ADP
dev-s323,4,predicto,praedictus,DET
dev-s323,5,loco,locus,NOUN
dev-s323,6,et,et,CCONJ
dev-s323,7,finibus,finis,NOUN
dev-s323,8,Carfaniense,Garfaniensis,PROPN
dev-s323,9,suprascripte,suprascriptus,DET
dev-s323,10,ecclesie,ecclesia,NOUN
dev-s323,11,Domini,Dominus,PROPN
dev-s323,12,et,et,CCONJ
dev-s323,13,Salvatoris,saluator,PROPN
dev-s323,14,est,sum,AUX
dev-s323,15,pertenentes,pertineo,VERB
dev-s323,16,mihi,ego,PRON
dev-s323,17,dedisti,do,VERB
dev-s323,18,in,in,ADP
dev-s323,19,integrum,integer,ADJ
dev-s323,20,",",",",PUNCT
dev-s323,21,tali,talis,DET
dev-s323,22,ordinem,ordo,NOUN
dev-s323,23,ut,ut,SCONJ
dev-s323,24,da,da,ADP
dev-s323,25,admodum,admodum,ADV
dev-s323,26,in,in,ADP
dev-s323,27,mea,meus,DET
dev-s323,28,qui,qui,DET
dev-s323,29,supra,supra,ADV
dev-s323,30,Chunimundo,Cunimundus,PROPN
dev-s323,31,",",",",PUNCT
dev-s323,32,vel,uel,CCONJ
dev-s323,33,de,de,ADP
dev-s323,34,meis,meus,DET
dev-s323,35,heredibus,heres,NOUN
dev-s323,36,",",",",PUNCT
dev-s323,37,sint,sum,AUX
dev-s323,38,potestatem,potestas,NOUN
dev-s323,39,suprascriptis,suprascriptus,DET
dev-s323,40,casis,casa,NOUN
dev-s323,41,et,et,CCONJ
dev-s323,42,rebus,res,NOUN
dev-s323,43,quas,qui,PRON
dev-s323,44,mihi,ego,PRON
dev-s323,45,dedisti,do,VERB
dev-s323,46,abendi,habeo,VERB
dev-s323,47,",",",",PUNCT
dev-s323,48,inperandi,impero,VERB
dev-s323,49,",",",",PUNCT
dev-s323,50,gubernandi,guberno,VERB
dev-s323,51,",",",",PUNCT
dev-s323,52,laborare,laboro,VERB
dev-s323,53,faciendi,facio,VERB
dev-s323,54,",",",",PUNCT
dev-s323,55,ita,ita,ADV
dev-s323,56,ut,ut,SCONJ
dev-s323,57,melioretur,melioro,VERB
dev-s323,58,nam,nam,PART
dev-s323,59,non,non,PART
dev-s323,60,pegioretur,peioro,VERB
dev-s323,61,",",",",PUNCT
dev-s323,62,et,et,CCONJ
dev-s323,63,nobis,nos,PRON
dev-s323,64,eas,is,PRON
dev-s323,65,privato,priuo,VERB
dev-s323,66,nomine,nomen,NOUN
dev-s323,67,usufructuandi,usufructuo,VERB
dev-s323,68,;,;,PUNCT
dev-s324,1,et,et,CCONJ
dev-s324,2,pro,pro,ADP
dev-s324,3,omni,omnis,DET
dev-s324,4,censum,census,NOUN
dev-s324,5,et,et,CCONJ
dev-s324,6,iustitia,iustitia,NOUN
dev-s324,7,exinde,exinde,ADV
dev-s324,8,ad,ad,ADP
dev-s324,9,pars,pars,NOUN
dev-s324,10,ipsius,ipse,DET
dev-s324,11,ecclesie,ecclesia,NOUN
dev-s324,12,vestre,uester,DET
dev-s324,13,Domini,Dominus,PROPN
dev-s324,14,et,et,CCONJ
dev-s324,15,Salvatoris,saluator,PROPN
dev-s324,16,per,per,ADP
dev-s324,17,singulos,singulus,ADJ
dev-s324,18,annos,annus,NOUN
dev-s324,19,",",",",PUNCT
dev-s324,20,per,per,ADP
dev-s324,21,omnem,omnis,DET
dev-s324,22,mense,mensis,NOUN
dev-s324,23,februario,Februarius,ADJ
dev-s324,24,",",",",PUNCT
dev-s324,25,censum,census,NOUN
dev-s324,26,reddere,reddo,VERB
dev-s324,27,debeamus,debeo,VERB
dev-s324,28,ad,ad,ADP
dev-s324,29,ipsa,ipse,DET
dev-s324,30,ecclesia,ecclesia,NOUN
dev-s324,31,per,per,ADP
dev-s324,32,nos,nos,PRON
dev-s324,33,",",",",PUNCT
dev-s324,34,aut,aut,CCONJ
dev-s324,35,per,per,ADP
dev-s324,36,misso,missus,NOUN
dev-s324,37,nostro,noster,DET
dev-s324,38,",",",",PUNCT
dev-s324,39,ad,ad,ADP
dev-s324,40,presbiterum,presbyter,NOUN
dev-s324,41,illum,ille,DET
dev-s324,42,vel,uel,CCONJ
dev-s324,43,ad,ad,ADP
dev-s324,44,illum,ille,DET
dev-s324,45,homines,homo,NOUN
dev-s324,46,qui,qui,PRON
dev-s324,47,ipsa,ipse,DET
dev-s324,48,ecclesia,ecclesia,NOUN
dev-s324,49,pre,prae,ADP
dev-s324,50,tempore,tempus,NOUN
dev-s324,51,abuerit,habeo,VERB
dev-s324,52,",",",",PUNCT
dev-s324,53,aut,aut,CCONJ
dev-s324,54,in,in,ADP
dev-s324,55,altario,altarium,NOUN
dev-s324,56,eiusdem,idem,DET
dev-s324,57,ecclesie,ecclesia,NOUN
dev-s324,58,Domini,Dominus,PROPN
dev-s324,59,et,et,CCONJ
dev-s324,60,Salvatoris,saluator,PROPN
dev-s324,61,",",",",PUNCT
dev-s324,62,ponantur,pono,VERB
dev-s324,63,argentum,argentum,NOUN
dev-s324,64,soledos,solidus,NOUN
dev-s324,65,octo,octo,NUM
dev-s324,66,de,de,ADP
dev-s324,67,bonos,bonus,ADJ
dev-s324,68,denarios,denarius,NOUN
dev-s324,69,expendiviles,expendibilis,ADJ
dev-s324,70,",",",",PUNCT
dev-s324,71,duodecim,duodecim,NUM
dev-s324,72,denarios,denarius,NOUN
dev-s324,73,per,per,ADP
dev-s324,74,singulos,singulus,ADJ
dev-s324,75,soledos,solidus,NOUN
dev-s324,76,rationatos,rationo,VERB
dev-s324,77,;,;,PUNCT
dev-s325,1,et,et,CCONJ
dev-s325,2,homines,homo,NOUN
dev-s325,3,illos,ille,DET
dev-s325,4,qualiter,qualiter,SCONJ
dev-s325,5,ipsis,ipse,DET
dev-s325,6,casis,casa,NOUN
dev-s325,7,abitantes,habito,VERB
dev-s325,8,fuerit,sum,AUX
dev-s325,9,",",",",PUNCT
dev-s325,10,nos,nos,PRON
dev-s325,11,eam,is,PRON
dev-s325,12,a,ab,ADP
dev-s325,13,mandato,mandatum,NOUN
dev-s325,14,vestro,uester,DET
dev-s325,15,venire,uenio,VERB
dev-s325,16,faciatis,facio,VERB
dev-s325,17,hic,hic,ADV
dev-s325,18,civitate,ciuitas,NOUN
dev-s325,19,Luca,Luca,PROPN
dev-s325,20,legem,lex,NOUN
dev-s325,21,et,et,CCONJ
dev-s325,22,iustitiam,iustitia,NOUN
dev-s325,23,faciendum,facio,VERB
dev-s325,24,tantum,tantum,ADV
dev-s325,25,.,.,PUNCT
dev-s326,1,et,et,CCONJ
dev-s326,2,si,si,SCONJ
dev-s326,3,a,ab,ADP
dev-s326,4,nos,nos,PRON
dev-s326,5,vobis,uos,PRON
dev-s326,6,hec,hic,DET
dev-s326,7,omnia,omnis,DET
dev-s326,8,qualiter,qualiter,SCONJ
dev-s326,9,superius,superius,ADV
dev-s326,10,legitur,lego,VERB
dev-s326,11,per,per,ADP
dev-s326,12,singulos,singulus,ADJ
dev-s326,13,annos,annus,NOUN
dev-s326,14,sic,sic,ADV
dev-s326,15,non,non,PART
dev-s326,16,fuerint,sum,AUX
dev-s326,17,adinpleta,adimpleo,VERB
dev-s326,18,et,et,CCONJ
dev-s326,19,conservata,conseruo,VERB
dev-s326,20,",",",",PUNCT
dev-s326,21,aut,aut,CCONJ
dev-s326,22,si,si,SCONJ
dev-s326,23,suprascriptis,suprascriptus,DET
dev-s326,24,casis,casa,NOUN
dev-s326,25,et,et,CCONJ
dev-s326,26,rebus,res,NOUN
dev-s326,27,quas,qui,PRON
dev-s326,28,mihi,ego,PRON
dev-s326,29,dedisti,do,VERB
dev-s326,30,relaxaverimus,relaxo,VERB
dev-s326,31,",",",",PUNCT
dev-s326,32,vel,uel,CCONJ
dev-s326,33,si,si,SCONJ
dev-s326,34,per,per,ADP
dev-s326,35,nos,nos,PRON
dev-s326,36,pegioratis,peioro,VERB
dev-s326,37,fuerit,sum,AUX
dev-s326,38,",",",",PUNCT
dev-s326,39,spondeo,spondeo,VERB
dev-s326,40,ego,ego,PRON
dev-s326,41,qui,qui,DET
dev-s326,42,supra,supra,ADV
dev-s326,43,Chunimundo,Cunimundus,PROPN
dev-s326,44,",",",",PUNCT
dev-s326,45,una,una,ADV
dev-s326,46,cum,cum,ADP
dev-s326,47,meis,meus,DET
dev-s326,48,heredibus,heres,NOUN
dev-s326,49,",",",",PUNCT
dev-s326,50,conponere,compono,VERB
dev-s326,51,tibi,tu,PRON
dev-s326,52,qui,qui,DET
dev-s326,53,supra,supra,ADV
dev-s326,54,Gherardus,Gherardus,PROPN
dev-s326,55,episcopus,episcopus,NOUN
dev-s326,56,",",",",PUNCT
dev-s326,57,vel,uel,CCONJ
dev-s326,58,ad,ad,ADP
dev-s326,59,subcessoribus,successor,NOUN
dev-s326,60,tuis,tuus,DET
dev-s326,61,",",",",PUNCT
dev-s326,62,penam,poena,NOUN
dev-s326,63,",",",",PUNCT
dev-s326,64,argentum,argentum,NOUN
dev-s326,65,soledos,solidus,NOUN
dev-s326,66,centum,centum,NUM
dev-s326,67,",",",",PUNCT
dev-s326,68,quia,quia,SCONJ
dev-s326,69,taliter,taliter,ADV
dev-s326,70,inter,inter,ADP
dev-s326,71,nos,nos,PRON
dev-s326,72,convenit,conuenio,VERB
dev-s326,73,et,et,CCONJ
dev-s326,74,duas,duo,NUM
dev-s326,75,inter,inter,ADP
dev-s326,76,nos,nos,PRON
dev-s326,77,cartulas,chartula,NOUN
dev-s326,78,Rachifonsum,Rachifonsus,PROPN
dev-s326,79,notarium,notarius,NOUN
dev-s326,80,scribere,scribo,VERB
dev-s326,81,rogavimus,rogo,VERB
dev-s326,82,.,.,PUNCT
dev-s327,1,actum,ago,VERB
dev-s327,2,Luca,Luca,PROPN
dev-s327,3,.,.,PUNCT
dev-s328,1,+,+,PUNCT
dev-s328,2,Ego,ego,PRON
dev-s328,3,Cunimundo,Cunimundus,PROPN
dev-s328,4,in,in,ADP
dev-s328,5,hunc,hic,DET
dev-s328,6,libellum,libellus,NOUN
dev-s328,7,a,ab,ADP
dev-s328,8,me,ego,PRON
dev-s328,9,factum,facio,VERB
dev-s328,10,manu,manus,NOUN
dev-s328,11,mea,meus,DET
dev-s328,12,subscripsi,subscribo,VERB
dev-s328,13,.,.,PUNCT
dev-s329,1,ego,ego,PRON
dev-s329,2,Liudfridi,Liutfridus,PROPN
dev-s329,3,",",",",PUNCT
dev-s329,4,rogatus,rogo,VERB
dev-s329,5,a,ab,ADP
dev-s329,6,Chunimundo,Cunimundus,PROPN
dev-s329,7,",",",",PUNCT
dev-s329,8,me,ego,PRON
dev-s329,9,teste,testis,NOUN
dev-s329,10,subscripsi,subscribo,VERB
dev-s329,11,.,.,PUNCT
dev-s330,1,+,+,PUNCT
dev-s330,2,Ego,ego,PRON
dev-s330,3,Leo,Leo,PROPN
dev-s330,4,archipresbitero,archipresbyter,NOUN
dev-s330,5,subscripsi,subscribo,VERB
dev-s330,6,.,.,PUNCT
dev-s331,1,ego,ego,PRON
dev-s331,2,[Propn],_,PROPN
dev-s331,3,",",",",PUNCT
dev-s331,4,rogatus,rogo,VERB
dev-s331,5,a,ab,ADP
dev-s331,6,Chunimundo,Cunimundus,PROPN
dev-s331,7,",",",",PUNCT
dev-s331,8,subscripsi,subscribo,VERB
dev-s331,9,.,.,PUNCT
dev-s332,1,ego,ego,PRON
dev-s332,2,Vuillerado,Wileradus,PROPN
dev-s332,3,",",",",PUNCT
dev-s332,4,rogatus,rogo,VERB
dev-s332,5,a,ab,ADP
dev-s332,6,Cunimundo,Cunimundus,PROPN
dev-s332,7,",",",",PUNCT
dev-s332,8,me,ego,PRON
dev-s332,9,teste,testis,NOUN
dev-s332,10,subscripsi,subscribo,VERB
dev-s332,11,.,.,PUNCT
dev-s333,1,ego,ego,PRON
dev-s333,2,Ghisolfo,Ghisolfus,PROPN
dev-s333,3,",",",",PUNCT
dev-s333,4,rogatus,rogo,VERB
dev-s333,5,a,ab,ADP
dev-s333,6,Chunimundo,Cunimundus,PROPN
dev-s333,7,",",",",PUNCT
dev-s333,8,me,ego,PRON
dev-s333,9,teste,testis,NOUN
dev-s333,10,subscripsi,subscribo,VERB
dev-s333,11,.,.,PUNCT
dev-s334,1,ego,ego,PRON
dev-s334,2,Ghiselfridi,Ghiselfridus,PROPN
dev-s334,3,notarius,notarius,NOUN
dev-s334,4,et,et,CCONJ
dev-s334,5,schabinus,scabinus,NOUN
dev-s334,6,subscripsi,subscribo,VERB
dev-s334,7,.,.,PUNCT
dev-s335,1,+,+,PUNCT
dev-s335,2,Ego,ego,PRON
dev-s335,3,Adalfridi,Adalfridus,PROPN
dev-s335,4,",",",",PUNCT
dev-s335,5,rogatus,rogo,VERB
dev-s335,6,a,ab,ADP
dev-s335,7,Chunimundo,Cunimundus,PROPN
dev-s335,8,",",",",PUNCT
dev-s335,9,manus,manus,NOUN
dev-s335,10,mea,meus,DET
dev-s335,11,subscripsi,subscribo,VERB
dev-s335,12,.,.,PUNCT
dev-s336,1,+,+,PUNCT
dev-s336,2,Ego,ego,PRON
dev-s336,3,Rachifonsus,Rachifonsus,PROPN
dev-s336,4,notarius,notarius,NOUN
dev-s336,5,post,post,ADP
dev-s336,6,tradita,trado,VERB
dev-s336,7,conplevi,compleo,VERB
dev-s336,8,et,et,CCONJ
dev-s336,9,dedi,do,VERB
dev-s336,10,.,.,PUNCT
dev-s337,1,+,+,PUNCT
dev-s337,2,In,in,ADP
dev-s337,3,Dei,Deus,PROPN
dev-s337,4,omnipotenti,omnipotens,ADJ
dev-s337,5,nomine,nomen,NOUN
dev-s337,6,regnante,regno,VERB
dev-s337,7,domno,domnus,NOUN
dev-s337,8,nostro,noster,DET
dev-s337,9,Karolus,Carolus,PROPN
dev-s337,10,divina,diuinus,ADJ
dev-s337,11,faventem,faueo,VERB
dev-s337,12,clementiam,clementia,NOUN
dev-s337,13,imperatore,imperator,NOUN
dev-s337,14,augusto,augustus,NOUN
dev-s337,15,",",",",PUNCT
dev-s337,16,anno,annus,NOUN
dev-s337,17,imperii,imperium,NOUN
dev-s337,18,eius,is,PRON
dev-s337,19,tertio,tertius,ADJ
dev-s337,20,",",",",PUNCT
dev-s337,21,idus,idus,NOUN
dev-s337,22,iulii,iulius,NOUN
dev-s337,23,",",",",PUNCT
dev-s337,24,indictione,indictio,NOUN
dev-s337,25,prima,primus,ADJ
dev-s337,26,.,.,PUNCT
dev-s338,1,manifestu,manifestus,ADJ
dev-s338,2,sum,sum,AUX
dev-s338,3,ego,ego,PRON
dev-s338,4,Taito,Taitus,PROPN
dev-s338,5,",",",",PUNCT
dev-s338,6,filio,filius,NOUN
dev-s338,7,quondam,quondam,ADJ
dev-s338,8,Agiperghe,Agiperga,PROPN
dev-s338,9,",",",",PUNCT
dev-s338,10,quia,quia,SCONJ
dev-s338,11,tu,tu,PRON
dev-s338,12,Gherardus,Gherardus,PROPN
dev-s338,13,",",",",PUNCT
dev-s338,14,gratia,gratia,NOUN
dev-s338,15,Dei,Deus,PROPN
dev-s338,16,huius,hic,DET
dev-s338,17,sancte,sanctus,ADJ
dev-s338,18,Lucane,lucanus,ADJ
dev-s338,19,ecclesie,ecclesia,NOUN
dev-s338,20,umilis,humilis,ADJ
dev-s338,21,episcopus,episcopus,NOUN
dev-s338,22,",",",",PUNCT
dev-s338,23,per,per,ADP
dev-s338,24,cartula,chartula,NOUN
dev-s338,25,livellario,libellarius,ADJ
dev-s338,26,nomine,nomen,NOUN
dev-s338,27,ad,ad,ADP
dev-s338,28,censum,census,NOUN
dev-s338,29,vobis,uos,PRON
dev-s338,30,perexolvendum,perexsoluo,VERB
dev-s338,31,dedisti,do,VERB
dev-s338,32,mihi,ego,PRON
dev-s338,33,cluso,clausum,NOUN
dev-s338,34,uno,unus,DET
dev-s338,35,de,de,ADP
dev-s338,36,casa,casa,NOUN
dev-s338,37,quas,qui,PRON
dev-s338,38,abis,habeo,VERB
dev-s338,39,fora,foras,ADP
dev-s338,40,porta,porta,NOUN
dev-s338,41,sancti,sanctus,ADJ
dev-s338,42,Fridiani,Fridianus,PROPN
dev-s338,43,que,qui,PRON
dev-s338,44,ego,ego,PRON
dev-s338,45,modo,modo,ADV
dev-s338,46,ad,ad,ADP
dev-s338,47,manus,manus,NOUN
dev-s338,48,mea,meus,DET
dev-s338,49,abeo,habeo,VERB
dev-s338,50,",",",",PUNCT
dev-s338,51,et,et,CCONJ
dev-s338,52,antea,antea,ADV
dev-s338,53,recta,rego,VERB
dev-s338,54,fui,sum,AUX
dev-s338,55,per,per,ADP
dev-s338,56,Petronilla,Petronilla,PROPN
dev-s338,57,Dei,Deus,PROPN
dev-s338,58,ancilla,ancilla,NOUN
dev-s338,59,;,;,PUNCT
dev-s339,1,cluso,clausum,NOUN
dev-s339,2,ipso,ipse,DET
dev-s339,3,de,de,ADP
dev-s339,4,casa,casa,NOUN
dev-s339,5,est,sum,AUX
dev-s339,6,tenente,teneo,VERB
dev-s339,7,uno,unus,DET
dev-s339,8,capo,caput,NOUN
dev-s339,9,cum,cum,ADP
dev-s339,10,uno,unus,DET
dev-s339,11,latus,latus,NOUN
dev-s339,12,in,in,ADP
dev-s339,13,via,uia,NOUN
dev-s339,14,publica,publicus,ADJ
dev-s339,15,",",",",PUNCT
dev-s339,16,alio,alius,DET
dev-s339,17,capo,caput,NOUN
dev-s339,18,tene,teneo,VERB
dev-s339,19,in,in,ADP
dev-s339,20,casa,casa,NOUN
dev-s339,21,sancti,sanctus,ADJ
dev-s339,22,Fridiani,Fridianus,PROPN
dev-s339,23,",",",",PUNCT
dev-s339,24,quas,qui,PRON
dev-s339,25,tibi,tu,PRON
dev-s339,26,reserve,reseruo,VERB
dev-s339,27,",",",",PUNCT
dev-s339,28,et,et,CCONJ
dev-s339,29,alio,alius,DET
dev-s339,30,latus,latus,NOUN
dev-s339,31,tene,teneo,VERB
dev-s339,32,in,in,ADP
dev-s339,33,claxo,classus,NOUN
dev-s339,34,;,;,PUNCT
dev-s340,1,predicto,praedictus,DET
dev-s340,2,cluso,clausum,NOUN
dev-s340,3,de,de,ADP
dev-s340,4,casa,casa,NOUN
dev-s340,5,cum,cum,ADP
dev-s340,6,fundamento,fundamentum,NOUN
dev-s340,7,et,et,CCONJ
dev-s340,8,omne,omnis,DET
dev-s340,9,etdeficio,aedificium,NOUN
dev-s340,10,suo,suus,DET
dev-s340,11,et,et,CCONJ
dev-s340,12,pertinens,pertineo,VERB
dev-s340,13,ecclesie,ecclesia,NOUN
dev-s340,14,sancti,sanctus,ADJ
dev-s340,15,Fridiani,Fridianus,PROPN
dev-s340,16,mihi,ego,PRON
dev-s340,17,dedisti,do,VERB
dev-s340,18,in,in,ADP
dev-s340,19,integrum,integer,ADJ
dev-s340,20,tali,talis,DET
dev-s340,21,tinore,tenor,NOUN
dev-s340,22,ut,ut,SCONJ
dev-s340,23,da,da,ADP
dev-s340,24,admodum,admodum,ADV
dev-s340,25,predicto,praedictus,DET
dev-s340,26,cluso,clausum,NOUN
dev-s340,27,de,de,ADP
dev-s340,28,casa,casa,NOUN
dev-s340,29,in,in,ADP
dev-s340,30,mea,meus,DET
dev-s340,31,vel,uel,CCONJ
dev-s340,32,de,de,ADP
dev-s340,33,meis,meus,DET
dev-s340,34,heredes,heres,NOUN
dev-s340,35,sint,sum,AUX
dev-s340,36,et,et,CCONJ
dev-s340,37,permaneant,permaneo,VERB
dev-s340,38,potestatem,potestas,NOUN
dev-s340,39,eas,is,PRON
dev-s340,40,abendi,habeo,VERB
dev-s340,41,",",",",PUNCT
dev-s340,42,possidendi,possideo,VERB
dev-s340,43,",",",",PUNCT
dev-s340,44,gubernandi,guberno,VERB
dev-s340,45,",",",",PUNCT
dev-s340,46,meliorandi,melioro,VERB
dev-s340,47,",",",",PUNCT
dev-s340,48,ita,ita,ADV
dev-s340,49,melioretur,melioro,VERB
dev-s340,50,et,et,CCONJ
dev-s340,51,non,non,PART
dev-s340,52,pegioretur,peioro,VERB
dev-s340,53,;,;,PUNCT
dev-s341,1,nisi,nisi,CCONJ
dev-s341,2,tantum,tantum,ADV
dev-s341,3,pro,pro,ADP
dev-s341,4,omni,omnis,DET
dev-s341,5,iustitia,iustitia,NOUN
dev-s341,6,exinde,exinde,ADV
dev-s341,7,tibi,tu,PRON
dev-s341,8,",",",",PUNCT
dev-s341,9,vel,uel,CCONJ
dev-s341,10,ad,ad,ADP
dev-s341,11,subcessoribus,successor,NOUN
dev-s341,12,tuis,tuus,DET
dev-s341,13,ad,ad,ADP
dev-s341,14,parte,pars,NOUN
dev-s341,15,predicte,praedictus,DET
dev-s341,16,ecclesie,ecclesia,NOUN
dev-s341,17,sancti,sanctus,ADJ
dev-s341,18,Martini,Martinus,PROPN
dev-s341,19,",",",",PUNCT
dev-s341,20,per,per,ADP
dev-s341,21,omne,omnis,DET
dev-s341,22,mense,mensis,NOUN
dev-s341,23,novembrio,nouembrius,ADJ
dev-s341,24,hic,hic,ADV
dev-s341,25,Luca,Luca,PROPN
dev-s341,26,ad,ad,ADP
dev-s341,27,domo,domus,NOUN
dev-s341,28,episcoporum,episcopus,NOUN
dev-s341,29,reddere,reddo,VERB
dev-s341,30,debeamus,debeo,VERB
dev-s341,31,argentum,argentum,NOUN
dev-s341,32,denarios,denarius,NOUN
dev-s341,33,bono,bonus,ADJ
dev-s341,34,expendiviles,expendibilis,ADJ
dev-s341,35,numero,numerus,NOUN
dev-s341,36,nove,nouem,NUM
dev-s341,37,tantum,tantum,ADV
dev-s341,38,.,.,PUNCT
dev-s342,1,et,et,CCONJ
dev-s342,2,si,si,SCONJ
dev-s342,3,nos,nos,PRON
dev-s342,4,vobis,uos,PRON
dev-s342,5,taliter,taliter,ADV
dev-s342,6,non,non,PART
dev-s342,7,adimpleverimus,adimpleo,VERB
dev-s342,8,sicut,sicut,SCONJ
dev-s342,9,supra,supra,ADV
dev-s342,10,legitur,lego,VERB
dev-s342,11,",",",",PUNCT
dev-s342,12,et,et,CCONJ
dev-s342,13,nos,nos,PRON
dev-s342,14,suprascripto,suprascriptus,DET
dev-s342,15,cluso,clausum,NOUN
dev-s342,16,de,de,ADP
dev-s342,17,casa,casa,NOUN
dev-s342,18,quas,qui,PRON
dev-s342,19,mihi,ego,PRON
dev-s342,20,dedisti,do,VERB
dev-s342,21,relaxaverimus,relaxo,VERB
dev-s342,22,",",",",PUNCT
dev-s342,23,aut,aut,CCONJ
dev-s342,24,si,si,SCONJ
dev-s342,25,adput,apud,ADP
dev-s342,26,nos,nos,PRON
dev-s342,27,pegiorata,peioro,VERB
dev-s342,28,fuerit,sum,AUX
dev-s342,29,",",",",PUNCT
dev-s342,30,spondeo,spondeo,VERB
dev-s342,31,ego,ego,PRON
dev-s342,32,qui,qui,DET
dev-s342,33,supra,supra,ADV
dev-s342,34,Taito,Taitus,PROPN
dev-s342,35,",",",",PUNCT
dev-s342,36,una,una,ADV
dev-s342,37,cum,cum,ADP
dev-s342,38,meis,meus,DET
dev-s342,39,heredes,heres,NOUN
dev-s342,40,",",",",PUNCT
dev-s342,41,conponere,compono,VERB
dev-s342,42,tibi,tu,PRON
dev-s342,43,qui,qui,DET
dev-s342,44,supra,supra,ADV
dev-s342,45,Gherardus,Gherardus,PROPN
dev-s342,46,episcopus,episcopus,NOUN
dev-s342,47,",",",",PUNCT
dev-s342,48,vel,uel,CCONJ
dev-s342,49,ad,ad,ADP
dev-s342,50,subcessoribus,successor,NOUN
dev-s342,51,tuis,tuus,DET
dev-s342,52,",",",",PUNCT
dev-s342,53,penam,poena,NOUN
dev-s342,54,",",",",PUNCT
dev-s342,55,argentum,argentum,NOUN
dev-s342,56,soledos,solidus,NOUN
dev-s342,57,viginti,uiginti,NUM
dev-s342,58,.,.,PUNCT
dev-s343,1,verumtamen,uerumtamen,ADV
dev-s343,2,conveni,conuenio,VERB
dev-s343,3,inter,inter,ADP
dev-s343,4,nos,nos,PRON
dev-s343,5,omnes,omnis,DET
dev-s343,6,movilias,mobilis,ADJ
dev-s343,7,meas,meus,DET
dev-s343,8,",",",",PUNCT
dev-s343,9,quas,qui,PRON
dev-s343,10,in,in,ADP
dev-s343,11,ipsa,ipse,DET
dev-s343,12,casa,casa,NOUN
dev-s343,13,abuerimus,habeo,VERB
dev-s343,14,aut,aut,CCONJ
dev-s343,15,miserimus,mitto,VERB
dev-s343,16,",",",",PUNCT
dev-s343,17,qui,qui,PRON
dev-s343,18,in,in,ADP
dev-s343,19,edeficio,aedificium,NOUN
dev-s343,20,casa,casa,NOUN
dev-s343,21,non,non,PART
dev-s343,22,est,sum,AUX
dev-s343,23,",",",",PUNCT
dev-s343,24,licentiam,licentia,NOUN
dev-s343,25,et,et,CCONJ
dev-s343,26,potestatem,potestas,NOUN
dev-s343,27,abeamus,habeo,VERB
dev-s343,28,ego,ego,PRON
dev-s343,29,",",",",PUNCT
dev-s343,30,vel,uel,CCONJ
dev-s343,31,dispensatores,dispensator,NOUN
dev-s343,32,meos,meus,DET
dev-s343,33,",",",",PUNCT
dev-s343,34,exinde,exinde,ADV
dev-s343,35,tollendi,tollo,VERB
dev-s343,36,et,et,CCONJ
dev-s343,37,faciendi,facio,VERB
dev-s343,38,quod,qui,PRON
dev-s343,39,voluero,uolo,VERB
dev-s343,40,absque,absque,ADP
dev-s343,41,omni,omnis,DET
dev-s343,42,calomnia,calumnia,NOUN
dev-s343,43,",",",",PUNCT
dev-s343,44,quia,quia,SCONJ
dev-s343,45,taliter,taliter,ADV
dev-s343,46,inter,inter,ADP
dev-s343,47,nobis,nos,PRON
dev-s343,48,conveni,conuenio,VERB
dev-s343,49,et,et,CCONJ
dev-s343,50,duos,duo,NUM
dev-s343,51,inter,inter,ADP
dev-s343,52,nobis,nos,PRON
dev-s343,53,libelli,libellus,NOUN
dev-s343,54,Atrualdum,Atrualdus,PROPN
dev-s343,55,notarium,notarius,NOUN
dev-s343,56,scribere,scribo,VERB
dev-s343,57,rogavimus,rogo,VERB
dev-s343,58,.,.,PUNCT
dev-s344,1,actum,ago,VERB
dev-s344,2,Luca,Luca,PROPN
dev-s344,3,.,.,PUNCT
dev-s345,1,signum,signum,NOUN
dev-s345,2,+,+,PUNCT
dev-s345,3,manus,manus,NOUN
dev-s345,4,Taiti,Taitus,PROPN
dev-s345,5,qui,qui,PRON
dev-s345,6,hunc,hic,DET
dev-s345,7,libello,libellus,NOUN
dev-s345,8,fieri,fio,VERB
dev-s345,9,rogavit,rogo,VERB
dev-s345,10,.,.,PUNCT
dev-s346,1,+,+,PUNCT
dev-s346,2,Ego,ego,PRON
dev-s346,3,Ghisolfo,Ghisolfus,PROPN
dev-s346,4,",",",",PUNCT
dev-s346,5,rogatus,rogo,VERB
dev-s346,6,a,ab,ADP
dev-s346,7,Taito,Taitus,PROPN
dev-s346,8,",",",",PUNCT
dev-s346,9,me,ego,PRON
dev-s346,10,teste,testis,NOUN
dev-s346,11,subscripsi,subscribo,VERB
dev-s346,12,.,.,PUNCT
dev-s347,1,+,+,PUNCT
dev-s347,2,Ego,ego,PRON
dev-s347,3,Aloni,Aloin,PROPN
dev-s347,4,",",",",PUNCT
dev-s347,5,rogatus,rogo,VERB
dev-s347,6,a,ab,ADP
dev-s347,7,Taito,Taitus,PROPN
dev-s347,8,",",",",PUNCT
dev-s347,9,me,ego,PRON
dev-s347,10,teste,testis,NOUN
dev-s347,11,subscripsi,subscribo,VERB
dev-s347,12,.,.,PUNCT
dev-s348,1,ego,ego,PRON
dev-s348,2,Liutifridi,Liutfridus,PROPN
dev-s348,3,",",",",PUNCT
dev-s348,4,rogatus,rogo,VERB
dev-s348,5,a,ab,ADP
dev-s348,6,Taito,Taitus,PROPN
dev-s348,7,",",",",PUNCT
dev-s348,8,me,ego,PRON
dev-s348,9,teste,testis,NOUN
dev-s348,10,subscripsi,subscribo,VERB
dev-s348,11,.,.,PUNCT
dev-s349,1,ego,ego,PRON
dev-s349,2,Fraolmi,Fraolmus,PROPN
dev-s349,3,",",",",PUNCT
dev-s349,4,rogatus,rogo,VERB
dev-s349,5,a,ab,ADP
dev-s349,6,Taito,Taitus,PROPN
dev-s349,7,",",",",PUNCT
dev-s349,8,subscripsi,subscribo,VERB
dev-s349,9,.,.,PUNCT
dev-s350,1,+,+,PUNCT
dev-s350,2,Adalfridi,Adalfridus,PROPN
dev-s350,3,schabinus,scabinus,NOUN
dev-s350,4,subscripsi,subscribo,VERB
dev-s350,5,.,.,PUNCT
dev-s351,1,+,+,PUNCT
dev-s351,2,Ego,ego,PRON
dev-s351,3,Atrualdus,Atrualdus,PROPN
dev-s351,4,notarius,notarius,NOUN
dev-s351,5,post,post,ADP
dev-s351,6,traditam,trado,VERB
dev-s351,7,conplevi,compleo,VERB
dev-s351,8,et,et,CCONJ
dev-s351,9,dedi,do,VERB
dev-s351,10,.,.,PUNCT
dev-s352,1,In,in,ADP
dev-s352,2,Dei,Deus,PROPN
dev-s352,3,omnipotentis,omnipotens,ADJ
dev-s352,4,nomine,nomen,NOUN
dev-s352,5,regnante,regno,VERB
dev-s352,6,domno,domnus,NOUN
dev-s352,7,nostro,noster,DET
dev-s352,8,Karolus,Carolus,PROPN
dev-s352,9,divina,diuinus,ADJ
dev-s352,10,faventem,faueo,VERB
dev-s352,11,clementia,clementia,NOUN
dev-s352,12,imperatore,imperator,NOUN
dev-s352,13,augusto,augustus,NOUN
dev-s352,14,",",",",PUNCT
dev-s352,15,anno,annus,NOUN
dev-s352,16,imperii,imperium,NOUN
dev-s352,17,eius,is,PRON
dev-s352,18,tertio,tertius,ADJ
dev-s352,19,",",",",PUNCT
dev-s352,20,sexto,sextus,ADJ
dev-s352,21,decimo,decimus,ADJ
dev-s352,22,kalendas,kalendae,NOUN
dev-s352,23,decembris,december,ADJ
dev-s352,24,",",",",PUNCT
dev-s352,25,indictione,indictio,NOUN
dev-s352,26,secunda,secundus,ADJ
dev-s352,27,.,.,PUNCT
dev-s353,1,manifestu,manifestus,ADJ
dev-s353,2,sum,sum,AUX
dev-s353,3,ego,ego,PRON
dev-s353,4,Urso,Ursus,PROPN
dev-s353,5,",",",",PUNCT
dev-s353,6,filio,filius,NOUN
dev-s353,7,bone,bonus,ADJ
dev-s353,8,memorie,memoria,NOUN
dev-s353,9,Dolciperti,Dulcipertus,PROPN
dev-s353,10,",",",",PUNCT
dev-s353,11,quia,quia,SCONJ
dev-s353,12,tu,tu,PRON
dev-s353,13,Gherardus,Gherardus,PROPN
dev-s353,14,",",",",PUNCT
dev-s353,15,gratia,gratia,NOUN
dev-s353,16,Dei,Deus,PROPN
dev-s353,17,huius,hic,DET
dev-s353,18,sancte,sanctus,ADJ
dev-s353,19,Lucane,lucanus,ADJ
dev-s353,20,ecclesie,ecclesia,NOUN
dev-s353,21,humilis,humilis,ADJ
dev-s353,22,episcopus,episcopus,NOUN
dev-s353,23,",",",",PUNCT
dev-s353,24,per,per,ADP
dev-s353,25,cartula,chartula,NOUN
dev-s353,26,livellario,libellarius,ADJ
dev-s353,27,nomine,nomen,NOUN
dev-s353,28,ad,ad,ADP
dev-s353,29,censum,census,NOUN
dev-s353,30,vobis,uos,PRON
dev-s353,31,perexolvendum,perexsoluo,VERB
dev-s353,32,dedisti,do,VERB
dev-s353,33,mihi,ego,PRON
dev-s353,34,id,is,PRON
dev-s353,35,est,sum,AUX
dev-s353,36,casa,casa,NOUN
dev-s353,37,et,et,CCONJ
dev-s353,38,res,res,NOUN
dev-s353,39,illa,ille,DET
dev-s353,40,in,in,ADP
dev-s353,41,loco,locus,NOUN
dev-s353,42,Gallerine,Gallerina,PROPN
dev-s353,43,",",",",PUNCT
dev-s353,44,pertenentes,pertineo,VERB
dev-s353,45,ecclesie,ecclesia,NOUN
dev-s353,46,sancti,sanctus,ADJ
dev-s353,47,Cervasi,Geruasius,PROPN
dev-s353,48,",",",",PUNCT
dev-s353,49,quod,qui,PRON
dev-s353,50,est,sum,AUX
dev-s353,51,plebe,plebs,NOUN
dev-s353,52,battismalis,baptismalis,ADJ
dev-s353,53,sita,sino,VERB
dev-s353,54,in,in,ADP
dev-s353,55,loco,locus,NOUN
dev-s353,56,Verriana,Verriana,PROPN
dev-s353,57,",",",",PUNCT
dev-s353,58,qui,qui,PRON
dev-s353,59,est,sum,AUX
dev-s353,60,desup,desub,ADP
dev-s353,61,potestatem,potestas,NOUN
dev-s353,62,ipsius,ipse,DET
dev-s353,63,ecclesie,ecclesia,NOUN
dev-s353,64,episcopatui,episcopatus,NOUN
dev-s353,65,vestro,uester,DET
dev-s353,66,sancti,sanctus,ADJ
dev-s353,67,Martini,Martinus,PROPN
dev-s353,68,",",",",PUNCT
dev-s353,69,casa,casa,NOUN
dev-s353,70,vero,uero,ADV
dev-s353,71,ipsa,ipse,DET
dev-s353,72,cum,cum,ADP
dev-s353,73,fundamento,fundamentum,NOUN
dev-s353,74,et,et,CCONJ
dev-s353,75,omnem,omnis,DET
dev-s353,76,edificio,aedificium,NOUN
dev-s353,77,suo,suus,DET
dev-s353,78,cum,cum,ADP
dev-s353,79,curte,curtis,NOUN
dev-s353,80,",",",",PUNCT
dev-s353,81,orto,hortus,NOUN
dev-s353,82,",",",",PUNCT
dev-s353,83,terris,terra,NOUN
dev-s353,84,",",",",PUNCT
dev-s353,85,vineis,uinea,NOUN
dev-s353,86,",",",",PUNCT
dev-s353,87,olivis,oliua,NOUN
dev-s353,88,",",",",PUNCT
dev-s353,89,silvis,silua,NOUN
dev-s353,90,",",",",PUNCT
dev-s353,91,virgareis,uirgareum,NOUN
dev-s353,92,",",",",PUNCT
dev-s353,93,pratis,pratum,NOUN
dev-s353,94,",",",",PUNCT
dev-s353,95,pascuis,pascuum,NOUN
dev-s353,96,",",",",PUNCT
dev-s353,97,cultas,cultus,ADJ
dev-s353,98,res,res,NOUN
dev-s353,99,vel,uel,CCONJ
dev-s353,100,incultas,incultus,ADJ
dev-s353,101,;,;,PUNCT
dev-s354,1,omnia,omnis,DET
dev-s354,2,quantum,quantum,ADV
dev-s354,3,ad,ad,ADP
dev-s354,4,ipsa,ipse,DET
dev-s354,5,casa,casa,NOUN
dev-s354,6,est,sum,AUX
dev-s354,7,pertenentes,pertineo,VERB
dev-s354,8,",",",",PUNCT
dev-s354,9,in,in,ADP
dev-s354,10,integrum,integer,ADJ
dev-s354,11,mihi,ego,PRON
dev-s354,12,eas,is,PRON
dev-s354,13,livellario,libellarius,ADJ
dev-s354,14,nomine,nomen,NOUN
dev-s354,15,dedisti,do,VERB
dev-s354,16,tali,talis,DET
dev-s354,17,ordinem,ordo,NOUN
dev-s354,18,ut,ut,SCONJ
dev-s354,19,ego,ego,PRON
dev-s354,20,",",",",PUNCT
dev-s354,21,vel,uel,CCONJ
dev-s354,22,meis,meus,DET
dev-s354,23,heredes,heres,NOUN
dev-s354,24,",",",",PUNCT
dev-s354,25,in,in,ADP
dev-s354,26,ipsa,ipse,DET
dev-s354,27,casa,casa,NOUN
dev-s354,28,homines,homo,NOUN
dev-s354,29,ad,ad,ADP
dev-s354,30,residendum,resideo,VERB
dev-s354,31,et,et,CCONJ
dev-s354,32,abitandum,habito,VERB
dev-s354,33,mittere,mitto,VERB
dev-s354,34,debeamus,debeo,VERB
dev-s354,35,",",",",PUNCT
dev-s354,36,et,et,CCONJ
dev-s354,37,tam,tam,ADV
dev-s354,38,ipsa,ipse,DET
dev-s354,39,casa,casa,NOUN
dev-s354,40,quam,quam,SCONJ
dev-s354,41,et,et,CCONJ
dev-s354,42,predicta,praedictus,DET
dev-s354,43,res,res,NOUN
dev-s354,44,bene,bene,ADV
dev-s354,45,laborare,laboro,VERB
dev-s354,46,et,et,CCONJ
dev-s354,47,gubernare,guberno,VERB
dev-s354,48,seo,seu,CCONJ
dev-s354,49,meliorare,melioro,VERB
dev-s354,50,debeamus,debeo,VERB
dev-s354,51,",",",",PUNCT
dev-s354,52,nobis,nos,PRON
dev-s354,53,privatum,priuo,VERB
dev-s354,54,fruendum,fruor,VERB
dev-s354,55,.,.,PUNCT
dev-s355,1,nisi,nisi,CCONJ
dev-s355,2,tantum,tantum,ADV
dev-s355,3,pro,pro,ADP
dev-s355,4,omni,omnis,DET
dev-s355,5,censum,census,NOUN
dev-s355,6,et,et,CCONJ
dev-s355,7,iustitia,iustitia,NOUN
dev-s355,8,exinde,exinde,ADV
dev-s355,9,tibi,tu,PRON
dev-s355,10,",",",",PUNCT
dev-s355,11,vel,uel,CCONJ
dev-s355,12,ad,ad,ADP
dev-s355,13,subcessoribus,successor,NOUN
dev-s355,14,tuis,tuus,DET
dev-s355,15,ad,ad,ADP
dev-s355,16,pars,pars,NOUN
dev-s355,17,ipsius,ipse,DET
dev-s355,18,ecclesie,ecclesia,NOUN
dev-s355,19,sancti,sanctus,ADJ
dev-s355,20,Cervasi,Geruasius,PROPN
dev-s355,21,",",",",PUNCT
dev-s355,22,per,per,ADP
dev-s355,23,singulos,singulus,ADJ
dev-s355,24,annos,annus,NOUN
dev-s355,25,in,in,ADP
dev-s355,26,ipso,ipse,DET
dev-s355,27,loco,locus,NOUN
dev-s355,28,ad,ad,ADP
dev-s355,29,ipsa,ipse,DET
dev-s355,30,ecclesia,ecclesia,NOUN
dev-s355,31,sancti,sanctus,ADJ
dev-s355,32,Cervasi,Geruasius,PROPN
dev-s355,33,per,per,ADP
dev-s355,34,omne,omnis,DET
dev-s355,35,mense,mensis,NOUN
dev-s355,36,decembrio,decembrius,ADJ
dev-s355,37,censum,census,NOUN
dev-s355,38,reddere,reddo,VERB
dev-s355,39,debeamus,debeo,VERB
dev-s355,40,",",",",PUNCT
dev-s355,41,argentum,argentum,NOUN
dev-s355,42,denarios,denarius,NOUN
dev-s355,43,boni,bonus,ADJ
dev-s355,44,expendivilis,expendibilis,ADJ
dev-s355,45,numero,numerus,NOUN
dev-s355,46,quadraginta,quadraginta,NUM
dev-s355,47,octo,octo,NUM
dev-s355,48,",",",",PUNCT
dev-s355,49,excepto,excepto,ADP
dev-s355,50,isto,iste,DET
dev-s355,51,mense,mensis,NOUN
dev-s355,52,decembrio,decembrius,ADJ
dev-s355,53,qui,qui,PRON
dev-s355,54,plus,plus,ADV
dev-s355,55,proximo,proximus,ADJ
dev-s355,56,venturo,uenio,VERB
dev-s355,57,fuerit,sum,AUX
dev-s355,58,;,;,PUNCT
dev-s356,1,et,et,CCONJ
dev-s356,2,homines,homo,NOUN
dev-s356,3,illos,ille,DET
dev-s356,4,qui,qui,PRON
dev-s356,5,in,in,ADP
dev-s356,6,ipsa,ipse,DET
dev-s356,7,casa,casa,NOUN
dev-s356,8,abitantes,habito,VERB
dev-s356,9,fuerit,sum,AUX
dev-s356,10,",",",",PUNCT
dev-s356,11,nos,nos,PRON
dev-s356,12,eum,is,PRON
dev-s356,13,a,ab,ADP
dev-s356,14,mandato,mandatum,NOUN
dev-s356,15,vestro,uester,DET
dev-s356,16,venire,uenio,VERB
dev-s356,17,faciamus,facio,VERB
dev-s356,18,hic,hic,ADV
dev-s356,19,Luca,Luca,PROPN
dev-s356,20,ad,ad,ADP
dev-s356,21,legem,lex,NOUN
dev-s356,22,et,et,CCONJ
dev-s356,23,iustitiam,iustitia,NOUN
dev-s356,24,faciendum,facio,VERB
dev-s356,25,tantum,tantum,ADV
dev-s356,26,.,.,PUNCT
dev-s357,1,et,et,CCONJ
dev-s357,2,si,si,SCONJ
dev-s357,3,a,ab,ADP
dev-s357,4,nos,nos,PRON
dev-s357,5,vobis,uos,PRON
dev-s357,6,hec,hic,DET
dev-s357,7,omnia,omnis,DET
dev-s357,8,qualiter,qualiter,SCONJ
dev-s357,9,superius,superius,ADV
dev-s357,10,legitur,lego,VERB
dev-s357,11,per,per,ADP
dev-s357,12,singulos,singulus,ADJ
dev-s357,13,annos,annus,NOUN
dev-s357,14,sic,sic,ADV
dev-s357,15,non,non,PART
dev-s357,16,fuerint,sum,AUX
dev-s357,17,adinpleta,adimpleo,VERB
dev-s357,18,et,et,CCONJ
dev-s357,19,conservata,conseruo,VERB
dev-s357,20,",",",",PUNCT
dev-s357,21,aut,aut,CCONJ
dev-s357,22,si,si,SCONJ
dev-s357,23,suprascripta,suprascriptus,DET
dev-s357,24,casa,casa,NOUN
dev-s357,25,et,et,CCONJ
dev-s357,26,res,res,NOUN
dev-s357,27,quas,qui,PRON
dev-s357,28,mihi,ego,PRON
dev-s357,29,dedisti,do,VERB
dev-s357,30,relaxaverimus,relaxo,VERB
dev-s357,31,",",",",PUNCT
dev-s357,32,vel,uel,CCONJ
dev-s357,33,si,si,SCONJ
dev-s357,34,per,per,ADP
dev-s357,35,nos,nos,PRON
dev-s357,36,pegiorata,peioro,VERB
dev-s357,37,fuerit,sum,AUX
dev-s357,38,",",",",PUNCT
dev-s357,39,spondeo,spondeo,VERB
dev-s357,40,ego,ego,PRON
dev-s357,41,qui,qui,DET
dev-s357,42,supra,supra,ADV
dev-s357,43,Urso,Ursus,PROPN
dev-s357,44,",",",",PUNCT
dev-s357,45,una,una,ADV
dev-s357,46,cum,cum,ADP
dev-s357,47,meis,meus,DET
dev-s357,48,heredes,heres,NOUN
dev-s357,49,",",",",PUNCT
dev-s357,50,conponere,compono,VERB
dev-s357,51,tibi,tu,PRON
dev-s357,52,qui,qui,DET
dev-s357,53,supra,supra,ADV
dev-s357,54,Gerardus,Gherardus,PROPN
dev-s357,55,episcopus,episcopus,NOUN
dev-s357,56,",",",",PUNCT
dev-s357,57,vel,uel,CCONJ
dev-s357,58,ad,ad,ADP
dev-s357,59,subcessoribus,successor,NOUN
dev-s357,60,tuis,tuus,DET
dev-s357,61,",",",",PUNCT
dev-s357,62,penam,poena,NOUN
dev-s357,63,",",",",PUNCT
dev-s357,64,argentum,argentum,NOUN
dev-s357,65,soledos,solidus,NOUN
dev-s357,66,quinquaginta,quinquaginta,NUM
dev-s357,67,",",",",PUNCT
dev-s357,68,quia,quia,SCONJ
dev-s357,69,taliter,taliter,ADV
dev-s357,70,inter,inter,ADP
dev-s357,71,nos,nos,PRON
dev-s357,72,conveni,conuenio,VERB
dev-s357,73,et,et,CCONJ
dev-s357,74,duas,duo,NUM
dev-s357,75,inter,inter,ADP
dev-s357,76,nos,nos,PRON
dev-s357,77,cartulas,chartula,NOUN
dev-s357,78,Leo,Leo,PROPN
dev-s357,79,notarium,notarius,NOUN
dev-s357,80,scribere,scribo,VERB
dev-s357,81,rogavimus,rogo,VERB
dev-s357,82,.,.,PUNCT
dev-s358,1,actum,ago,VERB
dev-s358,2,Luca,Luca,PROPN
dev-s358,3,.,.,PUNCT
dev-s359,1,signum,signum,NOUN
dev-s359,2,+,+,PUNCT
dev-s359,3,manus,manus,NOUN
dev-s359,4,Ursi,Ursus,PROPN
dev-s359,5,qui,qui,PRON
dev-s359,6,hunc,hic,DET
dev-s359,7,libellum,libellus,NOUN
dev-s359,8,fieri,fio,VERB
dev-s359,9,rogavit,rogo,VERB
dev-s359,10,.,.,PUNCT
dev-s360,1,+,+,PUNCT
dev-s360,2,Ego,ego,PRON
dev-s360,3,Andreas,Andreas,PROPN
dev-s360,4,notarius,notarius,NOUN
dev-s360,5,",",",",PUNCT
dev-s360,6,rogatus,rogo,VERB
dev-s360,7,ab,ab,ADP
dev-s360,8,Urso,Ursus,PROPN
dev-s360,9,",",",",PUNCT
dev-s360,10,me,ego,PRON
dev-s360,11,teste,testis,NOUN
dev-s360,12,subscripsi,subscribo,VERB
dev-s360,13,.,.,PUNCT
dev-s361,1,+,+,PUNCT
dev-s361,2,Ego,ego,PRON
dev-s361,3,Ghisolfo,Ghisolfus,PROPN
dev-s361,4,",",",",PUNCT
dev-s361,5,rogatus,rogo,VERB
dev-s361,6,ab,ab,ADP
dev-s361,7,Urso,Ursus,PROPN
dev-s361,8,",",",",PUNCT
dev-s361,9,me,ego,PRON
dev-s361,10,teste,testis,NOUN
dev-s361,11,subscripsi,subscribo,VERB
dev-s361,12,.,.,PUNCT
dev-s362,1,ego,ego,PRON
dev-s362,2,Aloni,Aloin,PROPN
dev-s362,3,",",",",PUNCT
dev-s362,4,rogatus,rogo,VERB
dev-s362,5,ab,ab,ADP
dev-s362,6,Urso,Ursus,PROPN
dev-s362,7,",",",",PUNCT
dev-s362,8,me,ego,PRON
dev-s362,9,teste,testis,NOUN
dev-s362,10,subscripsi,subscribo,VERB
dev-s362,11,.,.,PUNCT
dev-s363,1,+,+,PUNCT
dev-s363,2,Ego,ego,PRON
dev-s363,3,Roffridi,Rodfridus,PROPN
dev-s363,4,notarius,notarius,NOUN
dev-s363,5,et,et,CCONJ
dev-s363,6,schabinus,scabinus,NOUN
dev-s363,7,subscripsi,subscribo,VERB
dev-s363,8,.,.,PUNCT
dev-s364,1,+,+,PUNCT
dev-s364,2,Ego,ego,PRON
dev-s364,3,Leo,Leo,PROPN
dev-s364,4,notarius,notarius,NOUN
dev-s364,5,post,post,ADP
dev-s364,6,traditam,trado,VERB
dev-s364,7,conplevi,compleo,VERB
dev-s364,8,et,et,CCONJ
dev-s364,9,dedi,do,VERB
dev-s364,10,.,.,PUNCT
dev-s365,1,+,+,PUNCT
dev-s365,2,In,in,ADP
dev-s365,3,Dei,Deus,PROPN
dev-s365,4,omnipotentis,omnipotens,ADJ
dev-s365,5,nomine,nomen,NOUN
dev-s365,6,regnante,regno,VERB
dev-s365,7,domno,domnus,NOUN
dev-s365,8,nostro,noster,DET
dev-s365,9,Karolus,Carolus,PROPN
dev-s365,10,divina,diuinus,ADJ
dev-s365,11,faventem,faueo,VERB
dev-s365,12,clementiam,clementia,NOUN
dev-s365,13,inperatore,imperator,NOUN
dev-s365,14,augusto,augustus,NOUN
dev-s365,15,",",",",PUNCT
dev-s365,16,anno,annus,NOUN
dev-s365,17,imperii,imperium,NOUN
dev-s365,18,eius,is,PRON
dev-s365,19,quarto,quartus,ADJ
dev-s365,20,",",",",PUNCT
dev-s365,21,tertio,tertius,ADJ
dev-s365,22,idus,idus,NOUN
dev-s365,23,aprelis,aprilis,ADJ
dev-s365,24,",",",",PUNCT
dev-s365,25,indictione,indictio,NOUN
dev-s365,26,secunda,secundus,ADJ
dev-s365,27,.,.,PUNCT
dev-s366,1,manifestu,manifestus,ADJ
dev-s366,2,sum,sum,AUX
dev-s366,3,ego,ego,PRON
dev-s366,4,Ildiperto,Hildipertus,PROPN
dev-s366,5,",",",",PUNCT
dev-s366,6,filio,filius,NOUN
dev-s366,7,quondam,quondam,ADJ
dev-s366,8,Fluri,Florus,PROPN
dev-s366,9,",",",",PUNCT
dev-s366,10,quia,quia,SCONJ
dev-s366,11,tu,tu,PRON
dev-s366,12,Gherardus,Gherardus,PROPN
dev-s366,13,",",",",PUNCT
dev-s366,14,gratia,gratia,NOUN
dev-s366,15,Dei,Deus,PROPN
dev-s366,16,huius,hic,DET
dev-s366,17,sancte,sanctus,ADJ
dev-s366,18,Lucane,lucanus,ADJ
dev-s366,19,ecclesie,ecclesia,NOUN
dev-s366,20,humilis,humilis,ADJ
dev-s366,21,episcopus,episcopus,NOUN
dev-s366,22,",",",",PUNCT
dev-s366,23,per,per,ADP
dev-s366,24,cartula,chartula,NOUN
dev-s366,25,livellario,libellarius,ADJ
dev-s366,26,nomine,nomen,NOUN
dev-s366,27,firmasti,firmo,VERB
dev-s366,28,me,ego,PRON
dev-s366,29,in,in,ADP
dev-s366,30,casa,casa,NOUN
dev-s366,31,et,et,CCONJ
dev-s366,32,res,res,NOUN
dev-s366,33,illa,ille,DET
dev-s366,34,in,in,ADP
dev-s366,35,loco,locus,NOUN
dev-s366,36,ubi,ubi,ADV
dev-s366,37,dicitur,dico,VERB
dev-s366,38,Campulo,Campulus,PROPN
dev-s366,39,",",",",PUNCT
dev-s366,40,que,qui,PRON
dev-s366,41,antea,antea,ADV
dev-s366,42,Rachiprando,Rachiprandus,PROPN
dev-s366,43,presbitero,presbyter,NOUN
dev-s366,44,exinde,exinde,ADV
dev-s366,45,ad,ad,ADP
dev-s366,46,manus,manus,NOUN
dev-s366,47,suas,suus,DET
dev-s366,48,abuit,habeo,VERB
dev-s366,49,",",",",PUNCT
dev-s366,50,et,et,CCONJ
dev-s366,51,pertenens,pertineo,VERB
dev-s366,52,episcopatui,episcopatus,NOUN
dev-s366,53,vestri,uester,DET
dev-s366,54,sancti,sanctus,ADJ
dev-s366,55,Martini,Martinus,PROPN
dev-s366,56,;,;,PUNCT
dev-s367,1,casa,casa,NOUN
dev-s367,2,vero,uero,ADV
dev-s367,3,ipsa,ipse,DET
dev-s367,4,cum,cum,ADP
dev-s367,5,fundamento,fundamentum,NOUN
dev-s367,6,",",",",PUNCT
dev-s367,7,curte,curtis,NOUN
dev-s367,8,",",",",PUNCT
dev-s367,9,orto,hortus,NOUN
dev-s367,10,",",",",PUNCT
dev-s367,11,terris,terra,NOUN
dev-s367,12,",",",",PUNCT
dev-s367,13,vineis,uinea,NOUN
dev-s367,14,",",",",PUNCT
dev-s367,15,silvis,silua,NOUN
dev-s367,16,",",",",PUNCT
dev-s367,17,virgareis,uirgareum,NOUN
dev-s367,18,",",",",PUNCT
dev-s367,19,pratis,pratum,NOUN
dev-s367,20,",",",",PUNCT
dev-s367,21,pascuis,pascuum,NOUN
dev-s367,22,",",",",PUNCT
dev-s367,23,cultum,cultus,ADJ
dev-s367,24,vel,uel,CCONJ
dev-s367,25,incultum,incultus,ADJ
dev-s367,26,",",",",PUNCT
dev-s367,27,omnia,omnis,DET
dev-s367,28,quantum,quantum,ADV
dev-s367,29,exinde,exinde,ADV
dev-s367,30,Rachiprando,Rachiprandus,PROPN
dev-s367,31,presbitero,presbyter,NOUN
dev-s367,32,ad,ad,ADP
dev-s367,33,manus,manus,NOUN
dev-s367,34,suas,suus,DET
dev-s367,35,abuit,habeo,VERB
dev-s367,36,mihi,ego,PRON
dev-s367,37,dedisti,do,VERB
dev-s367,38,tali,talis,DET
dev-s367,39,tinore,tenor,NOUN
dev-s367,40,ut,ut,SCONJ
dev-s367,41,ego,ego,PRON
dev-s367,42,",",",",PUNCT
dev-s367,43,vel,uel,CCONJ
dev-s367,44,meis,meus,DET
dev-s367,45,heredes,heres,NOUN
dev-s367,46,",",",",PUNCT
dev-s367,47,in,in,ADP
dev-s367,48,ipsa,ipse,DET
dev-s367,49,casa,casa,NOUN
dev-s367,50,residere,resideo,VERB
dev-s367,51,et,et,CCONJ
dev-s367,52,abitare,habito,VERB
dev-s367,53,debeamus,debeo,VERB
dev-s367,54,",",",",PUNCT
dev-s367,55,tam,tam,ADV
dev-s367,56,ipsa,ipse,DET
dev-s367,57,casa,casa,NOUN
dev-s367,58,quam,quam,SCONJ
dev-s367,59,et,et,CCONJ
dev-s367,60,res,res,NOUN
dev-s367,61,per,per,ADP
dev-s367,62,singulos,singulus,ADJ
dev-s367,63,annos,annus,NOUN
dev-s367,64,bene,bene,ADV
dev-s367,65,laborare,laboro,VERB
dev-s367,66,et,et,CCONJ
dev-s367,67,gubernare,guberno,VERB
dev-s367,68,debeamus,debeo,VERB
dev-s367,69,.,.,PUNCT
dev-s368,1,nisi,nisi,CCONJ
dev-s368,2,tantum,tantum,ADV
dev-s368,3,pro,pro,ADP
dev-s368,4,omni,omnis,DET
dev-s368,5,iustitiam,iustitia,NOUN
dev-s368,6,exinde,exinde,ADV
dev-s368,7,tibi,tu,PRON
dev-s368,8,",",",",PUNCT
dev-s368,9,vel,uel,CCONJ
dev-s368,10,ad,ad,ADP
dev-s368,11,subcessoribus,successor,NOUN
dev-s368,12,tuis,tuus,DET
dev-s368,13,ad,ad,ADP
dev-s368,14,parte,pars,NOUN
dev-s368,15,episcopatui,episcopatus,NOUN
dev-s368,16,vestri,uester,DET
dev-s368,17,sancti,sanctus,ADJ
dev-s368,18,Martini,Martinus,PROPN
dev-s368,19,",",",",PUNCT
dev-s368,20,reddere,reddo,VERB
dev-s368,21,debeamus,debeo,VERB
dev-s368,22,per,per,ADP
dev-s368,23,singulos,singulus,ADJ
dev-s368,24,annos,annus,NOUN
dev-s368,25,per,per,ADP
dev-s368,26,omne,omnis,DET
dev-s368,27,mense,mensis,NOUN
dev-s368,28,septembrio,septembrius,ADJ
dev-s368,29,hic,hic,ADV
dev-s368,30,Luca,Luca,PROPN
dev-s368,31,argentum,argentum,NOUN
dev-s368,32,denarios,denarius,NOUN
dev-s368,33,bonos,bonus,ADJ
dev-s368,34,expendiviles,expendibilis,ADJ
dev-s368,35,numero,numerus,NOUN
dev-s368,36,octo,octo,NUM
dev-s368,37,vobis,uos,PRON
dev-s368,38,",",",",PUNCT
dev-s368,39,vel,uel,CCONJ
dev-s368,40,ad,ad,ADP
dev-s368,41,ministeriale,ministerialis,NOUN
dev-s368,42,vestro,uester,DET
dev-s368,43,qui,qui,PRON
dev-s368,44,hic,hic,ADV
dev-s368,45,pre,prae,ADP
dev-s368,46,tenpore,tempus,NOUN
dev-s368,47,ordinatus,ordino,VERB
dev-s368,48,fuerit,sum,AUX
dev-s368,49,",",",",PUNCT
dev-s368,50,et,et,CCONJ
dev-s368,51,ad,ab,ADP
dev-s368,52,mandato,mandatum,NOUN
dev-s368,53,vestro,uester,DET
dev-s368,54,venire,uenio,VERB
dev-s368,55,debeamus,debeo,VERB
dev-s368,56,hic,hic,ADV
dev-s368,57,Luca,Luca,PROPN
dev-s368,58,legem,lex,NOUN
dev-s368,59,et,et,CCONJ
dev-s368,60,iustitiam,iustitia,NOUN
dev-s368,61,faciendum,facio,VERB
dev-s368,62,tantum,tantum,ADV
dev-s368,63,.,.,PUNCT
dev-s369,1,et,et,CCONJ
dev-s369,2,si,si,SCONJ
dev-s369,3,nos,nos,PRON
dev-s369,4,vobis,uos,PRON
dev-s369,5,sic,sic,ADV
dev-s369,6,non,non,PART
dev-s369,7,adimpleverimus,adimpleo,VERB
dev-s369,8,sicut,sicut,SCONJ
dev-s369,9,supra,supra,ADV
dev-s369,10,legitur,lego,VERB
dev-s369,11,",",",",PUNCT
dev-s369,12,et,et,CCONJ
dev-s369,13,nos,nos,PRON
dev-s369,14,suprascripta,suprascriptus,DET
dev-s369,15,casa,casa,NOUN
dev-s369,16,vel,uel,CCONJ
dev-s369,17,res,res,NOUN
dev-s369,18,relaxaverimus,relaxo,VERB
dev-s369,19,",",",",PUNCT
dev-s369,20,aut,aut,CCONJ
dev-s369,21,si,si,SCONJ
dev-s369,22,adput,apud,ADP
dev-s369,23,nos,nos,PRON
dev-s369,24,pegiorata,peioro,VERB
dev-s369,25,fuerit,sum,AUX
dev-s369,26,",",",",PUNCT
dev-s369,27,spondeo,spondeo,VERB
dev-s369,28,ego,ego,PRON
dev-s369,29,qui,qui,DET
dev-s369,30,supra,supra,ADV
dev-s369,31,Ildiperto,Hildipertus,PROPN
dev-s369,32,",",",",PUNCT
dev-s369,33,una,una,ADV
dev-s369,34,cum,cum,ADP
dev-s369,35,meis,meus,DET
dev-s369,36,heredes,heres,NOUN
dev-s369,37,",",",",PUNCT
dev-s369,38,conponere,compono,VERB
dev-s369,39,tibi,tu,PRON
dev-s369,40,qui,qui,DET
dev-s369,41,supra,supra,ADV
dev-s369,42,Gherardus,Gherardus,PROPN
dev-s369,43,episcopus,episcopus,NOUN
dev-s369,44,",",",",PUNCT
dev-s369,45,vel,uel,CCONJ
dev-s369,46,ad,ad,ADP
dev-s369,47,subcessoribus,successor,NOUN
dev-s369,48,tuis,tuus,DET
dev-s369,49,",",",",PUNCT
dev-s369,50,penam,poena,NOUN
dev-s369,51,",",",",PUNCT
dev-s369,52,argentum,argentum,NOUN
dev-s369,53,soledos,solidus,NOUN
dev-s369,54,viginti,uiginti,NUM
dev-s369,55,",",",",PUNCT
dev-s369,56,quia,quia,SCONJ
dev-s369,57,taliter,taliter,ADV
dev-s369,58,inter,inter,ADP
dev-s369,59,nobis,nos,PRON
dev-s369,60,conveni,conuenio,VERB
dev-s369,61,et,et,CCONJ
dev-s369,62,duos,duo,NUM
dev-s369,63,inter,inter,ADP
dev-s369,64,nobis,nos,PRON
dev-s369,65,libelli,libellus,NOUN
dev-s369,66,Atrualdum,Atrualdus,PROPN
dev-s369,67,notarium,notarius,NOUN
dev-s369,68,scribere,scribo,VERB
dev-s369,69,rogavimus,rogo,VERB
dev-s369,70,.,.,PUNCT
dev-s370,1,actum,ago,VERB
dev-s370,2,Luca,Luca,PROPN
dev-s370,3,.,.,PUNCT
dev-s371,1,signum,signum,NOUN
dev-s371,2,+,+,PUNCT
dev-s371,3,manus,manus,NOUN
dev-s371,4,Ildiperti,Hildipertus,PROPN
dev-s371,5,qui,qui,PRON
dev-s371,6,hunc,hic,DET
dev-s371,7,libello,libellus,NOUN
dev-s371,8,fieri,fio,VERB
dev-s371,9,rogavit,rogo,VERB
dev-s371,10,.,.,PUNCT
dev-s372,1,signum,signum,NOUN
dev-s372,2,+,+,PUNCT
dev-s372,3,+,+,PUNCT
dev-s372,4,manus,manus,NOUN
dev-s372,5,Ostriperti,Austripertus,PROPN
dev-s372,6,et,et,CCONJ
dev-s372,7,Petri,Petrus,PROPN
dev-s372,8,germani,germanus,NOUN
dev-s372,9,",",",",PUNCT
dev-s372,10,filii,filius,NOUN
dev-s372,11,quondam,quondam,ADJ
dev-s372,12,Cosperti,Cospertus,PROPN
dev-s372,13,",",",",PUNCT
dev-s372,14,in,in,ADP
dev-s372,15,unc,hic,DET
dev-s372,16,libello,libellus,NOUN
dev-s372,17,consentientes,consentio,VERB
dev-s372,18,.,.,PUNCT
dev-s373,1,ego,ego,PRON
dev-s373,2,Cunimundo,Cunimundus,PROPN
dev-s373,3,",",",",PUNCT
dev-s373,4,rogatus,rogo,VERB
dev-s373,5,ab,ab,ADP
dev-s373,6,Ildipertus,Hildipertus,PROPN
dev-s373,7,",",",",PUNCT
dev-s373,8,me,ego,PRON
dev-s373,9,teste,testis,NOUN
dev-s373,10,subscripsi,subscribo,VERB
dev-s373,11,.,.,PUNCT
dev-s374,1,ego,ego,PRON
dev-s374,2,Fraolmi,Fraolmus,PROPN
dev-s374,3,",",",",PUNCT
dev-s374,4,rogatus,rogo,VERB
dev-s374,5,ab,ab,ADP
dev-s374,6,Ildipertus,Hildipertus,PROPN
dev-s374,7,",",",",PUNCT
dev-s374,8,subscripsi,subscribo,VERB
dev-s374,9,.,.,PUNCT
dev-s375,1,signum,signum,NOUN
dev-s375,2,+,+,PUNCT
dev-s375,3,manus,manus,NOUN
dev-s375,4,Vincenti,Vincentius,PROPN
dev-s375,5,",",",",PUNCT
dev-s375,6,filio,filius,NOUN
dev-s375,7,quondam,quondam,ADJ
dev-s375,8,Ordimanni,Ordimannus,PROPN
dev-s375,9,",",",",PUNCT
dev-s375,10,testis,testis,NOUN
dev-s375,11,.,.,PUNCT
dev-s376,1,+,+,PUNCT
dev-s376,2,Ego,ego,PRON
dev-s376,3,Ioannes,Johannes,PROPN
dev-s376,4,",",",",PUNCT
dev-s376,5,rogatus,rogo,VERB
dev-s376,6,ab,ab,ADP
dev-s376,7,Ildiperto,Hildipertus,PROPN
dev-s376,8,",",",",PUNCT
dev-s376,9,manus,manus,NOUN
dev-s376,10,mea,meus,DET
dev-s376,11,subscripsi,subscribo,VERB
dev-s376,12,.,.,PUNCT
dev-s377,1,+,+,PUNCT
dev-s377,2,Ego,ego,PRON
dev-s377,3,Atrualdus,Atrualdus,PROPN
dev-s377,4,notarius,notarius,NOUN
dev-s377,5,post,post,ADP
dev-s377,6,traditam,trado,VERB
dev-s377,7,conplevi,compleo,VERB
dev-s377,8,et,et,CCONJ
dev-s377,9,dedi,do,VERB
dev-s377,10,.,.,PUNCT
dev-s378,1,Dum,dum,SCONJ
dev-s378,2,in,in,ADP
dev-s378,3,Dei,Deus,PROPN
dev-s378,4,nomine,nomen,NOUN
dev-s378,5,nos,nos,PRON
dev-s378,6,Adalbertus,Adalpertus,PROPN
dev-s378,7,comes,comes,NOUN
dev-s378,8,et,et,CCONJ
dev-s378,9,Gherardus,Gherardus,PROPN
dev-s378,10,episcopus,episcopus,NOUN
dev-s378,11,sancte,sanctus,ADJ
dev-s378,12,Lucane,lucanus,ADJ
dev-s378,13,ecclesie,ecclesia,NOUN
dev-s378,14,resideremus,resideo,VERB
dev-s378,15,in,in,ADP
dev-s378,16,iudicio,iudicium,NOUN
dev-s378,17,hic,hic,ADV
dev-s378,18,in,in,ADP
dev-s378,19,civitate,ciuitas,NOUN
dev-s378,20,Luca,Luca,PROPN
dev-s378,21,",",",",PUNCT
dev-s378,22,in,in,ADP
dev-s378,23,caminata,caminata,NOUN
dev-s378,24,de,de,ADP
dev-s378,25,curte,curtis,NOUN
dev-s378,26,ducalis,ducalis,ADJ
dev-s378,27,",",",",PUNCT
dev-s378,28,cum,cum,ADP
dev-s378,29,ipsi,ipse,DET
dev-s378,30,et,et,CCONJ
dev-s378,31,nos,nos,PRON
dev-s378,32,Iohannes,Johannes,PROPN
dev-s378,33,gastaldius,gastaldus,NOUN
dev-s378,34,",",",",PUNCT
dev-s378,35,Chunimundo,Cunimundus,PROPN
dev-s378,36,",",",",PUNCT
dev-s378,37,Filuarto,Filuartus,PROPN
dev-s378,38,",",",",PUNCT
dev-s378,39,Teufridi,Teutfridus,PROPN
dev-s378,40,et,et,CCONJ
dev-s378,41,Ghiselfridi,Ghiselfridus,PROPN
dev-s378,42,schabinis,scabinus,NOUN
dev-s378,43,ad,ad,ADP
dev-s378,44,singulorum,singulus,ADJ
dev-s378,45,hominum,homo,NOUN
dev-s378,46,causas,causa,NOUN
dev-s378,47,audiendas,audio,VERB
dev-s378,48,vel,uel,CCONJ
dev-s378,49,deliberandas,delibero,VERB
dev-s378,50,",",",",PUNCT
dev-s378,51,ubi,ubi,ADV
dev-s378,52,nobiscum,nobiscum,NOUN
dev-s378,53,aderant,adsum,VERB
dev-s378,54,Teudelgrimo,Teudelgrimus,PROPN
dev-s378,55,",",",",PUNCT
dev-s378,56,Alboni,Albonus,PROPN
dev-s378,57,",",",",PUNCT
dev-s378,58,Anghelelmo,Anghelelmus,PROPN
dev-s378,59,",",",",PUNCT
dev-s378,60,Fraiperto,Fraipertus,PROPN
dev-s378,61,",",",",PUNCT
dev-s378,62,Auberto,Aubertus,PROPN
dev-s378,63,",",",",PUNCT
dev-s378,64,Adalfridi,Adalfridus,PROPN
dev-s378,65,notarius,notarius,NOUN
dev-s378,66,",",",",PUNCT
dev-s378,67,Alateo,Alateus,PROPN
dev-s378,68,et,et,CCONJ
dev-s378,69,Alisi,Alisus,PROPN
dev-s378,70,germani,germanus,NOUN
dev-s378,71,",",",",PUNCT
dev-s378,72,Ostrualdo,Austrualdus,PROPN
dev-s378,73,",",",",PUNCT
dev-s378,74,Albolfo,Albolfus,PROPN
dev-s378,75,clerico,clericus,NOUN
dev-s378,76,",",",",PUNCT
dev-s378,77,Adalberto,Adalpertus,PROPN
dev-s378,78,",",",",PUNCT
dev-s378,79,Teuperto,Teutpertus,PROPN
dev-s378,80,",",",",PUNCT
dev-s378,81,Chausiprando,Gausprandus,PROPN
dev-s378,82,",",",",PUNCT
dev-s378,83,Iohannes,Johannes,PROPN
dev-s378,84,",",",",PUNCT
dev-s378,85,Benedicto,Benedictus,PROPN
dev-s378,86,",",",",PUNCT
dev-s378,87,Deusdedi,Deusdedit,PROPN
dev-s378,88,",",",",PUNCT
dev-s378,89,Ato,Atus,PROPN
dev-s378,90,de,de,ADP
dev-s378,91,Vicopelago,Vicopelagus,PROPN
dev-s378,92,",",",",PUNCT
dev-s378,93,alio,alius,DET
dev-s378,94,Deusdedi,Deusdedit,PROPN
dev-s378,95,",",",",PUNCT
dev-s378,96,Ardiperto,Ardipertus,PROPN
dev-s378,97,",",",",PUNCT
dev-s378,98,Alperto,Alpertus,PROPN
dev-s378,99,",",",",PUNCT
dev-s378,100,Georgius,Georgius,PROPN
dev-s378,101,",",",",PUNCT
dev-s378,102,Teutpaldo,Teutpaldus,PROPN
dev-s378,103,et,et,CCONJ
dev-s378,104,Adalpertus,Adalpertus,PROPN
dev-s378,105,notarius,notarius,NOUN
dev-s378,106,et,et,CCONJ
dev-s378,107,[Propn],_,PROPN
dev-s378,108,",",",",PUNCT
dev-s378,109,audissemus,audio,VERB
dev-s378,110,Offo,Offus,PROPN
dev-s378,111,",",",",PUNCT
dev-s378,112,filio,filius,NOUN
dev-s378,113,quondam,quondam,ADJ
dev-s378,114,Alatei,Alateus,PROPN
dev-s378,115,",",",",PUNCT
dev-s378,116,et,et,CCONJ
dev-s378,117,Minto,Mintus,PROPN
dev-s378,118,",",",",PUNCT
dev-s378,119,filio,filius,NOUN
dev-s378,120,quondam,quondam,ADJ
dev-s378,121,Petri,Petrus,PROPN
dev-s378,122,de,de,ADP
dev-s378,123,Piscia,Piscia,PROPN
dev-s378,124,",",",",PUNCT
dev-s378,125,et,et,CCONJ
dev-s378,126,ex,ex,ADP
dev-s378,127,aliam,alius,DET
dev-s378,128,parte,pars,NOUN
dev-s378,129,Eriteo,Eriteus,PROPN
dev-s378,130,",",",",PUNCT
dev-s378,131,advocatus,aduocatus,NOUN
dev-s378,132,domni,domnus,NOUN
dev-s378,133,epischupatui,episcopatus,NOUN
dev-s378,134,sancti,sanctus,ADJ
dev-s378,135,Martini,Martinus,PROPN
dev-s378,136,istius,iste,DET
dev-s378,137,Lucensis,lucensis,ADJ
dev-s378,138,civitatis,ciuitas,NOUN
dev-s378,139,altercationem,altercatio,NOUN
dev-s378,140,inter,inter,ADP
dev-s378,141,se,sui,PRON
dev-s378,142,abentes,habeo,VERB
dev-s378,143,",",",",PUNCT
dev-s378,144,dicendum,dico,VERB
dev-s378,145,nobis,nos,PRON
dev-s378,146,ipse,ipse,DET
dev-s378,147,Offo,Offus,PROPN
dev-s378,148,et,et,CCONJ
dev-s378,149,Minto,Mintus,PROPN
dev-s378,150,:,:,PUNCT
dev-s379,1,volumus,uolo,VERB
dev-s379,2,iustitia,iustitia,NOUN
dev-s379,3,accipere,accipio,VERB
dev-s379,4,ab,ab,ADP
dev-s379,5,isto,iste,DET
dev-s379,6,Eriteo,Eriteus,PROPN
dev-s379,7,advocatus,aduocatus,NOUN
dev-s379,8,",",",",PUNCT
dev-s379,9,pro,pro,ADP
dev-s379,10,eo,is,PRON
dev-s379,11,quod,quod,SCONJ
dev-s379,12,parte,pars,NOUN
dev-s379,13,ecclesie,ecclesia,NOUN
dev-s379,14,sancti,sanctus,ADJ
dev-s379,15,Martini,Martinus,PROPN
dev-s379,16,abet,habeo,VERB
dev-s379,17,et,et,CCONJ
dev-s379,18,detinet,detineo,VERB
dev-s379,19,casis,casa,NOUN
dev-s379,20,et,et,CCONJ
dev-s379,21,rebus,res,NOUN
dev-s379,22,quas,qui,PRON
dev-s379,23,nobis,nos,PRON
dev-s379,24,pertinere,pertineo,VERB
dev-s379,25,debunt,debeo,VERB
dev-s379,26,in,in,ADP
dev-s379,27,loco,locus,NOUN
dev-s379,28,et,et,CCONJ
dev-s379,29,finibus,finis,NOUN
dev-s379,30,Piscia,Piscia,PROPN
dev-s379,31,Maiore,magnus,ADJ
dev-s379,32,.,.,PUNCT
dev-s380,1,dicebat,dico,VERB
dev-s380,2,ipse,ipse,DET
dev-s380,3,Eriteo,Eriteus,PROPN
dev-s380,4,advocatus,aduocatus,NOUN
dev-s380,5,:,:,PUNCT
dev-s381,1,nescio,nescio,VERB
dev-s381,2,casis,casa,NOUN
dev-s381,3,et,et,CCONJ
dev-s381,4,rebus,res,NOUN
dev-s381,5,ipsis,ipse,DET
dev-s381,6,de,de,ADP
dev-s381,7,quas,qui,PRON
dev-s381,8,dicitis,dico,VERB
dev-s381,9,.,.,PUNCT
dev-s382,1,et,et,CCONJ
dev-s382,2,dum,dum,SCONJ
dev-s382,3,taliter,taliter,ADV
dev-s382,4,ageretur,ago,VERB
dev-s382,5,",",",",PUNCT
dev-s382,6,tunc,tunc,ADV
dev-s382,7,ipse,ipse,DET
dev-s382,8,Offo,Offus,PROPN
dev-s382,9,et,et,CCONJ
dev-s382,10,Minto,Mintus,PROPN
dev-s382,11,per,per,ADP
dev-s382,12,nostrum,noster,DET
dev-s382,13,iudicium,iudicium,NOUN
dev-s382,14,dederentur,dedo,VERB
dev-s382,15,vuadia,wadia,NOUN
dev-s382,16,eidem,idem,DET
dev-s382,17,Eritei,Eriteus,PROPN
dev-s382,18,de,de,ADP
dev-s382,19,casis,casa,NOUN
dev-s382,20,et,et,CCONJ
dev-s382,21,rebus,res,NOUN
dev-s382,22,ipsi,ipse,DET
dev-s382,23,mostrandi,monstro,VERB
dev-s382,24,",",",",PUNCT
dev-s382,25,et,et,CCONJ
dev-s382,26,ipsi,ipse,DET
dev-s382,27,Eriteo,Eriteus,PROPN
dev-s382,28,dedit,do,VERB
dev-s382,29,vuadia,wadia,NOUN
dev-s382,30,eorum,is,PRON
dev-s382,31,paratus,paro,VERB
dev-s382,32,esset,sum,AUX
dev-s382,33,consignationem,consignatio,NOUN
dev-s382,34,ipsa,ipse,DET
dev-s382,35,recipiendum,recipio,VERB
dev-s382,36,et,et,CCONJ
dev-s382,37,remeare,remeo,VERB
dev-s382,38,ad,ad,ADP
dev-s382,39,placito,placitus,NOUN
dev-s382,40,ponendum,pono,VERB
dev-s382,41,eorum,is,PRON
dev-s382,42,exinde,exinde,ADV
dev-s382,43,rationem,ratio,NOUN
dev-s382,44,.,.,PUNCT
dev-s383,1,posuerunt,pono,VERB
dev-s383,2,inter,inter,ADP
dev-s383,3,se,sui,PRON
dev-s383,4,fideiussore,fideiussor,NOUN
dev-s383,5,et,et,CCONJ
dev-s383,6,constituto,constitutum,NOUN
dev-s383,7,.,.,PUNCT
dev-s384,1,constituta,constituo,VERB
dev-s384,2,vero,uero,ADV
dev-s384,3,die,dies,NOUN
dev-s384,4,utraque,uterque,DET
dev-s384,5,parte,pars,NOUN
dev-s384,6,in,in,ADP
dev-s384,7,iudicio,iudicium,NOUN
dev-s384,8,ante,ante,ADP
dev-s384,9,nos,nos,PRON
dev-s384,10,reversi,reuorto,VERB
dev-s384,11,sunt,sum,AUX
dev-s384,12,.,.,PUNCT
dev-s385,1,ceperunt,coepi,VERB
dev-s385,2,dicere,dico,VERB
dev-s385,3,ipse,ipse,DET
dev-s385,4,Offo,Offus,PROPN
dev-s385,5,et,et,CCONJ
dev-s385,6,Minto,Mintus,PROPN
dev-s385,7,:,:,PUNCT
dev-s386,1,ecce,ecce,PART
dev-s386,2,nos,nos,PRON
dev-s386,3,parati,paro,VERB
dev-s386,4,ab,ab,ADP
dev-s386,5,isto,iste,DET
dev-s386,6,Eriteo,Eriteus,PROPN
dev-s386,7,advocatus,aduocatus,NOUN
dev-s386,8,",",",",PUNCT
dev-s386,9,ut,ut,SCONJ
dev-s386,10,nobis,nos,PRON
dev-s386,11,rationem,ratio,NOUN
dev-s386,12,mitta,mitto,VERB
dev-s386,13,de,de,ADP
dev-s386,14,casis,casa,NOUN
dev-s386,15,et,et,CCONJ
dev-s386,16,rebus,res,NOUN
dev-s386,17,quas,qui,PRON
dev-s386,18,ei,is,PRON
dev-s386,19,mustravimus,monstro,VERB
dev-s386,20,et,et,CCONJ
dev-s386,21,super,super,ADV
dev-s386,22,accepimus,accipio,VERB
dev-s386,23,.,.,PUNCT
dev-s387,1,dicebat,dico,VERB
dev-s387,2,ipse,ipse,DET
dev-s387,3,Eriteo,Eriteus,PROPN
dev-s387,4,advocatus,aduocatus,NOUN
dev-s387,5,:,:,PUNCT
dev-s388,1,casis,casa,NOUN
dev-s388,2,et,et,CCONJ
dev-s388,3,rebus,res,NOUN
dev-s388,4,ipsis,ipse,DET
dev-s388,5,",",",",PUNCT
dev-s388,6,quas,qui,PRON
dev-s388,7,mihi,ego,PRON
dev-s388,8,mustrastis,monstro,VERB
dev-s388,9,",",",",PUNCT
dev-s388,10,abet,habeo,VERB
dev-s388,11,et,et,CCONJ
dev-s388,12,detinet,detineo,VERB
dev-s388,13,pars,pars,NOUN
dev-s388,14,ecclesie,ecclesia,NOUN
dev-s388,15,sancti,sanctus,ADJ
dev-s388,16,Martini,Martinus,PROPN
dev-s388,17,;,;,PUNCT
dev-s389,1,tamen,tamen,ADV
dev-s389,2,volo,uolo,VERB
dev-s389,3,iscire,scio,VERB
dev-s389,4,et,et,CCONJ
dev-s389,5,inquirere,inquiro,VERB
dev-s389,6,pars,pars,NOUN
dev-s389,7,ipsi,ipse,DET
dev-s389,8,ecclesie,ecclesia,NOUN
dev-s389,9,pro,pro,ADP
dev-s389,10,quit,quis,PRON
dev-s389,11,eas,is,PRON
dev-s389,12,abet,habeo,VERB
dev-s389,13,et,et,CCONJ
dev-s389,14,detinet,detineo,VERB
dev-s389,15,",",",",PUNCT
dev-s389,16,si,si,SCONJ
dev-s389,17,abet,habeo,VERB
dev-s389,18,exinde,exinde,ADV
dev-s389,19,monimen,munimen,NOUN
dev-s389,20,aut,aut,CCONJ
dev-s389,21,possessio,possessio,NOUN
dev-s389,22,per,per,ADP
dev-s389,23,quas,qui,PRON
dev-s389,24,legibus,lex,NOUN
dev-s389,25,ad,ad,ADP
dev-s389,26,parte,pars,NOUN
dev-s389,27,ipsius,ipse,DET
dev-s389,28,ecclesie,ecclesia,NOUN
dev-s389,29,defendere,defendo,VERB
dev-s389,30,possam,possum,VERB
dev-s389,31,;,;,PUNCT
dev-s390,1,tamen,tamen,ADV
dev-s390,2,volo,uolo,VERB
dev-s390,3,iscire,scio,VERB
dev-s390,4,pro,pro,ADP
dev-s390,5,quit,quis,PRON
dev-s390,6,vobis,uos,PRON
dev-s390,7,exinde,exinde,ADV
dev-s390,8,ratione,ratio,NOUN
dev-s390,9,mittere,mitto,VERB
dev-s390,10,debeam,debeo,VERB
dev-s390,11,.,.,PUNCT
dev-s391,1,et,et,CCONJ
dev-s391,2,cum,cum,CCONJ
dev-s391,3,hoc,hic,DET
dev-s391,4,dicxisset,dico,VERB
dev-s391,5,",",",",PUNCT
dev-s391,6,tunc,tunc,ADV
dev-s391,7,ipsi,ipse,DET
dev-s391,8,Offo,Offus,PROPN
dev-s391,9,et,et,CCONJ
dev-s391,10,Minto,Mintus,PROPN
dev-s391,11,professi,profiteor,VERB
dev-s391,12,dixerunt,dico,VERB
dev-s391,13,quod,quod,SCONJ
dev-s391,14,cartulas,chartula,NOUN
dev-s391,15,exinde,exinde,ADV
dev-s391,16,aberent,habeo,VERB
dev-s391,17,.,.,PUNCT
dev-s392,1,tunc,tunc,ADV
dev-s392,2,dederunt,do,VERB
dev-s392,3,vuadia,wadia,NOUN
dev-s392,4,eidem,idem,DET
dev-s392,5,Eritei,Eriteus,PROPN
dev-s392,6,de,de,ADP
dev-s392,7,cartulas,chartula,NOUN
dev-s392,8,ipsas,ipse,DET
dev-s392,9,in,in,ADP
dev-s392,10,iudicio,iudicium,NOUN
dev-s392,11,adductas,adduco,VERB
dev-s392,12,et,et,CCONJ
dev-s392,13,ostensas,ostendo,VERB
dev-s392,14,.,.,PUNCT
dev-s393,1,et,et,CCONJ
dev-s393,2,ipse,ipse,DET
dev-s393,3,Eriteo,Eriteus,PROPN
dev-s393,4,advocatus,aduocatus,NOUN
dev-s393,5,dedi,do,VERB
dev-s393,6,eorum,is,PRON
dev-s393,7,vuadia,wadia,NOUN
dev-s393,8,paratus,paro,VERB
dev-s393,9,esset,sum,AUX
dev-s393,10,iudicio,iudicium,NOUN
dev-s393,11,inter,inter,ADP
dev-s393,12,se,sui,PRON
dev-s393,13,abendum,habeo,VERB
dev-s393,14,.,.,PUNCT
dev-s394,1,posuerunt,pono,VERB
dev-s394,2,inter,inter,ADP
dev-s394,3,se,sui,PRON
dev-s394,4,fideiussore,fideiussor,NOUN
dev-s394,5,et,et,CCONJ
dev-s394,6,constituto,constitutum,NOUN
dev-s394,7,.,.,PUNCT
dev-s395,1,post,post,ADP
dev-s395,2,hec,hic,DET
dev-s395,3,utraque,uterque,DET
dev-s395,4,parte,pars,NOUN
dev-s395,5,in,in,ADP
dev-s395,6,iudicio,iudicium,NOUN
dev-s395,7,reversi,reuorto,VERB
dev-s395,8,sunt,sum,AUX
dev-s395,9,ante,ante,ADP
dev-s395,10,me,ego,PRON
dev-s395,11,qui,qui,DET
dev-s395,12,supra,supra,ADV
dev-s395,13,Iohannes,Johannes,PROPN
dev-s395,14,gastaldius,gastaldus,NOUN
dev-s395,15,et,et,CCONJ
dev-s395,16,Filuarto,Filuartus,PROPN
dev-s395,17,et,et,CCONJ
dev-s395,18,Ghiselfridi,Ghiselfridus,PROPN
dev-s395,19,schabinis,scabinus,NOUN
dev-s395,20,et,et,CCONJ
dev-s395,21,ceterorum,ceterus,DET
dev-s395,22,bonorum,bonus,ADJ
dev-s395,23,hominum,homo,NOUN
dev-s395,24,.,.,PUNCT
dev-s396,1,tunc,tunc,ADV
dev-s396,2,ipse,ipse,DET
dev-s396,3,Eriteo,Eriteus,PROPN
dev-s396,4,cepit,capio,VERB
dev-s396,5,dicere,dico,VERB
dev-s396,6,:,:,PUNCT
dev-s397,1,ecce,ecce,PART
dev-s397,2,me,ego,PRON
dev-s397,3,paratus,paro,VERB
dev-s397,4,ab,ab,ADP
dev-s397,5,isto,iste,DET
dev-s397,6,Offo,Offus,PROPN
dev-s397,7,et,et,CCONJ
dev-s397,8,Minto,Mintus,PROPN
dev-s397,9,ut,ut,SCONJ
dev-s397,10,mihi,ego,PRON
dev-s397,11,ostendas,ostendo,VERB
dev-s397,12,cartulas,chartula,NOUN
dev-s397,13,pro,pro,ADP
dev-s397,14,eo,is,PRON
dev-s397,15,quod,quod,SCONJ
dev-s397,16,mihi,ego,PRON
dev-s397,17,vuadia,wadia,NOUN
dev-s397,18,dederunt,do,VERB
dev-s397,19,.,.,PUNCT
dev-s398,1,deinde,deinde,ADV
dev-s398,2,aliam,alius,DET
dev-s398,3,ostendit,ostendo,VERB
dev-s398,4,ante,ante,ADP
dev-s398,5,nos,nos,PRON
dev-s398,6,cartula,chartula,NOUN
dev-s398,7,ubi,ubi,ADV
dev-s398,8,legebatur,lego,VERB
dev-s398,9,qualiter,qualiter,SCONJ
dev-s398,10,ipse,ipse,DET
dev-s398,11,Riccholfo,Richolfus,PROPN
dev-s398,12,et,et,CCONJ
dev-s398,13,Ansolfo,Ansolfus,PROPN
dev-s398,14,germani,germanus,NOUN
dev-s398,15,ex,ex,ADP
dev-s398,16,ipsis,ipse,DET
dev-s398,17,casis,casa,NOUN
dev-s398,18,et,et,CCONJ
dev-s398,19,rebus,res,NOUN
dev-s398,20,ei,is,PRON
dev-s398,21,venundaverat,uenumdo,VERB
dev-s398,22,medietatem,medietas,NOUN
dev-s398,23,.,.,PUNCT
dev-s399,1,cartule,chartula,NOUN
dev-s399,2,ipse,ipse,DET
dev-s399,3,relecte,relego,VERB
dev-s399,4,",",",",PUNCT
dev-s399,5,interrogavimus,interrogo,VERB
dev-s399,6,ipse,ipse,DET
dev-s399,7,Eriteo,Eriteus,PROPN
dev-s399,8,advocatus,aduocatus,NOUN
dev-s399,9,quit,quis,PRON
dev-s399,10,ex,ex,ADP
dev-s399,11,hoc,hic,DET
dev-s399,12,voluisset,uolo,VERB
dev-s399,13,dicere,dico,VERB
dev-s399,14,aut,aut,CCONJ
dev-s399,15,respondere,respondeo,VERB
dev-s399,16,.,.,PUNCT
dev-s400,1,tunc,tunc,ADV
dev-s400,2,ipse,ipse,DET
dev-s400,3,Eriteo,Eriteus,PROPN
dev-s400,4,advocatus,aduocatus,NOUN
dev-s400,5,cepi,capio,VERB
dev-s400,6,dicere,dico,VERB
dev-s400,7,:,:,PUNCT
dev-s401,1,iam,iam,ADV
dev-s401,2,dixit,dico,VERB
dev-s401,3,et,et,CCONJ
dev-s401,4,modo,modo,ADV
dev-s401,5,iterum,iterum,ADV
dev-s401,6,dico,dico,VERB
dev-s401,7,:,:,PUNCT
dev-s402,1,volo,uolo,VERB
dev-s402,2,inquirere,inquiro,VERB
dev-s402,3,parte,pars,NOUN
dev-s402,4,ipsius,ipse,DET
dev-s402,5,ecclesie,ecclesia,NOUN
dev-s402,6,sancti,sanctus,ADJ
dev-s402,7,Martini,Martinus,PROPN
dev-s402,8,si,si,SCONJ
dev-s402,9,abet,habeo,VERB
dev-s402,10,exinde,exinde,ADV
dev-s402,11,testes,testis,NOUN
dev-s402,12,aut,aut,CCONJ
dev-s402,13,monimen,munimen,NOUN
dev-s402,14,per,per,ADP
dev-s402,15,[--],_,X
dev-s402,16,abere,habeo,VERB
dev-s402,17,possam,possum,VERB
dev-s402,18,.,.,PUNCT
dev-s403,1,et,et,CCONJ
dev-s403,2,cum,cum,SCONJ
dev-s403,3,hoc,hic,DET
dev-s403,4,dixisset,dico,VERB
dev-s403,5,",",",",PUNCT
dev-s403,6,dedit,do,VERB
dev-s403,7,vuadia,wadia,NOUN
dev-s403,8,ipse,ipse,DET
dev-s403,9,Eriteo,Eriteus,PROPN
dev-s403,10,advocatus,aduocatus,NOUN
dev-s403,11,eorum,is,PRON
dev-s403,12,Offi,Offus,PROPN
dev-s403,13,et,et,CCONJ
dev-s403,14,Minti,Mintus,PROPN
dev-s403,15,de,de,ADP
dev-s403,16,tale,talis,DET
dev-s403,17,inquisitione,inquisitio,NOUN
dev-s403,18,faciendi,facio,VERB
dev-s403,19,ad,ad,ADP
dev-s403,20,parte,pars,NOUN
dev-s403,21,ipsius,ipse,DET
dev-s403,22,ecclesie,ecclesia,NOUN
dev-s403,23,",",",",PUNCT
dev-s403,24,sicut,sicut,SCONJ
dev-s403,25,dicebat,dico,VERB
dev-s403,26,",",",",PUNCT
dev-s403,27,et,et,CCONJ
dev-s403,28,venire,uenio,VERB
dev-s403,29,ad,ad,ADP
dev-s403,30,placito,placitum,NOUN
dev-s403,31,et,et,CCONJ
dev-s403,32,finendi,finio,VERB
dev-s403,33,exinde,exinde,ADV
dev-s403,34,causationem,causatio,NOUN
dev-s403,35,.,.,PUNCT
dev-s404,1,et,et,CCONJ
dev-s404,2,ipsi,ipse,DET
dev-s404,3,Offo,Offus,PROPN
dev-s404,4,et,et,CCONJ
dev-s404,5,Minto,Mintus,PROPN
dev-s404,6,dederunt,do,VERB
dev-s404,7,vuadia,wadia,NOUN
dev-s404,8,eidem,idem,DET
dev-s404,9,Eritei,Eriteus,PROPN
dev-s404,10,parati,paro,VERB
dev-s404,11,esset,sum,AUX
dev-s404,12,iudicium,iudicium,NOUN
dev-s404,13,inter,inter,ADP
dev-s404,14,se,sui,PRON
dev-s404,15,abendum,habeo,VERB
dev-s404,16,",",",",PUNCT
dev-s404,17,posuerunt,pono,VERB
dev-s404,18,inter,inter,ADP
dev-s404,19,se,sui,PRON
dev-s404,20,fideiussore,fideiussor,NOUN
dev-s404,21,et,et,CCONJ
dev-s404,22,constituto,constitutum,NOUN
dev-s404,23,.,.,PUNCT
dev-s405,1,in,in,ADP
dev-s405,2,constituta,constituo,VERB
dev-s405,3,vero,uero,ADV
dev-s405,4,die,dies,NOUN
dev-s405,5,utraque,uterque,DET
dev-s405,6,parte,pars,NOUN
dev-s405,7,reversi,reuorto,VERB
dev-s405,8,sunt,sum,AUX
dev-s405,9,in,in,ADP
dev-s405,10,iudicio,iudicium,NOUN
dev-s405,11,ante,ante,ADP
dev-s405,12,ipso,ipse,DET
dev-s405,13,Adalberto,Adalpertus,PROPN
dev-s405,14,comes,comes,NOUN
dev-s405,15,et,et,CCONJ
dev-s405,16,Gherardus,Gherardus,PROPN
dev-s405,17,episcopus,episcopus,NOUN
dev-s405,18,",",",",PUNCT
dev-s405,19,seo,seu,CCONJ
dev-s405,20,Teufridi,Teutfridus,PROPN
dev-s405,21,",",",",PUNCT
dev-s405,22,Gherimundo,Gherimundus,PROPN
dev-s405,23,et,et,CCONJ
dev-s405,24,Ghiselfridi,Ghiselfridus,PROPN
dev-s405,25,schabinis,scabinus,NOUN
dev-s405,26,et,et,CCONJ
dev-s405,27,reliquos,reliquus,DET
dev-s405,28,populo,populus,NOUN
dev-s405,29,.,.,PUNCT
dev-s406,1,tunc,tunc,ADV
dev-s406,2,ipsi,ipse,DET
dev-s406,3,Offo,Offus,PROPN
dev-s406,4,et,et,CCONJ
dev-s406,5,Minto,Mintus,PROPN
dev-s406,6,ceperunt,coepi,VERB
dev-s406,7,dicere,dico,VERB
dev-s406,8,:,:,PUNCT
dev-s407,1,ecce,ecce,PART
dev-s407,2,nos,nos,PRON
dev-s407,3,parati,paro,VERB
dev-s407,4,ab,ab,ADP
dev-s407,5,isto,iste,DET
dev-s407,6,Eriteo,Eriteus,PROPN
dev-s407,7,advocatus,aduocatus,NOUN
dev-s407,8,",",",",PUNCT
dev-s407,9,ut,ut,SCONJ
dev-s407,10,nobis,nos,PRON
dev-s407,11,responsum,responsum,NOUN
dev-s407,12,reddat,reddo,VERB
dev-s407,13,de,de,ADP
dev-s407,14,casis,casa,NOUN
dev-s407,15,ac,atque,CCONJ
dev-s407,16,rebus,res,NOUN
dev-s407,17,superius,superius,ADV
dev-s407,18,dicti,dico,VERB
dev-s407,19,",",",",PUNCT
dev-s407,20,sicut,sicut,SCONJ
dev-s407,21,inter,inter,ADP
dev-s407,22,nos,nos,PRON
dev-s407,23,vuadiatum,wadio,VERB
dev-s407,24,habemus,habeo,AUX
dev-s407,25,.,.,PUNCT
dev-s408,1,dicebant,dico,VERB
dev-s408,2,ipse,ipse,DET
dev-s408,3,Eriteo,Eriteus,PROPN
dev-s408,4,advocatus,aduocatus,NOUN
dev-s408,5,:,:,PUNCT
dev-s409,1,casis,casa,NOUN
dev-s409,2,et,et,CCONJ
dev-s409,3,rebus,res,NOUN
dev-s409,4,ipsis,ipse,DET
dev-s409,5,",",",",PUNCT
dev-s409,6,quas,qui,PRON
dev-s409,7,mihi,ego,PRON
dev-s409,8,[--],_,X
dev-s409,9,introistis,introeo,VERB
dev-s409,10,",",",",PUNCT
dev-s409,11,unde,unde,ADV
dev-s409,12,inter,inter,ADP
dev-s409,13,nos,nos,PRON
dev-s409,14,intentione,intentio,NOUN
dev-s409,15,abuimus,habeo,VERB
dev-s409,16,",",",",PUNCT
dev-s409,17,abet,habeo,VERB
dev-s409,18,et,et,CCONJ
dev-s409,19,detinet,detineo,VERB
dev-s409,20,parte,pars,NOUN
dev-s409,21,ipsius,ipse,DET
dev-s409,22,epischupatui,episcopatus,NOUN
dev-s409,23,sancti,sanctus,ADJ
dev-s409,24,Martini,Martinus,PROPN
dev-s409,25,per,per,ADP
dev-s409,26,annos,annus,NOUN
dev-s409,27,triginta,triginta,NUM
dev-s409,28,ad,ad,ADP
dev-s409,29,proprietatem,proprietas,NOUN
dev-s409,30,",",",",PUNCT
dev-s409,31,et,et,CCONJ
dev-s409,32,taliter,taliter,ADV
dev-s409,33,per,per,ADP
dev-s409,34,testes,testis,NOUN
dev-s409,35,adprobare,approbo,VERB
dev-s409,36,possum,possum,VERB
dev-s409,37,.,.,PUNCT
dev-s410,1,dum,dum,SCONJ
dev-s410,2,hoc,hic,DET
dev-s410,3,dixisset,dico,VERB
dev-s410,4,",",",",PUNCT
dev-s410,5,tunc,tunc,ADV
dev-s410,6,ipse,ipse,DET
dev-s410,7,Eriteo,Eriteus,PROPN
dev-s410,8,per,per,ADP
dev-s410,9,nostrum,noster,DET
dev-s410,10,iudicium,iudicium,NOUN
dev-s410,11,dedit,do,VERB
dev-s410,12,vuadia,wadia,NOUN
dev-s410,13,eorum,is,PRON
dev-s410,14,Offi,Offus,PROPN
dev-s410,15,[--],_,X
dev-s410,16,et,et,CCONJ
dev-s410,17,ipse,ipse,DET
dev-s410,18,Offo,Offus,PROPN
dev-s410,19,et,et,CCONJ
dev-s410,20,Minto,Mintus,PROPN
dev-s410,21,dederunt,do,VERB
dev-s410,22,vuadia,wadia,NOUN
dev-s410,23,si,si,SCONJ
dev-s410,24,parati,paro,VERB
dev-s410,25,esse,sum,AUX
dev-s410,26,testes,testis,NOUN
dev-s410,27,ipsos,ipse,DET
dev-s410,28,recipiendum,recipio,VERB
dev-s410,29,et,et,CCONJ
dev-s410,30,venire,uenio,VERB
dev-s410,31,sic,sic,ADV
dev-s410,32,amoniti,admoneo,VERB
dev-s410,33,",",",",PUNCT
dev-s410,34,si,si,SCONJ
dev-s410,35,potuissent,possum,VERB
dev-s410,36,[--],_,X
dev-s410,37,.,.,PUNCT
dev-s411,1,posuerunt,pono,VERB
dev-s411,2,inter,inter,ADP
dev-s411,3,se,sui,PRON
dev-s411,4,fideiussore,fideiussor,NOUN
dev-s411,5,et,et,CCONJ
dev-s411,6,constituto,constitutum,NOUN
dev-s411,7,.,.,PUNCT
dev-s412,1,constituta,constituo,VERB
dev-s412,2,vero,uero,ADV
dev-s412,3,die,dies,NOUN
dev-s412,4,utraque,uterque,DET
dev-s412,5,parte,pars,NOUN
dev-s412,6,in,in,ADP
dev-s412,7,iudicio,iudicium,NOUN
dev-s412,8,reversi,reuorto,VERB
dev-s412,9,sunt,sum,AUX
dev-s412,10,ante,ante,ADP
dev-s412,11,me,ego,PRON
dev-s412,12,qui,qui,DET
dev-s412,13,supra,supra,ADV
dev-s412,14,Gherardum,Gherardus,PROPN
dev-s412,15,episcopum,episcopus,NOUN
dev-s412,16,et,et,CCONJ
dev-s412,17,Iohannes,Johannes,PROPN
dev-s412,18,gastaldium,gastaldus,NOUN
dev-s412,19,adque,atque,CCONJ
dev-s412,20,vicecomiti,uicecomes,NOUN
dev-s412,21,nostro,noster,DET
dev-s412,22,",",",",PUNCT
dev-s412,23,seu,seu,CCONJ
dev-s412,24,Teufridi,Teutfridus,PROPN
dev-s412,25,et,et,CCONJ
dev-s412,26,Gherimundo,Gherimundus,PROPN
dev-s412,27,et,et,CCONJ
dev-s412,28,Ghiselfridi,Ghiselfridus,PROPN
dev-s412,29,schabinis,scabinus,NOUN
dev-s412,30,",",",",PUNCT
dev-s412,31,adesentibus,adsum,VERB
dev-s412,32,nobiscum,nobiscum,NOUN
dev-s412,33,Inghelelmo,Inghelelmus,PROPN
dev-s412,34,",",",",PUNCT
dev-s412,35,Alboni,Albonus,PROPN
dev-s412,36,",",",",PUNCT
dev-s412,37,Teudici,Teudicis,PROPN
dev-s412,38,",",",",PUNCT
dev-s412,39,Grimaldo,Grimualdus,PROPN
dev-s412,40,",",",",PUNCT
dev-s412,41,Vuittengo,Witingus,PROPN
dev-s412,42,",",",",PUNCT
dev-s412,43,Adalfridi,Adalfridus,PROPN
dev-s412,44,notarius,notarius,NOUN
dev-s412,45,",",",",PUNCT
dev-s412,46,Vuitterado,Witteradus,PROPN
dev-s412,47,et,et,CCONJ
dev-s412,48,Riccholfo,Richolfus,PROPN
dev-s412,49,de,de,ADP
dev-s412,50,Piscia,Piscia,PROPN
dev-s412,51,",",",",PUNCT
dev-s412,52,Ato,Atus,PROPN
dev-s412,53,",",",",PUNCT
dev-s412,54,Alateo,Alateus,PROPN
dev-s412,55,",",",",PUNCT
dev-s412,56,Alisi,Alisus,PROPN
dev-s412,57,",",",",PUNCT
dev-s412,58,Romaldo,Romualdus,PROPN
dev-s412,59,et,et,CCONJ
dev-s412,60,Flaiprando,Flaiprandus,PROPN
dev-s412,61,germani,germanus,NOUN
dev-s412,62,",",",",PUNCT
dev-s412,63,Alperto,Alpertus,PROPN
dev-s412,64,",",",",PUNCT
dev-s412,65,Albolfo,Albolfus,PROPN
dev-s412,66,clerico,clericus,NOUN
dev-s412,67,",",",",PUNCT
dev-s412,68,Auberto,Aubertus,PROPN
dev-s412,69,et,et,CCONJ
dev-s412,70,reliqui,reliquus,DET
dev-s412,71,multi,multus,DET
dev-s412,72,.,.,PUNCT
dev-s413,1,tunc,tunc,ADV
dev-s413,2,ipse,ipse,DET
dev-s413,3,Offo,Offus,PROPN
dev-s413,4,et,et,CCONJ
dev-s413,5,Minto,Mintus,PROPN
dev-s413,6,ceperunt,coepi,VERB
dev-s413,7,dicere,dico,VERB
dev-s413,8,:,:,PUNCT
dev-s414,1,ecce,ecce,PART
dev-s414,2,nos,nos,PRON
dev-s414,3,parati,paro,VERB
dev-s414,4,ab,ab,ADP
dev-s414,5,isto,iste,DET
dev-s414,6,Eriteo,Eriteus,PROPN
dev-s414,7,advocatus,aduocatus,NOUN
dev-s414,8,testes,testis,NOUN
dev-s414,9,ipsos,ipse,DET
dev-s414,10,recipiendum,recipio,VERB
dev-s414,11,",",",",PUNCT
dev-s414,12,sicut,sicut,SCONJ
dev-s414,13,nobis,nos,PRON
dev-s414,14,vuadiam,wadia,NOUN
dev-s414,15,dedi,do,VERB
dev-s414,16,.,.,PUNCT
dev-s415,1,sic,sic,ADV
dev-s415,2,ipse,ipse,DET
dev-s415,3,Eriteo,Eriteus,PROPN
dev-s415,4,advocatus,aduocatus,NOUN
dev-s415,5,detulit,defero,VERB
dev-s415,6,ante,ante,ADP
dev-s415,7,nos,nos,PRON
dev-s415,8,testimonias,testimonium,NOUN
dev-s415,9,suas,suus,DET
dev-s415,10,",",",",PUNCT
dev-s415,11,i,hic,DET
dev-s415,12,sunt,sum,AUX
dev-s415,13,Teupaldo,Teutpaldus,PROPN
dev-s415,14,",",",",PUNCT
dev-s415,15,Ermiteo,Ermiteus,PROPN
dev-s415,16,et,et,CCONJ
dev-s415,17,Adalghisi,Adelchisus,PROPN
dev-s415,18,.,.,PUNCT
dev-s416,1,et,et,CCONJ
dev-s416,2,dum,dum,SCONJ
dev-s416,3,ante,ante,ADP
dev-s416,4,nos,nos,PRON
dev-s416,5,presentati,praesento,VERB
dev-s416,6,fuisserunt,sum,AUX
dev-s416,7,",",",",PUNCT
dev-s416,8,interrogavimus,interrogo,VERB
dev-s416,9,ipsos,ipse,DET
dev-s416,10,Offo,Offus,PROPN
dev-s416,11,et,et,CCONJ
dev-s416,12,Minto,Mintus,PROPN
dev-s416,13,",",",",PUNCT
dev-s416,14,si,si,SCONJ
dev-s416,15,adversos,aduersus,ADP
dev-s416,16,testes,testis,NOUN
dev-s416,17,ipso,ipse,DET
dev-s416,18,aliquit,aliquis,PRON
dev-s416,19,abe,habeo,VERB
dev-s416,20,quot,quot,DET
dev-s416,21,contradicere,contradico,VERB
dev-s416,22,aut,aut,CCONJ
dev-s416,23,contendere,contendo,VERB
dev-s416,24,.,.,PUNCT
dev-s417,1,tunc,tunc,ADV
dev-s417,2,ipse,ipse,DET
dev-s417,3,Offo,Offus,PROPN
dev-s417,4,et,et,CCONJ
dev-s417,5,Minto,Mintus,PROPN
dev-s417,6,continuo,continuo,ADV
dev-s417,7,professi,profiteor,VERB
dev-s417,8,dixerunt,dico,VERB
dev-s417,9,quod,quod,SCONJ
dev-s417,10,contra,contra,ADP
dev-s417,11,testes,testis,NOUN
dev-s417,12,ipsos,ipse,DET
dev-s417,13,nullum,nullus,DET
dev-s417,14,abere,habeo,VERB
dev-s417,15,quot,quot,DET
dev-s417,16,contradicere,contradico,VERB
dev-s417,17,aut,aut,CCONJ
dev-s417,18,contendere,contendo,VERB
dev-s417,19,poterent,possum,VERB
dev-s417,20,",",",",PUNCT
dev-s417,21,nisi,nisi,SCONJ
dev-s417,22,quot,quod,SCONJ
dev-s417,23,boni,bonus,ADJ
dev-s417,24,essent,sum,AUX
dev-s417,25,.,.,PUNCT
dev-s418,1,tunc,tunc,ADV
dev-s418,2,testes,testis,NOUN
dev-s418,3,ipsos,ipse,DET
dev-s418,4,separati,separo,VERB
dev-s418,5,unum,unus,DET
dev-s418,6,ad,ad,ADP
dev-s418,7,unum,unus,DET
dev-s418,8,inquirere,inquiro,VERB
dev-s418,9,cepimus,coepi,VERB
dev-s418,10,",",",",PUNCT
dev-s418,11,et,et,CCONJ
dev-s418,12,nos,nos,PRON
dev-s418,13,qui,qui,DET
dev-s418,14,supra,supra,ADV
dev-s418,15,iudicibus,iudex,NOUN
dev-s418,16,interrogavimus,interrogo,VERB
dev-s418,17,eos,is,PRON
dev-s418,18,ana,ana,ADV
dev-s418,19,singulatim,singulatim,ADV
dev-s418,20,diligenter,diligenter,ADV
dev-s418,21,",",",",PUNCT
dev-s418,22,in,in,ADP
dev-s418,23,primis,primus,ADJ
dev-s418,24,Teupaldo,Teutpaldus,PROPN
dev-s418,25,quit,quis,PRON
dev-s418,26,isciret,scio,VERB
dev-s418,27,de,de,ADP
dev-s418,28,casis,casa,NOUN
dev-s418,29,et,et,CCONJ
dev-s418,30,rebus,res,NOUN
dev-s418,31,ipsis,ipse,DET
dev-s418,32,unde,unde,ADV
dev-s418,33,causatio,causatio,NOUN
dev-s418,34,est,sum,AUX
dev-s418,35,inter,inter,ADP
dev-s418,36,isto,iste,DET
dev-s418,37,Offo,Offus,PROPN
dev-s418,38,et,et,CCONJ
dev-s418,39,Minto,Mintus,PROPN
dev-s418,40,et,et,CCONJ
dev-s418,41,parte,pars,NOUN
dev-s418,42,ecclesie,ecclesia,NOUN
dev-s418,43,sancti,sanctus,ADJ
dev-s418,44,Martini,Martinus,PROPN
dev-s418,45,.,.,PUNCT
dev-s419,1,qui,qui,DET
dev-s419,2,ipse,ipse,DET
dev-s419,3,Teupaldo,Teutpaldus,PROPN
dev-s419,4,dixit,dico,VERB
dev-s419,5,:,:,PUNCT
dev-s420,1,sappi,sapio,VERB
dev-s420,2,eas,is,PRON
dev-s420,3,abe,habeo,VERB
dev-s420,4,parte,pars,NOUN
dev-s420,5,ecclesie,ecclesia,NOUN
dev-s420,6,sancti,sanctus,ADJ
dev-s420,7,Martini,Martinus,PROPN
dev-s420,8,per,per,ADP
dev-s420,9,annos,annus,NOUN
dev-s420,10,triginta,triginta,NUM
dev-s420,11,ad,ad,ADP
dev-s420,12,propietatem,proprietas,NOUN
dev-s420,13,[--],_,X
dev-s420,14,.,.,PUNCT
dev-s421,1,interrogavimus,interrogo,VERB
dev-s421,2,ipso,ipse,DET
dev-s421,3,Offo,Offus,PROPN
dev-s421,4,et,et,CCONJ
dev-s421,5,Minto,Mintus,PROPN
dev-s421,6,",",",",PUNCT
dev-s421,7,si,si,SCONJ
dev-s421,8,aberent,habeo,VERB
dev-s421,9,testes,testis,NOUN
dev-s421,10,suos,suus,DET
dev-s421,11,quot,quot,DET
dev-s421,12,contra,contra,ADP
dev-s421,13,illos,ille,DET
dev-s421,14,testes,testis,NOUN
dev-s421,15,qui,qui,PRON
dev-s421,16,ipsum,ipse,DET
dev-s421,17,testimonium,testimonium,NOUN
dev-s421,18,reddiderunt,reddo,VERB
dev-s421,19,reprobare,reprobo,VERB
dev-s421,20,potuissent,possum,VERB
dev-s421,21,quod,quod,SCONJ
dev-s421,22,veritatem,ueritas,NOUN
dev-s421,23,non,non,PART
dev-s421,24,dixisserunt,dico,VERB
dev-s421,25,.,.,PUNCT
dev-s422,1,qui,qui,PRON
dev-s422,2,dixerunt,dico,VERB
dev-s422,3,quod,quod,SCONJ
dev-s422,4,testes,testis,NOUN
dev-s422,5,exinde,exinde,ADV
dev-s422,6,non,non,PART
dev-s422,7,aberent,habeo,VERB
dev-s422,8,per,per,ADP
dev-s422,9,quos,qui,PRON
dev-s422,10,testes,testis,NOUN
dev-s422,11,ipsos,ipse,DET
dev-s422,12,reprobare,reprobo,VERB
dev-s422,13,potuisserunt,possum,VERB
dev-s422,14,.,.,PUNCT
dev-s423,1,professio,professio,NOUN
dev-s423,2,hec,hic,DET
dev-s423,3,facta,facio,VERB
dev-s423,4,",",",",PUNCT
dev-s423,5,tunc,tunc,ADV
dev-s423,6,ante,ante,ADP
dev-s423,7,nos,nos,PRON
dev-s423,8,sancta,sanctus,ADJ
dev-s423,9,Dei,Deus,PROPN
dev-s423,10,euvangelia,euangelium,NOUN
dev-s423,11,adduci,adduco,VERB
dev-s423,12,fecimus,facio,VERB
dev-s423,13,et,et,CCONJ
dev-s423,14,unusquisque,unusquisque,DET
dev-s423,15,singulatim,singulatim,ADV
dev-s423,16,qualiter,qualiter,SCONJ
dev-s423,17,testimonium,testimonium,NOUN
dev-s423,18,reddiderant,reddo,VERB
dev-s423,19,ad,ad,ADP
dev-s423,20,ipsas,ipse,DET
dev-s423,21,Dei,Deus,PROPN
dev-s423,22,euvangelia,euangelium,NOUN
dev-s423,23,firmaverunt,firmo,VERB
dev-s423,24,.,.,PUNCT
dev-s424,1,insuper,insuper,ADV
dev-s424,2,ipse,ipse,DET
dev-s424,3,Eriteo,Eriteus,PROPN
dev-s424,4,advocatus,aduocatus,NOUN
dev-s424,5,iuratus,iuro,VERB
dev-s424,6,dixit,dico,VERB
dev-s424,7,ad,ad,ADP
dev-s424,8,ipsa,ipse,DET
dev-s424,9,sancta,sanctus,ADJ
dev-s424,10,Dei,Deus,PROPN
dev-s424,11,euvangelia,euangelium,NOUN
dev-s424,12,",",",",PUNCT
dev-s424,13,qualiter,qualiter,SCONJ
dev-s424,14,testimonias,testimonium,NOUN
dev-s424,15,ipsas,ipse,DET
dev-s424,16,testimonium,testimonium,NOUN
dev-s424,17,reddiderunt,reddo,VERB
dev-s424,18,de,de,ADP
dev-s424,19,hac,hic,DET
dev-s424,20,causam,causa,NOUN
dev-s424,21,",",",",PUNCT
dev-s424,22,veritatem,ueritas,NOUN
dev-s424,23,dixerunt,dico,VERB
dev-s424,24,.,.,PUNCT
dev-s425,1,et,et,CCONJ
dev-s425,2,dum,dum,SCONJ
dev-s425,3,hec,hic,DET
dev-s425,4,omnia,omnis,DET
dev-s425,5,ab,ad,ADP
dev-s425,6,ordine,ordo,NOUN
dev-s425,7,actum,ago,VERB
dev-s425,8,fuisset,sum,AUX
dev-s425,9,",",",",PUNCT
dev-s425,10,[--],_,X
dev-s425,11,dicte,dico,VERB
dev-s425,12,sagramentas,sacramentum,NOUN
dev-s425,13,deductas,deduco,VERB
dev-s425,14,",",",",PUNCT
dev-s425,15,iustum,iustus,ADJ
dev-s425,16,nobis,nos,PRON
dev-s425,17,paruit,pareo,VERB
dev-s425,18,esset,sum,AUX
dev-s425,19,una,una,ADV
dev-s425,20,cum,cum,ADP
dev-s425,21,reliquis,reliquus,DET
dev-s425,22,nobiscum,nobiscum,NOUN
dev-s425,23,adesentibus,adsum,VERB
dev-s425,24,ita,ita,ADV
dev-s425,25,iudicavimus,iudico,VERB
dev-s425,26,",",",",PUNCT
dev-s425,27,ut,ut,SCONJ
dev-s425,28,casis,casa,NOUN
dev-s425,29,et,et,CCONJ
dev-s425,30,rebus,res,NOUN
dev-s425,31,ipsis,ipse,DET
dev-s425,32,aberent,habeo,VERB
dev-s425,33,parte,pars,NOUN
dev-s425,34,ecclesie,ecclesia,NOUN
dev-s425,35,sancti,sanctus,ADJ
dev-s425,36,Martini,Martinus,PROPN
dev-s425,37,sine,sine,ADP
dev-s425,38,contradictionem,contradictio,NOUN
dev-s425,39,ipsorum,ipse,DET
dev-s425,40,Offi,Offus,PROPN
dev-s425,41,et,et,CCONJ
dev-s425,42,Minti,Mintus,PROPN
dev-s425,43,",",",",PUNCT
dev-s425,44,nam,nam,PART
dev-s425,45,ipsi,ipse,DET
dev-s425,46,Offo,Offus,PROPN
dev-s425,47,et,et,CCONJ
dev-s425,48,Minto,Mintus,PROPN
dev-s425,49,iusta,iuxta,ADP
dev-s425,50,suas,suus,DET
dev-s425,51,professione,professio,NOUN
dev-s425,52,permaneant,permaneo,VERB
dev-s425,53,exinde,exinde,ADV
dev-s425,54,tacitos,tacitus,ADJ
dev-s425,55,et,et,CCONJ
dev-s425,56,contentos,contineo,VERB
dev-s425,57,adque,atque,CCONJ
dev-s425,58,remotos,remoueo,VERB
dev-s425,59,.,.,PUNCT
dev-s426,1,et,et,CCONJ
dev-s426,2,fenita,finio,VERB
dev-s426,3,est,sum,AUX
dev-s426,4,causas,causa,NOUN
dev-s426,5,.,.,PUNCT
dev-s427,1,unde,unde,ADV
dev-s427,2,hanc,hic,DET
dev-s427,3,notitia,notitia,NOUN
dev-s427,4,iudicati,iudicatum,NOUN
dev-s427,5,pro,pro,ADP
dev-s427,6,securitatem,securitas,NOUN
dev-s427,7,ipsius,ipse,DET
dev-s427,8,epischupatui,episcopatus,NOUN
dev-s427,9,sancti,sanctus,ADJ
dev-s427,10,Martini,Martinus,PROPN
dev-s427,11,Roffridi,Rodfridus,PROPN
dev-s427,12,notarium,notarius,NOUN
dev-s427,13,scribere,scribo,VERB
dev-s427,14,admonuimus,admoneo,VERB
dev-s427,15,",",",",PUNCT
dev-s427,16,anno,annus,NOUN
dev-s427,17,imperii,imperium,NOUN
dev-s427,18,domni,domnus,NOUN
dev-s427,19,nostri,noster,DET
dev-s427,20,[Propn],_,PROPN
dev-s427,21,",",",",PUNCT
dev-s427,22,quinto,quintus,ADJ
dev-s427,23,decimo,decimus,ADJ
dev-s427,24,kalendas,kalendae,NOUN
dev-s427,25,augustas,augustus,ADJ
dev-s427,26,",",",",PUNCT
dev-s427,27,indictione,indictio,NOUN
dev-s427,28,secunda,secundus,ADJ
dev-s427,29,.,.,PUNCT
dev-s428,1,signum,signum,NOUN
dev-s428,2,+,+,PUNCT
dev-s428,3,manus,manus,NOUN
dev-s428,4,Iohannes,Johannes,PROPN
dev-s428,5,gastaldi,gastaldus,NOUN
dev-s428,6,in,in,ADP
dev-s428,7,cuius,qui,DET
dev-s428,8,presentia,praesentia,NOUN
dev-s428,9,hoc,hic,DET
dev-s428,10,peractum,perago,VERB
dev-s428,11,est,sum,AUX
dev-s428,12,.,.,PUNCT
dev-s429,1,+,+,PUNCT
dev-s429,2,Ego,ego,PRON
dev-s429,3,Filuartu,Filuartus,PROPN
dev-s429,4,scabinus,scabinus,NOUN
dev-s429,5,in,in,ADP
dev-s429,6,quantum,quantum,SCONJ
dev-s429,7,de,de,ADP
dev-s429,8,me,ego,PRON
dev-s429,9,super,super,ADV
dev-s429,10,legitur,lego,VERB
dev-s429,11,interfui,intersum,VERB
dev-s429,12,.,.,PUNCT
dev-s430,1,+,+,PUNCT
dev-s430,2,Ego,ego,PRON
dev-s430,3,Teufridi,Teutfridus,PROPN
dev-s430,4,scabinus,scabinus,NOUN
dev-s430,5,in,in,ADP
dev-s430,6,quantum,quantum,SCONJ
dev-s430,7,de,de,ADP
dev-s430,8,me,ego,PRON
dev-s430,9,super,super,ADV
dev-s430,10,legitur,lego,VERB
dev-s430,11,interfui,intersum,VERB
dev-s430,12,.,.,PUNCT
dev-s431,1,ego,ego,PRON
dev-s431,2,Ghiselfridi,Ghiselfridus,PROPN
dev-s431,3,notarius,notarius,NOUN
dev-s431,4,et,et,CCONJ
dev-s431,5,schabinus,scabinus,NOUN
dev-s431,6,interfui,intersum,VERB
dev-s431,7,.,.,PUNCT
dev-s432,1,signum,signum,NOUN
dev-s432,2,+,+,PUNCT
dev-s432,3,manus,manus,NOUN
dev-s432,4,Rapprandi,Rapprandus,PROPN
dev-s432,5,qui,qui,PRON
dev-s432,6,Ato,Atus,PROPN
dev-s432,7,vocatur,uoco,VERB
dev-s432,8,",",",",PUNCT
dev-s432,9,qui,qui,PRON
dev-s432,10,ibi,ubi,ADV
dev-s432,11,fuit,sum,AUX
dev-s432,12,.,.,PUNCT
dev-s433,1,+,+,PUNCT
dev-s433,2,Ego,ego,PRON
dev-s433,3,Adalfridi,Adalfridus,PROPN
dev-s433,4,notarius,notarius,NOUN
dev-s433,5,in,in,ADP
dev-s433,6,aliquid,aliquis,PRON
dev-s433,7,ibi,ubi,ADV
dev-s433,8,fui,sum,AUX
dev-s433,9,.,.,PUNCT
dev-s434,1,signum,signum,NOUN
dev-s434,2,+,+,PUNCT
dev-s434,3,manus,manus,NOUN
dev-s434,4,Ostrualdi,Austrualdus,PROPN
dev-s434,5,filio,filius,NOUN
dev-s434,6,Ostrualdi,Austrualdus,PROPN
dev-s434,7,",",",",PUNCT
dev-s434,8,qui,qui,PRON
dev-s434,9,ibi,ubi,ADV
dev-s434,10,fuit,sum,AUX
dev-s434,11,.,.,PUNCT
dev-s435,1,+,+,PUNCT
dev-s435,2,Ego,ego,PRON
dev-s435,3,Alpertus,Alpertus,PROPN
dev-s435,4,ibi,ubi,ADV
dev-s435,5,fui,sum,AUX
dev-s435,6,.,.,PUNCT
dev-s436,1,+,+,PUNCT
dev-s436,2,Ego,ego,PRON
dev-s436,3,[Propn],_,PROPN
dev-s436,4,in,in,ADP
dev-s436,5,aliquid,aliquis,PRON
dev-s436,6,ibi,ubi,ADV
dev-s436,7,fui,sum,AUX
dev-s436,8,.,.,PUNCT
dev-s437,1,+,+,PUNCT
dev-s437,2,Ego,ego,PRON
dev-s437,3,Alboni,Albonus,PROPN
dev-s437,4,ibi,ubi,ADV
dev-s437,5,fui,sum,AUX
dev-s437,6,.,.,PUNCT
dev-s438,1,+,+,PUNCT
dev-s438,2,Ego,ego,PRON
dev-s438,3,Albolfo,Albolfus,PROPN
dev-s438,4,clericus,clericus,NOUN
dev-s438,5,ibi,ubi,ADV
dev-s438,6,fui,sum,AUX
dev-s438,7,.,.,PUNCT
dev-s439,1,signum,signum,NOUN
dev-s439,2,+,+,PUNCT
dev-s439,3,manus,manus,NOUN
dev-s439,4,Ati,Atus,PROPN
dev-s439,5,de,de,ADP
dev-s439,6,Vichopelago,Vicopelagus,PROPN
dev-s439,7,",",",",PUNCT
dev-s439,8,qui,qui,PRON
dev-s439,9,ibi,ubi,ADV
dev-s439,10,fuit,sum,AUX
dev-s439,11,.,.,PUNCT
dev-s440,1,+,+,PUNCT
dev-s440,2,Ego,ego,PRON
dev-s440,3,Vuitingo,Witingus,PROPN
dev-s440,4,ibi,ubi,ADV
dev-s440,5,fui,sum,AUX
dev-s440,6,.,.,PUNCT
dev-s441,1,+,+,PUNCT
dev-s441,2,Ego,ego,PRON
dev-s441,3,Iohannes,Johannes,PROPN
dev-s441,4,ibi,ubi,ADV
dev-s441,5,fui,sum,AUX
dev-s441,6,.,.,PUNCT
dev-s442,1,+,+,PUNCT
dev-s442,2,Ego,ego,PRON
dev-s442,3,Adonaldo,Adonaldus,PROPN
dev-s442,4,ibi,ubi,ADV
dev-s442,5,fui,sum,AUX
dev-s442,6,.,.,PUNCT
dev-s443,1,+,+,PUNCT
dev-s443,2,Ego,ego,PRON
dev-s443,3,Alateo,Alateus,PROPN
dev-s443,4,ibi,ubi,ADV
dev-s443,5,fui,sum,AUX
dev-s443,6,.,.,PUNCT
dev-s444,1,+,+,PUNCT
dev-s444,2,Ego,ego,PRON
dev-s444,3,Alisi,Alisus,PROPN
dev-s444,4,ibi,ubi,ADV
dev-s444,5,fui,sum,AUX
dev-s444,6,.,.,PUNCT
dev-s445,1,+,+,PUNCT
dev-s445,2,In,in,ADP
dev-s445,3,Dei,Deus,PROPN
dev-s445,4,omnipotentis,omnipotens,ADJ
dev-s445,5,nomine,nomen,NOUN
dev-s445,6,regnante,regno,VERB
dev-s445,7,domno,domnus,NOUN
dev-s445,8,nostro,noster,DET
dev-s445,9,Karolus,Carolus,PROPN
dev-s445,10,divina,diuinus,ADJ
dev-s445,11,faventem,faueo,VERB
dev-s445,12,clementiam,clementia,NOUN
dev-s445,13,imperatore,imperator,NOUN
dev-s445,14,augusto,augustus,NOUN
dev-s445,15,",",",",PUNCT
dev-s445,16,anno,annus,NOUN
dev-s445,17,imperii,imperium,NOUN
dev-s445,18,eis,is,PRON
dev-s445,19,quarto,quartus,ADJ
dev-s445,20,",",",",PUNCT
dev-s445,21,idus,idus,NOUN
dev-s445,22,augustas,augustus,ADJ
dev-s445,23,",",",",PUNCT
dev-s445,24,indictione,indictio,NOUN
dev-s445,25,secunda,secundus,ADJ
dev-s445,26,.,.,PUNCT
dev-s446,1,manifestu,manifestus,ADJ
dev-s446,2,sum,sum,AUX
dev-s446,3,ego,ego,PRON
dev-s446,4,Baruncio,Barontius,PROPN
dev-s446,5,presbitero,presbyter,NOUN
dev-s446,6,",",",",PUNCT
dev-s446,7,filio,filius,NOUN
dev-s446,8,quondam,quondam,ADJ
dev-s446,9,Ghisperti,Ghispertus,PROPN
dev-s446,10,",",",",PUNCT
dev-s446,11,quia,quia,SCONJ
dev-s446,12,tu,tu,PRON
dev-s446,13,Gherardus,Gherardus,PROPN
dev-s446,14,",",",",PUNCT
dev-s446,15,gratia,gratia,NOUN
dev-s446,16,Dei,Deus,PROPN
dev-s446,17,uius,hic,DET
dev-s446,18,sancte,sanctus,ADJ
dev-s446,19,Lucane,lucanus,ADJ
dev-s446,20,ecclesie,ecclesia,NOUN
dev-s446,21,umilis,humilis,ADJ
dev-s446,22,episcopus,episcopus,NOUN
dev-s446,23,",",",",PUNCT
dev-s446,24,per,per,ADP
dev-s446,25,cartula,chartula,NOUN
dev-s446,26,livellario,libellarius,ADJ
dev-s446,27,nomine,nomen,NOUN
dev-s446,28,ad,ad,ADP
dev-s446,29,censum,census,NOUN
dev-s446,30,vobis,uos,PRON
dev-s446,31,perexolvendum,perexsoluo,VERB
dev-s446,32,dedisti,do,VERB
dev-s446,33,mihi,ego,PRON
dev-s446,34,id,is,PRON
dev-s446,35,est,sum,AUX
dev-s446,36,ecclesia,ecclesia,NOUN
dev-s446,37,illa,ille,DET
dev-s446,38,cui,qui,PRON
dev-s446,39,vocabulum,uocabulum,NOUN
dev-s446,40,est,sum,AUX
dev-s446,41,beati,beatus,ADJ
dev-s446,42,sancti,sanctus,ADJ
dev-s446,43,Petri,Petrus,PROPN
dev-s446,44,sita,sino,VERB
dev-s446,45,in,in,ADP
dev-s446,46,loco,locus,NOUN
dev-s446,47,Salissamo,Salisciamum,PROPN
dev-s446,48,",",",",PUNCT
dev-s446,49,pertenentes,pertineo,VERB
dev-s446,50,ecclesie,ecclesia,NOUN
dev-s446,51,sancte,sanctus,ADJ
dev-s446,52,Marie,Maria,PROPN
dev-s446,53,qua,qui,PRON
dev-s446,54,dicitur,dico,VERB
dev-s446,55,Cappella,Cappella,PROPN
dev-s446,56,",",",",PUNCT
dev-s446,57,qui,qui,PRON
dev-s446,58,est,sum,AUX
dev-s446,59,disub,desub,ADP
dev-s446,60,potestatem,potestas,NOUN
dev-s446,61,episcopatui,episcopatus,NOUN
dev-s446,62,vestri,uester,DET
dev-s446,63,sancti,sanctus,ADJ
dev-s446,64,Martini,Martinus,PROPN
dev-s446,65,;,;,PUNCT
dev-s447,1,ita,ita,ADV
dev-s447,2,melioretur,melioro,VERB
dev-s447,3,et,et,CCONJ
dev-s447,4,non,non,PART
dev-s447,5,pegioretur,peioro,VERB
dev-s447,6,.,.,PUNCT
dev-s448,1,nisi,nisi,CCONJ
dev-s448,2,tantum,tantum,ADV
dev-s448,3,pro,pro,ADP
dev-s448,4,omni,omnis,DET
dev-s448,5,iustitiam,iustitia,NOUN
dev-s448,6,exinde,exinde,ADV
dev-s448,7,tibi,tu,PRON
dev-s448,8,vel,uel,CCONJ
dev-s448,9,ad,ad,ADP
dev-s448,10,subcessoribus,successor,NOUN
dev-s448,11,tuis,tuus,DET
dev-s448,12,ad,ad,ADP
dev-s448,13,parte,pars,NOUN
dev-s448,14,episcopatui,episcopatus,NOUN
dev-s448,15,vestri,uester,DET
dev-s448,16,sancti,sanctus,ADJ
dev-s448,17,Martini,Martinus,PROPN
dev-s448,18,reddere,reddo,VERB
dev-s448,19,debeamus,debeo,VERB
dev-s448,20,per,per,ADP
dev-s448,21,singulos,singulus,ADJ
dev-s448,22,annos,annus,NOUN
dev-s448,23,per,per,ADP
dev-s448,24,me,ego,PRON
dev-s448,25,",",",",PUNCT
dev-s448,26,aut,aut,CCONJ
dev-s448,27,per,per,ADP
dev-s448,28,misso,missus,NOUN
dev-s448,29,meo,meus,DET
dev-s448,30,",",",",PUNCT
dev-s448,31,hic,hic,ADV
dev-s448,32,Luca,Luca,PROPN
dev-s448,33,ad,ad,ADP
dev-s448,34,ecclesie,ecclesia,NOUN
dev-s448,35,sancte,sanctus,ADJ
dev-s448,36,Marie,Maria,PROPN
dev-s448,37,que,qui,PRON
dev-s448,38,dicitur,dico,VERB
dev-s448,39,Cappella,Cappella,PROPN
dev-s448,40,",",",",PUNCT
dev-s448,41,per,per,ADP
dev-s448,42,omne,omnis,DET
dev-s448,43,mense,mensis,NOUN
dev-s448,44,augusto,augustus,ADJ
dev-s448,45,",",",",PUNCT
dev-s448,46,argentum,argentum,NOUN
dev-s448,47,denarios,denarius,NOUN
dev-s448,48,bono,bonus,ADJ
dev-s448,49,expendiviles,expendibilis,ADJ
dev-s448,50,numero,numerus,NOUN
dev-s448,51,duodecim,duodecim,NUM
dev-s448,52,;,;,PUNCT
dev-s449,1,et,et,CCONJ
dev-s449,2,in,in,ADP
dev-s449,3,ipsa,ipse,DET
dev-s449,4,Domini,Dominus,PROPN
dev-s449,5,ecclesia,ecclesia,NOUN
dev-s449,6,per,per,ADP
dev-s449,7,me,ego,PRON
dev-s449,8,aut,aut,CCONJ
dev-s449,9,per,per,ADP
dev-s449,10,mea,meus,DET
dev-s449,11,dispositionem,dispositio,NOUN
dev-s449,12,officio,officium,NOUN
dev-s449,13,Dei,Deus,PROPN
dev-s449,14,et,et,CCONJ
dev-s449,15,luminaria,luminare,NOUN
dev-s449,16,seu,seu,CCONJ
dev-s449,17,missarum,missa,NOUN
dev-s449,18,solemnia,sollemne,NOUN
dev-s449,19,fieri,fio,VERB
dev-s449,20,debeam,debeo,VERB
dev-s449,21,;,;,PUNCT
dev-s450,1,et,et,CCONJ
dev-s450,2,in,in,ADP
dev-s450,3,ipsa,ipse,DET
dev-s450,4,casa,casa,NOUN
dev-s450,5,ego,ego,PRON
dev-s450,6,homines,homo,NOUN
dev-s450,7,ad,ad,ADP
dev-s450,8,residendum,resideo,VERB
dev-s450,9,et,et,CCONJ
dev-s450,10,abitandum,habito,VERB
dev-s450,11,mittere,mitto,VERB
dev-s450,12,debeamus,debeo,VERB
dev-s450,13,et,et,CCONJ
dev-s450,14,homines,homo,NOUN
dev-s450,15,illos,ille,DET
dev-s450,16,qui,qui,PRON
dev-s450,17,in,in,ADP
dev-s450,18,ipsa,ipse,DET
dev-s450,19,casa,casa,NOUN
dev-s450,20,abitantes,habito,VERB
dev-s450,21,fuerit,sum,AUX
dev-s450,22,",",",",PUNCT
dev-s450,23,ad,ab,ADP
dev-s450,24,mandato,mandatum,NOUN
dev-s450,25,vestro,uester,DET
dev-s450,26,eos,is,PRON
dev-s450,27,venire,uenio,VERB
dev-s450,28,faciamus,facio,VERB
dev-s450,29,hic,hic,ADV
dev-s450,30,Luca,Luca,PROPN
dev-s450,31,legem,lex,NOUN
dev-s450,32,et,et,CCONJ
dev-s450,33,iustitia,iustitia,NOUN
dev-s450,34,faciendum,facio,VERB
dev-s450,35,tantum,tantum,ADV
dev-s450,36,.,.,PUNCT
dev-s451,1,et,et,CCONJ
dev-s451,2,si,si,SCONJ
dev-s451,3,nos,nos,PRON
dev-s451,4,vobis,uos,PRON
dev-s451,5,sic,sic,ADV
dev-s451,6,non,non,PART
dev-s451,7,adimpleverimus,adimpleo,VERB
dev-s451,8,sicut,sicut,SCONJ
dev-s451,9,supra,supra,ADV
dev-s451,10,legitur,lego,VERB
dev-s451,11,",",",",PUNCT
dev-s451,12,et,et,CCONJ
dev-s451,13,ego,ego,PRON
dev-s451,14,suprascripta,suprascriptus,DET
dev-s451,15,ecclesia,ecclesia,NOUN
dev-s451,16,seo,seu,CCONJ
dev-s451,17,casis,casa,NOUN
dev-s451,18,vel,uel,CCONJ
dev-s451,19,rebus,res,NOUN
dev-s451,20,ad,ad,ADP
dev-s451,21,eam,is,PRON
dev-s451,22,pertenentes,pertineo,VERB
dev-s451,23,relaxaverimus,relaxo,VERB
dev-s451,24,",",",",PUNCT
dev-s451,25,vel,uel,CCONJ
dev-s451,26,si,si,SCONJ
dev-s451,27,per,per,ADP
dev-s451,28,me,ego,PRON
dev-s451,29,pegiorata,peioro,VERB
dev-s451,30,fuerit,sum,AUX
dev-s451,31,",",",",PUNCT
dev-s451,32,spondeo,spondeo,VERB
dev-s451,33,ego,ego,PRON
dev-s451,34,qui,qui,DET
dev-s451,35,supra,supra,ADV
dev-s451,36,Baruncio,Barontius,PROPN
dev-s451,37,presbitero,presbyter,NOUN
dev-s451,38,conponere,compono,VERB
dev-s451,39,tibi,tu,PRON
dev-s451,40,qui,qui,DET
dev-s451,41,supra,supra,ADV
dev-s451,42,Gherardus,Gherardus,PROPN
dev-s451,43,episcopus,episcopus,NOUN
dev-s451,44,",",",",PUNCT
dev-s451,45,vel,uel,CCONJ
dev-s451,46,ad,ad,ADP
dev-s451,47,subcessoribus,successor,NOUN
dev-s451,48,tuis,tuus,DET
dev-s451,49,",",",",PUNCT
dev-s451,50,penam,poena,NOUN
dev-s451,51,",",",",PUNCT
dev-s451,52,argentum,argentum,NOUN
dev-s451,53,soledos,solidus,NOUN
dev-s451,54,viginti,uiginti,NUM
dev-s451,55,",",",",PUNCT
dev-s451,56,quia,quia,SCONJ
dev-s451,57,taliter,taliter,ADV
dev-s451,58,inter,inter,ADP
dev-s451,59,nobis,nos,PRON
dev-s451,60,conveni,conuenio,VERB
dev-s451,61,et,et,CCONJ
dev-s451,62,duos,duo,NUM
dev-s451,63,inter,inter,ADP
dev-s451,64,nobis,nos,PRON
dev-s451,65,libelli,libellus,NOUN
dev-s451,66,Atrualdum,Atrualdus,PROPN
dev-s451,67,notarium,notarius,NOUN
dev-s451,68,scribere,scribo,VERB
dev-s451,69,rogavimus,rogo,VERB
dev-s451,70,.,.,PUNCT
dev-s452,1,actum,ago,VERB
dev-s452,2,Luca,Luca,PROPN
dev-s452,3,.,.,PUNCT
dev-s453,1,+,+,PUNCT
dev-s453,2,Ego,ego,PRON
dev-s453,3,Baruncio,Barontius,PROPN
dev-s453,4,presbitero,presbyter,NOUN
dev-s453,5,in,in,ADP
dev-s453,6,unc,hic,DET
dev-s453,7,libello,libellus,NOUN
dev-s453,8,a,ab,ADP
dev-s453,9,me,ego,PRON
dev-s453,10,facto,facio,VERB
dev-s453,11,manu,manus,NOUN
dev-s453,12,mea,meus,DET
dev-s453,13,subscripsi,subscribo,VERB
dev-s453,14,.,.,PUNCT
dev-s454,1,+,+,PUNCT
dev-s454,2,Ego,ego,PRON
dev-s454,3,Sicherado,Sicheradus,PROPN
dev-s454,4,",",",",PUNCT
dev-s454,5,rogatus,rogo,VERB
dev-s454,6,a,ab,ADP
dev-s454,7,Baruncio,Barontius,PROPN
dev-s454,8,presbitero,presbyter,NOUN
dev-s454,9,",",",",PUNCT
dev-s454,10,me,ego,PRON
dev-s454,11,teste,testis,NOUN
dev-s454,12,subscripsi,subscribo,VERB
dev-s454,13,.,.,PUNCT
dev-s455,1,+,+,PUNCT
dev-s455,2,Ego,ego,PRON
dev-s455,3,Alboni,Albonus,PROPN
dev-s455,4,",",",",PUNCT
dev-s455,5,rogatus,rogo,VERB
dev-s455,6,a,ab,ADP
dev-s455,7,Baruncio,Barontius,PROPN
dev-s455,8,presbitero,presbyter,NOUN
dev-s455,9,",",",",PUNCT
dev-s455,10,me,ego,PRON
dev-s455,11,teste,testis,NOUN
dev-s455,12,subscripsi,subscribo,VERB
dev-s455,13,.,.,PUNCT
dev-s456,1,ego,ego,PRON
dev-s456,2,Cunimundo,Cunimundus,PROPN
dev-s456,3,",",",",PUNCT
dev-s456,4,rogatus,rogo,VERB
dev-s456,5,a,ab,ADP
dev-s456,6,Baruncio,Barontius,PROPN
dev-s456,7,presbitero,presbyter,NOUN
dev-s456,8,",",",",PUNCT
dev-s456,9,me,ego,PRON
dev-s456,10,teste,testis,NOUN
dev-s456,11,subscripsi,subscribo,VERB
dev-s456,12,.,.,PUNCT
dev-s457,1,ego,ego,PRON
dev-s457,2,Teupertus,Teutpertus,PROPN
dev-s457,3,",",",",PUNCT
dev-s457,4,rogatus,rogo,VERB
dev-s457,5,a,ab,ADP
dev-s457,6,Baruncio,Barontius,PROPN
dev-s457,7,presbitero,presbyter,NOUN
dev-s457,8,",",",",PUNCT
dev-s457,9,me,ego,PRON
dev-s457,10,teste,testis,NOUN
dev-s457,11,subscripsi,subscribo,VERB
dev-s457,12,.,.,PUNCT
dev-s458,1,+,+,PUNCT
dev-s458,2,Ego,ego,PRON
dev-s458,3,Ghisolfo,Ghisolfus,PROPN
dev-s458,4,",",",",PUNCT
dev-s458,5,rogatus,rogo,VERB
dev-s458,6,a,ab,ADP
dev-s458,7,Baroncio,Barontius,PROPN
dev-s458,8,presbitero,presbyter,NOUN
dev-s458,9,",",",",PUNCT
dev-s458,10,me,ego,PRON
dev-s458,11,teste,testis,NOUN
dev-s458,12,subscripsi,subscribo,VERB
dev-s458,13,.,.,PUNCT
dev-s459,1,+,+,PUNCT
dev-s459,2,Ego,ego,PRON
dev-s459,3,Atrualdus,Atrualdus,PROPN
dev-s459,4,notarius,notarius,NOUN
dev-s459,5,post,post,ADP
dev-s459,6,traditam,trado,VERB
dev-s459,7,conplevi,compleo,VERB
dev-s459,8,et,et,CCONJ
dev-s459,9,dedi,do,VERB
dev-s459,10,.,.,PUNCT
dev-s460,1,Exemplar,exemplar,NOUN
dev-s460,2,.,.,PUNCT
dev-s461,1,in,in,ADP
dev-s461,2,Dei,Deus,PROPN
dev-s461,3,omnipotentis,omnipotens,ADJ
dev-s461,4,nomine,nomen,NOUN
dev-s461,5,regnante,regno,VERB
dev-s461,6,domno,domnus,NOUN
dev-s461,7,nostro,noster,DET
dev-s461,8,Karolus,Carolus,PROPN
dev-s461,9,divina,diuinus,ADJ
dev-s461,10,faventem,faueo,VERB
dev-s461,11,clementia,clementia,NOUN
dev-s461,12,imperatore,imperator,NOUN
dev-s461,13,augusto,augustus,NOUN
dev-s461,14,",",",",PUNCT
dev-s461,15,anno,annus,NOUN
dev-s461,16,imperii,imperium,NOUN
dev-s461,17,eius,is,PRON
dev-s461,18,quarto,quartus,ADJ
dev-s461,19,",",",",PUNCT
dev-s461,20,duodecimo,duodecimus,ADJ
dev-s461,21,kalendas,kalendae,NOUN
dev-s461,22,septembris,september,ADJ
dev-s461,23,",",",",PUNCT
dev-s461,24,indictione,indictio,NOUN
dev-s461,25,secunda,secundus,ADJ
dev-s461,26,.,.,PUNCT
dev-s462,1,manifesti,manifestus,ADJ
dev-s462,2,sumus,sum,AUX
dev-s462,3,nos,nos,PRON
dev-s462,4,Ghisalberto,Ghiselpertus,PROPN
dev-s462,5,et,et,CCONJ
dev-s462,6,Adalberto,Adalpertus,PROPN
dev-s462,7,subdiacono,subdiaconus,NOUN
dev-s462,8,seo,seu,CCONJ
dev-s462,9,Ghisperto,Ghispertus,PROPN
dev-s462,10,germani,germanus,NOUN
dev-s462,11,",",",",PUNCT
dev-s462,12,filii,filius,NOUN
dev-s462,13,bone,bonus,ADJ
dev-s462,14,memorie,memoria,NOUN
dev-s462,15,Ghisperti,Ghispertus,PROPN
dev-s462,16,",",",",PUNCT
dev-s462,17,quia,quia,SCONJ
dev-s462,18,pro,pro,ADP
dev-s462,19,divina,diuinus,ADJ
dev-s462,20,misericordia,misericordia,NOUN
dev-s462,21,a,ab,ADP
dev-s462,22,fundamenti,fundamentum,NOUN
dev-s462,23,construximus,construo,VERB
dev-s462,24,ecclesia,ecclesia,NOUN
dev-s462,25,in,in,ADP
dev-s462,26,proprio,proprius,ADJ
dev-s462,27,territurio,territorium,NOUN
dev-s462,28,nostro,noster,DET
dev-s462,29,in,in,ADP
dev-s462,30,honorem,honor,NOUN
dev-s462,31,Dei,Deus,PROPN
dev-s462,32,et,et,CCONJ
dev-s462,33,beatissimi,beatus,ADJ
dev-s462,34,sancti,sanctus,ADJ
dev-s462,35,Andree,Andreas,PROPN
dev-s462,36,apostuli,apostolus,NOUN
dev-s462,37,sita,sino,VERB
dev-s462,38,in,in,ADP
dev-s462,39,loco,locus,NOUN
dev-s462,40,Feruniano,Ferronianum,PROPN
dev-s462,41,",",",",PUNCT
dev-s462,42,ubi,ubi,ADV
dev-s462,43,et,et,CCONJ
dev-s462,44,per,per,ADP
dev-s462,45,hanc,hic,DET
dev-s462,46,dotis,dos,NOUN
dev-s462,47,pagina,pagina,NOUN
dev-s462,48,dare,do,VERB
dev-s462,49,et,et,CCONJ
dev-s462,50,offerrere,offero,VERB
dev-s462,51,previdimus,praeuideo,VERB
dev-s462,52,Deo,Deus,PROPN
dev-s462,53,et,et,CCONJ
dev-s462,54,ipsius,ipse,DET
dev-s462,55,ecclesie,ecclesia,NOUN
dev-s462,56,sancti,sanctus,ADJ
dev-s462,57,Andree,Andreas,PROPN
dev-s462,58,",",",",PUNCT
dev-s462,59,in,in,ADP
dev-s462,60,primis,primus,ADJ
dev-s462,61,fundamento,fundamentum,NOUN
dev-s462,62,illum,ille,DET
dev-s462,63,in,in,ADP
dev-s462,64,qua,qui,PRON
dev-s462,65,ipsa,ipse,DET
dev-s462,66,ecclesia,ecclesia,NOUN
dev-s462,67,sita,sino,VERB
dev-s462,68,constituta,constituo,VERB
dev-s462,69,esse,sum,AUX
dev-s462,70,videtur,uideo,VERB
dev-s462,71,",",",",PUNCT
dev-s462,72,una,una,ADV
dev-s462,73,cum,cum,ADP
dev-s462,74,curte,curtis,NOUN
dev-s462,75,et,et,CCONJ
dev-s462,76,orto,hortus,NOUN
dev-s462,77,seo,seu,CCONJ
dev-s462,78,terra,terra,NOUN
dev-s462,79,recta,recta,ADP
dev-s462,80,ipsa,ipse,DET
dev-s462,81,ecclesia,ecclesia,NOUN
dev-s462,82,totum,totus,DET
dev-s462,83,insimul,insimul,ADV
dev-s462,84,admembratas,admembro,VERB
dev-s462,85,",",",",PUNCT
dev-s462,86,tenente,teneo,VERB
dev-s462,87,uno,unus,DET
dev-s462,88,capo,caput,NOUN
dev-s462,89,in,in,ADP
dev-s462,90,terra,terra,NOUN
dev-s462,91,et,et,CCONJ
dev-s462,92,curte,curtis,NOUN
dev-s462,93,de,de,ADP
dev-s462,94,filii,filius,NOUN
dev-s462,95,quondam,quondam,ADJ
dev-s462,96,Bonprandi,Boniprandus,PROPN
dev-s462,97,et,et,CCONJ
dev-s462,98,in,in,ADP
dev-s462,99,terra,terra,NOUN
dev-s462,100,et,et,CCONJ
dev-s462,101,curte,curtis,NOUN
dev-s462,102,nostra,noster,DET
dev-s462,103,",",",",PUNCT
dev-s462,104,qui,qui,PRON
dev-s462,105,fuit,sum,AUX
dev-s462,106,quondam,quondam,ADJ
dev-s462,107,Vuistriperti,Wistripertus,PROPN
dev-s462,108,et,et,CCONJ
dev-s462,109,Gumfridi,Gumfridus,PROPN
dev-s462,110,seo,seu,CCONJ
dev-s462,111,Andree,Andreas,PROPN
dev-s462,112,germani,germanus,NOUN
dev-s462,113,",",",",PUNCT
dev-s462,114,quas,qui,PRON
dev-s462,115,nobis,nos,PRON
dev-s462,116,reservamus,reseruo,VERB
dev-s462,117,",",",",PUNCT
dev-s462,118,alio,alius,DET
dev-s462,119,capo,caput,NOUN
dev-s462,120,tenet,teneo,VERB
dev-s462,121,in,in,ADP
dev-s462,122,via,uia,NOUN
dev-s462,123,",",",",PUNCT
dev-s462,124,lato,latus,NOUN
dev-s462,125,uno,unus,DET
dev-s462,126,tenet,teneo,VERB
dev-s462,127,in,in,ADP
dev-s462,128,terra,terra,NOUN
dev-s462,129,Ghaiperti,Gaipertus,PROPN
dev-s462,130,",",",",PUNCT
dev-s462,131,et,et,CCONJ
dev-s462,132,alio,alius,DET
dev-s462,133,lato,latus,NOUN
dev-s462,134,tenet,teneo,VERB
dev-s462,135,in,in,ADP
dev-s462,136,terra,terra,NOUN
dev-s462,137,et,et,CCONJ
dev-s462,138,curte,curtis,NOUN
dev-s462,139,nostra,noster,DET
dev-s462,140,domnicata,domnicatus,ADJ
dev-s462,141,",",",",PUNCT
dev-s462,142,quas,qui,PRON
dev-s462,143,nobis,nos,PRON
dev-s462,144,reservamus,reseruo,VERB
dev-s462,145,",",",",PUNCT
dev-s462,146,fini,finis,ADP
dev-s462,147,ipso,ipse,DET
dev-s462,148,puteo,puteus,NOUN
dev-s462,149,quas,qui,PRON
dev-s462,150,ibi,ubi,ADV
dev-s462,151,esse,sum,AUX
dev-s462,152,videtur,uideo,VERB
dev-s462,153,;,;,PUNCT
dev-s463,1,hec,hic,DET
dev-s463,2,predicto,praedictus,DET
dev-s463,3,fundamento,fundamentum,NOUN
dev-s463,4,sive,siue,CCONJ
dev-s463,5,terra,terra,NOUN
dev-s463,6,qualiter,qualiter,SCONJ
dev-s463,7,insimul,insimul,ADV
dev-s463,8,circumdata,circumdo,VERB
dev-s463,9,est,sum,AUX
dev-s463,10,per,per,ADP
dev-s463,11,designatas,designo,VERB
dev-s463,12,locas,locum,NOUN
dev-s463,13,in,in,ADP
dev-s463,14,integrum,integer,ADJ
dev-s463,15,Deo,Deus,PROPN
dev-s463,16,et,et,CCONJ
dev-s463,17,ipsius,ipse,DET
dev-s463,18,ecclesie,ecclesia,NOUN
dev-s463,19,sancti,sanctus,ADJ
dev-s463,20,Andree,Andreas,PROPN
dev-s463,21,offerrere,offero,VERB
dev-s463,22,previdimus,praeuideo,VERB
dev-s463,23,",",",",PUNCT
dev-s463,24,una,una,ADV
dev-s463,25,cum,cum,ADP
dev-s463,26,[--],_,X
dev-s463,27,portione,portio,NOUN
dev-s463,28,de,de,ADP
dev-s463,29,ipso,ipse,DET
dev-s463,30,puteo,puteus,NOUN
dev-s463,31,",",",",PUNCT
dev-s463,32,simul,simul,ADV
dev-s463,33,et,et,CCONJ
dev-s463,34,terra,terra,NOUN
dev-s463,35,et,et,CCONJ
dev-s463,36,vinea,uinea,NOUN
dev-s463,37,nostra,noster,DET
dev-s463,38,illa,ille,DET
dev-s463,39,in,in,ADP
dev-s463,40,ipso,ipse,DET
dev-s463,41,loco,locus,NOUN
dev-s463,42,Feruniano,Ferronianum,PROPN
dev-s463,43,ubi,ubi,ADV
dev-s463,44,dicitur,dico,VERB
dev-s463,45,Prato,Pratum,PROPN
dev-s463,46,Viti,Vitus,PROPN
dev-s463,47,",",",",PUNCT
dev-s463,48,quas,qui,PRON
dev-s463,49,ipsius,ipse,DET
dev-s463,50,genitori,genitor,NOUN
dev-s463,51,nostro,noster,DET
dev-s463,52,obvenit,obuenio,VERB
dev-s463,53,ad,ab,ADP
dev-s463,54,suprascripto,suprascriptus,DET
dev-s463,55,quondam,quondam,ADJ
dev-s463,56,Gumfridi,Gumfridus,PROPN
dev-s463,57,",",",",PUNCT
dev-s463,58,et,et,CCONJ
dev-s463,59,es,sum,AUX
dev-s463,60,tenentes,teneo,VERB
dev-s463,61,uno,unus,DET
dev-s463,62,capo,caput,NOUN
dev-s463,63,[--],_,X
dev-s463,64,in,in,ADP
dev-s463,65,via,uia,NOUN
dev-s463,66,",",",",PUNCT
dev-s463,67,alio,alius,DET
dev-s463,68,capo,caput,NOUN
dev-s463,69,tenet,teneo,VERB
dev-s463,70,in,in,ADP
dev-s463,71,fluvio,fluuius,NOUN
dev-s463,72,Rotta,Rupta,PROPN
dev-s463,73,",",",",PUNCT
dev-s463,74,lato,latus,NOUN
dev-s463,75,uno,unus,DET
dev-s463,76,tenet,teneo,VERB
dev-s463,77,in,in,ADP
dev-s463,78,prato,pratum,NOUN
dev-s463,79,de,de,ADP
dev-s463,80,filii,filius,NOUN
dev-s463,81,quondam,quondam,ADJ
dev-s463,82,Odalfridi,Odalfridus,PROPN
dev-s463,83,",",",",PUNCT
dev-s463,84,alio,alius,DET
dev-s463,85,lato,latus,NOUN
dev-s463,86,tenet,teneo,VERB
dev-s463,87,in,in,ADP
dev-s463,88,vinea,uinea,NOUN
dev-s463,89,Chuneradi,Cuniradus,PROPN
dev-s463,90,",",",",PUNCT
dev-s463,91,terra,terra,NOUN
dev-s463,92,et,et,CCONJ
dev-s463,93,vinea,uinea,NOUN
dev-s463,94,ipsa,ipse,DET
dev-s463,95,in,in,ADP
dev-s463,96,integrum,integer,ADJ
dev-s463,97,;,;,PUNCT
dev-s464,1,et,et,CCONJ
dev-s464,2,pro,pro,ADP
dev-s464,3,confirmationem,confirmatio,NOUN
dev-s464,4,Cospertum,Cospertus,PROPN
dev-s464,5,notarium,notarius,NOUN
dev-s464,6,scribere,scribo,VERB
dev-s464,7,rogavimus,rogo,VERB
dev-s464,8,.,.,PUNCT
dev-s465,1,actum,ago,VERB
dev-s465,2,Luca,Luca,PROPN
dev-s465,3,.,.,PUNCT
dev-s466,1,+,+,PUNCT
dev-s466,2,Ego,ego,PRON
dev-s466,3,Ghisalpertus,Ghiselpertus,PROPN
dev-s466,4,in,in,ADP
dev-s466,5,anc,hic,DET
dev-s466,6,dotis,dos,NOUN
dev-s466,7,pagina,pagina,NOUN
dev-s466,8,a,ab,ADP
dev-s466,9,nos,nos,PRON
dev-s466,10,facta,facio,VERB
dev-s466,11,manus,manus,NOUN
dev-s466,12,mea,meus,DET
dev-s466,13,subscripsi,subscribo,VERB
dev-s466,14,.,.,PUNCT
dev-s467,1,+,+,PUNCT
dev-s467,2,Ego,ego,PRON
dev-s467,3,Adalbertus,Adalpertus,PROPN
dev-s467,4,subdiaconus,subdiaconus,NOUN
dev-s467,5,in,in,ADP
dev-s467,6,anc,hic,DET
dev-s467,7,dotis,dos,NOUN
dev-s467,8,pagina,pagina,NOUN
dev-s467,9,a,ab,ADP
dev-s467,10,nos,nos,PRON
dev-s467,11,facta,facio,VERB
dev-s467,12,manus,manus,NOUN
dev-s467,13,mea,meus,DET
dev-s467,14,subscripsi,subscribo,VERB
dev-s467,15,.,.,PUNCT
dev-s468,1,+,+,PUNCT
dev-s468,2,Ego,ego,PRON
dev-s468,3,Ghisperto,Ghispertus,PROPN
dev-s468,4,in,in,ADP
dev-s468,5,anc,hic,DET
dev-s468,6,dotis,dos,NOUN
dev-s468,7,pagina,pagina,NOUN
dev-s468,8,a,ab,ADP
dev-s468,9,nos,nos,PRON
dev-s468,10,facta,facio,VERB
dev-s468,11,manus,manus,NOUN
dev-s468,12,mea,meus,DET
dev-s468,13,subscripsi,subscribo,VERB
dev-s468,14,.,.,PUNCT
dev-s469,1,+,+,PUNCT
dev-s469,2,Ego,ego,PRON
dev-s469,3,Teudardo,Teuderadus,PROPN
dev-s469,4,rogatus,rogo,VERB
dev-s469,5,a,ab,ADP
dev-s469,6,suprascripti,suprascriptus,DET
dev-s469,7,germani,germanus,NOUN
dev-s469,8,",",",",PUNCT
dev-s469,9,me,ego,PRON
dev-s469,10,teste,testis,NOUN
dev-s469,11,subscripsi,subscribo,VERB
dev-s469,12,.,.,PUNCT
dev-s470,1,+,+,PUNCT
dev-s470,2,Ego,ego,PRON
dev-s470,3,[Propn],_,PROPN
dev-s470,4,",",",",PUNCT
dev-s470,5,rogatus,rogo,VERB
dev-s470,6,ad,ab,ADP
dev-s470,7,suprascripti,suprascriptus,DET
dev-s470,8,germani,germanus,NOUN
dev-s470,9,",",",",PUNCT
dev-s470,10,me,ego,PRON
dev-s470,11,teste,testis,NOUN
dev-s470,12,subscripsi,subscribo,VERB
dev-s470,13,.,.,PUNCT
dev-s471,1,+,+,PUNCT
dev-s471,2,Ego,ego,PRON
dev-s471,3,Roppaldus,Rodpaldus,PROPN
dev-s471,4,",",",",PUNCT
dev-s471,5,rogatus,rogo,VERB
dev-s471,6,a,ab,ADP
dev-s471,7,suprascripti,suprascriptus,DET
dev-s471,8,germani,germanus,NOUN
dev-s471,9,",",",",PUNCT
dev-s471,10,me,ego,PRON
dev-s471,11,teste,testis,NOUN
dev-s471,12,subscripsi,subscribo,VERB
dev-s471,13,.,.,PUNCT
dev-s472,1,+,+,PUNCT
dev-s472,2,Ego,ego,PRON
dev-s472,3,Fraolmo,Fraolmus,PROPN
dev-s472,4,",",",",PUNCT
dev-s472,5,rogatus,rogo,VERB
dev-s472,6,a,ab,ADP
dev-s472,7,suprascripti,suprascriptus,DET
dev-s472,8,germani,germanus,NOUN
dev-s472,9,",",",",PUNCT
dev-s472,10,subscripsi,subscribo,VERB
dev-s472,11,.,.,PUNCT
dev-s473,1,+,+,PUNCT
dev-s473,2,Ego,ego,PRON
dev-s473,3,Adalpertus,Adalpertus,PROPN
dev-s473,4,notarius,notarius,NOUN
dev-s473,5,rogatus,rogo,VERB
dev-s473,6,a,ab,ADP
dev-s473,7,suprascripti,suprascriptus,DET
dev-s473,8,germani,germanus,NOUN
dev-s473,9,",",",",PUNCT
dev-s473,10,me,ego,PRON
dev-s473,11,teste,testis,NOUN
dev-s473,12,subscripsi,subscribo,VERB
dev-s473,13,.,.,PUNCT
dev-s474,1,+,+,PUNCT
dev-s474,2,Ego,ego,PRON
dev-s474,3,Ghisolfo,Ghisolfus,PROPN
dev-s474,4,",",",",PUNCT
dev-s474,5,rogatus,rogo,VERB
dev-s474,6,ad,ab,ADP
dev-s474,7,suprascripti,suprascriptus,DET
dev-s474,8,germani,germanus,NOUN
dev-s474,9,",",",",PUNCT
dev-s474,10,me,ego,PRON
dev-s474,11,teste,testis,NOUN
dev-s474,12,subscripsi,subscribo,VERB
dev-s474,13,.,.,PUNCT
dev-s475,1,+,+,PUNCT
dev-s475,2,Ego,ego,PRON
dev-s475,3,Anselmus,Anselmus,PROPN
dev-s475,4,",",",",PUNCT
dev-s475,5,rogatus,rogo,VERB
dev-s475,6,ad,ab,ADP
dev-s475,7,suprascripti,suprascriptus,DET
dev-s475,8,germani,germanus,NOUN
dev-s475,9,",",",",PUNCT
dev-s475,10,me,ego,PRON
dev-s475,11,teste,testis,NOUN
dev-s475,12,subscripsi,subscribo,VERB
dev-s475,13,.,.,PUNCT
dev-s476,1,+,+,PUNCT
dev-s476,2,Ego,ego,PRON
dev-s476,3,Roffridi,Rodfridus,PROPN
dev-s476,4,notarius,notarius,NOUN
dev-s476,5,et,et,CCONJ
dev-s476,6,schabinus,scabinus,NOUN
dev-s476,7,subscripsi,subscribo,VERB
dev-s476,8,.,.,PUNCT
dev-s477,1,+,+,PUNCT
dev-s477,2,Ego,ego,PRON
dev-s477,3,Cospertus,Cospertus,PROPN
dev-s477,4,notarius,notarius,NOUN
dev-s477,5,post,post,ADP
dev-s477,6,traditam,trado,VERB
dev-s477,7,conplevi,compleo,VERB
dev-s477,8,et,et,CCONJ
dev-s477,9,dedi,do,VERB
dev-s477,10,.,.,PUNCT
dev-s478,1,+,+,PUNCT
dev-s478,2,Ego,ego,PRON
dev-s478,3,qui,qui,DET
dev-s478,4,supra,supra,ADV
dev-s478,5,Cospertus,Cospertus,PROPN
dev-s478,6,notarius,notarius,NOUN
dev-s478,7,ex,ex,ADP
dev-s478,8,autenticho,authenticum,NOUN
dev-s478,9,illo,ille,DET
dev-s478,10,a,ab,ADP
dev-s478,11,me,ego,PRON
dev-s478,12,ipso,ipse,DET
dev-s478,13,scripsi,scribo,VERB
dev-s478,14,",",",",PUNCT
dev-s478,15,fideliter,fideliter,ADV
dev-s478,16,exemplavi,exemplo,VERB
dev-s478,17,.,.,PUNCT
dev-s479,1,+,+,PUNCT
dev-s479,2,Ego,ego,PRON
dev-s479,3,[Propn],_,PROPN
dev-s479,4,autenticho,authenticum,NOUN
dev-s479,5,illo,ille,DET
dev-s479,6,vidi,uideo,VERB
dev-s479,7,et,et,CCONJ
dev-s479,8,legi,lego,VERB
dev-s479,9,unde,unde,ADV
dev-s479,10,hanc,hic,DET
dev-s479,11,exemplar,exemplar,NOUN
dev-s479,12,factum,facio,VERB
dev-s479,13,est,sum,AUX
dev-s479,14,et,et,CCONJ
dev-s479,15,ibi,ubi,ADV
dev-s479,16,subscripsi,subscribo,VERB
dev-s479,17,.,.,PUNCT
dev-s480,1,+,+,PUNCT
dev-s480,2,Ego,ego,PRON
dev-s480,3,qui,qui,DET
dev-s480,4,supra,supra,ADV
dev-s480,5,Ghisolfo,Ghisolfus,PROPN
dev-s480,6,autenticho,authenticum,NOUN
dev-s480,7,illo,ille,DET
dev-s480,8,vidi,uideo,VERB
dev-s480,9,et,et,CCONJ
dev-s480,10,legi,lego,VERB
dev-s480,11,unde,unde,ADV
dev-s480,12,hanc,hic,DET
dev-s480,13,exemplar,exemplar,NOUN
dev-s480,14,factum,facio,VERB
dev-s480,15,est,sum,AUX
dev-s480,16,et,et,CCONJ
dev-s480,17,ibi,ubi,ADV
dev-s480,18,subscripsi,subscribo,VERB
dev-s480,19,.,.,PUNCT
dev-s481,1,+,+,PUNCT
dev-s481,2,Ego,ego,PRON
dev-s481,3,qui,qui,DET
dev-s481,4,supra,supra,ADV
dev-s481,5,Anselmus,Anselmus,PROPN
dev-s481,6,autenticho,authenticum,NOUN
dev-s481,7,illo,ille,DET
dev-s481,8,vidi,uideo,VERB
dev-s481,9,et,et,CCONJ
dev-s481,10,legi,lego,VERB
dev-s481,11,unde,unde,ADV
dev-s481,12,hanc,hic,DET
dev-s481,13,exemplar,exemplar,NOUN
dev-s481,14,facta,facio,VERB
dev-s481,15,est,sum,AUX
dev-s481,16,et,et,CCONJ
dev-s481,17,ic,hic,ADV
dev-s481,18,et,et,CCONJ
dev-s481,19,ibi,ubi,ADV
dev-s481,20,subscripsi,subscribo,VERB
dev-s481,21,.,.,PUNCT
dev-s482,1,+,+,PUNCT
dev-s482,2,Ego,ego,PRON
dev-s482,3,Fraolmi,Fraolmus,PROPN
dev-s482,4,autenticho,authenticum,NOUN
dev-s482,5,illo,ille,DET
dev-s482,6,vidi,uideo,VERB
dev-s482,7,et,et,CCONJ
dev-s482,8,legi,lego,VERB
dev-s482,9,unde,unde,ADV
dev-s482,10,hanc,hic,DET
dev-s482,11,exemplar,exemplar,NOUN
dev-s482,12,factum,facio,VERB
dev-s482,13,est,sum,AUX
dev-s482,14,et,et,CCONJ
dev-s482,15,ibi,ubi,ADV
dev-s482,16,subscripsi,subscribo,VERB
dev-s482,17,.,.,PUNCT
dev-s483,1,+,+,PUNCT
dev-s483,2,Ego,ego,PRON
dev-s483,3,Adalpertus,Adalpertus,PROPN
dev-s483,4,notarius,notarius,NOUN
dev-s483,5,autenticho,authenticum,NOUN
dev-s483,6,illo,ille,DET
dev-s483,7,vidi,uideo,VERB
dev-s483,8,et,et,CCONJ
dev-s483,9,legi,lego,VERB
dev-s483,10,unde,unde,ADV
dev-s483,11,hanc,hic,DET
dev-s483,12,exemplar,exemplar,NOUN
dev-s483,13,factum,facio,VERB
dev-s483,14,est,sum,AUX
dev-s483,15,et,et,CCONJ
dev-s483,16,ibi,ubi,ADV
dev-s483,17,subscripsi,subscribo,VERB
dev-s483,18,.,.,PUNCT
dev-s484,1,+,+,PUNCT
dev-s484,2,Ego,ego,PRON
dev-s484,3,qui,qui,DET
dev-s484,4,supra,supra,ADV
dev-s484,5,[Propn],_,PROPN
dev-s484,6,autenticho,authenticum,NOUN
dev-s484,7,illo,ille,DET
dev-s484,8,vidi,uideo,VERB
dev-s484,9,et,et,CCONJ
dev-s484,10,legi,lego,VERB
dev-s484,11,unde,unde,ADV
dev-s484,12,hanc,hic,DET
dev-s484,13,exemplar,exemplar,NOUN
dev-s484,14,factum,facio,VERB
dev-s484,15,est,sum,AUX
dev-s484,16,et,et,CCONJ
dev-s484,17,ibi,ubi,ADV
dev-s484,18,subscripsi,subscribo,VERB
dev-s484,19,.,.,PUNCT
dev-s485,1,+,+,PUNCT
dev-s485,2,Ego,ego,PRON
dev-s485,3,[Propn],_,PROPN
dev-s485,4,autenticho,authenticum,NOUN
dev-s485,5,illo,ille,DET
dev-s485,6,vidi,uideo,VERB
dev-s485,7,et,et,CCONJ
dev-s485,8,legi,lego,VERB
dev-s485,9,unde,unde,ADV
dev-s485,10,hanc,hic,DET
dev-s485,11,exemplar,exemplar,NOUN
dev-s485,12,factum,facio,VERB
dev-s485,13,est,sum,AUX
dev-s485,14,et,et,CCONJ
dev-s485,15,ibi,ubi,ADV
dev-s485,16,subscripsi,subscribo,VERB
dev-s485,17,.,.,PUNCT
dev-s486,1,In,in,ADP
dev-s486,2,Dei,Deus,PROPN
dev-s486,3,omnipotentis,omnipotens,ADJ
dev-s486,4,nomine,nomen,NOUN
dev-s486,5,regnante,regno,VERB
dev-s486,6,domno,domnus,NOUN
dev-s486,7,nostro,noster,DET
dev-s486,8,Karolus,Carolus,PROPN
dev-s486,9,divina,diuinus,ADJ
dev-s486,10,faventem,faueo,VERB
dev-s486,11,clementia,clementia,NOUN
dev-s486,12,inperatore,imperator,NOUN
dev-s486,13,augusto,augustus,NOUN
dev-s486,14,",",",",PUNCT
dev-s486,15,anno,annus,NOUN
dev-s486,16,imperii,imperium,NOUN
dev-s486,17,eius,is,PRON
dev-s486,18,quarto,quartus,ADJ
dev-s486,19,",",",",PUNCT
dev-s486,20,quarto,quartus,ADJ
dev-s486,21,kalendas,kalendae,NOUN
dev-s486,22,septembris,september,ADJ
dev-s486,23,",",",",PUNCT
dev-s486,24,indictione,indictio,NOUN
dev-s486,25,secunda,secundus,ADJ
dev-s486,26,.,.,PUNCT
dev-s487,1,manifestu,manifestus,ADJ
dev-s487,2,sum,sum,AUX
dev-s487,3,ego,ego,PRON
dev-s487,4,Valperto,Walpertus,PROPN
dev-s487,5,",",",",PUNCT
dev-s487,6,filio,filius,NOUN
dev-s487,7,quondam,quondam,ADJ
dev-s487,8,Martini,Martinus,PROPN
dev-s487,9,",",",",PUNCT
dev-s487,10,quia,quia,SCONJ
dev-s487,11,tu,tu,PRON
dev-s487,12,Gherardus,Gherardus,PROPN
dev-s487,13,",",",",PUNCT
dev-s487,14,gratia,gratia,NOUN
dev-s487,15,Dei,Deus,PROPN
dev-s487,16,huius,hic,DET
dev-s487,17,sancte,sanctus,ADJ
dev-s487,18,Lucanem,lucanus,ADJ
dev-s487,19,ecclesie,ecclesia,NOUN
dev-s487,20,humilis,humilis,ADJ
dev-s487,21,episcopus,episcopus,NOUN
dev-s487,22,",",",",PUNCT
dev-s487,23,per,per,ADP
dev-s487,24,cartula,chartula,NOUN
dev-s487,25,livellario,libellarius,ADJ
dev-s487,26,nomine,nomen,NOUN
dev-s487,27,dedisti,do,VERB
dev-s487,28,mihi,ego,PRON
dev-s487,29,id,is,PRON
dev-s487,30,est,sum,AUX
dev-s487,31,casa,casa,NOUN
dev-s487,32,et,et,CCONJ
dev-s487,33,res,res,NOUN
dev-s487,34,illa,ille,DET
dev-s487,35,in,in,ADP
dev-s487,36,loco,locus,NOUN
dev-s487,37,ubi,ubi,ADV
dev-s487,38,dicitur,dico,VERB
dev-s487,39,Africo,Africum,PROPN
dev-s487,40,prope,prope,ADP
dev-s487,41,Granaiolo,Granariolum,PROPN
dev-s487,42,",",",",PUNCT
dev-s487,43,pertenens,pertineo,VERB
dev-s487,44,ipsius,ipse,DET
dev-s487,45,episcopatui,episcopatus,NOUN
dev-s487,46,vestro,uester,DET
dev-s487,47,sancti,sanctus,ADJ
dev-s487,48,Martini,Martinus,PROPN
dev-s487,49,",",",",PUNCT
dev-s487,50,et,et,CCONJ
dev-s487,51,ipse,ipse,DET
dev-s487,52,casa,casa,NOUN
dev-s487,53,recta,rego,VERB
dev-s487,54,fuit,sum,AUX
dev-s487,55,per,per,ADP
dev-s487,56,Ildipertulo,Hildipertulus,PROPN
dev-s487,57,massario,massarius,NOUN
dev-s487,58,;,;,PUNCT
dev-s488,1,et,et,CCONJ
dev-s488,2,tam,tam,ADV
dev-s488,3,ipsa,ipse,DET
dev-s488,4,casa,casa,NOUN
dev-s488,5,et,et,CCONJ
dev-s488,6,res,res,NOUN
dev-s488,7,bene,bene,ADV
dev-s488,8,laborare,laboro,VERB
dev-s488,9,et,et,CCONJ
dev-s488,10,gubernare,guberno,VERB
dev-s488,11,seo,seu,CCONJ
dev-s488,12,meliorare,melioro,VERB
dev-s488,13,debeamus,debeo,VERB
dev-s488,14,;,;,PUNCT
dev-s489,1,et,et,CCONJ
dev-s489,2,exinde,exinde,ADV
dev-s489,3,tibi,tu,PRON
dev-s489,4,vel,uel,CCONJ
dev-s489,5,ad,ad,ADP
dev-s489,6,subcessoribus,successor,NOUN
dev-s489,7,tuis,tuus,DET
dev-s489,8,ad,ad,ADP
dev-s489,9,parte,pars,NOUN
dev-s489,10,ipsius,ipse,DET
dev-s489,11,episcopatui,episcopatus,NOUN
dev-s489,12,vestro,uester,DET
dev-s489,13,sancti,sanctus,ADJ
dev-s489,14,Martini,Martinus,PROPN
dev-s489,15,",",",",PUNCT
dev-s489,16,per,per,ADP
dev-s489,17,singulos,singulus,ADJ
dev-s489,18,annos,annus,NOUN
dev-s489,19,in,in,ADP
dev-s489,20,ipso,ipse,DET
dev-s489,21,loco,locus,NOUN
dev-s489,22,reddere,reddo,VERB
dev-s489,23,debeamus,debeo,VERB
dev-s489,24,saume,sagma,NOUN
dev-s489,25,duo,duo,NUM
dev-s489,26,de,de,ADP
dev-s489,27,vino,uinum,NOUN
dev-s489,28,mundo,mundus,ADJ
dev-s489,29,sine,sine,ADP
dev-s489,30,aqua,aqua,NOUN
dev-s489,31,;,;,PUNCT
dev-s490,1,hangharia,angaria,NOUN
dev-s490,2,vero,uero,ADV
dev-s490,3,vobis,uos,PRON
dev-s490,4,facere,facio,VERB
dev-s490,5,debeamus,debeo,VERB
dev-s490,6,",",",",PUNCT
dev-s490,7,per,per,ADP
dev-s490,8,singulos,singulus,ADJ
dev-s490,9,annos,annus,NOUN
dev-s490,10,per,per,ADP
dev-s490,11,homnem,omnis,DET
dev-s490,12,epdomatas,hebdomada,NOUN
dev-s490,13,dies,dies,NOUN
dev-s490,14,duo,duo,NUM
dev-s490,15,;,;,PUNCT
dev-s491,1,et,et,CCONJ
dev-s491,2,si,si,SCONJ
dev-s491,3,vos,uos,PRON
dev-s491,4,aut,aut,CCONJ
dev-s491,5,misso,missus,NOUN
dev-s491,6,vestro,uester,DET
dev-s491,7,ibidem,ibidem,ADV
dev-s491,8,super,super,ADP
dev-s491,9,palmentum,palmentum,NOUN
dev-s491,10,veneritis,uenio,VERB
dev-s491,11,nos,nos,PRON
dev-s491,12,vos,uos,PRON
dev-s491,13,recipere,recipio,VERB
dev-s491,14,et,et,CCONJ
dev-s491,15,gubernare,guberno,VERB
dev-s491,16,debeamus,debeo,VERB
dev-s491,17,",",",",PUNCT
dev-s491,18,et,et,CCONJ
dev-s491,19,a,ab,ADP
dev-s491,20,mandato,mandatum,NOUN
dev-s491,21,vestro,uester,DET
dev-s491,22,hic,hic,ADV
dev-s491,23,Luca,Luca,PROPN
dev-s491,24,venire,uenio,VERB
dev-s491,25,debeamus,debeo,VERB
dev-s491,26,legem,lex,NOUN
dev-s491,27,et,et,CCONJ
dev-s491,28,iustitiam,iustitia,NOUN
dev-s491,29,faciendum,facio,VERB
dev-s491,30,tantum,tantum,ADV
dev-s491,31,.,.,PUNCT
dev-s492,1,et,et,CCONJ
dev-s492,2,si,si,SCONJ
dev-s492,3,nos,nos,PRON
dev-s492,4,vobis,uos,PRON
dev-s492,5,taliter,taliter,ADV
dev-s492,6,non,non,PART
dev-s492,7,adimpleverimus,adimpleo,VERB
dev-s492,8,sicut,sicut,SCONJ
dev-s492,9,supra,supra,ADV
dev-s492,10,legitur,lego,VERB
dev-s492,11,",",",",PUNCT
dev-s492,12,aut,aut,CCONJ
dev-s492,13,suprascripta,suprascriptus,DET
dev-s492,14,casa,casa,NOUN
dev-s492,15,et,et,CCONJ
dev-s492,16,res,res,NOUN
dev-s492,17,relassaverimus,relaxo,VERB
dev-s492,18,",",",",PUNCT
dev-s492,19,vel,uel,CCONJ
dev-s492,20,si,si,SCONJ
dev-s492,21,aput,apud,ADP
dev-s492,22,nos,nos,PRON
dev-s492,23,pegiorata,peioro,VERB
dev-s492,24,fuerit,sum,AUX
dev-s492,25,",",",",PUNCT
dev-s492,26,spondeo,spondeo,VERB
dev-s492,27,ego,ego,PRON
dev-s492,28,qui,qui,DET
dev-s492,29,supra,supra,ADV
dev-s492,30,Valperto,Walpertus,PROPN
dev-s492,31,",",",",PUNCT
dev-s492,32,una,una,ADV
dev-s492,33,cum,cum,ADP
dev-s492,34,meis,meus,DET
dev-s492,35,heredes,heres,NOUN
dev-s492,36,",",",",PUNCT
dev-s492,37,conponere,compono,VERB
dev-s492,38,tibi,tu,PRON
dev-s492,39,qui,qui,DET
dev-s492,40,supra,supra,ADV
dev-s492,41,Gherardus,Gherardus,PROPN
dev-s492,42,episcopus,episcopus,NOUN
dev-s492,43,",",",",PUNCT
dev-s492,44,vel,uel,CCONJ
dev-s492,45,ad,ad,ADP
dev-s492,46,subcessoribus,successor,NOUN
dev-s492,47,tuis,tuus,DET
dev-s492,48,",",",",PUNCT
dev-s492,49,penam,poena,NOUN
dev-s492,50,",",",",PUNCT
dev-s492,51,argentum,argentum,NOUN
dev-s492,52,soledos,solidus,NOUN
dev-s492,53,[--],_,X
dev-s492,54,viginti,uiginti,NUM
dev-s492,55,",",",",PUNCT
dev-s492,56,quia,quia,SCONJ
dev-s492,57,taliter,taliter,ADV
dev-s492,58,inter,inter,ADP
dev-s492,59,nos,nos,PRON
dev-s492,60,convenit,conuenio,VERB
dev-s492,61,et,et,CCONJ
dev-s492,62,duas,duo,NUM
dev-s492,63,cartulas,chartula,NOUN
dev-s492,64,Lopo,lupus,PROPN
dev-s492,65,notarium,notarius,NOUN
dev-s492,66,scribere,scribo,VERB
dev-s492,67,rogavimus,rogo,VERB
dev-s492,68,.,.,PUNCT
dev-s493,1,actum,ago,VERB
dev-s493,2,Luca,Luca,PROPN
dev-s493,3,.,.,PUNCT
dev-s494,1,signum,signum,NOUN
dev-s494,2,+,+,PUNCT
dev-s494,3,manus,manus,NOUN
dev-s494,4,Valperti,Walpertus,PROPN
dev-s494,5,qui,qui,PRON
dev-s494,6,hunc,hic,DET
dev-s494,7,libellum,libellus,NOUN
dev-s494,8,fieri,fio,VERB
dev-s494,9,rogavit,rogo,VERB
dev-s494,10,.,.,PUNCT
dev-s495,1,+,+,PUNCT
dev-s495,2,Ego,ego,PRON
dev-s495,3,Alpertus,Alpertus,PROPN
dev-s495,4,",",",",PUNCT
dev-s495,5,rogatus,rogo,VERB
dev-s495,6,a,ab,ADP
dev-s495,7,Valperto,Walpertus,PROPN
dev-s495,8,",",",",PUNCT
dev-s495,9,me,ego,PRON
dev-s495,10,teste,testis,NOUN
dev-s495,11,subscripsi,subscribo,VERB
dev-s495,12,.,.,PUNCT
dev-s496,1,+,+,PUNCT
dev-s496,2,Ego,ego,PRON
dev-s496,3,Cunimundo,Cunimundus,PROPN
dev-s496,4,",",",",PUNCT
dev-s496,5,rogatus,rogo,VERB
dev-s496,6,a,ab,ADP
dev-s496,7,Valperto,Walpertus,PROPN
dev-s496,8,",",",",PUNCT
dev-s496,9,me,ego,PRON
dev-s496,10,teste,testis,NOUN
dev-s496,11,subscripsi,subscribo,VERB
dev-s496,12,.,.,PUNCT
dev-s497,1,+,+,PUNCT
dev-s497,2,Ego,ego,PRON
dev-s497,3,Vuillerado,Wileradus,PROPN
dev-s497,4,",",",",PUNCT
dev-s497,5,rogatus,rogo,VERB
dev-s497,6,a,ab,ADP
dev-s497,7,Valperto,Walpertus,PROPN
dev-s497,8,",",",",PUNCT
dev-s497,9,me,ego,PRON
dev-s497,10,teste,testis,NOUN
dev-s497,11,subscripsi,subscribo,VERB
dev-s497,12,.,.,PUNCT
dev-s498,1,signum,signum,NOUN
dev-s498,2,+,+,PUNCT
dev-s498,3,manus,manus,NOUN
dev-s498,4,Vuilleradi,Wileradus,PROPN
dev-s498,5,",",",",PUNCT
dev-s498,6,filio,filius,NOUN
dev-s498,7,quondam,quondam,ADJ
dev-s498,8,Osprandi,Osprandus,PROPN
dev-s498,9,",",",",PUNCT
dev-s498,10,testis,testis,NOUN
dev-s498,11,.,.,PUNCT
dev-s499,1,+,+,PUNCT
dev-s499,2,Ego,ego,PRON
dev-s499,3,[Propn],_,PROPN
dev-s499,4,",",",",PUNCT
dev-s499,5,rogatus,rogo,VERB
dev-s499,6,a,ab,ADP
dev-s499,7,Valperto,Walpertus,PROPN
dev-s499,8,",",",",PUNCT
dev-s499,9,me,ego,PRON
dev-s499,10,teste,testis,NOUN
dev-s499,11,subscripsi,subscribo,VERB
dev-s499,12,.,.,PUNCT
dev-s500,1,+,+,PUNCT
dev-s500,2,Ego,ego,PRON
dev-s500,3,Lopo,lupus,PROPN
dev-s500,4,notarius,notarius,NOUN
dev-s500,5,post,post,ADP
dev-s500,6,traditam,trado,VERB
dev-s500,7,conplevi,compleo,VERB
dev-s500,8,et,et,CCONJ
dev-s500,9,dedi,do,VERB
dev-s500,10,.,.,PUNCT
dev-s501,1,In,in,ADP
dev-s501,2,Dei,Deus,PROPN
dev-s501,3,omnipotentis,omnipotens,ADJ
dev-s501,4,nomine,nomen,NOUN
dev-s501,5,regnante,regno,VERB
dev-s501,6,domno,domnus,NOUN
dev-s501,7,nostro,noster,DET
dev-s501,8,Karolus,Carolus,PROPN
dev-s501,9,divina,diuinus,ADJ
dev-s501,10,faventem,faueo,VERB
dev-s501,11,clementiam,clementia,NOUN
dev-s501,12,inperatore,imperator,NOUN
dev-s501,13,augusto,augustus,NOUN
dev-s501,14,",",",",PUNCT
dev-s501,15,anno,annus,NOUN
dev-s501,16,inperii,imperium,NOUN
dev-s501,17,eius,is,PRON
dev-s501,18,quinto,quintus,ADJ
dev-s501,19,",",",",PUNCT
dev-s501,20,idus,idus,NOUN
dev-s501,21,aprelis,aprilis,ADJ
dev-s501,22,",",",",PUNCT
dev-s501,23,indictione,indictio,NOUN
dev-s501,24,tertia,tertius,ADJ
dev-s501,25,.,.,PUNCT
dev-s502,1,manifestu,manifestus,ADJ
dev-s502,2,sum,sum,AUX
dev-s502,3,ego,ego,PRON
dev-s502,4,Cristianus,Christianus,PROPN
dev-s502,5,presbitero,presbyter,NOUN
dev-s502,6,",",",",PUNCT
dev-s502,7,filio,filius,NOUN
dev-s502,8,bone,bonus,ADJ
dev-s502,9,memorie,memoria,NOUN
dev-s502,10,Vineri,Venerus,PROPN
dev-s502,11,",",",",PUNCT
dev-s502,12,quia,quia,SCONJ
dev-s502,13,tu,tu,PRON
dev-s502,14,Gherardus,Gherardus,PROPN
dev-s502,15,",",",",PUNCT
dev-s502,16,gratia,gratia,NOUN
dev-s502,17,Dei,Deus,PROPN
dev-s502,18,huius,hic,DET
dev-s502,19,sancte,sanctus,ADJ
dev-s502,20,Lucane,lucanus,ADJ
dev-s502,21,ecclesie,ecclesia,NOUN
dev-s502,22,humilis,humilis,ADJ
dev-s502,23,episcopus,episcopus,NOUN
dev-s502,24,",",",",PUNCT
dev-s502,25,per,per,ADP
dev-s502,26,cartula,chartula,NOUN
dev-s502,27,livellario,libellarius,ADJ
dev-s502,28,nomine,nomen,NOUN
dev-s502,29,ad,ad,ADP
dev-s502,30,censum,census,NOUN
dev-s502,31,vobis,uos,PRON
dev-s502,32,perexolvendum,perexsoluo,VERB
dev-s502,33,dedisti,do,VERB
dev-s502,34,mihi,ego,PRON
dev-s502,35,id,is,PRON
dev-s502,36,est,sum,AUX
dev-s502,37,casa,casa,NOUN
dev-s502,38,et,et,CCONJ
dev-s502,39,res,res,NOUN
dev-s502,40,illa,ille,DET
dev-s502,41,massaricias,massaricius,ADJ
dev-s502,42,in,in,ADP
dev-s502,43,loco,locus,NOUN
dev-s502,44,et,et,CCONJ
dev-s502,45,finibus,finis,NOUN
dev-s502,46,Saltucclo,Saltuculus,PROPN
dev-s502,47,",",",",PUNCT
dev-s502,48,ubi,ubi,ADV
dev-s502,49,vocitatur,uocito,VERB
dev-s502,50,ad,ad,ADP
dev-s502,51,Ceringnana,Ceriniana,PROPN
dev-s502,52,",",",",PUNCT
dev-s502,53,in,in,ADP
dev-s502,54,qua,qui,PRON
dev-s502,55,Rachulo,Racchulus,PROPN
dev-s502,56,massario,massarius,NOUN
dev-s502,57,abitare,habito,VERB
dev-s502,58,videtur,uideo,VERB
dev-s502,59,",",",",PUNCT
dev-s502,60,pertenentes,pertineo,VERB
dev-s502,61,ecclesie,ecclesia,NOUN
dev-s502,62,vestre,uester,DET
dev-s502,63,sancte,sanctus,ADJ
dev-s502,64,Marie,Maria,PROPN
dev-s502,65,sita,sino,VERB
dev-s502,66,loco,locus,NOUN
dev-s502,67,et,et,CCONJ
dev-s502,68,finibus,finis,NOUN
dev-s502,69,Sexto,Sextum,PROPN
dev-s502,70,",",",",PUNCT
dev-s502,71,quod,qui,PRON
dev-s502,72,est,sum,AUX
dev-s502,73,plebe,plebs,NOUN
dev-s502,74,baptismalis,baptismalis,ADJ
dev-s502,75,",",",",PUNCT
dev-s502,76,qui,qui,PRON
dev-s502,77,est,sum,AUX
dev-s502,78,desup,desub,ADP
dev-s502,79,potestatem,potestas,NOUN
dev-s502,80,ipsius,ipse,DET
dev-s502,81,episcopatui,episcopatus,NOUN
dev-s502,82,vestro,uester,DET
dev-s502,83,sancti,sanctus,ADJ
dev-s502,84,Martini,Martinus,PROPN
dev-s502,85,",",",",PUNCT
dev-s502,86,casa,casa,NOUN
dev-s502,87,ipsa,ipse,DET
dev-s502,88,cum,cum,ADP
dev-s502,89,fundamento,fundamentum,NOUN
dev-s502,90,et,et,CCONJ
dev-s502,91,omnem,omnis,DET
dev-s502,92,edeficio,aedificium,NOUN
dev-s502,93,suo,suus,DET
dev-s502,94,seu,seu,CCONJ
dev-s502,95,curte,curtis,NOUN
dev-s502,96,",",",",PUNCT
dev-s502,97,orto,hortus,NOUN
dev-s502,98,",",",",PUNCT
dev-s502,99,terris,terra,NOUN
dev-s502,100,",",",",PUNCT
dev-s502,101,vineis,uinea,NOUN
dev-s502,102,",",",",PUNCT
dev-s502,103,olivis,oliua,NOUN
dev-s502,104,",",",",PUNCT
dev-s502,105,silvis,silua,NOUN
dev-s502,106,",",",",PUNCT
dev-s502,107,virgareis,uirgareum,NOUN
dev-s502,108,",",",",PUNCT
dev-s502,109,pratis,pratum,NOUN
dev-s502,110,",",",",PUNCT
dev-s502,111,pascuis,pascuum,NOUN
dev-s502,112,",",",",PUNCT
dev-s502,113,cultis,cultus,ADJ
dev-s502,114,rebus,res,NOUN
dev-s502,115,vel,uel,CCONJ
dev-s502,116,incultis,incultus,ADJ
dev-s502,117,;,;,PUNCT
dev-s503,1,omnia,omnis,DET
dev-s503,2,quantum,quantum,ADV
dev-s503,3,ad,ad,ADP
dev-s503,4,ipsa,ipse,DET
dev-s503,5,casa,casa,NOUN
dev-s503,6,est,sum,AUX
dev-s503,7,pertenentes,pertineo,VERB
dev-s503,8,",",",",PUNCT
dev-s503,9,et,et,CCONJ
dev-s503,10,suprascripto,suprascriptus,DET
dev-s503,11,Rachulo,Racchulus,PROPN
dev-s503,12,exinde,exinde,ADV
dev-s503,13,ad,ad,ADP
dev-s503,14,manus,manus,NOUN
dev-s503,15,suas,suus,DET
dev-s503,16,abere,habeo,VERB
dev-s503,17,videtur,uideo,VERB
dev-s503,18,",",",",PUNCT
dev-s503,19,in,in,ADP
dev-s503,20,integrum,integer,ADJ
dev-s503,21,mihi,ego,PRON
dev-s503,22,eas,is,PRON
dev-s503,23,dedisti,do,VERB
dev-s503,24,tali,talis,DET
dev-s503,25,ordinem,ordo,NOUN
dev-s503,26,ut,ut,SCONJ
dev-s503,27,da,da,ADP
dev-s503,28,admodum,admodum,ADV
dev-s503,29,",",",",PUNCT
dev-s503,30,dum,dum,SCONJ
dev-s503,31,vita,uita,NOUN
dev-s503,32,mea,meus,DET
dev-s503,33,fuerit,sum,AUX
dev-s503,34,",",",",PUNCT
dev-s503,35,in,in,ADP
dev-s503,36,mea,meus,DET
dev-s503,37,qui,qui,DET
dev-s503,38,supra,supra,ADV
dev-s503,39,Cristiano,Christianus,PROPN
dev-s503,40,presbitero,presbyter,NOUN
dev-s503,41,sint,sum,AUX
dev-s503,42,potestatem,potestas,NOUN
dev-s503,43,",",",",PUNCT
dev-s503,44,suprascripto,suprascriptus,DET
dev-s503,45,casa,casa,NOUN
dev-s503,46,et,et,CCONJ
dev-s503,47,res,res,NOUN
dev-s503,48,",",",",PUNCT
dev-s503,49,quas,qui,PRON
dev-s503,50,mihi,ego,PRON
dev-s503,51,dedisti,do,VERB
dev-s503,52,",",",",PUNCT
dev-s503,53,abendi,habeo,VERB
dev-s503,54,",",",",PUNCT
dev-s503,55,inperandi,impero,VERB
dev-s503,56,",",",",PUNCT
dev-s503,57,gubernandi,guberno,VERB
dev-s503,58,",",",",PUNCT
dev-s503,59,laborare,laboro,VERB
dev-s503,60,faciendi,facio,VERB
dev-s503,61,",",",",PUNCT
dev-s503,62,meliorandi,melioro,VERB
dev-s503,63,et,et,CCONJ
dev-s503,64,mihi,ego,PRON
dev-s503,65,eas,is,PRON
dev-s503,66,privato,priuo,VERB
dev-s503,67,nomine,nomen,NOUN
dev-s503,68,usufructuandi,usufructuo,VERB
dev-s503,69,",",",",PUNCT
dev-s503,70,et,et,CCONJ
dev-s503,71,in,in,ADP
dev-s503,72,ipsa,ipse,DET
dev-s503,73,casa,casa,NOUN
dev-s503,74,homines,homo,NOUN
dev-s503,75,ad,ad,ADP
dev-s503,76,residendum,resideo,VERB
dev-s503,77,et,et,CCONJ
dev-s503,78,abitandum,habito,VERB
dev-s503,79,mittere,mitto,VERB
dev-s503,80,debeam,debeo,VERB
dev-s503,81,;,;,PUNCT
dev-s504,1,et,et,CCONJ
dev-s504,2,exinde,exinde,ADV
dev-s504,3,tibi,tu,PRON
dev-s504,4,",",",",PUNCT
dev-s504,5,vel,uel,CCONJ
dev-s504,6,ad,ad,ADP
dev-s504,7,successoribus,successor,NOUN
dev-s504,8,tuis,tuus,DET
dev-s504,9,ad,ad,ADP
dev-s504,10,pars,pars,NOUN
dev-s504,11,ipsius,ipse,DET
dev-s504,12,ecclesie,ecclesia,NOUN
dev-s504,13,vestre,uester,DET
dev-s504,14,",",",",PUNCT
dev-s504,15,per,per,ADP
dev-s504,16,singulos,singulus,ADJ
dev-s504,17,annos,annus,NOUN
dev-s504,18,",",",",PUNCT
dev-s504,19,in,in,ADP
dev-s504,20,mense,mensis,NOUN
dev-s504,21,ianuario,ianuarius,ADJ
dev-s504,22,",",",",PUNCT
dev-s504,23,censum,census,NOUN
dev-s504,24,vobis,uos,PRON
dev-s504,25,reddere,reddo,VERB
dev-s504,26,debeam,debeo,VERB
dev-s504,27,ad,ad,ADP
dev-s504,28,suprascripta,suprascriptus,DET
dev-s504,29,ecclesia,ecclesia,NOUN
dev-s504,30,sancte,sanctus,ADJ
dev-s504,31,Marie,Maria,PROPN
dev-s504,32,vobis,uos,PRON
dev-s504,33,",",",",PUNCT
dev-s504,34,vel,uel,CCONJ
dev-s504,35,ad,ad,ADP
dev-s504,36,ministeriale,ministerialis,NOUN
dev-s504,37,vestrum,uester,DET
dev-s504,38,quas,qui,PRON
dev-s504,39,ibi,ubi,ADV
dev-s504,40,pre,prae,ADP
dev-s504,41,tempore,tempus,NOUN
dev-s504,42,abueritis,habeo,VERB
dev-s504,43,",",",",PUNCT
dev-s504,44,argentum,argentum,NOUN
dev-s504,45,denarios,denarius,NOUN
dev-s504,46,bonos,bonus,ADJ
dev-s504,47,expendiviles,expendibilis,ADJ
dev-s504,48,numero,numerus,NOUN
dev-s504,49,decem,decem,NUM
dev-s504,50,et,et,CCONJ
dev-s504,51,octo,octo,NUM
dev-s504,52,;,;,PUNCT
dev-s505,1,et,et,CCONJ
dev-s505,2,homines,homo,NOUN
dev-s505,3,illos,ille,DET
dev-s505,4,qui,qui,PRON
dev-s505,5,in,in,ADP
dev-s505,6,ipsa,ipse,DET
dev-s505,7,casa,casa,NOUN
dev-s505,8,abitantes,habito,VERB
dev-s505,9,fuerit,sum,AUX
dev-s505,10,",",",",PUNCT
dev-s505,11,ego,ego,PRON
dev-s505,12,eos,is,PRON
dev-s505,13,a,ab,ADP
dev-s505,14,mandato,mandatum,NOUN
dev-s505,15,vestro,uester,DET
dev-s505,16,venire,uenio,VERB
dev-s505,17,faciam,facio,VERB
dev-s505,18,hic,hic,ADV
dev-s505,19,civitate,ciuitas,NOUN
dev-s505,20,Luca,Luca,PROPN
dev-s505,21,legem,lex,NOUN
dev-s505,22,et,et,CCONJ
dev-s505,23,iustitiam,iustitia,NOUN
dev-s505,24,faciendum,facio,VERB
dev-s505,25,tantum,tantum,ADV
dev-s505,26,.,.,PUNCT
dev-s506,1,et,et,CCONJ
dev-s506,2,si,si,SCONJ
dev-s506,3,a,ab,ADP
dev-s506,4,me,ego,PRON
dev-s506,5,vobis,uos,PRON
dev-s506,6,hec,hic,DET
dev-s506,7,omnia,omnis,DET
dev-s506,8,qualiter,qualiter,SCONJ
dev-s506,9,superius,superius,ADV
dev-s506,10,legitur,lego,VERB
dev-s506,11,per,per,ADP
dev-s506,12,singulos,singulus,ADJ
dev-s506,13,annos,annus,NOUN
dev-s506,14,sic,sic,ADV
dev-s506,15,non,non,PART
dev-s506,16,fuerint,sum,AUX
dev-s506,17,adinpleta,adimpleo,VERB
dev-s506,18,et,et,CCONJ
dev-s506,19,conservata,conseruo,VERB
dev-s506,20,",",",",PUNCT
dev-s506,21,aut,aut,CCONJ
dev-s506,22,si,si,SCONJ
dev-s506,23,ego,ego,PRON
dev-s506,24,suprascripta,suprascriptus,DET
dev-s506,25,casa,casa,NOUN
dev-s506,26,et,et,CCONJ
dev-s506,27,res,res,NOUN
dev-s506,28,quas,qui,PRON
dev-s506,29,mihi,ego,PRON
dev-s506,30,dedisti,do,VERB
dev-s506,31,relaxaverimus,relaxo,VERB
dev-s506,32,",",",",PUNCT
dev-s506,33,vel,uel,CCONJ
dev-s506,34,si,si,SCONJ
dev-s506,35,per,per,ADP
dev-s506,36,me,ego,PRON
dev-s506,37,pegiorata,peioro,VERB
dev-s506,38,fuerit,sum,AUX
dev-s506,39,",",",",PUNCT
dev-s506,40,spondeo,spondeo,VERB
dev-s506,41,ego,ego,PRON
dev-s506,42,qui,qui,DET
dev-s506,43,supra,supra,ADV
dev-s506,44,Cristianus,Christianus,PROPN
dev-s506,45,presbitero,presbyter,NOUN
dev-s506,46,conponere,compono,VERB
dev-s506,47,tibi,tu,PRON
dev-s506,48,qui,qui,DET
dev-s506,49,supra,supra,ADV
dev-s506,50,Gherardus,Gherardus,PROPN
dev-s506,51,episcopus,episcopus,NOUN
dev-s506,52,",",",",PUNCT
dev-s506,53,vel,uel,CCONJ
dev-s506,54,ad,ad,ADP
dev-s506,55,successoribus,successor,NOUN
dev-s506,56,tuis,tuus,DET
dev-s506,57,",",",",PUNCT
dev-s506,58,penam,poena,NOUN
dev-s506,59,",",",",PUNCT
dev-s506,60,argentum,argentum,NOUN
dev-s506,61,soledos,solidus,NOUN
dev-s506,62,triginta,triginta,NUM
dev-s506,63,",",",",PUNCT
dev-s506,64,quia,quia,SCONJ
dev-s506,65,taliter,taliter,ADV
dev-s506,66,inter,inter,ADP
dev-s506,67,nos,nos,PRON
dev-s506,68,convenit,conuenio,VERB
dev-s506,69,et,et,CCONJ
dev-s506,70,duas,duo,NUM
dev-s506,71,inter,inter,ADP
dev-s506,72,nos,nos,PRON
dev-s506,73,cartulas,chartula,NOUN
dev-s506,74,Rachifonsum,Rachifonsus,PROPN
dev-s506,75,notarium,notarius,NOUN
dev-s506,76,scribere,scribo,VERB
dev-s506,77,rogavimus,rogo,VERB
dev-s506,78,.,.,PUNCT
dev-s507,1,actum,ago,VERB
dev-s507,2,Luca,Luca,PROPN
dev-s507,3,.,.,PUNCT
dev-s508,1,+,+,PUNCT
dev-s508,2,Ego,ego,PRON
dev-s508,3,Cristianu,Christianus,PROPN
dev-s508,4,presbiter,presbyter,NOUN
dev-s508,5,in,in,ADP
dev-s508,6,uc,hic,DET
dev-s508,7,libellu,libellus,NOUN
dev-s508,8,a,ab,ADP
dev-s508,9,me,ego,PRON
dev-s508,10,facta,facio,VERB
dev-s508,11,manus,manus,NOUN
dev-s508,12,mea,meus,DET
dev-s508,13,subscripsi,subscribo,VERB
dev-s508,14,.,.,PUNCT
dev-s509,1,+,+,PUNCT
dev-s509,2,Ego,ego,PRON
dev-s509,3,Lopo,lupus,PROPN
dev-s509,4,notarius,notarius,NOUN
dev-s509,5,",",",",PUNCT
dev-s509,6,rogatus,rogo,VERB
dev-s509,7,a,ab,ADP
dev-s509,8,Cristianus,Christianus,PROPN
dev-s509,9,presbiter,presbyter,NOUN
dev-s509,10,",",",",PUNCT
dev-s509,11,me,ego,PRON
dev-s509,12,teste,testis,NOUN
dev-s509,13,subscripsi,subscribo,VERB
dev-s509,14,.,.,PUNCT
dev-s510,1,+,+,PUNCT
dev-s510,2,Ego,ego,PRON
dev-s510,3,Openaldo,Openaldus,PROPN
dev-s510,4,",",",",PUNCT
dev-s510,5,rogatus,rogo,VERB
dev-s510,6,a,ab,ADP
dev-s510,7,Cristianus,Christianus,PROPN
dev-s510,8,presbiter,presbyter,NOUN
dev-s510,9,",",",",PUNCT
dev-s510,10,me,ego,PRON
dev-s510,11,teste,testis,NOUN
dev-s510,12,subscripsi,subscribo,VERB
dev-s510,13,.,.,PUNCT
dev-s511,1,ego,ego,PRON
dev-s511,2,Liutifridi,Liutfridus,PROPN
dev-s511,3,",",",",PUNCT
dev-s511,4,rogatus,rogo,VERB
dev-s511,5,a,ab,ADP
dev-s511,6,Cristianus,Christianus,PROPN
dev-s511,7,presbitero,presbyter,NOUN
dev-s511,8,",",",",PUNCT
dev-s511,9,me,ego,PRON
dev-s511,10,teste,testis,NOUN
dev-s511,11,subscripsi,subscribo,VERB
dev-s511,12,.,.,PUNCT
dev-s512,1,ego,ego,PRON
dev-s512,2,Fraolmi,Fraolmus,PROPN
dev-s512,3,",",",",PUNCT
dev-s512,4,rogatus,rogo,VERB
dev-s512,5,a,ab,ADP
dev-s512,6,Cristianu,Christianus,PROPN
dev-s512,7,presbitero,presbyter,NOUN
dev-s512,8,",",",",PUNCT
dev-s512,9,subscripsi,subscribo,VERB
dev-s512,10,.,.,PUNCT
dev-s513,1,+,+,PUNCT
dev-s513,2,Adalfridi,Adalfridus,PROPN
dev-s513,3,schabinus,scabinus,NOUN
dev-s513,4,subscripsi,subscribo,VERB
dev-s513,5,.,.,PUNCT
dev-s514,1,ego,ego,PRON
dev-s514,2,Teudimundus,Teudimundus,PROPN
dev-s514,3,",",",",PUNCT
dev-s514,4,rogatus,rogo,VERB
dev-s514,5,a,ab,ADP
dev-s514,6,Cristiano,Christianus,PROPN
dev-s514,7,presbitero,presbyter,NOUN
dev-s514,8,",",",",PUNCT
dev-s514,9,subscripsi,subscribo,VERB
dev-s514,10,.,.,PUNCT
dev-s515,1,+,+,PUNCT
dev-s515,2,Ego,ego,PRON
dev-s515,3,Ghisolfo,Ghisolfus,PROPN
dev-s515,4,",",",",PUNCT
dev-s515,5,rogatus,rogo,VERB
dev-s515,6,a,ab,ADP
dev-s515,7,Cristiano,Christianus,PROPN
dev-s515,8,presbitero,presbyter,NOUN
dev-s515,9,",",",",PUNCT
dev-s515,10,me,ego,PRON
dev-s515,11,teste,testis,NOUN
dev-s515,12,subscripsi,subscribo,VERB
dev-s515,13,.,.,PUNCT
dev-s516,1,+,+,PUNCT
dev-s516,2,Ego,ego,PRON
dev-s516,3,Rachifonsus,Rachifonsus,PROPN
dev-s516,4,notarius,notarius,NOUN
dev-s516,5,post,post,ADP
dev-s516,6,traditam,trado,VERB
dev-s516,7,conplevi,compleo,VERB
dev-s516,8,et,et,CCONJ
dev-s516,9,dedi,do,VERB
dev-s516,10,.,.,PUNCT
dev-s517,1,+,+,PUNCT
dev-s517,2,In,in,ADP
dev-s517,3,Dei,Deus,PROPN
dev-s517,4,omnipotentis,omnipotens,ADJ
dev-s517,5,nomine,nomen,NOUN
dev-s517,6,regnante,regno,VERB
dev-s517,7,domno,domnus,NOUN
dev-s517,8,nostro,noster,DET
dev-s517,9,Karolus,Carolus,PROPN
dev-s517,10,divina,diuinus,ADJ
dev-s517,11,faventem,faueo,VERB
dev-s517,12,clementia,clementia,NOUN
dev-s517,13,imperatore,imperator,NOUN
dev-s517,14,augusto,augustus,NOUN
dev-s517,15,",",",",PUNCT
dev-s517,16,anno,annus,NOUN
dev-s517,17,imperii,imperium,NOUN
dev-s517,18,eius,is,PRON
dev-s517,19,quinto,quintus,ADJ
dev-s517,20,",",",",PUNCT
dev-s517,21,octavo,octauus,ADJ
dev-s517,22,decimo,decimus,ADJ
dev-s517,23,kalendas,kalendae,NOUN
dev-s517,24,iulias,iulius,ADJ
dev-s517,25,",",",",PUNCT
dev-s517,26,indictione,indictio,NOUN
dev-s517,27,tertia,tertius,ADJ
dev-s517,28,.,.,PUNCT
dev-s518,1,manifestu,manifestus,ADJ
dev-s518,2,sum,sum,AUX
dev-s518,3,ego,ego,PRON
dev-s518,4,Sichalmi,Sichelmus,PROPN
dev-s518,5,",",",",PUNCT
dev-s518,6,filio,filius,NOUN
dev-s518,7,bone,bonus,ADJ
dev-s518,8,memorie,memoria,NOUN
dev-s518,9,Ardimanni,Ardimannus,PROPN
dev-s518,10,",",",",PUNCT
dev-s518,11,quia,quia,SCONJ
dev-s518,12,convenit,conuenio,VERB
dev-s518,13,mihi,ego,PRON
dev-s518,14,una,una,ADV
dev-s518,15,tecum,tecum,NOUN
dev-s518,16,Gherardus,Gherardus,PROPN
dev-s518,17,",",",",PUNCT
dev-s518,18,gratia,gratia,NOUN
dev-s518,19,Dei,Deus,PROPN
dev-s518,20,huius,hic,DET
dev-s518,21,sancte,sanctus,ADJ
dev-s518,22,Lucanem,lucanus,ADJ
dev-s518,23,ecclesie,ecclesia,NOUN
dev-s518,24,humilis,humilis,ADJ
dev-s518,25,episcopus,episcopus,NOUN
dev-s518,26,",",",",PUNCT
dev-s518,27,ud,ut,SCONJ
dev-s518,28,inter,inter,ADP
dev-s518,29,nos,nos,PRON
dev-s518,30,de,de,ADP
dev-s518,31,aliquantis,aliquantus,DET
dev-s518,32,rebus,res,NOUN
dev-s518,33,comutationem,commutatio,NOUN
dev-s518,34,facere,facio,VERB
dev-s518,35,deberemus,debeo,VERB
dev-s518,36,sicut,sicut,SCONJ
dev-s518,37,et,et,CCONJ
dev-s518,38,factum,facio,VERB
dev-s518,39,est,sum,AUX
dev-s518,40,.,.,PUNCT
dev-s519,1,proinde,proinde,ADV
dev-s519,2,modo,modo,ADV
dev-s519,3,ego,ego,PRON
dev-s519,4,qui,qui,DET
dev-s519,5,supra,supra,ADV
dev-s519,6,Sichalmi,Sichelmus,PROPN
dev-s519,7,per,per,ADP
dev-s519,8,hanc,hic,DET
dev-s519,9,cartula,chartula,NOUN
dev-s519,10,in,in,ADP
dev-s519,11,comutationem,commutatio,NOUN
dev-s519,12,dare,do,VERB
dev-s519,13,videor,uideo,VERB
dev-s519,14,tibi,tu,PRON
dev-s519,15,qui,qui,DET
dev-s519,16,supra,supra,ADV
dev-s519,17,Gherardus,Gherardus,PROPN
dev-s519,18,episcopus,episcopus,NOUN
dev-s519,19,ad,ad,ADP
dev-s519,20,pars,pars,NOUN
dev-s519,21,ipsius,ipse,DET
dev-s519,22,episcopatui,episcopatus,NOUN
dev-s519,23,vestro,uester,DET
dev-s519,24,sancti,sanctus,ADJ
dev-s519,25,Martini,Martinus,PROPN
dev-s519,26,id,is,PRON
dev-s519,27,est,sum,AUX
dev-s519,28,una,unus,DET
dev-s519,29,petia,petia,NOUN
dev-s519,30,de,de,ADP
dev-s519,31,terra,terra,NOUN
dev-s519,32,mea,meus,DET
dev-s519,33,illa,ille,DET
dev-s519,34,quam,qui,PRON
dev-s519,35,abeo,habeo,VERB
dev-s519,36,in,in,ADP
dev-s519,37,loco,locus,NOUN
dev-s519,38,ubi,ubi,ADV
dev-s519,39,dicitur,dico,VERB
dev-s519,40,Turri,Turris,PROPN
dev-s519,41,",",",",PUNCT
dev-s519,42,prope,prope,ADP
dev-s519,43,suprascripto,suprascriptus,DET
dev-s519,44,loco,locus,NOUN
dev-s519,45,Puliciano,Pulicianum,PROPN
dev-s519,46,;,;,PUNCT
dev-s520,1,et,et,CCONJ
dev-s520,2,est,sum,AUX
dev-s520,3,tenentes,teneo,VERB
dev-s520,4,uno,unus,DET
dev-s520,5,caput,caput,NOUN
dev-s520,6,cum,cum,ADP
dev-s520,7,uno,unus,DET
dev-s520,8,lato,latus,NOUN
dev-s520,9,in,in,ADP
dev-s520,10,terra,terra,NOUN
dev-s520,11,ecclesie,ecclesia,NOUN
dev-s520,12,Domini,Dominus,PROPN
dev-s520,13,et,et,CCONJ
dev-s520,14,Salvatoris,saluator,PROPN
dev-s520,15,",",",",PUNCT
dev-s520,16,et,et,CCONJ
dev-s520,17,in,in,ADP
dev-s520,18,aliquantulo,aliquantulus,ADJ
dev-s520,19,in,in,ADP
dev-s520,20,terra,terra,NOUN
dev-s520,21,qui,qui,PRON
dev-s520,22,fuit,sum,AUX
dev-s520,23,quondam,quondam,ADJ
dev-s520,24,Ardi,Ardus,PROPN
dev-s520,25,",",",",PUNCT
dev-s520,26,alio,alius,DET
dev-s520,27,caput,caput,NOUN
dev-s520,28,tenet,teneo,VERB
dev-s520,29,in,in,ADP
dev-s520,30,terra,terra,NOUN
dev-s520,31,mea,meus,DET
dev-s520,32,qui,qui,DET
dev-s520,33,supra,supra,ADV
dev-s520,34,Sichalmi,Sichelmus,PROPN
dev-s520,35,fini,finis,ADP
dev-s520,36,signa,signum,NOUN
dev-s520,37,quas,qui,PRON
dev-s520,38,ibi,ubi,ADV
dev-s520,39,posite,pono,VERB
dev-s520,40,sunt,sum,AUX
dev-s520,41,",",",",PUNCT
dev-s520,42,et,et,CCONJ
dev-s520,43,alio,alius,DET
dev-s520,44,lato,latus,NOUN
dev-s520,45,tenet,teneo,VERB
dev-s520,46,in,in,ADP
dev-s520,47,via,uia,NOUN
dev-s520,48,;,;,PUNCT
dev-s521,1,petia,petia,NOUN
dev-s521,2,ipsa,ipse,DET
dev-s521,3,de,de,ADP
dev-s521,4,terra,terra,NOUN
dev-s521,5,",",",",PUNCT
dev-s521,6,qualiter,qualiter,SCONJ
dev-s521,7,circumdata,circumdo,VERB
dev-s521,8,est,sum,AUX
dev-s521,9,per,per,ADP
dev-s521,10,designatas,designo,VERB
dev-s521,11,locas,locum,NOUN
dev-s521,12,",",",",PUNCT
dev-s521,13,quod,qui,PRON
dev-s521,14,est,sum,AUX
dev-s521,15,per,per,ADP
dev-s521,16,mensura,mensura,NOUN
dev-s521,17,ad,ad,ADP
dev-s521,18,iusta,iustus,ADJ
dev-s521,19,pertica,pertica,NOUN
dev-s521,20,mensuratas,mensuro,VERB
dev-s521,21,sistariorum,sextarius,NOUN
dev-s521,22,quadraginta,quadraginta,NUM
dev-s521,23,",",",",PUNCT
dev-s521,24,in,in,ADP
dev-s521,25,integrum,integer,ADJ
dev-s521,26,tibi,tu,PRON
dev-s521,27,eas,is,PRON
dev-s521,28,in,in,ADP
dev-s521,29,comutationem,commutatio,NOUN
dev-s521,30,dare,do,VERB
dev-s521,31,videor,uideo,VERB
dev-s521,32,ad,ad,ADP
dev-s521,33,parte,pars,NOUN
dev-s521,34,ipsius,ipse,DET
dev-s521,35,episcopatui,episcopatus,NOUN
dev-s521,36,vestro,uester,DET
dev-s521,37,sancti,sanctus,ADJ
dev-s521,38,Martini,Martinus,PROPN
dev-s521,39,.,.,PUNCT
dev-s522,1,et,et,CCONJ
dev-s522,2,pro,pro,ADP
dev-s522,3,suprascripta,suprascriptus,DET
dev-s522,4,petia,petia,NOUN
dev-s522,5,de,de,ADP
dev-s522,6,terra,terra,NOUN
dev-s522,7,",",",",PUNCT
dev-s522,8,quas,qui,PRON
dev-s522,9,tibi,tu,PRON
dev-s522,10,in,in,ADP
dev-s522,11,comutationem,commutatio,NOUN
dev-s522,12,dedi,do,VERB
dev-s522,13,",",",",PUNCT
dev-s522,14,recepi,recipio,VERB
dev-s522,15,ad,ab,ADP
dev-s522,16,te,tu,PRON
dev-s522,17,in,in,ADP
dev-s522,18,comutationem,commutatio,NOUN
dev-s522,19,de,de,ADP
dev-s522,20,pars,pars,NOUN
dev-s522,21,ipsius,ipse,DET
dev-s522,22,episcopatui,episcopatus,NOUN
dev-s522,23,vestro,uester,DET
dev-s522,24,sancti,sanctus,ADJ
dev-s522,25,Martini,Martinus,PROPN
dev-s522,26,id,is,PRON
dev-s522,27,est,sum,AUX
dev-s522,28,una,unus,DET
dev-s522,29,petia,petia,NOUN
dev-s522,30,de,de,ADP
dev-s522,31,terra,terra,NOUN
dev-s522,32,illa,ille,DET
dev-s522,33,in,in,ADP
dev-s522,34,loco,locus,NOUN
dev-s522,35,Puliciano,Pulicianum,PROPN
dev-s522,36,ubi,ubi,ADV
dev-s522,37,dicitur,dico,VERB
dev-s522,38,Stabbla,Stabulum,PROPN
dev-s522,39,",",",",PUNCT
dev-s522,40,pertenentes,pertineo,VERB
dev-s522,41,ipsius,ipse,DET
dev-s522,42,episcopatui,episcopatus,NOUN
dev-s522,43,vestro,uester,DET
dev-s522,44,sancti,sanctus,ADJ
dev-s522,45,Martini,Martinus,PROPN
dev-s522,46,;,;,PUNCT
dev-s523,1,et,et,CCONJ
dev-s523,2,est,sum,AUX
dev-s523,3,tenentes,teneo,VERB
dev-s523,4,ipse,ipse,DET
dev-s523,5,petia,petia,NOUN
dev-s523,6,de,de,ADP
dev-s523,7,terra,terra,NOUN
dev-s523,8,uno,unus,DET
dev-s523,9,caput,caput,NOUN
dev-s523,10,cum,cum,ADP
dev-s523,11,ambas,ambo,DET
dev-s523,12,lateras,latus,NOUN
dev-s523,13,in,in,ADP
dev-s523,14,terra,terra,NOUN
dev-s523,15,mea,meus,DET
dev-s523,16,qui,qui,DET
dev-s523,17,supra,supra,ADV
dev-s523,18,Sichalmi,Sichelmus,PROPN
dev-s523,19,et,et,CCONJ
dev-s523,20,in,in,ADP
dev-s523,21,aliquantulo,aliquantulus,ADJ
dev-s523,22,in,in,ADP
dev-s523,23,terra,terra,NOUN
dev-s523,24,qui,qui,PRON
dev-s523,25,fuit,sum,AUX
dev-s523,26,Doni,Donnis,PROPN
dev-s523,27,",",",",PUNCT
dev-s523,28,et,et,CCONJ
dev-s523,29,alio,alius,DET
dev-s523,30,caput,caput,NOUN
dev-s523,31,tenet,teneo,VERB
dev-s523,32,terra,terra,NOUN
dev-s523,33,Sclauchi,Sclauchus,PROPN
dev-s523,34,",",",",PUNCT
dev-s523,35,que,qui,PRON
dev-s523,36,Toto,Totus,PROPN
dev-s523,37,vocatur,uoco,VERB
dev-s523,38,;,;,PUNCT
dev-s524,1,petia,petia,NOUN
dev-s524,2,ipsa,ipse,DET
dev-s524,3,de,de,ADP
dev-s524,4,terra,terra,NOUN
dev-s524,5,",",",",PUNCT
dev-s524,6,qualiter,qualiter,SCONJ
dev-s524,7,circumdata,circumdo,VERB
dev-s524,8,est,sum,AUX
dev-s524,9,per,per,ADP
dev-s524,10,designatas,designo,VERB
dev-s524,11,locas,locum,NOUN
dev-s524,12,",",",",PUNCT
dev-s524,13,quod,qui,PRON
dev-s524,14,est,sum,AUX
dev-s524,15,per,per,ADP
dev-s524,16,mensura,mensura,NOUN
dev-s524,17,ad,ad,ADP
dev-s524,18,iusta,iustus,ADJ
dev-s524,19,pertica,pertica,NOUN
dev-s524,20,mansuratas,mensuro,VERB
dev-s524,21,sistariorum,sextarius,NOUN
dev-s524,22,triginta,triginta,NUM
dev-s524,23,duo,duo,NUM
dev-s524,24,",",",",PUNCT
dev-s524,25,in,in,ADP
dev-s524,26,integrum,integer,ADJ
dev-s524,27,ad,ab,ADP
dev-s524,28,te,tu,PRON
dev-s524,29,eas,is,PRON
dev-s524,30,in,in,ADP
dev-s524,31,comutationem,commutatio,NOUN
dev-s524,32,recepi,recipio,VERB
dev-s524,33,de,de,ADP
dev-s524,34,pars,pars,NOUN
dev-s524,35,ipsius,ipse,DET
dev-s524,36,episcopatui,episcopatus,NOUN
dev-s524,37,vestro,uester,DET
dev-s524,38,sancti,sanctus,ADJ
dev-s524,39,Martini,Martinus,PROPN
dev-s524,40,.,.,PUNCT
dev-s525,1,ubi,ubi,ADV
dev-s525,2,et,et,CCONJ
dev-s525,3,super,super,ADP
dev-s525,4,hanc,hic,DET
dev-s525,5,comutationem,commutatio,NOUN
dev-s525,6,secundum,secundum,ADP
dev-s525,7,legem,lex,NOUN
dev-s525,8,tu,tu,PRON
dev-s525,9,qui,qui,DET
dev-s525,10,supra,supra,ADV
dev-s525,11,Gherardus,Gherardus,PROPN
dev-s525,12,episcopus,episcopus,NOUN
dev-s525,13,direxsistis,dirigo,VERB
dev-s525,14,missos,missus,NOUN
dev-s525,15,tuos,tuus,DET
dev-s525,16,",",",",PUNCT
dev-s525,17,id,is,PRON
dev-s525,18,est,sum,AUX
dev-s525,19,Hisimbaldo,Hisimbaldus,PROPN
dev-s525,20,et,et,CCONJ
dev-s525,21,Sanitulo,Sanitulus,PROPN
dev-s525,22,",",",",PUNCT
dev-s525,23,que,qui,PRON
dev-s525,24,Toto,Totus,PROPN
dev-s525,25,vocatur,uoco,VERB
dev-s525,26,",",",",PUNCT
dev-s525,27,seu,seu,CCONJ
dev-s525,28,Vuilleradus,Wileradus,PROPN
dev-s525,29,",",",",PUNCT
dev-s525,30,et,et,CCONJ
dev-s525,31,Adalbertus,Adalpertus,PROPN
dev-s525,32,dux,dux,NOUN
dev-s525,33,direxit,dirigo,VERB
dev-s525,34,missos,missus,NOUN
dev-s525,35,suos,suus,DET
dev-s525,36,",",",",PUNCT
dev-s525,37,id,is,PRON
dev-s525,38,est,sum,AUX
dev-s525,39,Adalmanno,Adalmannus,PROPN
dev-s525,40,et,et,CCONJ
dev-s525,41,Petrus,Petrus,PROPN
dev-s525,42,",",",",PUNCT
dev-s525,43,seu,seu,CCONJ
dev-s525,44,Rumaldo,Romualdus,PROPN
dev-s525,45,de,de,ADP
dev-s525,46,Vicopelago,Vicopelagus,PROPN
dev-s525,47,",",",",PUNCT
dev-s525,48,qui,qui,PRON
dev-s525,49,ambulaverunt,ambulo,VERB
dev-s525,50,et,et,CCONJ
dev-s525,51,previderunt,praeuideo,VERB
dev-s525,52,",",",",PUNCT
dev-s525,53,una,una,ADV
dev-s525,54,cum,cum,ADP
dev-s525,55,alios,alius,DET
dev-s525,56,bonos,bonus,ADJ
dev-s525,57,et,et,CCONJ
dev-s525,58,credentes,credo,VERB
dev-s525,59,homines,homo,NOUN
dev-s525,60,",",",",PUNCT
dev-s525,61,adque,atque,CCONJ
dev-s525,62,renuntiaverunt,renuntio,VERB
dev-s525,63,qualiter,qualiter,SCONJ
dev-s525,64,meliorata,melioro,VERB
dev-s525,65,comutationem,commutatio,NOUN
dev-s525,66,dedi,do,VERB
dev-s525,67,ad,ad,ADP
dev-s525,68,parte,pars,NOUN
dev-s525,69,ipsius,ipse,DET
dev-s525,70,episcopatui,episcopatus,NOUN
dev-s525,71,vestro,uester,DET
dev-s525,72,sancti,sanctus,ADJ
dev-s525,73,Martini,Martinus,PROPN
dev-s525,74,quam,quam,SCONJ
dev-s525,75,recipisset,recipio,VERB
dev-s525,76,ut,ut,SCONJ
dev-s525,77,magis,magis,ADV
dev-s525,78,omni,omnis,DET
dev-s525,79,tempore,tempus,NOUN
dev-s525,80,hanc,hic,DET
dev-s525,81,comutatio,commutatio,NOUN
dev-s525,82,stabilem,stabilis,ADJ
dev-s525,83,permaneat,permaneo,VERB
dev-s525,84,.,.,PUNCT
dev-s526,1,unde,unde,ADV
dev-s526,2,repromitto,repromitto,VERB
dev-s526,3,ego,ego,PRON
dev-s526,4,qui,qui,DET
dev-s526,5,supra,supra,ADV
dev-s526,6,Sichalmi,Sichelmus,PROPN
dev-s526,7,",",",",PUNCT
dev-s526,8,una,una,ADV
dev-s526,9,cum,cum,ADP
dev-s526,10,meis,meus,DET
dev-s526,11,heredes,heres,NOUN
dev-s526,12,",",",",PUNCT
dev-s526,13,tibi,tu,PRON
dev-s526,14,qui,qui,DET
dev-s526,15,supra,supra,ADV
dev-s526,16,Gherardus,Gherardus,PROPN
dev-s526,17,episcopus,episcopus,NOUN
dev-s526,18,",",",",PUNCT
dev-s526,19,vel,uel,CCONJ
dev-s526,20,ad,ad,ADP
dev-s526,21,subcessoribus,successor,NOUN
dev-s526,22,tuis,tuus,DET
dev-s526,23,aut,aut,CCONJ
dev-s526,24,eidem,idem,DET
dev-s526,25,homini,homo,NOUN
dev-s526,26,cui,qui,PRON
dev-s526,27,vos,uos,PRON
dev-s526,28,suprascripta,suprascriptus,DET
dev-s526,29,petia,petia,NOUN
dev-s526,30,de,de,ADP
dev-s526,31,terra,terra,NOUN
dev-s526,32,quas,qui,PRON
dev-s526,33,tibi,tu,PRON
dev-s526,34,in,in,ADP
dev-s526,35,comutationem,commutatio,NOUN
dev-s526,36,dedi,do,VERB
dev-s526,37,dederitis,do,VERB
dev-s526,38,vel,uel,CCONJ
dev-s526,39,abere,habeo,VERB
dev-s526,40,decreveritis,decerno,VERB
dev-s526,41,",",",",PUNCT
dev-s526,42,si,si,SCONJ
dev-s526,43,vobis,uos,PRON
dev-s526,44,eas,is,PRON
dev-s526,45,intentionaverimus,intentiono,VERB
dev-s526,46,aut,aut,CCONJ
dev-s526,47,retolli,retollo,VERB
dev-s526,48,vel,uel,CCONJ
dev-s526,49,suptragi,subtraho,VERB
dev-s526,50,quesierimus,quaero,VERB
dev-s526,51,per,per,ADP
dev-s526,52,quolibet,quilibet,DET
dev-s526,53,ingenio,ingenium,NOUN
dev-s526,54,",",",",PUNCT
dev-s526,55,et,et,CCONJ
dev-s526,56,eam,is,PRON
dev-s526,57,vobis,uos,PRON
dev-s526,58,ab,ab,ADP
dev-s526,59,omni,omnis,DET
dev-s526,60,homines,homo,NOUN
dev-s526,61,defendere,defendo,VERB
dev-s526,62,non,non,PART
dev-s526,63,potuerimus,possum,VERB
dev-s526,64,",",",",PUNCT
dev-s526,65,spondimus,spondeo,VERB
dev-s526,66,nos,nos,PRON
dev-s526,67,vobis,uos,PRON
dev-s526,68,conponere,compono,VERB
dev-s526,69,suprascripta,suprascriptus,DET
dev-s526,70,petia,petia,NOUN
dev-s526,71,de,de,ADP
dev-s526,72,terra,terra,NOUN
dev-s526,73,quas,qui,PRON
dev-s526,74,tibi,tu,PRON
dev-s526,75,in,in,ADP
dev-s526,76,comutationem,commutatio,NOUN
dev-s526,77,dedi,do,VERB
dev-s526,78,in,in,ADP
dev-s526,79,duplum,duplus,ADJ
dev-s526,80,",",",",PUNCT
dev-s526,81,in,in,ADP
dev-s526,82,ferquidem,ferquidis,ADJ
dev-s526,83,loco,locus,NOUN
dev-s526,84,sub,sub,ADP
dev-s526,85,estimatione,aestimatio,NOUN
dev-s526,86,quales,qualis,DET
dev-s526,87,tunc,tunc,ADV
dev-s526,88,fuerint,sum,AUX
dev-s526,89,",",",",PUNCT
dev-s526,90,quia,quia,SCONJ
dev-s526,91,taliter,taliter,ADV
dev-s526,92,inter,inter,ADP
dev-s526,93,nos,nos,PRON
dev-s526,94,convenit,conuenio,VERB
dev-s526,95,.,.,PUNCT
dev-s527,1,unde,unde,ADV
dev-s527,2,inter,inter,ADP
dev-s527,3,nos,nos,PRON
dev-s527,4,duas,duo,NUM
dev-s527,5,cartulas,chartula,NOUN
dev-s527,6,Lopo,lupus,PROPN
dev-s527,7,notarium,notarius,NOUN
dev-s527,8,scribere,scribo,VERB
dev-s527,9,rogavimus,rogo,VERB
dev-s527,10,.,.,PUNCT
dev-s528,1,actum,ago,VERB
dev-s528,2,Luca,Luca,PROPN
dev-s528,3,.,.,PUNCT
dev-s529,1,signum,signum,NOUN
dev-s529,2,+,+,PUNCT
dev-s529,3,manus,manus,NOUN
dev-s529,4,Sichalmi,Sichelmus,PROPN
dev-s529,5,qui,qui,PRON
dev-s529,6,hanc,hic,DET
dev-s529,7,comutationis,commutatio,NOUN
dev-s529,8,cartula,chartula,NOUN
dev-s529,9,fieri,fio,VERB
dev-s529,10,rogavit,rogo,VERB
dev-s529,11,.,.,PUNCT
dev-s530,1,+,+,PUNCT
dev-s530,2,Ego,ego,PRON
dev-s530,3,Isimbaldo,Isimbaldus,PROPN
dev-s530,4,",",",",PUNCT
dev-s530,5,sicut,sicut,SCONJ
dev-s530,6,de,de,ADP
dev-s530,7,me,ego,PRON
dev-s530,8,supra,supra,ADV
dev-s530,9,legitur,lego,VERB
dev-s530,10,",",",",PUNCT
dev-s530,11,missus,missus,NOUN
dev-s530,12,fui,sum,AUX
dev-s530,13,.,.,PUNCT
dev-s531,1,signum,signum,NOUN
dev-s531,2,+,+,PUNCT
dev-s531,3,manus,manus,NOUN
dev-s531,4,Sanituli,Sanitulus,PROPN
dev-s531,5,",",",",PUNCT
dev-s531,6,que,qui,PRON
dev-s531,7,Toto,Totus,PROPN
dev-s531,8,vocatur,uoco,VERB
dev-s531,9,",",",",PUNCT
dev-s531,10,filio,filius,NOUN
dev-s531,11,bone,bonus,ADJ
dev-s531,12,memorie,memoria,NOUN
dev-s531,13,Adalaldi,Adalaldus,PROPN
dev-s531,14,",",",",PUNCT
dev-s531,15,sicut,sicut,SCONJ
dev-s531,16,supra,supra,ADV
dev-s531,17,legitur,lego,VERB
dev-s531,18,missus,missus,NOUN
dev-s531,19,fuit,sum,AUX
dev-s531,20,.,.,PUNCT
dev-s532,1,signum,signum,NOUN
dev-s532,2,+,+,PUNCT
dev-s532,3,manus,manus,NOUN
dev-s532,4,Vuilleradi,Wileradus,PROPN
dev-s532,5,",",",",PUNCT
dev-s532,6,filio,filius,NOUN
dev-s532,7,quondam,quondam,ADJ
dev-s532,8,Osprandi,Osprandus,PROPN
dev-s532,9,",",",",PUNCT
dev-s532,10,sicut,sicut,SCONJ
dev-s532,11,supra,supra,ADV
dev-s532,12,legitur,lego,VERB
dev-s532,13,missus,missus,NOUN
dev-s532,14,fuit,sum,AUX
dev-s532,15,.,.,PUNCT
dev-s533,1,+,+,PUNCT
dev-s533,2,Ego,ego,PRON
dev-s533,3,Adalmannus,Adalmannus,PROPN
dev-s533,4,",",",",PUNCT
dev-s533,5,sicut,sicut,SCONJ
dev-s533,6,de,de,ADP
dev-s533,7,me,ego,PRON
dev-s533,8,supra,supra,ADV
dev-s533,9,legitur,lego,VERB
dev-s533,10,",",",",PUNCT
dev-s533,11,missus,missus,NOUN
dev-s533,12,fui,sum,AUX
dev-s533,13,.,.,PUNCT
dev-s534,1,signum,signum,NOUN
dev-s534,2,+,+,PUNCT
dev-s534,3,manus,manus,NOUN
dev-s534,4,Petri,Petrus,PROPN
dev-s534,5,",",",",PUNCT
dev-s534,6,filio,filius,NOUN
dev-s534,7,quondam,quondam,ADJ
dev-s534,8,Ermitei,Ermiteus,PROPN
dev-s534,9,",",",",PUNCT
dev-s534,10,sicut,sicut,SCONJ
dev-s534,11,supra,supra,ADV
dev-s534,12,legitur,lego,VERB
dev-s534,13,missus,missus,NOUN
dev-s534,14,fuit,sum,AUX
dev-s534,15,.,.,PUNCT
dev-s535,1,+,+,PUNCT
dev-s535,2,Ego,ego,PRON
dev-s535,3,Romaldo,Romualdus,PROPN
dev-s535,4,",",",",PUNCT
dev-s535,5,sicut,sicut,SCONJ
dev-s535,6,de,de,ADP
dev-s535,7,me,ego,PRON
dev-s535,8,supra,supra,ADV
dev-s535,9,legitur,lego,VERB
dev-s535,10,",",",",PUNCT
dev-s535,11,missus,missus,NOUN
dev-s535,12,fui,sum,AUX
dev-s535,13,.,.,PUNCT
dev-s536,1,+,+,PUNCT
dev-s536,2,Ego,ego,PRON
dev-s536,3,Roffridi,Rodfridus,PROPN
dev-s536,4,notarius,notarius,NOUN
dev-s536,5,et,et,CCONJ
dev-s536,6,schabinus,scabinus,NOUN
dev-s536,7,subscripsi,subscribo,VERB
dev-s536,8,.,.,PUNCT
dev-s537,1,+,+,PUNCT
dev-s537,2,Ego,ego,PRON
dev-s537,3,[Propn],_,PROPN
dev-s537,4,rogatus,rogo,VERB
dev-s537,5,a,ab,ADP
dev-s537,6,Sichalmi,Sichelmus,PROPN
dev-s537,7,me,ego,PRON
dev-s537,8,teste,testis,NOUN
dev-s537,9,subscripsi,subscribo,VERB
dev-s537,10,.,.,PUNCT
dev-s538,1,+,+,PUNCT
dev-s538,2,Ego,ego,PRON
dev-s538,3,Leo,Leo,PROPN
dev-s538,4,schabinus,scabinus,NOUN
dev-s538,5,subscripsi,subscribo,VERB
dev-s538,6,.,.,PUNCT
dev-s539,1,+,+,PUNCT
dev-s539,2,Ego,ego,PRON
dev-s539,3,Alpertus,Alpertus,PROPN
dev-s539,4,",",",",PUNCT
dev-s539,5,rogatus,rogo,VERB
dev-s539,6,a,ab,ADP
dev-s539,7,Sichalmi,Sichelmus,PROPN
dev-s539,8,",",",",PUNCT
dev-s539,9,me,ego,PRON
dev-s539,10,teste,testis,NOUN
dev-s539,11,subscripsi,subscribo,VERB
dev-s539,12,.,.,PUNCT
dev-s540,1,+,+,PUNCT
dev-s540,2,Ego,ego,PRON
dev-s540,3,Fridihisi,Fridichisus,PROPN
dev-s540,4,",",",",PUNCT
dev-s540,5,rogatus,rogo,VERB
dev-s540,6,a,ab,ADP
dev-s540,7,Sichalmo,Sichelmus,PROPN
dev-s540,8,",",",",PUNCT
dev-s540,9,me,ego,PRON
dev-s540,10,teste,testis,NOUN
dev-s540,11,subscripsi,subscribo,VERB
dev-s540,12,.,.,PUNCT
dev-s541,1,+,+,PUNCT
dev-s541,2,Ego,ego,PRON
dev-s541,3,Beldoino,Belduinus,PROPN
dev-s541,4,interfui,intersum,VERB
dev-s541,5,.,.,PUNCT
dev-s542,1,+,+,PUNCT
dev-s542,2,Ego,ego,PRON
dev-s542,3,Liutifridi,Liutfridus,PROPN
dev-s542,4,",",",",PUNCT
dev-s542,5,rogatus,rogo,VERB
dev-s542,6,a,ab,ADP
dev-s542,7,Sichalmi,Sichelmus,PROPN
dev-s542,8,",",",",PUNCT
dev-s542,9,me,ego,PRON
dev-s542,10,teste,testis,NOUN
dev-s542,11,subscripsi,subscribo,VERB
dev-s542,12,.,.,PUNCT
dev-s543,1,signum,signum,NOUN
dev-s543,2,+,+,PUNCT
dev-s543,3,manus,manus,NOUN
dev-s543,4,Bronari,Brunarus,PROPN
dev-s543,5,",",",",PUNCT
dev-s543,6,filio,filius,NOUN
dev-s543,7,Ardimanni,Ardimannus,PROPN
dev-s543,8,de,de,ADP
dev-s543,9,Quarto,quartus,PROPN
dev-s543,10,",",",",PUNCT
dev-s543,11,qui,qui,PRON
dev-s543,12,interfuit,intersum,VERB
dev-s543,13,.,.,PUNCT
dev-s544,1,signum,signum,NOUN
dev-s544,2,+,+,PUNCT
dev-s544,3,manus,manus,NOUN
dev-s544,4,Aggialmanni,Agelmannus,PROPN
dev-s544,5,",",",",PUNCT
dev-s544,6,filio,filius,NOUN
dev-s544,7,quondam,quondam,ADJ
dev-s544,8,Ardimanni,Ardimannus,PROPN
dev-s544,9,",",",",PUNCT
dev-s544,10,qui,qui,PRON
dev-s544,11,interfuit,intersum,VERB
dev-s544,12,.,.,PUNCT
dev-s545,1,ego,ego,PRON
dev-s545,2,Cunimundo,Cunimundus,PROPN
dev-s545,3,",",",",PUNCT
dev-s545,4,rogatus,rogo,VERB
dev-s545,5,a,ab,ADP
dev-s545,6,Sichalmi,Sichelmus,PROPN
dev-s545,7,",",",",PUNCT
dev-s545,8,me,ego,PRON
dev-s545,9,teste,testis,NOUN
dev-s545,10,subscripsi,subscribo,VERB
dev-s545,11,.,.,PUNCT
dev-s546,1,+,+,PUNCT
dev-s546,2,Ego,ego,PRON
dev-s546,3,Lopo,lupus,PROPN
dev-s546,4,notarius,notarius,NOUN
dev-s546,5,post,post,ADP
dev-s546,6,traditam,trado,VERB
dev-s546,7,conplevi,compleo,VERB
dev-s546,8,et,et,CCONJ
dev-s546,9,dedi,do,VERB
dev-s546,10,.,.,PUNCT
dev-s547,1,+,+,PUNCT
dev-s547,2,In,in,ADP
dev-s547,3,Dei,Deus,PROPN
dev-s547,4,omnipotentis,omnipotens,ADJ
dev-s547,5,nomine,nomen,NOUN
dev-s547,6,regnante,regno,VERB
dev-s547,7,domno,domnus,NOUN
dev-s547,8,nostro,noster,DET
dev-s547,9,Karolus,Carolus,PROPN
dev-s547,10,divina,diuinus,ADJ
dev-s547,11,faventem,faueo,VERB
dev-s547,12,clementia,clementia,NOUN
dev-s547,13,imperatore,imperator,NOUN
dev-s547,14,augusto,augustus,NOUN
dev-s547,15,",",",",PUNCT
dev-s547,16,anno,annus,NOUN
dev-s547,17,imperii,imperium,NOUN
dev-s547,18,eius,is,PRON
dev-s547,19,quinto,quintus,ADJ
dev-s547,20,",",",",PUNCT
dev-s547,21,quinto,quintus,ADJ
dev-s547,22,idus,idus,NOUN
dev-s547,23,octubris,october,ADJ
dev-s547,24,",",",",PUNCT
dev-s547,25,indictione,indictio,NOUN
dev-s547,26,quarta,quartus,ADJ
dev-s547,27,.,.,PUNCT
dev-s548,1,manifestu,manifestus,ADJ
dev-s548,2,sum,sum,AUX
dev-s548,3,ego,ego,PRON
dev-s548,4,Roppaldo,Rodpaldus,PROPN
dev-s548,5,presbitero,presbyter,NOUN
dev-s548,6,",",",",PUNCT
dev-s548,7,filio,filius,NOUN
dev-s548,8,bone,bonus,ADJ
dev-s548,9,memorie,memoria,NOUN
dev-s548,10,Uppaldi,Uppaldus,PROPN
dev-s548,11,",",",",PUNCT
dev-s548,12,quia,quia,SCONJ
dev-s548,13,tu,tu,PRON
dev-s548,14,domnus,domnus,NOUN
dev-s548,15,Gherardus,Gherardus,PROPN
dev-s548,16,",",",",PUNCT
dev-s548,17,gratia,gratia,NOUN
dev-s548,18,Dei,Deus,PROPN
dev-s548,19,huius,hic,DET
dev-s548,20,sancte,sanctus,ADJ
dev-s548,21,Lucanem,lucanus,ADJ
dev-s548,22,ecclesie,ecclesia,NOUN
dev-s548,23,humilis,humilis,ADJ
dev-s548,24,episcopus,episcopus,NOUN
dev-s548,25,",",",",PUNCT
dev-s548,26,per,per,ADP
dev-s548,27,consensum,consensus,NOUN
dev-s548,28,sacerdotum,sacerdos,NOUN
dev-s548,29,tuorum,tuus,DET
dev-s548,30,et,et,CCONJ
dev-s548,31,filii,filius,NOUN
dev-s548,32,ipsius,ipse,DET
dev-s548,33,sancte,sanctus,ADJ
dev-s548,34,ecclesie,ecclesia,NOUN
dev-s548,35,secundum,secundum,ADP
dev-s548,36,canonico,canonicus,ADJ
dev-s548,37,ordinem,ordo,NOUN
dev-s548,38,rectorem,rector,NOUN
dev-s548,39,et,et,CCONJ
dev-s548,40,gubernatorem,gubernator,NOUN
dev-s548,41,",",",",PUNCT
dev-s548,42,ordinasti,ordino,VERB
dev-s548,43,et,et,CCONJ
dev-s548,44,confirmasti,confirmo,VERB
dev-s548,45,me,ego,PRON
dev-s548,46,in,in,ADP
dev-s548,47,ecclesia,ecclesia,NOUN
dev-s548,48,vestra,uester,DET
dev-s548,49,cui,qui,PRON
dev-s548,50,vocabulum,uocabulum,NOUN
dev-s548,51,est,sum,AUX
dev-s548,52,beati,beatus,ADJ
dev-s548,53,sancti,sanctus,ADJ
dev-s548,54,Pancratii,Pancratius,PROPN
dev-s548,55,sita,sino,VERB
dev-s548,56,loco,locus,NOUN
dev-s548,57,Sugruminio,Subgruminium,PROPN
dev-s548,58,",",",",PUNCT
dev-s548,59,quod,qui,PRON
dev-s548,60,est,sum,AUX
dev-s548,61,plebem,plebs,NOUN
dev-s548,62,baptismales,baptismalis,ADJ
dev-s548,63,;,;,PUNCT
dev-s549,1,propterea,propterea,ADV
dev-s549,2,per,per,ADP
dev-s549,3,hanc,hic,DET
dev-s549,4,cartula,chartula,NOUN
dev-s549,5,repromitto,repromitto,VERB
dev-s549,6,tibi,tu,PRON
dev-s549,7,vel,uel,CCONJ
dev-s549,8,ad,ad,ADP
dev-s549,9,subcessoribus,successor,NOUN
dev-s549,10,tuis,tuus,DET
dev-s549,11,ad,ad,ADP
dev-s549,12,parte,pars,NOUN
dev-s549,13,ipsius,ipse,DET
dev-s549,14,episcopatui,episcopatus,NOUN
dev-s549,15,vestro,uester,DET
dev-s549,16,sancti,sanctus,ADJ
dev-s549,17,Martini,Martinus,PROPN
dev-s549,18,",",",",PUNCT
dev-s549,19,vobis,uos,PRON
dev-s549,20,vel,uel,CCONJ
dev-s549,21,ad,ad,ADP
dev-s549,22,ministeriales,ministerialis,NOUN
dev-s549,23,vestro,uester,DET
dev-s549,24,quas,qui,PRON
dev-s549,25,inibi,inibi,ADV
dev-s549,26,pre,prae,ADP
dev-s549,27,tempore,tempus,NOUN
dev-s549,28,abueritis,habeo,VERB
dev-s549,29,",",",",PUNCT
dev-s549,30,per,per,ADP
dev-s549,31,singulos,singulus,ADJ
dev-s549,32,annos,annus,NOUN
dev-s549,33,in,in,ADP
dev-s549,34,mensem,mensis,NOUN
dev-s549,35,martio,Martius,ADJ
dev-s549,36,dum,dum,SCONJ
dev-s549,37,vita,uita,NOUN
dev-s549,38,mea,meus,DET
dev-s549,39,fuerit,sum,AUX
dev-s549,40,",",",",PUNCT
dev-s549,41,vobis,uos,PRON
dev-s549,42,reddere,reddo,VERB
dev-s549,43,debeamus,debeo,VERB
dev-s549,44,argentum,argentum,NOUN
dev-s549,45,soledos,solidus,NOUN
dev-s549,46,quindecim,quindecim,NUM
dev-s549,47,de,de,ADP
dev-s549,48,bonos,bonus,ADJ
dev-s549,49,denarios,denarius,NOUN
dev-s549,50,expendiviles,expendibilis,ADJ
dev-s549,51,",",",",PUNCT
dev-s549,52,per,per,ADP
dev-s549,53,singulos,singulus,ADJ
dev-s549,54,soledos,solidus,NOUN
dev-s549,55,duodecim,duodecim,NUM
dev-s549,56,denarios,denarius,NOUN
dev-s549,57,rationatos,rationo,VERB
dev-s549,58,.,.,PUNCT
dev-s550,1,unde,unde,ADV
dev-s550,2,repromitto,repromitto,VERB
dev-s550,3,ego,ego,PRON
dev-s550,4,qui,qui,DET
dev-s550,5,supra,supra,ADV
dev-s550,6,Roppaldo,Rodpaldus,PROPN
dev-s550,7,presbitero,presbyter,NOUN
dev-s550,8,tibi,tu,PRON
dev-s550,9,qui,qui,DET
dev-s550,10,supra,supra,ADV
dev-s550,11,domnus,domnus,NOUN
dev-s550,12,Gherardus,Gherardus,PROPN
dev-s550,13,episcopus,episcopus,NOUN
dev-s550,14,",",",",PUNCT
dev-s550,15,vel,uel,CCONJ
dev-s550,16,ad,ad,ADP
dev-s550,17,subcessoribus,successor,NOUN
dev-s550,18,tuis,tuus,DET
dev-s550,19,",",",",PUNCT
dev-s550,20,dum,dum,SCONJ
dev-s550,21,vita,uita,NOUN
dev-s550,22,mea,meus,DET
dev-s550,23,fuerit,sum,AUX
dev-s550,24,",",",",PUNCT
dev-s550,25,per,per,ADP
dev-s550,26,singulos,singulus,ADJ
dev-s550,27,annos,annus,NOUN
dev-s550,28,in,in,ADP
dev-s550,29,suprascripto,suprascriptus,DET
dev-s550,30,mense,mensis,NOUN
dev-s550,31,martio,Martius,ADJ
dev-s550,32,predicto,praedictus,DET
dev-s550,33,soledos,solidus,NOUN
dev-s550,34,non,non,PART
dev-s550,35,dedero,do,VERB
dev-s550,36,et,et,CCONJ
dev-s550,37,non,non,PART
dev-s550,38,peresolsero,perexsoluo,VERB
dev-s550,39,de,de,ADP
dev-s550,40,tales,talis,DET
dev-s550,41,denarios,denarius,NOUN
dev-s550,42,quales,qualis,DET
dev-s550,43,in,in,ADP
dev-s550,44,die,dies,NOUN
dev-s550,45,illa,ille,DET
dev-s550,46,hic,hic,ADV
dev-s550,47,Luca,Luca,PROPN
dev-s550,48,per,per,ADP
dev-s550,49,caput,caput,NOUN
dev-s550,50,bene,bene,ADV
dev-s550,51,fuerint,sum,AUX
dev-s550,52,expendiviles,expendibilis,ADJ
dev-s550,53,",",",",PUNCT
dev-s550,54,spondeo,spondeo,VERB
dev-s550,55,ego,ego,PRON
dev-s550,56,qui,qui,DET
dev-s550,57,supra,supra,ADV
dev-s550,58,Roppaldo,Rodpaldus,PROPN
dev-s550,59,presbitero,presbyter,NOUN
dev-s550,60,conponere,compono,VERB
dev-s550,61,tibi,tu,PRON
dev-s550,62,qui,qui,DET
dev-s550,63,supra,supra,ADV
dev-s550,64,domnus,domnus,NOUN
dev-s550,65,Gherardus,Gherardus,PROPN
dev-s550,66,episcopus,episcopus,NOUN
dev-s550,67,",",",",PUNCT
dev-s550,68,vel,uel,CCONJ
dev-s550,69,ad,ad,ADP
dev-s550,70,subcessoribus,successor,NOUN
dev-s550,71,tuis,tuus,DET
dev-s550,72,de,de,ADP
dev-s550,73,quale,qualis,DET
dev-s550,74,mense,mensis,NOUN
dev-s550,75,martio,Martius,ADJ
dev-s550,76,suprascripto,suprascriptus,DET
dev-s550,77,soledos,solidus,NOUN
dev-s550,78,menime,minime,ADV
dev-s550,79,dedero,do,VERB
dev-s550,80,in,in,ADP
dev-s550,81,duplum,duplus,ADJ
dev-s550,82,;,;,PUNCT
dev-s551,1,et,et,CCONJ
dev-s551,2,hanc,hic,DET
dev-s551,3,promissio,promissio,NOUN
dev-s551,4,dum,dum,SCONJ
dev-s551,5,vita,uita,NOUN
dev-s551,6,mea,meus,DET
dev-s551,7,fuerit,sum,AUX
dev-s551,8,in,in,ADP
dev-s551,9,sua,suus,DET
dev-s551,10,permaneat,permaneo,VERB
dev-s551,11,firmitatem,firmitas,NOUN
dev-s551,12,",",",",PUNCT
dev-s551,13,quia,quia,SCONJ
dev-s551,14,in,in,ADP
dev-s551,15,tali,talis,DET
dev-s551,16,ordinem,ordo,NOUN
dev-s551,17,hanc,hic,DET
dev-s551,18,promissio,promissio,NOUN
dev-s551,19,Lopo,lupus,PROPN
dev-s551,20,notarium,notarius,NOUN
dev-s551,21,scribere,scribo,VERB
dev-s551,22,rogavi,rogo,VERB
dev-s551,23,.,.,PUNCT
dev-s552,1,actum,ago,VERB
dev-s552,2,Luca,Luca,PROPN
dev-s552,3,.,.,PUNCT
dev-s553,1,+,+,PUNCT
dev-s553,2,Ego,ego,PRON
dev-s553,3,Roppaldu,Rodpaldus,PROPN
dev-s553,4,presbitero,presbyter,NOUN
dev-s553,5,in,in,ADP
dev-s553,6,anc,hic,DET
dev-s553,7,promissio,promissio,NOUN
dev-s553,8,a,ab,ADP
dev-s553,9,me,ego,PRON
dev-s553,10,facto,facio,VERB
dev-s553,11,subscripsi,subscribo,VERB
dev-s553,12,.,.,PUNCT
dev-s554,1,+,+,PUNCT
dev-s554,2,Ego,ego,PRON
dev-s554,3,Leo,Leo,PROPN
dev-s554,4,notarius,notarius,NOUN
dev-s554,5,",",",",PUNCT
dev-s554,6,rogatus,rogo,VERB
dev-s554,7,a,ab,ADP
dev-s554,8,Roppaldo,Rodpaldus,PROPN
dev-s554,9,presbitero,presbyter,NOUN
dev-s554,10,",",",",PUNCT
dev-s554,11,me,ego,PRON
dev-s554,12,teste,testis,NOUN
dev-s554,13,subscripsi,subscribo,VERB
dev-s554,14,.,.,PUNCT
dev-s555,1,+,+,PUNCT
dev-s555,2,Ego,ego,PRON
dev-s555,3,Roffridi,Rodfridus,PROPN
dev-s555,4,",",",",PUNCT
dev-s555,5,rogatus,rogo,VERB
dev-s555,6,a,ab,ADP
dev-s555,7,Roppaldo,Rodpaldus,PROPN
dev-s555,8,presbitero,presbyter,NOUN
dev-s555,9,",",",",PUNCT
dev-s555,10,me,ego,PRON
dev-s555,11,teste,testis,NOUN
dev-s555,12,subscripsi,subscribo,VERB
dev-s555,13,.,.,PUNCT
dev-s556,1,+,+,PUNCT
dev-s556,2,Ego,ego,PRON
dev-s556,3,Roffridi,Rodfridus,PROPN
dev-s556,4,notarius,notarius,NOUN
dev-s556,5,et,et,CCONJ
dev-s556,6,schabinus,scabinus,NOUN
dev-s556,7,subscripsi,subscribo,VERB
dev-s556,8,.,.,PUNCT
dev-s557,1,+,+,PUNCT
dev-s557,2,Ego,ego,PRON
dev-s557,3,Stefanus,Stephanus,PROPN
dev-s557,4,notarius,notarius,NOUN
dev-s557,5,",",",",PUNCT
dev-s557,6,rogatus,rogo,VERB
dev-s557,7,a,ab,ADP
dev-s557,8,Roppaldo,Rodpaldus,PROPN
dev-s557,9,presbitero,presbyter,NOUN
dev-s557,10,",",",",PUNCT
dev-s557,11,me,ego,PRON
dev-s557,12,teste,testis,NOUN
dev-s557,13,subscripsi,subscribo,VERB
dev-s557,14,.,.,PUNCT
dev-s558,1,+,+,PUNCT
dev-s558,2,Ego,ego,PRON
dev-s558,3,Lopo,lupus,PROPN
dev-s558,4,",",",",PUNCT
dev-s558,5,rogatus,rogo,VERB
dev-s558,6,a,ab,ADP
dev-s558,7,Roppaldo,Rodpaldus,PROPN
dev-s558,8,presbitero,presbyter,NOUN
dev-s558,9,",",",",PUNCT
dev-s558,10,me,ego,PRON
dev-s558,11,teste,testis,NOUN
dev-s558,12,subscripsi,subscribo,VERB
dev-s558,13,.,.,PUNCT
dev-s559,1,+,+,PUNCT
dev-s559,2,Ego,ego,PRON
dev-s559,3,Lopo,lupus,PROPN
dev-s559,4,notarius,notarius,NOUN
dev-s559,5,post,post,ADP
dev-s559,6,traditam,trado,VERB
dev-s559,7,complevi,compleo,VERB
dev-s559,8,et,et,CCONJ
dev-s559,9,dedi,do,VERB
dev-s559,10,.,.,PUNCT
dev-s560,1,In,in,ADP
dev-s560,2,Dei,Deus,PROPN
dev-s560,3,omnipotentes,omnipotens,ADJ
dev-s560,4,nomine,nomen,NOUN
dev-s560,5,regnante,regno,VERB
dev-s560,6,domno,domnus,NOUN
dev-s560,7,nostro,noster,DET
dev-s560,8,Karolus,Carolus,PROPN
dev-s560,9,divina,diuinus,ADJ
dev-s560,10,faventem,faueo,VERB
dev-s560,11,clementiam,clementia,NOUN
dev-s560,12,inperatore,imperator,NOUN
dev-s560,13,augusto,augustus,NOUN
dev-s560,14,",",",",PUNCT
dev-s560,15,anno,annus,NOUN
dev-s560,16,inperii,imperium,NOUN
dev-s560,17,eius,is,PRON
dev-s560,18,quinto,quintus,ADJ
dev-s560,19,",",",",PUNCT
dev-s560,20,tertio,tertius,ADJ
dev-s560,21,idus,idus,NOUN
dev-s560,22,octubris,october,ADJ
dev-s560,23,",",",",PUNCT
dev-s560,24,indictione,indictio,NOUN
dev-s560,25,quarta,quartus,ADJ
dev-s560,26,.,.,PUNCT
dev-s561,1,manifestu,manifestus,ADJ
dev-s561,2,sum,sum,AUX
dev-s561,3,ego,ego,PRON
dev-s561,4,Liutifridi,Liutfridus,PROPN
dev-s561,5,",",",",PUNCT
dev-s561,6,filio,filius,NOUN
dev-s561,7,bone,bonus,ADJ
dev-s561,8,memorie,memoria,NOUN
dev-s561,9,Teuderadi,Teuderadus,PROPN
dev-s561,10,",",",",PUNCT
dev-s561,11,quia,quia,SCONJ
dev-s561,12,tu,tu,PRON
dev-s561,13,Gherardus,Gherardus,PROPN
dev-s561,14,",",",",PUNCT
dev-s561,15,gratia,gratia,NOUN
dev-s561,16,Dei,Deus,PROPN
dev-s561,17,uius,hic,DET
dev-s561,18,sancte,sanctus,ADJ
dev-s561,19,Lucane,lucanus,ADJ
dev-s561,20,ecclesie,ecclesia,NOUN
dev-s561,21,humilis,humilis,ADJ
dev-s561,22,episcopus,episcopus,NOUN
dev-s561,23,",",",",PUNCT
dev-s561,24,per,per,ADP
dev-s561,25,cartula,chartula,NOUN
dev-s561,26,livellario,libellarius,ADJ
dev-s561,27,nomine,nomen,NOUN
dev-s561,28,ad,ad,ADP
dev-s561,29,censum,census,NOUN
dev-s561,30,vobis,uos,PRON
dev-s561,31,perexolvendum,perexsoluo,VERB
dev-s561,32,dedisti,do,VERB
dev-s561,33,mihi,ego,PRON
dev-s561,34,id,is,PRON
dev-s561,35,est,sum,AUX
dev-s561,36,ecclesia,ecclesia,NOUN
dev-s561,37,illa,ille,DET
dev-s561,38,cui,qui,PRON
dev-s561,39,vocabulum,uocabulum,NOUN
dev-s561,40,est,sum,AUX
dev-s561,41,beati,beatus,ADJ
dev-s561,42,sancti,sanctus,ADJ
dev-s561,43,Andree,Andreas,PROPN
dev-s561,44,sita,sino,VERB
dev-s561,45,loco,locus,NOUN
dev-s561,46,et,et,CCONJ
dev-s561,47,finibus,finis,NOUN
dev-s561,48,Campo,campus,PROPN
dev-s561,49,Maiore,magnus,ADJ
dev-s561,50,ubi,ubi,ADV
dev-s561,51,dicitur,dico,VERB
dev-s561,52,ad,ad,ADP
dev-s561,53,Canali,Canalis,PROPN
dev-s561,54,prope,prope,ADP
dev-s561,55,ecclesie,ecclesia,NOUN
dev-s561,56,sancti,sanctus,ADJ
dev-s561,57,Stefani,Stephanus,PROPN
dev-s561,58,",",",",PUNCT
dev-s561,59,quod,qui,PRON
dev-s561,60,est,sum,AUX
dev-s561,61,plebe,plebs,NOUN
dev-s561,62,baptismalis,baptismalis,ADJ
dev-s561,63,",",",",PUNCT
dev-s561,64,quas,qui,DET
dev-s561,65,ipse,ipse,DET
dev-s561,66,ecclesie,ecclesia,NOUN
dev-s561,67,sancti,sanctus,ADJ
dev-s561,68,Andree,Andreas,PROPN
dev-s561,69,est,sum,AUX
dev-s561,70,desup,desub,ADP
dev-s561,71,potestatem,potestas,NOUN
dev-s561,72,ipsius,ipse,DET
dev-s561,73,episcopatui,episcopatus,NOUN
dev-s561,74,vestro,uester,DET
dev-s561,75,sancti,sanctus,ADJ
dev-s561,76,Martini,Martinus,PROPN
dev-s561,77,",",",",PUNCT
dev-s561,78,ecclesie,ecclesia,NOUN
dev-s561,79,vero,uero,ADV
dev-s561,80,ipsa,ipse,DET
dev-s561,81,sancti,sanctus,ADJ
dev-s561,82,Andree,Andreas,PROPN
dev-s561,83,una,una,ADV
dev-s561,84,cum,cum,ADP
dev-s561,85,casis,casa,NOUN
dev-s561,86,et,et,CCONJ
dev-s561,87,rebus,res,NOUN
dev-s561,88,domnicatis,domnicatus,ADJ
dev-s561,89,sive,siue,CCONJ
dev-s561,90,casis,casa,NOUN
dev-s561,91,et,et,CCONJ
dev-s561,92,rebus,res,NOUN
dev-s561,93,massariciis,massaricius,ADJ
dev-s561,94,ad,ad,ADP
dev-s561,95,eas,is,PRON
dev-s561,96,pertinentibus,pertineo,VERB
dev-s561,97,cum,cum,ADP
dev-s561,98,fundamentis,fundamentum,NOUN
dev-s561,99,et,et,CCONJ
dev-s561,100,universis,uniuersus,DET
dev-s561,101,fabricis,fabrica,NOUN
dev-s561,102,suis,suus,DET
dev-s561,103,seu,seu,CCONJ
dev-s561,104,curtis,curtis,NOUN
dev-s561,105,",",",",PUNCT
dev-s561,106,ortis,hortus,NOUN
dev-s561,107,",",",",PUNCT
dev-s561,108,terris,terra,NOUN
dev-s561,109,",",",",PUNCT
dev-s561,110,vineis,uinea,NOUN
dev-s561,111,",",",",PUNCT
dev-s561,112,olivetis,oliuetum,NOUN
dev-s561,113,",",",",PUNCT
dev-s561,114,silvis,silua,NOUN
dev-s561,115,",",",",PUNCT
dev-s561,116,virgareis,uirgareum,NOUN
dev-s561,117,",",",",PUNCT
dev-s561,118,pratis,pratum,NOUN
dev-s561,119,",",",",PUNCT
dev-s561,120,pascuis,pascuum,NOUN
dev-s561,121,",",",",PUNCT
dev-s561,122,cultis,cultus,ADJ
dev-s561,123,rebus,res,NOUN
dev-s561,124,vel,uel,CCONJ
dev-s561,125,incultis,incultus,ADJ
dev-s561,126,;,;,PUNCT
dev-s562,1,omnia,omnis,DET
dev-s562,2,quantum,quantum,ADV
dev-s562,3,ad,ad,ADP
dev-s562,4,ipsa,ipse,DET
dev-s562,5,ecclesia,ecclesia,NOUN
dev-s562,6,sancti,sanctus,ADJ
dev-s562,7,Andree,Andreas,PROPN
dev-s562,8,",",",",PUNCT
dev-s562,9,tam,tam,ADV
dev-s562,10,domnicatis,domnicatus,ADJ
dev-s562,11,casis,casa,NOUN
dev-s562,12,et,et,CCONJ
dev-s562,13,rebus,res,NOUN
dev-s562,14,quam,quam,SCONJ
dev-s562,15,et,et,CCONJ
dev-s562,16,massariciis,massaricius,ADJ
dev-s562,17,",",",",PUNCT
dev-s562,18,quantas,quantus,DET
dev-s562,19,ubique,ubique,ADV
dev-s562,20,in,in,ADP
dev-s562,21,qualibet,quilibet,DET
dev-s562,22,locis,locus,NOUN
dev-s562,23,vel,uel,CCONJ
dev-s562,24,vocabulis,uocabulum,NOUN
dev-s562,25,ad,ad,ADP
dev-s562,26,predicta,praedictus,DET
dev-s562,27,ecclesia,ecclesia,NOUN
dev-s562,28,est,sum,AUX
dev-s562,29,pertenentes,pertineo,VERB
dev-s562,30,",",",",PUNCT
dev-s562,31,in,in,ADP
dev-s562,32,integrum,integer,ADJ
dev-s562,33,mihi,ego,PRON
dev-s562,34,eas,is,PRON
dev-s562,35,dedisti,do,VERB
dev-s562,36,;,;,PUNCT
dev-s563,1,simul,simul,ADV
dev-s563,2,et,et,CCONJ
dev-s563,3,dedisti,do,VERB
dev-s563,4,mihi,ego,PRON
dev-s563,5,id,is,PRON
dev-s563,6,est,sum,AUX
dev-s563,7,casa,casa,NOUN
dev-s563,8,et,et,CCONJ
dev-s563,9,capanna,capanna,NOUN
dev-s563,10,seu,seu,CCONJ
dev-s563,11,rebus,res,NOUN
dev-s563,12,illis,ille,DET
dev-s563,13,in,in,ADP
dev-s563,14,suprascripto,suprascriptus,DET
dev-s563,15,loco,locus,NOUN
dev-s563,16,et,et,CCONJ
dev-s563,17,finibus,finis,NOUN
dev-s563,18,Campo,campus,PROPN
dev-s563,19,Maiore,magnus,ADJ
dev-s563,20,et,et,CCONJ
dev-s563,21,sunt,sum,AUX
dev-s563,22,pertenentes,pertineo,VERB
dev-s563,23,ecclesie,ecclesia,NOUN
dev-s563,24,vestre,uester,DET
dev-s563,25,sancti,sanctus,ADJ
dev-s563,26,Fridiani,Fridianus,PROPN
dev-s563,27,foras,foras,ADP
dev-s563,28,civitate,ciuitas,NOUN
dev-s563,29,ista,iste,DET
dev-s563,30,Lucense,lucensis,ADJ
dev-s563,31,ubi,ubi,ADV
dev-s563,32,eius,is,PRON
dev-s563,33,corpus,corpus,NOUN
dev-s563,34,umatum,humo,VERB
dev-s563,35,quiescit,quiesco,VERB
dev-s563,36,",",",",PUNCT
dev-s563,37,qui,qui,PRON
dev-s563,38,est,sum,AUX
dev-s563,39,desup,desub,ADP
dev-s563,40,potestatem,potestas,NOUN
dev-s563,41,ipsius,ipse,DET
dev-s563,42,episcopatui,episcopatus,NOUN
dev-s563,43,vestro,uester,DET
dev-s563,44,sancti,sanctus,ADJ
dev-s563,45,Martini,Martinus,PROPN
dev-s563,46,",",",",PUNCT
dev-s563,47,quas,qui,DET
dev-s563,48,ipse,ipse,DET
dev-s563,49,casa,casa,NOUN
dev-s563,50,esse,sum,AUX
dev-s563,51,videtur,uideo,VERB
dev-s563,52,ubi,ubi,ADV
dev-s563,53,vocitatur,uocito,VERB
dev-s563,54,ad,ad,ADP
dev-s563,55,Sichario,Sicarium,PROPN
dev-s563,56,",",",",PUNCT
dev-s563,57,quas,qui,PRON
dev-s563,58,Leupaldo,Leopaldus,PROPN
dev-s563,59,ad,ad,ADP
dev-s563,60,manus,manus,NOUN
dev-s563,61,suas,suus,DET
dev-s563,62,abere,habeo,VERB
dev-s563,63,videtur,uideo,VERB
dev-s563,64,",",",",PUNCT
dev-s563,65,et,et,CCONJ
dev-s563,66,ipse,ipse,DET
dev-s563,67,capanna,capanna,NOUN
dev-s563,68,esse,sum,AUX
dev-s563,69,videtur,uideo,VERB
dev-s563,70,in,in,ADP
dev-s563,71,loco,locus,NOUN
dev-s563,72,ubi,ubi,ADV
dev-s563,73,vocatur,uoco,VERB
dev-s563,74,ad,ad,ADP
dev-s563,75,Cussiano,Cussianum,PROPN
dev-s563,76,",",",",PUNCT
dev-s563,77,quas,qui,PRON
dev-s563,78,Fridiano,Fridianus,PROPN
dev-s563,79,ad,ad,ADP
dev-s563,80,manus,manus,NOUN
dev-s563,81,suas,suus,DET
dev-s563,82,abere,habeo,VERB
dev-s563,83,videtur,uideo,VERB
dev-s563,84,;,;,PUNCT
dev-s564,1,seu,seu,CCONJ
dev-s564,2,et,et,CCONJ
dev-s564,3,dedisti,do,VERB
dev-s564,4,mihi,ego,PRON
dev-s564,5,id,is,PRON
dev-s564,6,est,sum,AUX
dev-s564,7,una,unus,DET
dev-s564,8,petia,petia,NOUN
dev-s564,9,de,de,ADP
dev-s564,10,vinea,uinea,NOUN
dev-s564,11,illa,ille,DET
dev-s564,12,in,in,ADP
dev-s564,13,suprascripto,suprascriptus,DET
dev-s564,14,loco,locus,NOUN
dev-s564,15,et,et,CCONJ
dev-s564,16,finibus,finis,NOUN
dev-s564,17,Campo,campus,PROPN
dev-s564,18,Maiore,magnus,ADJ
dev-s564,19,similiter,similiter,ADV
dev-s564,20,pertenentes,pertineo,VERB
dev-s564,21,suprascripte,suprascriptus,DET
dev-s564,22,ecclesie,ecclesia,NOUN
dev-s564,23,vestre,uester,DET
dev-s564,24,sancti,sanctus,ADJ
dev-s564,25,Fridiani,Fridianus,PROPN
dev-s564,26,;,;,PUNCT
dev-s565,1,vinea,uinea,NOUN
dev-s565,2,ipsa,ipse,DET
dev-s565,3,cum,cum,ADP
dev-s565,4,omnibus,omnis,DET
dev-s565,5,arboribus,arbor,NOUN
dev-s565,6,suis,suus,DET
dev-s565,7,",",",",PUNCT
dev-s565,8,in,in,ADP
dev-s565,9,integrum,integer,ADJ
dev-s565,10,mihi,ego,PRON
dev-s565,11,eas,is,PRON
dev-s565,12,dedisti,do,VERB
dev-s565,13,;,;,PUNCT
dev-s566,1,item,item,ADV
dev-s566,2,et,et,CCONJ
dev-s566,3,dedisti,do,VERB
dev-s566,4,mihi,ego,PRON
dev-s566,5,sorticella,sorticella,NOUN
dev-s566,6,de,de,ADP
dev-s566,7,res,res,NOUN
dev-s566,8,illa,ille,DET
dev-s566,9,in,in,ADP
dev-s566,10,loco,locus,NOUN
dev-s566,11,ubi,ubi,ADV
dev-s566,12,vocitatur,uocito,VERB
dev-s566,13,Quarquitana,Quarquitana,PROPN
dev-s566,14,",",",",PUNCT
dev-s566,15,similiter,similiter,ADV
dev-s566,16,pertenentes,pertineo,VERB
dev-s566,17,predicte,praedictus,DET
dev-s566,18,ecclesie,ecclesia,NOUN
dev-s566,19,vestre,uester,DET
dev-s566,20,sancti,sanctus,ADJ
dev-s566,21,Fridiani,Fridianus,PROPN
dev-s566,22,",",",",PUNCT
dev-s566,23,tam,tam,ADV
dev-s566,24,terris,terra,NOUN
dev-s566,25,quam,quam,CCONJ
dev-s566,26,et,et,CCONJ
dev-s566,27,vineis,uinea,NOUN
dev-s566,28,",",",",PUNCT
dev-s566,29,olivis,oliua,NOUN
dev-s566,30,",",",",PUNCT
dev-s566,31,silvis,silua,NOUN
dev-s566,32,",",",",PUNCT
dev-s566,33,virgareis,uirgareum,NOUN
dev-s566,34,",",",",PUNCT
dev-s566,35,culta,cultus,ADJ
dev-s566,36,res,res,NOUN
dev-s566,37,vel,uel,CCONJ
dev-s566,38,incultas,incultus,ADJ
dev-s566,39,;,;,PUNCT
dev-s567,1,omnia,omnis,DET
dev-s567,2,quantum,quantum,ADV
dev-s567,3,exinde,exinde,ADV
dev-s567,4,filii,filius,NOUN
dev-s567,5,Grimaldi,Grimualdus,PROPN
dev-s567,6,ad,ad,ADP
dev-s567,7,manus,manus,NOUN
dev-s567,8,suas,suus,DET
dev-s567,9,abuit,habeo,VERB
dev-s567,10,",",",",PUNCT
dev-s567,11,in,in,ADP
dev-s567,12,integrum,integer,ADJ
dev-s567,13,mihi,ego,PRON
dev-s567,14,eas,is,PRON
dev-s567,15,dedisti,do,VERB
dev-s567,16,;,;,PUNCT
dev-s568,1-2,nec,_,_
dev-s568,1,ne,ne,PART
dev-s568,2,c,que,CCONJ
dev-s568,3,non,non,PART
dev-s568,4,et,et,CCONJ
dev-s568,5,dedisti,do,VERB
dev-s568,6,mihi,ego,PRON
dev-s568,7,id,is,PRON
dev-s568,8,est,sum,AUX
dev-s568,9,res,res,NOUN
dev-s568,10,illa,ille,DET
dev-s568,11,in,in,ADP
dev-s568,12,suprascripto,suprascriptus,DET
dev-s568,13,loco,locus,NOUN
dev-s568,14,et,et,CCONJ
dev-s568,15,finibus,finis,NOUN
dev-s568,16,Campo,campus,PROPN
dev-s568,17,Maiore,magnus,ADJ
dev-s568,18,ubi,ubi,ADV
dev-s568,19,vocatur,uoco,VERB
dev-s568,20,ad,ad,ADP
dev-s568,21,Cassiaticho,Cassiaticum,PROPN
dev-s568,22,pertenentes,pertineo,VERB
dev-s568,23,ecclesie,ecclesia,NOUN
dev-s568,24,vestre,uester,DET
dev-s568,25,sancti,sanctus,ADJ
dev-s568,26,Bartholomei,Bartholomaeus,PROPN
dev-s568,27,sita,sino,VERB
dev-s568,28,foras,foras,ADP
dev-s568,29,civitate,ciuitas,NOUN
dev-s568,30,ista,iste,DET
dev-s568,31,Lucense,lucensis,ADJ
dev-s568,32,ubi,ubi,ADV
dev-s568,33,dicitur,dico,VERB
dev-s568,34,ad,ad,ADP
dev-s568,35,Cipriano,Ciprianum,PROPN
dev-s568,36,",",",",PUNCT
dev-s568,37,que,qui,PRON
dev-s568,38,est,sum,AUX
dev-s568,39,desup,desub,ADP
dev-s568,40,potestatem,potestas,NOUN
dev-s568,41,ipsius,ipse,DET
dev-s568,42,episcopatui,episcopatus,NOUN
dev-s568,43,vestro,uester,DET
dev-s568,44,sancti,sanctus,ADJ
dev-s568,45,Martini,Martinus,PROPN
dev-s568,46,",",",",PUNCT
dev-s568,47,tam,tam,ADV
dev-s568,48,terris,terra,NOUN
dev-s568,49,quam,quam,CCONJ
dev-s568,50,et,et,CCONJ
dev-s568,51,vineis,uinea,NOUN
dev-s568,52,",",",",PUNCT
dev-s568,53,olivis,oliua,NOUN
dev-s568,54,",",",",PUNCT
dev-s568,55,silvis,silua,NOUN
dev-s568,56,",",",",PUNCT
dev-s568,57,virgareis,uirgareum,NOUN
dev-s568,58,",",",",PUNCT
dev-s568,59,cultas,cultus,ADJ
dev-s568,60,res,res,NOUN
dev-s568,61,vel,uel,CCONJ
dev-s568,62,incultas,incultus,ADJ
dev-s568,63,;,;,PUNCT
dev-s569,1,omnia,omnis,DET
dev-s569,2,quantum,quantum,ADV
dev-s569,3,in,in,ADP
dev-s569,4,predicto,praedictus,DET
dev-s569,5,loco,locus,NOUN
dev-s569,6,Cassiaticho,Cassiaticum,PROPN
dev-s569,7,predicte,praedictus,DET
dev-s569,8,ecclesie,ecclesia,NOUN
dev-s569,9,sancti,sanctus,ADJ
dev-s569,10,Bartholomei,Bartholomaeus,PROPN
dev-s569,11,est,sum,AUX
dev-s569,12,pertinentes,pertineo,VERB
dev-s569,13,",",",",PUNCT
dev-s569,14,et,et,CCONJ
dev-s569,15,Ermulo,Ermulus,PROPN
dev-s569,16,exinde,exinde,ADV
dev-s569,17,ad,ad,ADP
dev-s569,18,manus,manus,NOUN
dev-s569,19,suas,suus,DET
dev-s569,20,abere,habeo,VERB
dev-s569,21,videtur,uideo,VERB
dev-s569,22,",",",",PUNCT
dev-s569,23,in,in,ADP
dev-s569,24,integrum,integer,ADJ
dev-s569,25,mihi,ego,PRON
dev-s569,26,eas,is,PRON
dev-s569,27,dedisti,do,VERB
dev-s569,28,tali,talis,DET
dev-s569,29,ordinem,ordo,NOUN
dev-s569,30,ut,ut,SCONJ
dev-s569,31,da,da,ADP
dev-s569,32,admodum,admodum,ADV
dev-s569,33,suprascripta,suprascriptus,DET
dev-s569,34,ecclesia,ecclesia,NOUN
dev-s569,35,seu,seu,CCONJ
dev-s569,36,casis,casa,NOUN
dev-s569,37,et,et,CCONJ
dev-s569,38,rebus,res,NOUN
dev-s569,39,quas,qui,PRON
dev-s569,40,mihi,ego,PRON
dev-s569,41,superius,superius,ADV
dev-s569,42,dedisti,do,VERB
dev-s569,43,in,in,ADP
dev-s569,44,mea,meus,DET
dev-s569,45,vel,uel,CCONJ
dev-s569,46,de,de,ADP
dev-s569,47,meis,meus,DET
dev-s569,48,heredes,heres,NOUN
dev-s569,49,sint,sum,AUX
dev-s569,50,potestatem,potestas,NOUN
dev-s569,51,eas,is,PRON
dev-s569,52,abendi,habeo,VERB
dev-s569,53,",",",",PUNCT
dev-s569,54,inperandi,impero,VERB
dev-s569,55,",",",",PUNCT
dev-s569,56,gubernandi,guberno,VERB
dev-s569,57,",",",",PUNCT
dev-s569,58,laborare,laboro,VERB
dev-s569,59,faciendi,facio,VERB
dev-s569,60,",",",",PUNCT
dev-s569,61,meliorandi,melioro,VERB
dev-s569,62,et,et,CCONJ
dev-s569,63,nobis,nos,PRON
dev-s569,64,eas,is,PRON
dev-s569,65,privato,priuo,VERB
dev-s569,66,nomine,nomen,NOUN
dev-s569,67,usufructuandi,usufructuo,VERB
dev-s569,68,;,;,PUNCT
dev-s570,1,et,et,CCONJ
dev-s570,2,in,in,ADP
dev-s570,3,ipsa,ipse,DET
dev-s570,4,Domini,Dominus,PROPN
dev-s570,5,ecclesie,ecclesia,NOUN
dev-s570,6,per,per,ADP
dev-s570,7,nostram,noster,DET
dev-s570,8,dispositionem,dispositio,NOUN
dev-s570,9,officium,officium,NOUN
dev-s570,10,Dei,Deus,PROPN
dev-s570,11,et,et,CCONJ
dev-s570,12,luminaria,luminare,NOUN
dev-s570,13,seu,seu,CCONJ
dev-s570,14,missarum,missa,NOUN
dev-s570,15,fieri,fio,VERB
dev-s570,16,debeam,debeo,VERB
dev-s570,17,.,.,PUNCT
dev-s571,1,et,et,CCONJ
dev-s571,2,pro,pro,ADP
dev-s571,3,omni,omnis,DET
dev-s571,4,censum,census,NOUN
dev-s571,5,et,et,CCONJ
dev-s571,6,iustitia,iustitia,NOUN
dev-s571,7,exinde,exinde,ADV
dev-s571,8,vel,uel,CCONJ
dev-s571,9,ad,ad,ADP
dev-s571,10,successoribus,successor,NOUN
dev-s571,11,tuis,tuus,DET
dev-s571,12,ad,ad,ADP
dev-s571,13,pars,pars,NOUN
dev-s571,14,ipsius,ipse,DET
dev-s571,15,episcupatui,episcopatus,NOUN
dev-s571,16,vestro,uester,DET
dev-s571,17,sancti,sanctus,ADJ
dev-s571,18,Martini,Martinus,PROPN
dev-s571,19,",",",",PUNCT
dev-s571,20,per,per,ADP
dev-s571,21,singulos,singulus,ADJ
dev-s571,22,annos,annus,NOUN
dev-s571,23,per,per,ADP
dev-s571,24,omnem,omnis,DET
dev-s571,25,mense,mensis,NOUN
dev-s571,26,november,nouember,ADJ
dev-s571,27,censum,census,NOUN
dev-s571,28,vobis,uos,PRON
dev-s571,29,reddere,reddo,VERB
dev-s571,30,debeamus,debeo,VERB
dev-s571,31,hic,hic,ADV
dev-s571,32,civitate,ciuitas,NOUN
dev-s571,33,Luca,Luca,PROPN
dev-s571,34,ad,ad,ADP
dev-s571,35,suprascripto,suprascriptus,DET
dev-s571,36,domo,domus,NOUN
dev-s571,37,vobis,uos,PRON
dev-s571,38,",",",",PUNCT
dev-s571,39,vel,uel,CCONJ
dev-s571,40,ad,ad,ADP
dev-s571,41,ministeriale,ministerialis,NOUN
dev-s571,42,vestrum,uester,DET
dev-s571,43,in,in,ADP
dev-s571,44,quas,qui,PRON
dev-s571,45,in,in,ADP
dev-s571,46,ipso,ipse,DET
dev-s571,47,domo,domus,NOUN
dev-s571,48,pre,prae,ADP
dev-s571,49,tempore,tempus,NOUN
dev-s571,50,abueritis,habeo,VERB
dev-s571,51,",",",",PUNCT
dev-s571,52,argentum,argentum,NOUN
dev-s571,53,denarios,denarius,NOUN
dev-s571,54,bonos,bonus,ADJ
dev-s571,55,expendiviles,expendibilis,ADJ
dev-s571,56,numero,numerus,NOUN
dev-s571,57,viginti,uiginti,NUM
dev-s571,58,quattuor,quattuor,NUM
dev-s571,59,;,;,PUNCT
dev-s572,1,et,et,CCONJ
dev-s572,2,homines,homo,NOUN
dev-s572,3,illos,ille,DET
dev-s572,4,qui,qui,PRON
dev-s572,5,in,in,ADP
dev-s572,6,ipsis,ipse,DET
dev-s572,7,casis,casa,NOUN
dev-s572,8,abitantes,habito,VERB
dev-s572,9,fuerit,sum,AUX
dev-s572,10,",",",",PUNCT
dev-s572,11,nos,nos,PRON
dev-s572,12,eum,is,PRON
dev-s572,13,a,ab,ADP
dev-s572,14,mandato,mandatum,NOUN
dev-s572,15,vestro,uester,DET
dev-s572,16,venire,uenio,VERB
dev-s572,17,faciamus,facio,VERB
dev-s572,18,hic,hic,ADV
dev-s572,19,civitate,ciuitas,NOUN
dev-s572,20,Luca,Luca,PROPN
dev-s572,21,",",",",PUNCT
dev-s572,22,si,si,SCONJ
dev-s572,23,oportum,opportunus,ADJ
dev-s572,24,fuerit,sum,AUX
dev-s572,25,",",",",PUNCT
dev-s572,26,a,ad,ADP
dev-s572,27,legem,lex,NOUN
dev-s572,28,et,et,CCONJ
dev-s572,29,iustitiam,iustitia,NOUN
dev-s572,30,faciendum,facio,VERB
dev-s572,31,tantum,tantum,ADV
dev-s572,32,.,.,PUNCT
dev-s573,1,et,et,CCONJ
dev-s573,2,si,si,SCONJ
dev-s573,3,a,ab,ADP
dev-s573,4,nos,nos,PRON
dev-s573,5,vobis,uos,PRON
dev-s573,6,hec,hic,DET
dev-s573,7,omnia,omnis,DET
dev-s573,8,qualiter,qualiter,SCONJ
dev-s573,9,superius,superius,ADV
dev-s573,10,legitur,lego,VERB
dev-s573,11,per,per,ADP
dev-s573,12,singulos,singulus,ADJ
dev-s573,13,annos,annus,NOUN
dev-s573,14,sic,sic,ADV
dev-s573,15,non,non,PART
dev-s573,16,fuerint,sum,AUX
dev-s573,17,adinpleta,adimpleo,VERB
dev-s573,18,et,et,CCONJ
dev-s573,19,conservata,conseruo,VERB
dev-s573,20,",",",",PUNCT
dev-s573,21,aut,aut,CCONJ
dev-s573,22,si,si,SCONJ
dev-s573,23,suprascripta,suprascriptus,DET
dev-s573,24,ecclesia,ecclesia,NOUN
dev-s573,25,seu,seu,CCONJ
dev-s573,26,suprascriptis,suprascriptus,DET
dev-s573,27,casis,casa,NOUN
dev-s573,28,et,et,CCONJ
dev-s573,29,rebus,res,NOUN
dev-s573,30,quas,qui,PRON
dev-s573,31,mihi,ego,PRON
dev-s573,32,dedisti,do,VERB
dev-s573,33,relaxaverimus,relaxo,VERB
dev-s573,34,",",",",PUNCT
dev-s573,35,spondeo,spondeo,VERB
dev-s573,36,ego,ego,PRON
dev-s573,37,qui,qui,DET
dev-s573,38,supra,supra,ADV
dev-s573,39,Liuttifridi,Liutfridus,PROPN
dev-s573,40,",",",",PUNCT
dev-s573,41,una,una,ADV
dev-s573,42,cum,cum,ADP
dev-s573,43,meis,meus,DET
dev-s573,44,heredes,heres,NOUN
dev-s573,45,",",",",PUNCT
dev-s573,46,conponere,compono,VERB
dev-s573,47,tibi,tu,PRON
dev-s573,48,qui,qui,DET
dev-s573,49,supra,supra,ADV
dev-s573,50,Gherardus,Gherardus,PROPN
dev-s573,51,episcopus,episcopus,NOUN
dev-s573,52,penam,poena,NOUN
dev-s573,53,",",",",PUNCT
dev-s573,54,argentum,argentum,NOUN
dev-s573,55,soledos,solidus,NOUN
dev-s573,56,centum,centum,NUM
dev-s573,57,",",",",PUNCT
dev-s573,58,quia,quia,SCONJ
dev-s573,59,taliter,taliter,ADV
dev-s573,60,inter,inter,ADP
dev-s573,61,nos,nos,PRON
dev-s573,62,convenit,conuenio,VERB
dev-s573,63,et,et,CCONJ
dev-s573,64,duas,duo,NUM
dev-s573,65,inter,inter,ADP
dev-s573,66,nos,nos,PRON
dev-s573,67,cartulas,chartula,NOUN
dev-s573,68,Rachifonsum,Rachifonsus,PROPN
dev-s573,69,notarium,notarius,NOUN
dev-s573,70,scribere,scribo,VERB
dev-s573,71,rogavimus,rogo,VERB
dev-s573,72,.,.,PUNCT
dev-s574,1,actum,ago,VERB
dev-s574,2,Luca,Luca,PROPN
dev-s574,3,.,.,PUNCT
dev-s575,1,+,+,PUNCT
dev-s575,2,Ego,ego,PRON
dev-s575,3,Liutifridi,Liutfridus,PROPN
dev-s575,4,in,in,ADP
dev-s575,5,unc,hic,DET
dev-s575,6,libello,libellus,NOUN
dev-s575,7,a,ab,ADP
dev-s575,8,me,ego,PRON
dev-s575,9,facto,facio,VERB
dev-s575,10,manus,manus,NOUN
dev-s575,11,mea,meus,DET
dev-s575,12,subscripsi,subscribo,VERB
dev-s575,13,.,.,PUNCT
dev-s576,1,+,+,PUNCT
dev-s576,2,Ego,ego,PRON
dev-s576,3,Cunimundo,Cunimundus,PROPN
dev-s576,4,",",",",PUNCT
dev-s576,5,rogatus,rogo,VERB
dev-s576,6,a,ab,ADP
dev-s576,7,Liutifridi,Liutfridus,PROPN
dev-s576,8,",",",",PUNCT
dev-s576,9,me,ego,PRON
dev-s576,10,teste,testis,NOUN
dev-s576,11,subscripsi,subscribo,VERB
dev-s576,12,.,.,PUNCT
dev-s577,1,+,+,PUNCT
dev-s577,2,Ego,ego,PRON
dev-s577,3,Lopo,lupus,PROPN
dev-s577,4,notarius,notarius,NOUN
dev-s577,5,",",",",PUNCT
dev-s577,6,rogatus,rogo,VERB
dev-s577,7,a,ab,ADP
dev-s577,8,Liutifridi,Liutfridus,PROPN
dev-s577,9,",",",",PUNCT
dev-s577,10,me,ego,PRON
dev-s577,11,teste,testis,NOUN
dev-s577,12,subscripsi,subscribo,VERB
dev-s577,13,.,.,PUNCT
dev-s578,1,+,+,PUNCT
dev-s578,2,Ego,ego,PRON
dev-s578,3,Alpertus,Alpertus,PROPN
dev-s578,4,",",",",PUNCT
dev-s578,5,rogatus,rogo,VERB
dev-s578,6,a,ab,ADP
dev-s578,7,Liutifridi,Liutfridus,PROPN
dev-s578,8,",",",",PUNCT
dev-s578,9,me,ego,PRON
dev-s578,10,teste,testis,NOUN
dev-s578,11,subscripsi,subscribo,VERB
dev-s578,12,.,.,PUNCT
dev-s579,1,+,+,PUNCT
dev-s579,2,Ego,ego,PRON
dev-s579,3,Iohannes,Johannes,PROPN
dev-s579,4,",",",",PUNCT
dev-s579,5,rogatus,rogo,VERB
dev-s579,6,a,ab,ADP
dev-s579,7,Liutifridi,Liutfridus,PROPN
dev-s579,8,",",",",PUNCT
dev-s579,9,me,ego,PRON
dev-s579,10,teste,testis,NOUN
dev-s579,11,subscripsi,subscribo,VERB
dev-s579,12,.,.,PUNCT
dev-s580,1,+,+,PUNCT
dev-s580,2,Ego,ego,PRON
dev-s580,3,Ghisolfo,Ghisolfus,PROPN
dev-s580,4,",",",",PUNCT
dev-s580,5,rogatus,rogo,VERB
dev-s580,6,a,ab,ADP
dev-s580,7,Liutifridi,Liutfridus,PROPN
dev-s580,8,",",",",PUNCT
dev-s580,9,me,ego,PRON
dev-s580,10,teste,testis,NOUN
dev-s580,11,subscripsi,subscribo,VERB
dev-s580,12,.,.,PUNCT
dev-s581,1,+,+,PUNCT
dev-s581,2,Adalfridi,Adalfridus,PROPN
dev-s581,3,schabinus,scabinus,NOUN
dev-s581,4,subscripsi,subscribo,VERB
dev-s581,5,.,.,PUNCT
dev-s582,1,+,+,PUNCT
dev-s582,2,Ego,ego,PRON
dev-s582,3,Teupertus,Teutpertus,PROPN
dev-s582,4,",",",",PUNCT
dev-s582,5,rogatus,rogo,VERB
dev-s582,6,a,ab,ADP
dev-s582,7,Liutifridi,Liutfridus,PROPN
dev-s582,8,",",",",PUNCT
dev-s582,9,me,ego,PRON
dev-s582,10,teste,testis,NOUN
dev-s582,11,subscripsi,subscribo,VERB
dev-s582,12,.,.,PUNCT
dev-s583,1,+,+,PUNCT
dev-s583,2,Ego,ego,PRON
dev-s583,3,Petrus,Petrus,PROPN
dev-s583,4,notarius,notarius,NOUN
dev-s583,5,",",",",PUNCT
dev-s583,6,rogatus,rogo,VERB
dev-s583,7,a,ab,ADP
dev-s583,8,Liutifridi,Liutfridus,PROPN
dev-s583,9,",",",",PUNCT
dev-s583,10,me,ego,PRON
dev-s583,11,teste,testis,NOUN
dev-s583,12,subscripsi,subscribo,VERB
dev-s583,13,.,.,PUNCT
dev-s584,1,+,+,PUNCT
dev-s584,2,Ego,ego,PRON
dev-s584,3,Rachifonsus,Rachifonsus,PROPN
dev-s584,4,notarius,notarius,NOUN
dev-s584,5,pos,post,ADP
dev-s584,6,traditam,trado,VERB
dev-s584,7,conplevi,compleo,VERB
dev-s584,8,et,et,CCONJ
dev-s584,9,dedi,do,VERB
dev-s584,10,.,.,PUNCT
dev-s585,1,In,in,ADP
dev-s585,2,Dei,Deus,PROPN
dev-s585,3,omnipotentis,omnipotens,ADJ
dev-s585,4,nomine,nomen,NOUN
dev-s585,5,regnante,regno,VERB
dev-s585,6,domno,domnus,NOUN
dev-s585,7,nostro,noster,DET
dev-s585,8,Karolus,Carolus,PROPN
dev-s585,9,divina,diuinus,ADJ
dev-s585,10,faventem,faueo,VERB
dev-s585,11,clementiam,clementia,NOUN
dev-s585,12,inperatore,imperator,NOUN
dev-s585,13,augusto,augustus,NOUN
dev-s585,14,",",",",PUNCT
dev-s585,15,anno,annus,NOUN
dev-s585,16,inperii,imperium,NOUN
dev-s585,17,eius,is,PRON
dev-s585,18,quinto,quintus,ADJ
dev-s585,19,",",",",PUNCT
dev-s585,20,sexto,sextus,ADJ
dev-s585,21,kalendas,kalendae,NOUN
dev-s585,22,novembris,nouember,ADJ
dev-s585,23,",",",",PUNCT
dev-s585,24,indictione,indictio,NOUN
dev-s585,25,quarta,quartus,ADJ
dev-s585,26,.,.,PUNCT
dev-s586,1,manifesti,manifestus,ADJ
dev-s586,2,sumus,sum,AUX
dev-s586,3,nos,nos,PRON
dev-s586,4,Lupaciano,Lupaccianus,PROPN
dev-s586,5,",",",",PUNCT
dev-s586,6,filio,filius,NOUN
dev-s586,7,quondam,quondam,ADJ
dev-s586,8,Petri,Petrus,PROPN
dev-s586,9,",",",",PUNCT
dev-s586,10,et,et,CCONJ
dev-s586,11,Donnuccio,Domnuccius,PROPN
dev-s586,12,",",",",PUNCT
dev-s586,13,filio,filius,NOUN
dev-s586,14,quondam,quondam,ADJ
dev-s586,15,Ursi,Ursus,PROPN
dev-s586,16,",",",",PUNCT
dev-s586,17,quia,quia,SCONJ
dev-s586,18,tu,tu,PRON
dev-s586,19,Gherardus,Gherardus,PROPN
dev-s586,20,",",",",PUNCT
dev-s586,21,gratia,gratia,NOUN
dev-s586,22,Dei,Deus,PROPN
dev-s586,23,uius,hic,DET
dev-s586,24,sancte,sanctus,ADJ
dev-s586,25,Lucane,lucanus,ADJ
dev-s586,26,ecclesie,ecclesia,NOUN
dev-s586,27,humilis,humilis,ADJ
dev-s586,28,episcopus,episcopus,NOUN
dev-s586,29,",",",",PUNCT
dev-s586,30,per,per,ADP
dev-s586,31,cartula,chartula,NOUN
dev-s586,32,livellario,libellarius,ADJ
dev-s586,33,nomine,nomen,NOUN
dev-s586,34,ad,ad,ADP
dev-s586,35,censum,census,NOUN
dev-s586,36,vobis,uos,PRON
dev-s586,37,perexolvendum,perexsoluo,VERB
dev-s586,38,dedisti,do,VERB
dev-s586,39,nobis,nos,PRON
dev-s586,40,id,is,PRON
dev-s586,41,est,sum,AUX
dev-s586,42,casa,casa,NOUN
dev-s586,43,et,et,CCONJ
dev-s586,44,res,res,NOUN
dev-s586,45,illa,ille,DET
dev-s586,46,in,in,ADP
dev-s586,47,loco,locus,NOUN
dev-s586,48,et,et,CCONJ
dev-s586,49,finibus,finis,NOUN
dev-s586,50,Verriana,Verriana,PROPN
dev-s586,51,ubi,ubi,ADV
dev-s586,52,dicitur,dico,VERB
dev-s586,53,ad,ad,ADP
dev-s586,54,Cella,Cella,PROPN
dev-s586,55,",",",",PUNCT
dev-s586,56,prope,prope,ADP
dev-s586,57,plebe,plebs,NOUN
dev-s586,58,sancti,sanctus,ADJ
dev-s586,59,Gervasii,Geruasius,PROPN
dev-s586,60,",",",",PUNCT
dev-s586,61,quas,qui,DET
dev-s586,62,ipse,ipse,DET
dev-s586,63,casa,casa,NOUN
dev-s586,64,et,et,CCONJ
dev-s586,65,res,res,NOUN
dev-s586,66,pertenens,pertineo,VERB
dev-s586,67,ipsius,ipse,DET
dev-s586,68,episcopatui,episcopatus,NOUN
dev-s586,69,vestro,uester,DET
dev-s586,70,sancti,sanctus,ADJ
dev-s586,71,Martini,Martinus,PROPN
dev-s586,72,",",",",PUNCT
dev-s586,73,et,et,CCONJ
dev-s586,74,nos,nos,PRON
dev-s586,75,ipsis,ipse,DET
dev-s586,76,eas,is,PRON
dev-s586,77,modo,modo,ADV
dev-s586,78,ad,ad,ADP
dev-s586,79,manus,manus,NOUN
dev-s586,80,nostra,noster,DET
dev-s586,81,abere,habeo,VERB
dev-s586,82,videmur,uideo,VERB
dev-s586,83,",",",",PUNCT
dev-s586,84,casa,casa,NOUN
dev-s586,85,vero,uero,ADV
dev-s586,86,ipsa,ipse,DET
dev-s586,87,cum,cum,ADP
dev-s586,88,fundamento,fundamentum,NOUN
dev-s586,89,et,et,CCONJ
dev-s586,90,omnem,omnis,DET
dev-s586,91,edeficio,aedificium,NOUN
dev-s586,92,suo,suus,DET
dev-s586,93,",",",",PUNCT
dev-s586,94,seu,seu,CCONJ
dev-s586,95,curte,curtis,NOUN
dev-s586,96,",",",",PUNCT
dev-s586,97,orto,hortus,NOUN
dev-s586,98,",",",",PUNCT
dev-s586,99,terris,terra,NOUN
dev-s586,100,",",",",PUNCT
dev-s586,101,vineis,uinea,NOUN
dev-s586,102,",",",",PUNCT
dev-s586,103,olivetis,oliuetum,NOUN
dev-s586,104,",",",",PUNCT
dev-s586,105,silvis,silua,NOUN
dev-s586,106,",",",",PUNCT
dev-s586,107,virgareis,uirgareum,NOUN
dev-s586,108,",",",",PUNCT
dev-s586,109,pratis,pratum,NOUN
dev-s586,110,",",",",PUNCT
dev-s586,111,pascuis,pascuum,NOUN
dev-s586,112,",",",",PUNCT
dev-s586,113,cultis,cultus,ADJ
dev-s586,114,rebus,res,NOUN
dev-s586,115,vel,uel,CCONJ
dev-s586,116,incultis,incultus,ADJ
dev-s586,117,;,;,PUNCT
dev-s587,1,omnia,omnis,DET
dev-s587,2,quantum,quantum,ADV
dev-s587,3,ad,ad,ADP
dev-s587,4,ipsa,ipse,DET
dev-s587,5,casa,casa,NOUN
dev-s587,6,est,sum,AUX
dev-s587,7,pertenentes,pertineo,VERB
dev-s587,8,et,et,CCONJ
dev-s587,9,nos,nos,PRON
dev-s587,10,ipsis,ipse,DET
dev-s587,11,exinde,exinde,ADV
dev-s587,12,ad,ad,ADP
dev-s587,13,manus,manus,NOUN
dev-s587,14,nostra,noster,DET
dev-s587,15,abere,habeo,VERB
dev-s587,16,visi,uideo,VERB
dev-s587,17,sumus,sum,AUX
dev-s587,18,",",",",PUNCT
dev-s587,19,una,una,ADV
dev-s587,20,cum,cum,ADP
dev-s587,21,terra,terra,NOUN
dev-s587,22,illa,ille,DET
dev-s587,23,qui,qui,PRON
dev-s587,24,pertinet,pertineo,VERB
dev-s587,25,de,de,ADP
dev-s587,26,suprascripta,suprascriptus,DET
dev-s587,27,casa,casa,NOUN
dev-s587,28,ubi,ubi,ADV
dev-s587,29,vocitatur,uocito,VERB
dev-s587,30,ad,ad,ADP
dev-s587,31,Valle,Valles,PROPN
dev-s587,32,",",",",PUNCT
dev-s587,33,[--],_,X
dev-s587,34,prope,prope,ADP
dev-s587,35,ecclesia,ecclesia,NOUN
dev-s587,36,sancte,sanctus,ADJ
dev-s587,37,Marie,Maria,PROPN
dev-s587,38,",",",",PUNCT
dev-s587,39,in,in,ADP
dev-s587,40,integrum,integer,ADJ
dev-s587,41,nobis,nos,PRON
dev-s587,42,eas,is,PRON
dev-s587,43,dedisti,do,VERB
dev-s587,44,tali,talis,DET
dev-s587,45,ordinem,ordo,NOUN
dev-s587,46,ut,ut,SCONJ
dev-s587,47,nos,nos,PRON
dev-s587,48,",",",",PUNCT
dev-s587,49,vel,uel,CCONJ
dev-s587,50,nostris,noster,DET
dev-s587,51,heredibus,heres,NOUN
dev-s587,52,",",",",PUNCT
dev-s587,53,in,in,ADP
dev-s587,54,ipsa,ipse,DET
dev-s587,55,casa,casa,NOUN
dev-s587,56,homines,homo,NOUN
dev-s587,57,ad,ad,ADP
dev-s587,58,residendum,resideo,VERB
dev-s587,59,et,et,CCONJ
dev-s587,60,abitandum,habito,VERB
dev-s587,61,mittere,mitto,VERB
dev-s587,62,debeamus,debeo,VERB
dev-s587,63,",",",",PUNCT
dev-s587,64,et,et,CCONJ
dev-s587,65,tam,tam,ADV
dev-s587,66,ipsa,ipse,DET
dev-s587,67,casa,casa,NOUN
dev-s587,68,quam,quam,SCONJ
dev-s587,69,et,et,CCONJ
dev-s587,70,res,res,NOUN
dev-s587,71,quas,qui,PRON
dev-s587,72,nobis,nos,PRON
dev-s587,73,dedisti,do,VERB
dev-s587,74,bene,bene,ADV
dev-s587,75,laborare,laboro,VERB
dev-s587,76,et,et,CCONJ
dev-s587,77,gubernare,guberno,VERB
dev-s587,78,seu,seu,CCONJ
dev-s587,79,meliorare,melioro,VERB
dev-s587,80,debeamus,debeo,VERB
dev-s587,81,nobis,nos,PRON
dev-s587,82,privatum,priuo,VERB
dev-s587,83,fruendum,fruor,VERB
dev-s587,84,.,.,PUNCT
dev-s588,1,et,et,CCONJ
dev-s588,2,pro,pro,ADP
dev-s588,3,omni,omnis,DET
dev-s588,4,iustitia,iustitia,NOUN
dev-s588,5,exinde,exinde,ADV
dev-s588,6,tibi,tu,PRON
dev-s588,7,",",",",PUNCT
dev-s588,8,vel,uel,CCONJ
dev-s588,9,ad,ad,ADP
dev-s588,10,sucessoribus,successor,NOUN
dev-s588,11,tuis,tuus,DET
dev-s588,12,ad,ad,ADP
dev-s588,13,pars,pars,NOUN
dev-s588,14,ipsius,ipse,DET
dev-s588,15,episcopatui,episcopatus,NOUN
dev-s588,16,vestro,uester,DET
dev-s588,17,sancti,sanctus,ADJ
dev-s588,18,Martini,Martinus,PROPN
dev-s588,19,",",",",PUNCT
dev-s588,20,per,per,ADP
dev-s588,21,singulos,singulus,ADJ
dev-s588,22,annos,annus,NOUN
dev-s588,23,per,per,ADP
dev-s588,24,omnem,omnis,DET
dev-s588,25,mense,mensis,NOUN
dev-s588,26,magio,maius,ADJ
dev-s588,27,censum,census,NOUN
dev-s588,28,vobis,uos,PRON
dev-s588,29,reddere,reddo,VERB
dev-s588,30,debeamus,debeo,VERB
dev-s588,31,hic,hic,ADV
dev-s588,32,civitate,ciuitas,NOUN
dev-s588,33,Luca,Luca,PROPN
dev-s588,34,ad,ad,ADP
dev-s588,35,ipso,ipse,DET
dev-s588,36,domo,domus,NOUN
dev-s588,37,vobis,uos,PRON
dev-s588,38,",",",",PUNCT
dev-s588,39,vel,uel,CCONJ
dev-s588,40,ad,ad,ADP
dev-s588,41,ministeriale,ministerialis,NOUN
dev-s588,42,vestro,uester,DET
dev-s588,43,quas,qui,PRON
dev-s588,44,in,in,ADP
dev-s588,45,ipso,ipse,DET
dev-s588,46,domo,domus,NOUN
dev-s588,47,pre,prae,ADP
dev-s588,48,tempore,tempus,NOUN
dev-s588,49,abueritis,habeo,VERB
dev-s588,50,",",",",PUNCT
dev-s588,51,argentum,argentum,NOUN
dev-s588,52,denarios,denarius,NOUN
dev-s588,53,bonos,bonus,ADJ
dev-s588,54,expendiviles,expendibilis,ADJ
dev-s588,55,numero,numerus,NOUN
dev-s588,56,triginta,triginta,NUM
dev-s588,57,et,et,CCONJ
dev-s588,58,sex,sex,NUM
dev-s588,59,;,;,PUNCT
dev-s589,1,et,et,CCONJ
dev-s589,2,homines,homo,NOUN
dev-s589,3,illos,ille,DET
dev-s589,4,qui,qui,PRON
dev-s589,5,in,in,ADP
dev-s589,6,ipsa,ipse,DET
dev-s589,7,casa,casa,NOUN
dev-s589,8,abitantes,habito,VERB
dev-s589,9,fuerit,sum,AUX
dev-s589,10,",",",",PUNCT
dev-s589,11,nos,nos,PRON
dev-s589,12,eum,is,PRON
dev-s589,13,a,ab,ADP
dev-s589,14,mandato,mandatum,NOUN
dev-s589,15,vestro,uester,DET
dev-s589,16,venire,uenio,VERB
dev-s589,17,faciamus,facio,VERB
dev-s589,18,hic,hic,ADV
dev-s589,19,civitate,ciuitas,NOUN
dev-s589,20,Luca,Luca,PROPN
dev-s589,21,legem,lex,NOUN
dev-s589,22,et,et,CCONJ
dev-s589,23,iustitiam,iustitia,NOUN
dev-s589,24,faciendum,facio,VERB
dev-s589,25,tantum,tantum,ADV
dev-s589,26,.,.,PUNCT
dev-s590,1,et,et,CCONJ
dev-s590,2,si,si,SCONJ
dev-s590,3,a,ab,ADP
dev-s590,4,nos,nos,PRON
dev-s590,5,vobis,uos,PRON
dev-s590,6,hec,hic,DET
dev-s590,7,omnia,omnis,DET
dev-s590,8,qualiter,qualiter,SCONJ
dev-s590,9,superius,superius,ADV
dev-s590,10,legitur,lego,VERB
dev-s590,11,per,per,ADP
dev-s590,12,singulos,singulus,ADJ
dev-s590,13,annos,annus,NOUN
dev-s590,14,sic,sic,ADV
dev-s590,15,non,non,PART
dev-s590,16,fuerint,sum,AUX
dev-s590,17,adinpleta,adimpleo,VERB
dev-s590,18,et,et,CCONJ
dev-s590,19,conservata,conseruo,VERB
dev-s590,20,",",",",PUNCT
dev-s590,21,aut,aut,CCONJ
dev-s590,22,si,si,SCONJ
dev-s590,23,suprascripta,suprascriptus,DET
dev-s590,24,casa,casa,NOUN
dev-s590,25,et,et,CCONJ
dev-s590,26,res,res,NOUN
dev-s590,27,quas,qui,PRON
dev-s590,28,nobis,nos,PRON
dev-s590,29,dedisti,do,VERB
dev-s590,30,relaxsaverimus,relaxo,VERB
dev-s590,31,",",",",PUNCT
dev-s590,32,vel,uel,CCONJ
dev-s590,33,si,si,SCONJ
dev-s590,34,per,per,ADP
dev-s590,35,nos,nos,PRON
dev-s590,36,pegiorata,peioro,VERB
dev-s590,37,fuerit,sum,AUX
dev-s590,38,",",",",PUNCT
dev-s590,39,spondimus,spondeo,VERB
dev-s590,40,nos,nos,PRON
dev-s590,41,qui,qui,DET
dev-s590,42,supra,supra,ADV
dev-s590,43,Lupaciano,Lupaccianus,PROPN
dev-s590,44,et,et,CCONJ
dev-s590,45,Domnuccio,Domnuccius,PROPN
dev-s590,46,",",",",PUNCT
dev-s590,47,una,una,ADV
dev-s590,48,cum,cum,ADP
dev-s590,49,nostris,noster,DET
dev-s590,50,heredibus,heres,NOUN
dev-s590,51,",",",",PUNCT
dev-s590,52,conponere,compono,VERB
dev-s590,53,tibi,tu,PRON
dev-s590,54,qui,qui,DET
dev-s590,55,supra,supra,ADV
dev-s590,56,Gherardus,Gherardus,PROPN
dev-s590,57,episcopus,episcopus,NOUN
dev-s590,58,",",",",PUNCT
dev-s590,59,vel,uel,CCONJ
dev-s590,60,ad,ad,ADP
dev-s590,61,successoribus,successor,NOUN
dev-s590,62,tuis,tuus,DET
dev-s590,63,",",",",PUNCT
dev-s590,64,penam,poena,NOUN
dev-s590,65,",",",",PUNCT
dev-s590,66,argentum,argentum,NOUN
dev-s590,67,soledos,solidus,NOUN
dev-s590,68,triginta,triginta,NUM
dev-s590,69,",",",",PUNCT
dev-s590,70,quia,quia,SCONJ
dev-s590,71,taliter,taliter,ADV
dev-s590,72,inter,inter,ADP
dev-s590,73,nos,nos,PRON
dev-s590,74,convenit,conuenio,VERB
dev-s590,75,et,et,CCONJ
dev-s590,76,duas,duo,NUM
dev-s590,77,inter,inter,ADP
dev-s590,78,nos,nos,PRON
dev-s590,79,cartulas,chartula,NOUN
dev-s590,80,Rachifonsum,Rachifonsus,PROPN
dev-s590,81,notarium,notarius,NOUN
dev-s590,82,scribere,scribo,VERB
dev-s590,83,rogavimus,rogo,VERB
dev-s590,84,.,.,PUNCT
dev-s591,1,actum,ago,VERB
dev-s591,2,Luca,Luca,PROPN
dev-s591,3,.,.,PUNCT
dev-s592,1,signum,signum,NOUN
dev-s592,2,+,+,PUNCT
dev-s592,3,manus,manus,NOUN
dev-s592,4,Lupaciani,Lupaccianus,PROPN
dev-s592,5,et,et,CCONJ
dev-s592,6,Domnucci,Domnuccius,PROPN
dev-s592,7,qui,qui,PRON
dev-s592,8,hunc,hic,DET
dev-s592,9,libellum,libellus,NOUN
dev-s592,10,fieri,fio,VERB
dev-s592,11,rogaverunt,rogo,VERB
dev-s592,12,.,.,PUNCT
dev-s593,1,ego,ego,PRON
dev-s593,2,Teupertus,Teutpertus,PROPN
dev-s593,3,",",",",PUNCT
dev-s593,4,rogatus,rogo,VERB
dev-s593,5,a,ab,ADP
dev-s593,6,Lupacciano,Lupaccianus,PROPN
dev-s593,7,et,et,CCONJ
dev-s593,8,Domnuccio,Domnuccius,PROPN
dev-s593,9,",",",",PUNCT
dev-s593,10,subscripsi,subscribo,VERB
dev-s593,11,.,.,PUNCT
dev-s594,1,+,+,PUNCT
dev-s594,2,Ego,ego,PRON
dev-s594,3,Fraolmi,Fraolmus,PROPN
dev-s594,4,",",",",PUNCT
dev-s594,5,rogatus,rogo,VERB
dev-s594,6,a,ab,ADP
dev-s594,7,Lupacciano,Lupaccianus,PROPN
dev-s594,8,et,et,CCONJ
dev-s594,9,Dumnuccio,Domnuccius,PROPN
dev-s594,10,",",",",PUNCT
dev-s594,11,subscripsi,subscribo,VERB
dev-s594,12,.,.,PUNCT
dev-s595,1,+,+,PUNCT
dev-s595,2,Ego,ego,PRON
dev-s595,3,Alpertus,Alpertus,PROPN
dev-s595,4,",",",",PUNCT
dev-s595,5,rogatus,rogo,VERB
dev-s595,6,ab,ab,ADP
dev-s595,7,Lupacciano,Lupaccianus,PROPN
dev-s595,8,et,et,CCONJ
dev-s595,9,Domnuccio,Domnuccius,PROPN
dev-s595,10,",",",",PUNCT
dev-s595,11,manus,manus,NOUN
dev-s595,12,mea,meus,DET
dev-s595,13,subscripsi,subscribo,VERB
dev-s595,14,.,.,PUNCT
dev-s596,1,+,+,PUNCT
dev-s596,2,Ego,ego,PRON
dev-s596,3,Adalberto,Adalpertus,PROPN
dev-s596,4,",",",",PUNCT
dev-s596,5,rogatus,rogo,VERB
dev-s596,6,a,ab,ADP
dev-s596,7,Lupacciano,Lupaccianus,PROPN
dev-s596,8,et,et,CCONJ
dev-s596,9,Domnuccio,Domnuccius,PROPN
dev-s596,10,",",",",PUNCT
dev-s596,11,subscripsi,subscribo,VERB
dev-s596,12,.,.,PUNCT
dev-s597,1,+,+,PUNCT
dev-s597,2,Ego,ego,PRON
dev-s597,3,Liutifridi,Liutfridus,PROPN
dev-s597,4,",",",",PUNCT
dev-s597,5,rogatus,rogo,VERB
dev-s597,6,a,ab,ADP
dev-s597,7,Lupacciano,Lupaccianus,PROPN
dev-s597,8,et,et,CCONJ
dev-s597,9,Donuccio,Domnuccius,PROPN
dev-s597,10,",",",",PUNCT
dev-s597,11,me,ego,PRON
dev-s597,12,teste,testis,NOUN
dev-s597,13,subscripsi,subscribo,VERB
dev-s597,14,.,.,PUNCT
dev-s598,1,+,+,PUNCT
dev-s598,2,Ego,ego,PRON
dev-s598,3,Lopo,lupus,PROPN
dev-s598,4,notarius,notarius,NOUN
dev-s598,5,",",",",PUNCT
dev-s598,6,rogatus,rogo,VERB
dev-s598,7,a,ab,ADP
dev-s598,8,Lupacciano,Lupaccianus,PROPN
dev-s598,9,et,et,CCONJ
dev-s598,10,Domnuccio,Domnuccius,PROPN
dev-s598,11,",",",",PUNCT
dev-s598,12,me,ego,PRON
dev-s598,13,teste,testis,NOUN
dev-s598,14,subscripsi,subscribo,VERB
dev-s598,15,.,.,PUNCT
dev-s599,1,+,+,PUNCT
dev-s599,2,Ego,ego,PRON
dev-s599,3,Rachifonsus,Rachifonsus,PROPN
dev-s599,4,notarius,notarius,NOUN
dev-s599,5,post,post,ADP
dev-s599,6,traditam,trado,VERB
dev-s599,7,conplevi,compleo,VERB
dev-s599,8,et,et,CCONJ
dev-s599,9,dedi,do,VERB
dev-s599,10,.,.,PUNCT
dev-s600,1,In,in,ADP
dev-s600,2,Dei,Deus,PROPN
dev-s600,3,omnipotentis,omnipotens,ADJ
dev-s600,4,nomine,nomen,NOUN
dev-s600,5,regnante,regno,VERB
dev-s600,6,domno,domnus,NOUN
dev-s600,7,nostro,noster,DET
dev-s600,8,Karolus,Carolus,PROPN
dev-s600,9,divina,diuinus,ADJ
dev-s600,10,favente,faueo,VERB
dev-s600,11,clementia,clementia,NOUN
dev-s600,12,imperatore,imperator,NOUN
dev-s600,13,augusto,augustus,NOUN
dev-s600,14,",",",",PUNCT
dev-s600,15,anno,annus,NOUN
dev-s600,16,imperii,imperium,NOUN
dev-s600,17,eius,is,PRON
dev-s600,18,quinto,quintus,ADJ
dev-s600,19,",",",",PUNCT
dev-s600,20,tertio,tertius,ADJ
dev-s600,21,kalendas,kalendae,NOUN
dev-s600,22,novembris,nouember,ADJ
dev-s600,23,",",",",PUNCT
dev-s600,24,indictione,indictio,NOUN
dev-s600,25,quarta,quartus,ADJ
dev-s600,26,.,.,PUNCT
dev-s601,1,manifestu,manifestus,ADJ
dev-s601,2,sum,sum,AUX
dev-s601,3,ego,ego,PRON
dev-s601,4,Toto,Totus,PROPN
dev-s601,5,",",",",PUNCT
dev-s601,6,filio,filius,NOUN
dev-s601,7,quondam,quondam,ADJ
dev-s601,8,Ildisinde,Hildisinda,PROPN
dev-s601,9,",",",",PUNCT
dev-s601,10,quia,quia,SCONJ
dev-s601,11,tu,tu,PRON
dev-s601,12,Gherardus,Gherardus,PROPN
dev-s601,13,",",",",PUNCT
dev-s601,14,gratia,gratia,NOUN
dev-s601,15,Dei,Deus,PROPN
dev-s601,16,huius,hic,DET
dev-s601,17,sancte,sanctus,ADJ
dev-s601,18,Lucanem,lucanus,ADJ
dev-s601,19,ecclesie,ecclesia,NOUN
dev-s601,20,humilis,humilis,ADJ
dev-s601,21,episcopus,episcopus,NOUN
dev-s601,22,",",",",PUNCT
dev-s601,23,per,per,ADP
dev-s601,24,cartula,chartula,NOUN
dev-s601,25,livellario,libellarius,ADJ
dev-s601,26,nomine,nomen,NOUN
dev-s601,27,dedisti,do,VERB
dev-s601,28,mihi,ego,PRON
dev-s601,29,id,is,PRON
dev-s601,30,est,sum,AUX
dev-s601,31,casa,casa,NOUN
dev-s601,32,et,et,CCONJ
dev-s601,33,res,res,NOUN
dev-s601,34,illa,ille,DET
dev-s601,35,in,in,ADP
dev-s601,36,loco,locus,NOUN
dev-s601,37,ubi,ubi,ADV
dev-s601,38,dicitur,dico,VERB
dev-s601,39,Pernardino,Pernardinum,PROPN
dev-s601,40,",",",",PUNCT
dev-s601,41,qui,qui,PRON
dev-s601,42,recta,rego,VERB
dev-s601,43,fuit,sum,AUX
dev-s601,44,per,per,ADP
dev-s601,45,Dominico,Dominicus,PROPN
dev-s601,46,massario,massarius,NOUN
dev-s601,47,",",",",PUNCT
dev-s601,48,pertenens,pertineo,VERB
dev-s601,49,ecclesie,ecclesia,NOUN
dev-s601,50,sancti,sanctus,ADJ
dev-s601,51,Angeli,Angelus,PROPN
dev-s601,52,ubi,ubi,ADV
dev-s601,53,dicitur,dico,VERB
dev-s601,54,a,ad,ADP
dev-s601,55,Foro,Forum,PROPN
dev-s601,56,sita,sino,VERB
dev-s601,57,infra,infra,ADP
dev-s601,58,civitatem,ciuitas,NOUN
dev-s601,59,ista,iste,DET
dev-s601,60,Lucense,lucensis,ADJ
dev-s601,61,",",",",PUNCT
dev-s601,62,quod,qui,PRON
dev-s601,63,est,sum,AUX
dev-s601,64,desup,desub,ADP
dev-s601,65,potestatem,potestas,NOUN
dev-s601,66,ipsius,ipse,DET
dev-s601,67,episcopatui,episcopatus,NOUN
dev-s601,68,vestro,uester,DET
dev-s601,69,sancti,sanctus,ADJ
dev-s601,70,Martini,Martinus,PROPN
dev-s601,71,;,;,PUNCT
dev-s602,1,et,et,CCONJ
dev-s602,2,exinde,exinde,ADV
dev-s602,3,tibi,tu,PRON
dev-s602,4,",",",",PUNCT
dev-s602,5,vel,uel,CCONJ
dev-s602,6,ad,ad,ADP
dev-s602,7,subcessoribus,successor,NOUN
dev-s602,8,tuis,tuus,DET
dev-s602,9,",",",",PUNCT
dev-s602,10,ad,ad,ADP
dev-s602,11,parte,pars,NOUN
dev-s602,12,prefate,praefatus,DET
dev-s602,13,ecclesie,ecclesia,NOUN
dev-s602,14,sancti,sanctus,ADJ
dev-s602,15,Angeli,Angelus,PROPN
dev-s602,16,per,per,ADP
dev-s602,17,singulos,singulus,ADJ
dev-s602,18,annos,annus,NOUN
dev-s602,19,",",",",PUNCT
dev-s602,20,in,in,ADP
dev-s602,21,ipso,ipse,DET
dev-s602,22,loco,locus,NOUN
dev-s602,23,",",",",PUNCT
dev-s602,24,reddere,reddo,VERB
dev-s602,25,debeamus,debeo,VERB
dev-s602,26,medietate,medietas,NOUN
dev-s602,27,vinum,uinum,NOUN
dev-s602,28,puro,purus,ADJ
dev-s602,29,ad,ad,ADP
dev-s602,30,tertia,tertius,ADJ
dev-s602,31,vices,uicis,NOUN
dev-s602,32,ube,uua,NOUN
dev-s602,33,legitime,legitime,ADV
dev-s602,34,calcate,calco,VERB
dev-s602,35,et,et,CCONJ
dev-s602,36,indi,inde,ADV
dev-s602,37,vinate,uino,VERB
dev-s602,38,",",",",PUNCT
dev-s602,39,nam,nam,PART
dev-s602,40,non,non,PART
dev-s602,41,pondum,pondus,NOUN
dev-s602,42,levandum,leuo,VERB
dev-s602,43,;,;,PUNCT
dev-s603,1,et,et,CCONJ
dev-s603,2,per,per,ADP
dev-s603,3,homne,omnis,DET
dev-s603,4,mense,mensis,NOUN
dev-s603,5,november,nouember,ADJ
dev-s603,6,censum,census,NOUN
dev-s603,7,vobis,uos,PRON
dev-s603,8,reddere,reddo,VERB
dev-s603,9,debeamus,debeo,VERB
dev-s603,10,",",",",PUNCT
dev-s603,11,argentum,argentum,NOUN
dev-s603,12,denarios,denarius,NOUN
dev-s603,13,decem,decem,NUM
dev-s603,14,et,et,CCONJ
dev-s603,15,octo,octo,NUM
dev-s603,16,boni,bonus,ADJ
dev-s603,17,expendivilis,expendibilis,ADJ
dev-s603,18,",",",",PUNCT
dev-s603,19,vobis,uos,PRON
dev-s603,20,vel,uel,CCONJ
dev-s603,21,ad,ad,ADP
dev-s603,22,ministeriales,ministerialis,NOUN
dev-s603,23,vestro,uester,DET
dev-s603,24,quas,qui,PRON
dev-s603,25,in,in,ADP
dev-s603,26,ipsa,ipse,DET
dev-s603,27,ecclesia,ecclesia,NOUN
dev-s603,28,pre,prae,ADP
dev-s603,29,tempore,tempus,NOUN
dev-s603,30,fuerit,sum,AUX
dev-s603,31,;,;,PUNCT
dev-s604,1,et,et,CCONJ
dev-s604,2,homines,homo,NOUN
dev-s604,3,illos,ille,DET
dev-s604,4,qui,qui,PRON
dev-s604,5,in,in,ADP
dev-s604,6,suprascripta,suprascriptus,DET
dev-s604,7,casa,casa,NOUN
dev-s604,8,abitantes,habito,VERB
dev-s604,9,fuerit,sum,AUX
dev-s604,10,",",",",PUNCT
dev-s604,11,eos,is,PRON
dev-s604,12,a,ab,ADP
dev-s604,13,mandato,mandatum,NOUN
dev-s604,14,vestro,uester,DET
dev-s604,15,hic,hic,ADV
dev-s604,16,Luca,Luca,PROPN
dev-s604,17,venire,uenio,VERB
dev-s604,18,faciamus,facio,VERB
dev-s604,19,lege,lex,NOUN
dev-s604,20,et,et,CCONJ
dev-s604,21,iustitiam,iustitia,NOUN
dev-s604,22,faciendum,facio,VERB
dev-s604,23,;,;,PUNCT
dev-s605,1,et,et,CCONJ
dev-s605,2,si,si,SCONJ
dev-s605,3,vos,uos,PRON
dev-s605,4,aut,aut,CCONJ
dev-s605,5,misso,missus,NOUN
dev-s605,6,vestro,uester,DET
dev-s605,7,ibidem,ibidem,ADV
dev-s605,8,super,super,ADP
dev-s605,9,palmentum,palmentum,NOUN
dev-s605,10,veneritis,uenio,VERB
dev-s605,11,",",",",PUNCT
dev-s605,12,nos,nos,PRON
dev-s605,13,vos,uos,PRON
dev-s605,14,recipere,recipio,VERB
dev-s605,15,et,et,CCONJ
dev-s605,16,gubernare,guberno,VERB
dev-s605,17,debeamus,debeo,VERB
dev-s605,18,tantum,tantum,ADV
dev-s605,19,.,.,PUNCT
dev-s606,1,et,et,CCONJ
dev-s606,2,si,si,SCONJ
dev-s606,3,nos,nos,PRON
dev-s606,4,vobis,uos,PRON
dev-s606,5,taliter,taliter,ADV
dev-s606,6,non,non,PART
dev-s606,7,adimpleverimus,adimpleo,VERB
dev-s606,8,sicut,sicut,SCONJ
dev-s606,9,supra,supra,ADV
dev-s606,10,legitur,lego,VERB
dev-s606,11,",",",",PUNCT
dev-s606,12,aut,aut,CCONJ
dev-s606,13,suprascripta,suprascriptus,DET
dev-s606,14,casa,casa,NOUN
dev-s606,15,et,et,CCONJ
dev-s606,16,res,res,NOUN
dev-s606,17,relassaverimus,relaxo,VERB
dev-s606,18,",",",",PUNCT
dev-s606,19,vel,uel,CCONJ
dev-s606,20,si,si,SCONJ
dev-s606,21,per,per,ADP
dev-s606,22,nos,nos,PRON
dev-s606,23,pegiorata,peioro,VERB
dev-s606,24,fuerit,sum,AUX
dev-s606,25,",",",",PUNCT
dev-s606,26,spondeo,spondeo,VERB
dev-s606,27,ego,ego,PRON
dev-s606,28,qui,qui,DET
dev-s606,29,supra,supra,ADV
dev-s606,30,Toto,Totus,PROPN
dev-s606,31,",",",",PUNCT
dev-s606,32,una,una,ADV
dev-s606,33,cum,cum,ADP
dev-s606,34,meis,meus,DET
dev-s606,35,heredes,heres,NOUN
dev-s606,36,",",",",PUNCT
dev-s606,37,conponere,compono,VERB
dev-s606,38,tibi,tu,PRON
dev-s606,39,qui,qui,DET
dev-s606,40,supra,supra,ADV
dev-s606,41,Gherardus,Gherardus,PROPN
dev-s606,42,episcopus,episcopus,NOUN
dev-s606,43,",",",",PUNCT
dev-s606,44,vel,uel,CCONJ
dev-s606,45,ad,ad,ADP
dev-s606,46,subcessoribus,successor,NOUN
dev-s606,47,tuis,tuus,DET
dev-s606,48,",",",",PUNCT
dev-s606,49,penam,poena,NOUN
dev-s606,50,",",",",PUNCT
dev-s606,51,argentum,argentum,NOUN
dev-s606,52,soledos,solidus,NOUN
dev-s606,53,viginti,uiginti,NUM
dev-s606,54,",",",",PUNCT
dev-s606,55,quia,quia,SCONJ
dev-s606,56,taliter,taliter,ADV
dev-s606,57,inter,inter,ADP
dev-s606,58,nos,nos,PRON
dev-s606,59,convenit,conuenio,VERB
dev-s606,60,et,et,CCONJ
dev-s606,61,duas,duo,NUM
dev-s606,62,cartulas,chartula,NOUN
dev-s606,63,Lopo,lupus,PROPN
dev-s606,64,notarium,notarius,NOUN
dev-s606,65,scribere,scribo,VERB
dev-s606,66,rogavimus,rogo,VERB
dev-s606,67,.,.,PUNCT
dev-s607,1,actum,ago,VERB
dev-s607,2,Luca,Luca,PROPN
dev-s607,3,.,.,PUNCT
dev-s608,1,signum,signum,NOUN
dev-s608,2,+,+,PUNCT
dev-s608,3,manus,manus,NOUN
dev-s608,4,Toti,Totus,PROPN
dev-s608,5,qui,qui,PRON
dev-s608,6,hunc,hic,DET
dev-s608,7,libello,libellus,NOUN
dev-s608,8,fieri,fio,VERB
dev-s608,9,rogavit,rogo,VERB
dev-s608,10,.,.,PUNCT
dev-s609,1,signum,signum,NOUN
dev-s609,2,+,+,PUNCT
dev-s609,3,manus,manus,NOUN
dev-s609,4,Rachiperti,Rachipertus,PROPN
dev-s609,5,",",",",PUNCT
dev-s609,6,filio,filius,NOUN
dev-s609,7,quondam,quondam,ADJ
dev-s609,8,Rachiperti,Rachipertus,PROPN
dev-s609,9,",",",",PUNCT
dev-s609,10,testis,testis,NOUN
dev-s609,11,.,.,PUNCT
dev-s610,1,+,+,PUNCT
dev-s610,2,Ego,ego,PRON
dev-s610,3,Albolfo,Albolfus,PROPN
dev-s610,4,clerico,clericus,NOUN
dev-s610,5,",",",",PUNCT
dev-s610,6,rogatus,rogo,VERB
dev-s610,7,ad,ab,ADP
dev-s610,8,Toto,Totus,PROPN
dev-s610,9,",",",",PUNCT
dev-s610,10,me,ego,PRON
dev-s610,11,teste,testis,NOUN
dev-s610,12,subscripsi,subscribo,VERB
dev-s610,13,.,.,PUNCT
dev-s611,1,ego,ego,PRON
dev-s611,2,Aloni,Aloin,PROPN
dev-s611,3,",",",",PUNCT
dev-s611,4,rogatus,rogo,VERB
dev-s611,5,a,ab,ADP
dev-s611,6,Toto,Totus,PROPN
dev-s611,7,",",",",PUNCT
dev-s611,8,me,ego,PRON
dev-s611,9,teste,testis,NOUN
dev-s611,10,subscripsi,subscribo,VERB
dev-s611,11,.,.,PUNCT
dev-s612,1,ego,ego,PRON
dev-s612,2,Gumpertus,Gumpertus,PROPN
dev-s612,3,notarius,notarius,NOUN
dev-s612,4,",",",",PUNCT
dev-s612,5,rogatus,rogo,VERB
dev-s612,6,ad,ab,ADP
dev-s612,7,Toto,Totus,PROPN
dev-s612,8,",",",",PUNCT
dev-s612,9,me,ego,PRON
dev-s612,10,teste,testis,NOUN
dev-s612,11,subscripsi,subscribo,VERB
dev-s612,12,.,.,PUNCT
dev-s613,1,+,+,PUNCT
dev-s613,2,Ego,ego,PRON
dev-s613,3,Lopo,lupus,PROPN
dev-s613,4,notarius,notarius,NOUN
dev-s613,5,post,post,ADP
dev-s613,6,traditam,trado,VERB
dev-s613,7,conplevi,compleo,VERB
dev-s613,8,et,et,CCONJ
dev-s613,9,dedi,do,VERB
dev-s613,10,.,.,PUNCT
dev-s614,1,In,in,ADP
dev-s614,2,Dei,Deus,PROPN
dev-s614,3,omnipotentis,omnipotens,ADJ
dev-s614,4,nomine,nomen,NOUN
dev-s614,5,regnante,regno,VERB
dev-s614,6,domno,domnus,NOUN
dev-s614,7,nostro,noster,DET
dev-s614,8,Karolus,Carolus,PROPN
dev-s614,9,divina,diuinus,ADJ
dev-s614,10,favente,faueo,VERB
dev-s614,11,clementiam,clementia,NOUN
dev-s614,12,imperatore,imperator,NOUN
dev-s614,13,augusto,augustus,NOUN
dev-s614,14,",",",",PUNCT
dev-s614,15,anno,annus,NOUN
dev-s614,16,imperii,imperium,NOUN
dev-s614,17,eius,is,PRON
dev-s614,18,quinto,quintus,ADJ
dev-s614,19,",",",",PUNCT
dev-s614,20,tertio,tertius,ADJ
dev-s614,21,kalendas,kalendae,NOUN
dev-s614,22,novembris,nouember,ADJ
dev-s614,23,",",",",PUNCT
dev-s614,24,indictione,indictio,NOUN
dev-s614,25,quarta,quartus,ADJ
dev-s614,26,.,.,PUNCT
dev-s615,1,manifestu,manifestus,ADJ
dev-s615,2,sum,sum,AUX
dev-s615,3,ego,ego,PRON
dev-s615,4,Petrus,Petrus,PROPN
dev-s615,5,",",",",PUNCT
dev-s615,6,filio,filius,NOUN
dev-s615,7,quondam,quondam,ADJ
dev-s615,8,Vituli,Vitulus,PROPN
dev-s615,9,",",",",PUNCT
dev-s615,10,quia,quia,SCONJ
dev-s615,11,tu,tu,PRON
dev-s615,12,Gherardus,Gherardus,PROPN
dev-s615,13,",",",",PUNCT
dev-s615,14,gratia,gratia,NOUN
dev-s615,15,Dei,Deus,PROPN
dev-s615,16,huius,hic,DET
dev-s615,17,sancte,sanctus,ADJ
dev-s615,18,Lucane,lucanus,ADJ
dev-s615,19,ecclesie,ecclesia,NOUN
dev-s615,20,humilis,humilis,ADJ
dev-s615,21,episcopus,episcopus,NOUN
dev-s615,22,",",",",PUNCT
dev-s615,23,per,per,ADP
dev-s615,24,cartula,chartula,NOUN
dev-s615,25,livellario,libellarius,ADJ
dev-s615,26,nomine,nomen,NOUN
dev-s615,27,ad,ad,ADP
dev-s615,28,censum,census,NOUN
dev-s615,29,perexolvendum,perexsoluo,VERB
dev-s615,30,dedisti,do,VERB
dev-s615,31,mihi,ego,PRON
dev-s615,32,",",",",PUNCT
dev-s615,33,id,is,PRON
dev-s615,34,est,sum,AUX
dev-s615,35,medietatem,medietas,NOUN
dev-s615,36,de,de,ADP
dev-s615,37,casa,casa,NOUN
dev-s615,38,et,et,CCONJ
dev-s615,39,res,res,NOUN
dev-s615,40,illa,ille,DET
dev-s615,41,in,in,ADP
dev-s615,42,loco,locus,NOUN
dev-s615,43,ubi,ubi,ADV
dev-s615,44,dicitur,dico,VERB
dev-s615,45,eam,is,PRON
dev-s615,46,Filicaio,Filicarium,PROPN
dev-s615,47,",",",",PUNCT
dev-s615,48,quas,qui,PRON
dev-s615,49,Petrus,Petrus,PROPN
dev-s615,50,ad,ad,ADP
dev-s615,51,manus,manus,NOUN
dev-s615,52,suas,suus,DET
dev-s615,53,abuit,habeo,VERB
dev-s615,54,;,;,PUNCT
dev-s616,1,et,et,CCONJ
dev-s616,2,exinde,exinde,ADV
dev-s616,3,tibi,tu,PRON
dev-s616,4,",",",",PUNCT
dev-s616,5,vel,uel,CCONJ
dev-s616,6,ad,ad,ADP
dev-s616,7,subcessoribus,successor,NOUN
dev-s616,8,tuis,tuus,DET
dev-s616,9,",",",",PUNCT
dev-s616,10,ad,ad,ADP
dev-s616,11,pars,pars,NOUN
dev-s616,12,ipsius,ipse,DET
dev-s616,13,episcopatui,episcopatus,NOUN
dev-s616,14,vestrii,uester,DET
dev-s616,15,sancti,sanctus,ADJ
dev-s616,16,Martini,Martinus,PROPN
dev-s616,17,per,per,ADP
dev-s616,18,singulos,singulus,ADJ
dev-s616,19,annos,annus,NOUN
dev-s616,20,in,in,ADP
dev-s616,21,ipso,ipse,DET
dev-s616,22,loco,locus,NOUN
dev-s616,23,reddere,reddo,VERB
dev-s616,24,debeamus,debeo,VERB
dev-s616,25,medietatem,medietas,NOUN
dev-s616,26,vinum,uinum,NOUN
dev-s616,27,purum,purus,ADJ
dev-s616,28,ad,ad,ADP
dev-s616,29,tertiam,tertius,ADJ
dev-s616,30,vices,uicis,NOUN
dev-s616,31,uba,uua,NOUN
dev-s616,32,legitime,legitime,ADV
dev-s616,33,calcatas,calco,VERB
dev-s616,34,et,et,CCONJ
dev-s616,35,indi,inde,ADV
dev-s616,36,vinatas,uino,VERB
dev-s616,37,",",",",PUNCT
dev-s616,38,nam,nam,PART
dev-s616,39,non,non,PART
dev-s616,40,pondum,pondus,NOUN
dev-s616,41,levandum,leuo,VERB
dev-s616,42,;,;,PUNCT
dev-s617,1,seo,seo,ADV
dev-s617,2,et,et,CCONJ
dev-s617,3,vobis,uos,PRON
dev-s617,4,reddere,reddo,VERB
dev-s617,5,debeamus,debeo,VERB
dev-s617,6,",",",",PUNCT
dev-s617,7,per,per,ADP
dev-s617,8,omne,omnis,DET
dev-s617,9,mense,mensis,NOUN
dev-s617,10,novenber,nouember,ADJ
dev-s617,11,",",",",PUNCT
dev-s617,12,vobis,uos,PRON
dev-s617,13,reddere,reddo,VERB
dev-s617,14,debeamus,debeo,VERB
dev-s617,15,argentum,argentum,NOUN
dev-s617,16,denarios,denarius,NOUN
dev-s617,17,bonos,bonus,ADJ
dev-s617,18,expendiviles,expendibilis,ADJ
dev-s617,19,numero,numerus,NOUN
dev-s617,20,nove,nouem,NUM
dev-s617,21,;,;,PUNCT
dev-s618,1,et,et,CCONJ
dev-s618,2,quando,quando,SCONJ
dev-s618,3,per,per,ADP
dev-s618,4,vindemmia,uindemia,NOUN
dev-s618,5,super,super,ADP
dev-s618,6,palmentum,palmentum,NOUN
dev-s618,7,ibidem,ibidem,ADV
dev-s618,8,vos,uos,PRON
dev-s618,9,aut,aut,CCONJ
dev-s618,10,misso,missus,NOUN
dev-s618,11,vestro,uester,DET
dev-s618,12,veneritis,uenio,VERB
dev-s618,13,",",",",PUNCT
dev-s618,14,nos,nos,PRON
dev-s618,15,vos,uos,PRON
dev-s618,16,recipere,recipio,VERB
dev-s618,17,et,et,CCONJ
dev-s618,18,gubernare,guberno,VERB
dev-s618,19,debeamus,debeo,VERB
dev-s618,20,;,;,PUNCT
dev-s619,1,et,et,CCONJ
dev-s619,2,a,ab,ADP
dev-s619,3,mandato,mandatum,NOUN
dev-s619,4,vestro,uester,DET
dev-s619,5,venire,uenio,VERB
dev-s619,6,debeamus,debeo,VERB
dev-s619,7,hic,hic,ADV
dev-s619,8,Luca,Luca,PROPN
dev-s619,9,legem,lex,NOUN
dev-s619,10,et,et,CCONJ
dev-s619,11,iustitiam,iustitia,NOUN
dev-s619,12,faciendum,facio,VERB
dev-s619,13,tantum,tantum,ADV
dev-s619,14,.,.,PUNCT
dev-s620,1,et,et,CCONJ
dev-s620,2,si,si,SCONJ
dev-s620,3,a,ab,ADP
dev-s620,4,nos,nos,PRON
dev-s620,5,vobis,uos,PRON
dev-s620,6,hec,hic,DET
dev-s620,7,omnia,omnis,DET
dev-s620,8,qualiter,qualiter,SCONJ
dev-s620,9,superius,superius,ADV
dev-s620,10,legitur,lego,VERB
dev-s620,11,per,per,ADP
dev-s620,12,singulos,singulus,ADJ
dev-s620,13,annos,annus,NOUN
dev-s620,14,sic,sic,ADV
dev-s620,15,non,non,PART
dev-s620,16,fuerint,sum,AUX
dev-s620,17,adimpleta,adimpleo,VERB
dev-s620,18,et,et,CCONJ
dev-s620,19,conservata,conseruo,VERB
dev-s620,20,",",",",PUNCT
dev-s620,21,aut,aut,CCONJ
dev-s620,22,si,si,SCONJ
dev-s620,23,suprascripta,suprascriptus,DET
dev-s620,24,casa,casa,NOUN
dev-s620,25,vel,uel,CCONJ
dev-s620,26,res,res,NOUN
dev-s620,27,quas,qui,PRON
dev-s620,28,mihi,ego,PRON
dev-s620,29,dedisti,do,VERB
dev-s620,30,relaxaverimus,relaxo,VERB
dev-s620,31,",",",",PUNCT
dev-s620,32,vel,uel,CCONJ
dev-s620,33,si,si,SCONJ
dev-s620,34,per,per,ADP
dev-s620,35,nos,nos,PRON
dev-s620,36,pegiorata,peioro,VERB
dev-s620,37,fueri,sum,AUX
dev-s620,38,",",",",PUNCT
dev-s620,39,spondeo,spondeo,VERB
dev-s620,40,ego,ego,PRON
dev-s620,41,qui,qui,DET
dev-s620,42,supra,supra,ADV
dev-s620,43,Petrus,Petrus,PROPN
dev-s620,44,",",",",PUNCT
dev-s620,45,una,una,ADV
dev-s620,46,cum,cum,ADP
dev-s620,47,meis,meus,DET
dev-s620,48,heredes,heres,NOUN
dev-s620,49,",",",",PUNCT
dev-s620,50,conponere,compono,VERB
dev-s620,51,tibi,tu,PRON
dev-s620,52,qui,qui,DET
dev-s620,53,supra,supra,ADV
dev-s620,54,Gherardus,Gherardus,PROPN
dev-s620,55,episcopus,episcopus,NOUN
dev-s620,56,",",",",PUNCT
dev-s620,57,vel,uel,CCONJ
dev-s620,58,ad,ad,ADP
dev-s620,59,subcessoribus,successor,NOUN
dev-s620,60,tuis,tuus,DET
dev-s620,61,",",",",PUNCT
dev-s620,62,penam,poena,NOUN
dev-s620,63,",",",",PUNCT
dev-s620,64,argentum,argentum,NOUN
dev-s620,65,soledos,solidus,NOUN
dev-s620,66,viginti,uiginti,NUM
dev-s620,67,",",",",PUNCT
dev-s620,68,quia,quia,SCONJ
dev-s620,69,taliter,taliter,ADV
dev-s620,70,inter,inter,ADP
dev-s620,71,nos,nos,PRON
dev-s620,72,convenit,conuenio,VERB
dev-s620,73,et,et,CCONJ
dev-s620,74,duas,duo,NUM
dev-s620,75,inter,inter,ADP
dev-s620,76,nos,nos,PRON
dev-s620,77,cartulas,chartula,NOUN
dev-s620,78,Gumpertum,Gumpertus,PROPN
dev-s620,79,notarium,notarius,NOUN
dev-s620,80,scribere,scribo,VERB
dev-s620,81,rogavimus,rogo,VERB
dev-s620,82,.,.,PUNCT
dev-s621,1,actum,ago,VERB
dev-s621,2,Luca,Luca,PROPN
dev-s621,3,.,.,PUNCT
dev-s622,1,signum,signum,NOUN
dev-s622,2,+,+,PUNCT
dev-s622,3,manus,manus,NOUN
dev-s622,4,Petri,Petrus,PROPN
dev-s622,5,qui,qui,PRON
dev-s622,6,hunc,hic,DET
dev-s622,7,libello,libellus,NOUN
dev-s622,8,fieri,fio,VERB
dev-s622,9,rogavit,rogo,VERB
dev-s622,10,.,.,PUNCT
dev-s623,1,In,in,ADP
dev-s623,2,Dei,Deus,PROPN
dev-s623,3,omnipotentis,omnipotens,ADJ
dev-s623,4,nomine,nomen,NOUN
dev-s623,5,regnante,regno,VERB
dev-s623,6,domno,domnus,NOUN
dev-s623,7,nostro,noster,DET
dev-s623,8,Charulus,Carolus,PROPN
dev-s623,9,divina,diuinus,ADJ
dev-s623,10,vavente,faueo,VERB
dev-s623,11,clementia,clementia,NOUN
dev-s623,12,imperator,imperator,NOUN
dev-s623,13,augusto,augustus,NOUN
dev-s623,14,",",",",PUNCT
dev-s623,15,anno,annus,NOUN
dev-s623,16,imperii,imperium,NOUN
dev-s623,17,eius,is,PRON
dev-s623,18,quinto,quintus,ADJ
dev-s623,19,[--],_,X
dev-s623,20,",",",",PUNCT
dev-s623,21,nonus,nonus,ADJ
dev-s623,22,chalendas,kalendae,NOUN
dev-s623,23,decembris,december,ADJ
dev-s623,24,",",",",PUNCT
dev-s623,25,indictio,indictio,NOUN
dev-s623,26,quarta,quartus,ADJ
dev-s623,27,.,.,PUNCT
dev-s624,1,manifesti,manifestus,ADJ
dev-s624,2,sumus,sum,AUX
dev-s624,3,nos,nos,PRON
dev-s624,4,Ghiso,Ghisus,PROPN
dev-s624,5,et,et,CCONJ
dev-s624,6,Sisimundo,Sisimundus,PROPN
dev-s624,7,et,et,CCONJ
dev-s624,8,Alamundo,Alamundus,PROPN
dev-s624,9,filii,filius,NOUN
dev-s624,10,bone,bonus,ADJ
dev-s624,11,memorie,memoria,NOUN
dev-s624,12,Ghisimundi,Ghisimundus,PROPN
dev-s624,13,",",",",PUNCT
dev-s624,14,quia,quia,SCONJ
dev-s624,15,per,per,ADP
dev-s624,16,hanc,hic,DET
dev-s624,17,cartula,chartula,NOUN
dev-s624,18,venundamus,uenumdo,VERB
dev-s624,19,et,et,CCONJ
dev-s624,20,tradimus,trado,VERB
dev-s624,21,tibi,tu,PRON
dev-s624,22,Iohanni,Johannes,PROPN
dev-s624,23,presbitero,presbyter,NOUN
dev-s624,24,",",",",PUNCT
dev-s624,25,filio,filius,NOUN
dev-s624,26,Oniperghe,Oniperga,PROPN
dev-s624,27,",",",",PUNCT
dev-s624,28,id,is,PRON
dev-s624,29,es,sum,AUX
dev-s624,30,silva,silua,NOUN
dev-s624,31,nostra,noster,DET
dev-s624,32,in,in,ADP
dev-s624,33,Cerbaria,Cerbaria,PROPN
dev-s624,34,illa,ille,DET
dev-s624,35,quas,qui,PRON
dev-s624,36,nobis,nos,PRON
dev-s624,37,in,in,ADP
dev-s624,38,ereditate,hereditas,NOUN
dev-s624,39,nostra,noster,DET
dev-s624,40,da,da,ADP
dev-s624,41,genitori,genitor,NOUN
dev-s624,42,nostro,noster,DET
dev-s624,43,reliquit,relinquo,VERB
dev-s624,44,;,;,PUNCT
dev-s625,1,tota,totus,DET
dev-s625,2,ipsa,ipse,DET
dev-s625,3,nostra,noster,DET
dev-s625,4,portione,portio,NOUN
dev-s625,5,",",",",PUNCT
dev-s625,6,tibi,tu,PRON
dev-s625,7,eas,is,PRON
dev-s625,8,vindo,uendo,VERB
dev-s625,9,et,et,CCONJ
dev-s625,10,trado,trado,VERB
dev-s625,11,in,in,ADP
dev-s625,12,integrum,integer,ADJ
dev-s625,13,",",",",PUNCT
dev-s625,14,pro,pro,ADP
dev-s625,15,quibus,qui,PRON
dev-s625,16,at,ab,ADP
dev-s625,17,te,tu,PRON
dev-s625,18,pretium,pretium,NOUN
dev-s625,19,recepimus,recipio,VERB
dev-s625,20,",",",",PUNCT
dev-s625,21,argentum,argentum,NOUN
dev-s625,22,soledos,solidus,NOUN
dev-s625,23,centu,centum,NUM
dev-s625,24,in,in,ADP
dev-s625,25,prefinito,praefinitus,ADJ
dev-s625,26,unde,unde,ADV
dev-s625,27,repromittimus,repromitto,VERB
dev-s625,28,nos,nos,PRON
dev-s625,29,ego,ego,PRON
dev-s625,30,qui,qui,DET
dev-s625,31,supra,supra,ADV
dev-s625,32,Ghiso,Ghisus,PROPN
dev-s625,33,et,et,CCONJ
dev-s625,34,Sisimundo,Sisimundus,PROPN
dev-s625,35,et,et,CCONJ
dev-s625,36,Alamundo,Alamundus,PROPN
dev-s625,37,germani,germanus,NOUN
dev-s625,38,",",",",PUNCT
dev-s625,39,una,una,ADV
dev-s625,40,cum,cum,ADP
dev-s625,41,nostris,noster,DET
dev-s625,42,heredibus,heres,NOUN
dev-s625,43,",",",",PUNCT
dev-s625,44,tibi,tu,PRON
dev-s625,45,Iohanne,Johannes,PROPN
dev-s625,46,presbitero,presbyter,NOUN
dev-s625,47,",",",",PUNCT
dev-s625,48,vel,uel,CCONJ
dev-s625,49,at,ad,ADP
dev-s625,50,illum,ille,DET
dev-s625,51,hominem,homo,NOUN
dev-s625,52,cui,qui,PRON
dev-s625,53,vos,uos,PRON
dev-s625,54,suprascripta,suprascriptus,DET
dev-s625,55,nostra,noster,DET
dev-s625,56,vendictio,uenditio,NOUN
dev-s625,57,terra,terra,NOUN
dev-s625,58,et,et,CCONJ
dev-s625,59,silva,silua,NOUN
dev-s625,60,dederitis,do,VERB
dev-s625,61,vel,uel,CCONJ
dev-s625,62,abere,habeo,VERB
dev-s625,63,decreveritis,decerno,VERB
dev-s625,64,",",",",PUNCT
dev-s625,65,si,si,SCONJ
dev-s625,66,aliquando,aliquando,ADV
dev-s625,67,tempore,tempus,NOUN
dev-s625,68,nos,nos,PRON
dev-s625,69,vobis,uos,PRON
dev-s625,70,in,in,ADP
dev-s625,71,aliquot,aliqui,DET
dev-s625,72,exinde,exinde,ADV
dev-s625,73,intentionaverimus,intentiono,VERB
dev-s625,74,aut,aut,CCONJ
dev-s625,75,retolli,retollo,VERB
dev-s625,76,vel,uel,CCONJ
dev-s625,77,subtragi,subtraho,VERB
dev-s625,78,quesierimus,quaero,VERB
dev-s625,79,",",",",PUNCT
dev-s625,80,nos,nos,PRON
dev-s625,81,vel,uel,CCONJ
dev-s625,82,ille,ille,DET
dev-s625,83,homo,homo,NOUN
dev-s625,84,cui,qui,PRON
dev-s625,85,nos,nos,PRON
dev-s625,86,eas,is,PRON
dev-s625,87,dedessemus,do,VERB
dev-s625,88,aut,aut,CCONJ
dev-s625,89,dederimus,do,VERB
dev-s625,90,per,per,ADP
dev-s625,91,quolibet,quilibet,DET
dev-s625,92,ingenio,ingenium,NOUN
dev-s625,93,",",",",PUNCT
dev-s625,94,et,et,CCONJ
dev-s625,95,si,si,SCONJ
dev-s625,96,eam,is,PRON
dev-s625,97,vobis,uos,PRON
dev-s625,98,suprascripta,suprascriptus,DET
dev-s625,99,terra,terra,NOUN
dev-s625,100,et,et,CCONJ
dev-s625,101,silva,silua,NOUN
dev-s625,102,quot,quot,DET
dev-s625,103,est,sum,AUX
dev-s625,104,nostra,noster,DET
dev-s625,105,vendictione,uenditio,NOUN
dev-s625,106,in,in,ADP
dev-s625,107,integrum,integer,ADJ
dev-s625,108,ab,ab,ADP
dev-s625,109,omni,omnis,DET
dev-s625,110,homine,homo,NOUN
dev-s625,111,defendere,defendo,VERB
dev-s625,112,non,non,PART
dev-s625,113,potuerimus,possum,VERB
dev-s625,114,",",",",PUNCT
dev-s625,115,tunc,tunc,ADV
dev-s625,116,spondimus,spondeo,VERB
dev-s625,117,nos,nos,PRON
dev-s625,118,vobis,uos,PRON
dev-s625,119,conponere,compono,VERB
dev-s625,120,suprascripta,suprascriptus,DET
dev-s625,121,nostra,noster,DET
dev-s625,122,vendictio,uenditio,NOUN
dev-s625,123,in,in,ADP
dev-s625,124,duplum,duplus,ADJ
dev-s625,125,in,in,ADP
dev-s625,126,ferquidem,ferquidis,ADJ
dev-s625,127,loco,locus,NOUN
dev-s625,128,sub,sub,ADP
dev-s625,129,estimationem,aestimatio,NOUN
dev-s625,130,qualex,qualis,DET
dev-s625,131,tunc,tunc,ADV
dev-s625,132,fuerit,sum,AUX
dev-s625,133,;,;,PUNCT
dev-s626,1,actum,ago,VERB
dev-s626,2,in,in,ADP
dev-s626,3,loco,locus,NOUN
dev-s626,4,Bassiliano,Bassilianum,PROPN
dev-s626,5,prope,prope,ADP
dev-s626,6,eclesia,ecclesia,NOUN
dev-s626,7,sancti,sanctus,ADJ
dev-s626,8,Ginesii,Genesius,PROPN
dev-s626,9,.,.,PUNCT
dev-s627,1,+,+,PUNCT
dev-s627,2,Ego,ego,PRON
dev-s627,3,Ghiso,Ghisus,PROPN
dev-s627,4,in,in,ADP
dev-s627,5,anc,hic,DET
dev-s627,6,cartula,chartula,NOUN
dev-s627,7,a,ab,ADP
dev-s627,8,nos,nos,PRON
dev-s627,9,facta,facio,VERB
dev-s627,10,manus,manus,NOUN
dev-s627,11,mea,meus,DET
dev-s627,12,subscripsi,subscribo,VERB
dev-s627,13,.,.,PUNCT
dev-s628,1,+,+,PUNCT
dev-s628,2,Singnus,signum,NOUN
dev-s628,3,manus,manus,NOUN
dev-s628,4,Sisimundi,Sisimundus,PROPN
dev-s628,5,qui,qui,PRON
dev-s628,6,hanc,hic,DET
dev-s628,7,cartula,chartula,NOUN
dev-s628,8,fierit,fio,VERB
dev-s628,9,rogavi,rogo,VERB
dev-s628,10,.,.,PUNCT
dev-s629,1,+,+,PUNCT
dev-s629,2,Ego,ego,PRON
dev-s629,3,Petru,Petrus,PROPN
dev-s629,4,scabinu,scabinus,NOUN
dev-s629,5,subscripsi,subscribo,VERB
dev-s629,6,.,.,PUNCT
dev-s630,1,+,+,PUNCT
dev-s630,2,Ego,ego,PRON
dev-s630,3,Ghisolfus,Ghisolfus,PROPN
dev-s630,4,",",",",PUNCT
dev-s630,5,rogatus,rogo,VERB
dev-s630,6,a,ab,ADP
dev-s630,7,suprascripti,suprascriptus,DET
dev-s630,8,germani,germanus,NOUN
dev-s630,9,",",",",PUNCT
dev-s630,10,me,ego,PRON
dev-s630,11,teste,testis,NOUN
dev-s630,12,subscripsi,subscribo,VERB
dev-s630,13,et,et,CCONJ
dev-s630,14,pretium,pretium,NOUN
dev-s630,15,dante,do,VERB
dev-s630,16,vidi,uideo,VERB
dev-s630,17,.,.,PUNCT
dev-s631,1,+,+,PUNCT
dev-s631,2,Ego,ego,PRON
dev-s631,3,Ardolfo,Ardolfus,PROPN
dev-s631,4,clerico,clericus,NOUN
dev-s631,5,",",",",PUNCT
dev-s631,6,rogatus,rogo,VERB
dev-s631,7,at,ab,ADP
dev-s631,8,superscripti,superscriptus,ADJ
dev-s631,9,germani,germanus,NOUN
dev-s631,10,",",",",PUNCT
dev-s631,11,me,ego,PRON
dev-s631,12,teste,testis,NOUN
dev-s631,13,subscripsi,subscribo,VERB
dev-s631,14,et,et,CCONJ
dev-s631,15,pretium,pretium,NOUN
dev-s631,16,dante,do,VERB
dev-s631,17,vidi,uideo,VERB
dev-s631,18,.,.,PUNCT
dev-s632,1,+,+,PUNCT
dev-s632,2,Ego,ego,PRON
dev-s632,3,Rihidomno,Richidomnus,PROPN
dev-s632,4,",",",",PUNCT
dev-s632,5,rogatus,rogo,VERB
dev-s632,6,ad,ab,ADP
dev-s632,7,superiscripti,superscriptus,ADJ
dev-s632,8,germani,germanus,NOUN
dev-s632,9,",",",",PUNCT
dev-s632,10,me,ego,PRON
dev-s632,11,teste,testis,NOUN
dev-s632,12,subscripsi,subscribo,VERB
dev-s632,13,et,et,CCONJ
dev-s632,14,pretium,pretium,NOUN
dev-s632,15,dante,do,VERB
dev-s632,16,vidi,uideo,VERB
dev-s632,17,.,.,PUNCT
dev-s633,1,+,+,PUNCT
dev-s633,2,Ego,ego,PRON
dev-s633,3,Grimolfo,Grimolfus,PROPN
dev-s633,4,",",",",PUNCT
dev-s633,5,rogatus,rogo,VERB
dev-s633,6,ad,ab,ADP
dev-s633,7,superiscripti,superscriptus,ADJ
dev-s633,8,germani,germanus,NOUN
dev-s633,9,",",",",PUNCT
dev-s633,10,me,ego,PRON
dev-s633,11,teste,testis,NOUN
dev-s633,12,subscripsi,subscribo,VERB
dev-s633,13,et,et,CCONJ
dev-s633,14,pretium,pretium,NOUN
dev-s633,15,dante,do,VERB
dev-s633,16,vidi,uideo,VERB
dev-s633,17,.,.,PUNCT
dev-s634,1,+,+,PUNCT
dev-s634,2,Ego,ego,PRON
dev-s634,3,Ildipaldo,Ildipaldus,PROPN
dev-s634,4,notarius,notarius,NOUN
dev-s634,5,pos,post,ADP
dev-s634,6,tradita,trado,VERB
dev-s634,7,conplevi,compleo,VERB
dev-s634,8,et,et,CCONJ
dev-s634,9,dedi,do,VERB
dev-s634,10,.,.,PUNCT
dev-s635,1,+,+,PUNCT
dev-s635,2,In,in,ADP
dev-s635,3,Dei,Deus,PROPN
dev-s635,4,omnipotentis,omnipotens,ADJ
dev-s635,5,nomine,nomen,NOUN
dev-s635,6,regnante,regno,VERB
dev-s635,7,domno,domnus,NOUN
dev-s635,8,nostro,noster,DET
dev-s635,9,Karolus,Carolus,PROPN
dev-s635,10,divina,diuinus,ADJ
dev-s635,11,faventem,faueo,VERB
dev-s635,12,clementia,clementia,NOUN
dev-s635,13,imperatore,imperator,NOUN
dev-s635,14,augusto,augustus,NOUN
dev-s635,15,",",",",PUNCT
dev-s635,16,anno,annus,NOUN
dev-s635,17,imperii,imperium,NOUN
dev-s635,18,eius,is,PRON
dev-s635,19,sexto,sextus,ADJ
dev-s635,20,",",",",PUNCT
dev-s635,21,tertio,tertius,ADJ
dev-s635,22,decimo,decimus,ADJ
dev-s635,23,kalendas,kalendae,NOUN
dev-s635,24,martii,Martius,PROPN
dev-s635,25,",",",",PUNCT
dev-s635,26,indictione,indictio,NOUN
dev-s635,27,quarta,quartus,ADJ
dev-s635,28,.,.,PUNCT
dev-s636,1,manifestu,manifestus,ADJ
dev-s636,2,sum,sum,AUX
dev-s636,3,ego,ego,PRON
dev-s636,4,Leo,Leo,PROPN
dev-s636,5,archipresbitero,archipresbyter,NOUN
dev-s636,6,",",",",PUNCT
dev-s636,7,filio,filius,NOUN
dev-s636,8,bone,bonus,ADJ
dev-s636,9,memorie,memoria,NOUN
dev-s636,10,Adalmanni,Adalmannus,PROPN
dev-s636,11,",",",",PUNCT
dev-s636,12,quia,quia,SCONJ
dev-s636,13,convenit,conuenio,VERB
dev-s636,14,mihi,ego,PRON
dev-s636,15,una,una,ADV
dev-s636,16,tecum,tecum,NOUN
dev-s636,17,Gherardus,Gherardus,PROPN
dev-s636,18,",",",",PUNCT
dev-s636,19,gratia,gratia,NOUN
dev-s636,20,Dei,Deus,PROPN
dev-s636,21,huius,hic,DET
dev-s636,22,sancte,sanctus,ADJ
dev-s636,23,Lucanem,lucanus,ADJ
dev-s636,24,ecclesie,ecclesia,NOUN
dev-s636,25,humilis,humilis,ADJ
dev-s636,26,episcopus,episcopus,NOUN
dev-s636,27,",",",",PUNCT
dev-s636,28,ud,ut,SCONJ
dev-s636,29,inter,inter,ADP
dev-s636,30,nos,nos,PRON
dev-s636,31,de,de,ADP
dev-s636,32,aliquantis,aliquantus,DET
dev-s636,33,casis,casa,NOUN
dev-s636,34,et,et,CCONJ
dev-s636,35,rebus,res,NOUN
dev-s636,36,comutationem,commutatio,NOUN
dev-s636,37,facere,facio,VERB
dev-s636,38,deberemus,debeo,VERB
dev-s636,39,",",",",PUNCT
dev-s636,40,sicut,sicut,SCONJ
dev-s636,41,et,et,CCONJ
dev-s636,42,factum,facio,VERB
dev-s636,43,est,sum,AUX
dev-s636,44,.,.,PUNCT
dev-s637,1,proinde,proinde,ADV
dev-s637,2,ego,ego,PRON
dev-s637,3,qui,qui,DET
dev-s637,4,supra,supra,ADV
dev-s637,5,Leo,Leo,PROPN
dev-s637,6,archipresbitero,archipresbyter,NOUN
dev-s637,7,per,per,ADP
dev-s637,8,hanc,hic,DET
dev-s637,9,cartula,chartula,NOUN
dev-s637,10,in,in,ADP
dev-s637,11,comutatione,commutatio,NOUN
dev-s637,12,dare,do,VERB
dev-s637,13,videor,uideo,VERB
dev-s637,14,tibi,tu,PRON
dev-s637,15,qui,qui,DET
dev-s637,16,supra,supra,ADV
dev-s637,17,Gherardus,Gherardus,PROPN
dev-s637,18,episcopus,episcopus,NOUN
dev-s637,19,ad,ad,ADP
dev-s637,20,pars,pars,NOUN
dev-s637,21,ecclesie,ecclesia,NOUN
dev-s637,22,sancti,sanctus,ADJ
dev-s637,23,Silvestri,Syluester,PROPN
dev-s637,24,",",",",PUNCT
dev-s637,25,sitas,sino,VERB
dev-s637,26,foras,foras,ADP
dev-s637,27,civitatem,ciuitas,NOUN
dev-s637,28,ista,iste,DET
dev-s637,29,Lucense,lucensis,ADJ
dev-s637,30,prope,prope,ADP
dev-s637,31,porta,porta,NOUN
dev-s637,32,sancti,sanctus,ADJ
dev-s637,33,Petri,Petrus,PROPN
dev-s637,34,",",",",PUNCT
dev-s637,35,quod,qui,PRON
dev-s637,36,est,sum,AUX
dev-s637,37,desup,desub,ADP
dev-s637,38,potestatem,potestas,NOUN
dev-s637,39,ipsius,ipse,DET
dev-s637,40,episcopatui,episcopatus,NOUN
dev-s637,41,vestro,uester,DET
dev-s637,42,sancti,sanctus,ADJ
dev-s637,43,Martini,Martinus,PROPN
dev-s637,44,",",",",PUNCT
dev-s637,45,id,is,PRON
dev-s637,46,est,sum,AUX
dev-s637,47,casella,casella,NOUN
dev-s637,48,mea,meus,DET
dev-s637,49,illa,ille,DET
dev-s637,50,foras,foras,ADP
dev-s637,51,civitatem,ciuitas,NOUN
dev-s637,52,ista,iste,DET
dev-s637,53,Lucense,lucensis,ADJ
dev-s637,54,prope,prope,ADP
dev-s637,55,eadem,idem,DET
dev-s637,56,porta,porta,NOUN
dev-s637,57,sancti,sanctus,ADJ
dev-s637,58,Petri,Petrus,PROPN
dev-s637,59,et,et,CCONJ
dev-s637,60,prope,prope,ADP
dev-s637,61,ecclesie,ecclesia,NOUN
dev-s637,62,sancti,sanctus,ADJ
dev-s637,63,Eubuli,Eubulus,PROPN
dev-s637,64,",",",",PUNCT
dev-s637,65,casella,casella,NOUN
dev-s637,66,ipsa,ipse,DET
dev-s637,67,cun,cum,ADP
dev-s637,68,fundamento,fundamentum,NOUN
dev-s637,69,et,et,CCONJ
dev-s637,70,edeficio,aedificium,NOUN
dev-s637,71,suo,suus,DET
dev-s637,72,tenente,teneo,VERB
dev-s637,73,uno,unus,DET
dev-s637,74,caput,caput,NOUN
dev-s637,75,in,in,ADP
dev-s637,76,fundamento,fundamentum,NOUN
dev-s637,77,et,et,CCONJ
dev-s637,78,casa,casa,NOUN
dev-s637,79,ipsius,ipse,DET
dev-s637,80,episcopatui,episcopatus,NOUN
dev-s637,81,vestro,uester,DET
dev-s637,82,sancti,sanctus,ADJ
dev-s637,83,Martini,Martinus,PROPN
dev-s637,84,;,;,PUNCT
dev-s638,1,alio,alius,DET
dev-s638,2,caput,caput,NOUN
dev-s638,3,cum,cum,ADP
dev-s638,4,uno,unus,DET
dev-s638,5,lato,latus,NOUN
dev-s638,6,tenet,teneo,VERB
dev-s638,7,in,in,ADP
dev-s638,8,terra,terra,NOUN
dev-s638,9,ecclesie,ecclesia,NOUN
dev-s638,10,sancti,sanctus,ADJ
dev-s638,11,Petri,Petrus,PROPN
dev-s638,12,",",",",PUNCT
dev-s638,13,et,et,CCONJ
dev-s638,14,alio,alius,DET
dev-s638,15,lato,latus,NOUN
dev-s638,16,tenet,teneo,VERB
dev-s638,17,in,in,ADP
dev-s638,18,curticella,curticella,NOUN
dev-s638,19,ipsius,ipse,DET
dev-s638,20,episcopatui,episcopatus,NOUN
dev-s638,21,sancti,sanctus,ADJ
dev-s638,22,Martini,Martinus,PROPN
dev-s638,23,et,et,CCONJ
dev-s638,24,in,in,ADP
dev-s638,25,curte,curtis,NOUN
dev-s638,26,illa,ille,DET
dev-s638,27,quas,qui,PRON
dev-s638,28,ego,ego,PRON
dev-s638,29,per,per,ADP
dev-s638,30,hanc,hic,DET
dev-s638,31,comutationem,commutatio,NOUN
dev-s638,32,tibi,tu,PRON
dev-s638,33,dare,do,VERB
dev-s638,34,videor,uideo,VERB
dev-s638,35,;,;,PUNCT
dev-s639,1,simul,simul,ADV
dev-s639,2,et,et,CCONJ
dev-s639,3,tibi,tu,PRON
dev-s639,4,dare,do,VERB
dev-s639,5,videor,uideo,VERB
dev-s639,6,suprascripta,suprascriptus,DET
dev-s639,7,curticella,curticella,NOUN
dev-s639,8,ante,ante,ADP
dev-s639,9,ipsa,ipse,DET
dev-s639,10,casella,casella,NOUN
dev-s639,11,ad,ad,ADP
dev-s639,12,pars,pars,NOUN
dev-s639,13,ipsius,ipse,DET
dev-s639,14,ecclesie,ecclesia,NOUN
dev-s639,15,sancti,sanctus,ADJ
dev-s639,16,Silvestri,Syluester,PROPN
dev-s639,17,",",",",PUNCT
dev-s639,18,qui,qui,PRON
dev-s639,19,caput,caput,NOUN
dev-s639,20,uno,unus,DET
dev-s639,21,tenet,teneo,VERB
dev-s639,22,in,in,ADP
dev-s639,23,suprascripta,suprascriptus,DET
dev-s639,24,casa,casa,NOUN
dev-s639,25,quas,qui,PRON
dev-s639,26,tibi,tu,PRON
dev-s639,27,superius,superius,ADV
dev-s639,28,dedi,do,VERB
dev-s639,29,",",",",PUNCT
dev-s639,30,alio,alius,DET
dev-s639,31,caput,caput,NOUN
dev-s639,32,tenet,teneo,VERB
dev-s639,33,in,in,ADP
dev-s639,34,via,uia,NOUN
dev-s639,35,",",",",PUNCT
dev-s639,36,lato,latus,NOUN
dev-s639,37,uno,unus,DET
dev-s639,38,tenet,teneo,VERB
dev-s639,39,in,in,ADP
dev-s639,40,curte,curtis,NOUN
dev-s639,41,ipsius,ipse,DET
dev-s639,42,episcopatui,episcopatus,NOUN
dev-s639,43,vestro,uester,DET
dev-s639,44,sancti,sanctus,ADJ
dev-s639,45,Martini,Martinus,PROPN
dev-s639,46,",",",",PUNCT
dev-s639,47,et,et,CCONJ
dev-s639,48,alio,alius,DET
dev-s639,49,lato,latus,NOUN
dev-s639,50,tenet,teneo,VERB
dev-s639,51,in,in,ADP
dev-s639,52,terra,terra,NOUN
dev-s639,53,ecclesie,ecclesia,NOUN
dev-s639,54,sancti,sanctus,ADJ
dev-s639,55,Eubuli,Eubulus,PROPN
dev-s639,56,;,;,PUNCT
dev-s640,1,seo,seu,CCONJ
dev-s640,2,et,et,CCONJ
dev-s640,3,tibi,tu,PRON
dev-s640,4,in,in,ADP
dev-s640,5,comutationem,commutatio,NOUN
dev-s640,6,dare,do,VERB
dev-s640,7,videor,uideo,VERB
dev-s640,8,id,is,PRON
dev-s640,9,est,sum,AUX
dev-s640,10,una,unus,DET
dev-s640,11,petiola,petiola,NOUN
dev-s640,12,de,de,ADP
dev-s640,13,terra,terra,NOUN
dev-s640,14,mea,meus,DET
dev-s640,15,",",",",PUNCT
dev-s640,16,quod,qui,PRON
dev-s640,17,est,sum,AUX
dev-s640,18,orto,hortus,NOUN
dev-s640,19,",",",",PUNCT
dev-s640,20,in,in,ADP
dev-s640,21,ipso,ipse,DET
dev-s640,22,loco,locus,NOUN
dev-s640,23,ad,ad,ADP
dev-s640,24,pars,pars,NOUN
dev-s640,25,ipsius,ipse,DET
dev-s640,26,ecclesie,ecclesia,NOUN
dev-s640,27,sancti,sanctus,ADJ
dev-s640,28,Silvestri,Syluester,PROPN
dev-s640,29,",",",",PUNCT
dev-s640,30,qui,qui,PRON
dev-s640,31,ambas,ambo,DET
dev-s640,32,capitas,caput,NOUN
dev-s640,33,cum,cum,ADP
dev-s640,34,uno,unus,DET
dev-s640,35,lato,latus,NOUN
dev-s640,36,tenet,teneo,VERB
dev-s640,37,in,in,ADP
dev-s640,38,casa,casa,NOUN
dev-s640,39,et,et,CCONJ
dev-s640,40,terra,terra,NOUN
dev-s640,41,ipsius,ipse,DET
dev-s640,42,episcopatui,episcopatus,NOUN
dev-s640,43,sancti,sanctus,ADJ
dev-s640,44,Martini,Martinus,PROPN
dev-s640,45,",",",",PUNCT
dev-s640,46,alio,alius,DET
dev-s640,47,lato,latus,NOUN
dev-s640,48,tenet,teneo,VERB
dev-s640,49,in,in,ADP
dev-s640,50,terra,terra,NOUN
dev-s640,51,ipsius,ipse,DET
dev-s640,52,ecclesie,ecclesia,NOUN
dev-s640,53,sancti,sanctus,ADJ
dev-s640,54,Eubuli,Eubulus,PROPN
dev-s640,55,",",",",PUNCT
dev-s640,56,suprascripta,suprascriptus,DET
dev-s640,57,casella,casella,NOUN
dev-s640,58,et,et,CCONJ
dev-s640,59,predicta,praedictus,DET
dev-s640,60,curticella,curticella,NOUN
dev-s640,61,et,et,CCONJ
dev-s640,62,iam,iam,ADV
dev-s640,63,dicta,dico,VERB
dev-s640,64,petiola,petiola,NOUN
dev-s640,65,de,de,ADP
dev-s640,66,terra,terra,NOUN
dev-s640,67,quod,qui,PRON
dev-s640,68,est,sum,AUX
dev-s640,69,orto,hortus,NOUN
dev-s640,70,",",",",PUNCT
dev-s640,71,qualiter,qualiter,SCONJ
dev-s640,72,circumdate,circumdo,VERB
dev-s640,73,sunt,sum,AUX
dev-s640,74,per,per,ADP
dev-s640,75,designatas,designo,VERB
dev-s640,76,locas,locum,NOUN
dev-s640,77,",",",",PUNCT
dev-s640,78,in,in,ADP
dev-s640,79,integrum,integer,ADJ
dev-s640,80,tibi,tu,PRON
dev-s640,81,eas,is,PRON
dev-s640,82,in,in,ADP
dev-s640,83,comutationem,commutatio,NOUN
dev-s640,84,dare,do,VERB
dev-s640,85,videor,uideo,VERB
dev-s640,86,ad,ad,ADP
dev-s640,87,pars,pars,NOUN
dev-s640,88,ipsius,ipse,DET
dev-s640,89,ecclesie,ecclesia,NOUN
dev-s640,90,sancti,sanctus,ADJ
dev-s640,91,Silvestri,Syluester,PROPN
dev-s640,92,.,.,PUNCT
dev-s641,1,pro,pro,ADP
dev-s641,2,quibus,qui,PRON
dev-s641,3,ad,ab,ADP
dev-s641,4,te,tu,PRON
dev-s641,5,in,in,ADP
dev-s641,6,comutationem,commutatio,NOUN
dev-s641,7,recepi,recipio,VERB
dev-s641,8,de,de,ADP
dev-s641,9,pars,pars,NOUN
dev-s641,10,ipsius,ipse,DET
dev-s641,11,ecclesie,ecclesia,NOUN
dev-s641,12,sancti,sanctus,ADJ
dev-s641,13,Silvestri,Syluester,PROPN
dev-s641,14,id,is,PRON
dev-s641,15,est,sum,AUX
dev-s641,16,casella,casella,NOUN
dev-s641,17,illam,ille,DET
dev-s641,18,foras,foras,ADP
dev-s641,19,civitatem,ciuitas,NOUN
dev-s641,20,ista,iste,DET
dev-s641,21,Lucense,lucensis,ADJ
dev-s641,22,prope,prope,ADP
dev-s641,23,rectam,recta,ADP
dev-s641,24,porta,porta,NOUN
dev-s641,25,sancti,sanctus,ADJ
dev-s641,26,Petri,Petrus,PROPN
dev-s641,27,",",",",PUNCT
dev-s641,28,pertenens,pertineo,VERB
dev-s641,29,ipsius,ipse,DET
dev-s641,30,ecclesie,ecclesia,NOUN
dev-s641,31,sancti,sanctus,ADJ
dev-s641,32,Silvestri,Syluester,PROPN
dev-s641,33,",",",",PUNCT
dev-s641,34,quod,qui,PRON
dev-s641,35,est,sum,AUX
dev-s641,36,desup,desub,ADP
dev-s641,37,potestatem,potestas,NOUN
dev-s641,38,ipsius,ipse,DET
dev-s641,39,episcopatui,episcopatus,NOUN
dev-s641,40,vestro,uester,DET
dev-s641,41,sancti,sanctus,ADJ
dev-s641,42,Martini,Martinus,PROPN
dev-s641,43,",",",",PUNCT
dev-s641,44,casella,casella,NOUN
dev-s641,45,ipsa,ipse,DET
dev-s641,46,",",",",PUNCT
dev-s641,47,cun,cum,ADP
dev-s641,48,fundamento,fundamentum,NOUN
dev-s641,49,et,et,CCONJ
dev-s641,50,edeficio,aedificium,NOUN
dev-s641,51,suo,suus,DET
dev-s641,52,tenentes,teneo,VERB
dev-s641,53,uno,unus,DET
dev-s641,54,caput,caput,NOUN
dev-s641,55,cum,cum,ADP
dev-s641,56,uno,unus,DET
dev-s641,57,lato,latus,NOUN
dev-s641,58,in,in,ADP
dev-s641,59,via,uia,NOUN
dev-s641,60,pubblica,publicus,ADJ
dev-s641,61,",",",",PUNCT
dev-s641,62,alio,alius,DET
dev-s641,63,caput,caput,NOUN
dev-s641,64,tenet,teneo,VERB
dev-s641,65,in,in,ADP
dev-s641,66,terra,terra,NOUN
dev-s641,67,et,et,CCONJ
dev-s641,68,casa,casa,NOUN
dev-s641,69,Adalfridi,Adalfridus,PROPN
dev-s641,70,schabini,scabinus,NOUN
dev-s641,71,",",",",PUNCT
dev-s641,72,et,et,CCONJ
dev-s641,73,alio,alius,DET
dev-s641,74,lato,latus,NOUN
dev-s641,75,tenet,teneo,VERB
dev-s641,76,fundamento,fundamentum,NOUN
dev-s641,77,de,de,ADP
dev-s641,78,casa,casa,NOUN
dev-s641,79,qui,qui,PRON
dev-s641,80,fuit,sum,AUX
dev-s641,81,quondam,quondam,ADJ
dev-s641,82,Vualtari,Waltarus,PROPN
dev-s641,83,clerici,clericus,NOUN
dev-s641,84,;,;,PUNCT
dev-s642,1,casella,casella,NOUN
dev-s642,2,ipsa,ipse,DET
dev-s642,3,cun,cum,ADP
dev-s642,4,fundamento,fundamentum,NOUN
dev-s642,5,et,et,CCONJ
dev-s642,6,edeficio,aedificium,NOUN
dev-s642,7,suo,suus,DET
dev-s642,8,",",",",PUNCT
dev-s642,9,qualiter,qualiter,SCONJ
dev-s642,10,circumdata,circumdo,VERB
dev-s642,11,est,sum,AUX
dev-s642,12,per,per,ADP
dev-s642,13,designatas,designo,VERB
dev-s642,14,locas,locum,NOUN
dev-s642,15,in,in,ADP
dev-s642,16,integrum,integer,ADJ
dev-s642,17,",",",",PUNCT
dev-s642,18,ad,ab,ADP
dev-s642,19,te,tu,PRON
dev-s642,20,eas,is,PRON
dev-s642,21,in,in,ADP
dev-s642,22,comutationem,commutatio,NOUN
dev-s642,23,recepi,recipio,VERB
dev-s642,24,.,.,PUNCT
dev-s643,1,ubi,ubi,ADV
dev-s643,2,et,et,CCONJ
dev-s643,3,super,super,ADP
dev-s643,4,hanc,hic,DET
dev-s643,5,comutationem,commutatio,NOUN
dev-s643,6,tu,tu,PRON
dev-s643,7,qui,qui,DET
dev-s643,8,supra,supra,ADV
dev-s643,9,Gherardus,Gherardus,PROPN
dev-s643,10,episcopus,episcopus,NOUN
dev-s643,11,secundum,secundum,ADP
dev-s643,12,lege,lex,NOUN
dev-s643,13,diresisti,dirigo,VERB
dev-s643,14,missos,missus,NOUN
dev-s643,15,tuos,tuus,DET
dev-s643,16,",",",",PUNCT
dev-s643,17,id,is,PRON
dev-s643,18,est,sum,AUX
dev-s643,19,Teupaldo,Teutpaldus,PROPN
dev-s643,20,et,et,CCONJ
dev-s643,21,Petrus,Petrus,PROPN
dev-s643,22,seu,seu,CCONJ
dev-s643,23,Vuilleradus,Wileradus,PROPN
dev-s643,24,.,.,PUNCT
dev-s644,1,et,et,CCONJ
dev-s644,2,Adalpertus,Adalpertus,PROPN
dev-s644,3,dux,dux,NOUN
dev-s644,4,direxit,dirigo,VERB
dev-s644,5,missos,missus,NOUN
dev-s644,6,suos,suus,DET
dev-s644,7,",",",",PUNCT
dev-s644,8,id,is,PRON
dev-s644,9,est,sum,AUX
dev-s644,10,Roffridi,Rodfridus,PROPN
dev-s644,11,et,et,CCONJ
dev-s644,12,Leo,Leo,PROPN
dev-s644,13,schabinus,scabinus,NOUN
dev-s644,14,seu,seu,CCONJ
dev-s644,15,Adalprando,Adalprandus,PROPN
dev-s644,16,qui,qui,PRON
dev-s644,17,ambulaverunt,ambulo,VERB
dev-s644,18,[--],_,X
dev-s644,19,.,.,PUNCT
dev-s645,1,In,in,ADP
dev-s645,2,Dei,Deus,PROPN
dev-s645,3,omnipotentis,omnipotens,ADJ
dev-s645,4,nomine,nomen,NOUN
dev-s645,5,regnante,regno,VERB
dev-s645,6,domno,domnus,NOUN
dev-s645,7,nostro,noster,DET
dev-s645,8,Karolus,Carolus,PROPN
dev-s645,9,divina,diuinus,ADJ
dev-s645,10,faventem,faueo,VERB
dev-s645,11,clementiam,clementia,NOUN
dev-s645,12,imperatore,imperator,NOUN
dev-s645,13,augusto,augustus,NOUN
dev-s645,14,",",",",PUNCT
dev-s645,15,anno,annus,NOUN
dev-s645,16,imperii,imperium,NOUN
dev-s645,17,eius,is,PRON
dev-s645,18,sexto,sextus,ADJ
dev-s645,19,",",",",PUNCT
dev-s645,20,quinto,quintus,ADJ
dev-s645,21,idus,idus,NOUN
dev-s645,22,martii,Martius,PROPN
dev-s645,23,",",",",PUNCT
dev-s645,24,indictione,indictio,NOUN
dev-s645,25,quartam,quartus,ADJ
dev-s645,26,.,.,PUNCT
dev-s646,1,manifestu,manifestus,ADJ
dev-s646,2,sum,sum,AUX
dev-s646,3,ego,ego,PRON
dev-s646,4,Adalmari,Adalmarus,PROPN
dev-s646,5,presbitero,presbyter,NOUN
dev-s646,6,",",",",PUNCT
dev-s646,7,filio,filius,NOUN
dev-s646,8,quondam,quondam,ADJ
dev-s646,9,Landimari,Landimarus,PROPN
dev-s646,10,",",",",PUNCT
dev-s646,11,quia,quia,SCONJ
dev-s646,12,convenit,conuenio,VERB
dev-s646,13,mihi,ego,PRON
dev-s646,14,una,una,ADV
dev-s646,15,tecum,tecum,NOUN
dev-s646,16,Gherardus,Gherardus,PROPN
dev-s646,17,",",",",PUNCT
dev-s646,18,gratia,gratia,NOUN
dev-s646,19,Dei,Deus,PROPN
dev-s646,20,uius,hic,DET
dev-s646,21,sancte,sanctus,ADJ
dev-s646,22,Lucane,lucanus,ADJ
dev-s646,23,ecclesie,ecclesia,NOUN
dev-s646,24,humilis,humilis,ADJ
dev-s646,25,episcopus,episcopus,NOUN
dev-s646,26,",",",",PUNCT
dev-s646,27,ut,ut,SCONJ
dev-s646,28,inter,inter,ADP
dev-s646,29,nos,nos,PRON
dev-s646,30,de,de,ADP
dev-s646,31,aliquantis,aliquantus,DET
dev-s646,32,rebus,res,NOUN
dev-s646,33,comutationem,commutatio,NOUN
dev-s646,34,facere,facio,VERB
dev-s646,35,deberemus,debeo,VERB
dev-s646,36,",",",",PUNCT
dev-s646,37,sicut,sicut,SCONJ
dev-s646,38,et,et,CCONJ
dev-s646,39,factum,facio,VERB
dev-s646,40,est,sum,AUX
dev-s646,41,.,.,PUNCT
dev-s647,1,proinde,proinde,ADV
dev-s647,2,modo,modo,ADV
dev-s647,3,ego,ego,PRON
dev-s647,4,qui,qui,DET
dev-s647,5,supra,supra,ADV
dev-s647,6,Adalmari,Adalmarus,PROPN
dev-s647,7,presbitero,presbyter,NOUN
dev-s647,8,per,per,ADP
dev-s647,9,hanc,hic,DET
dev-s647,10,cartulam,chartula,NOUN
dev-s647,11,in,in,ADP
dev-s647,12,comutationem,commutatio,NOUN
dev-s647,13,dare,do,VERB
dev-s647,14,et,et,CCONJ
dev-s647,15,tradere,trado,VERB
dev-s647,16,videor,uideo,VERB
dev-s647,17,tibi,tu,PRON
dev-s647,18,qui,qui,DET
dev-s647,19,supra,supra,ADV
dev-s647,20,Gherardus,Gherardus,PROPN
dev-s647,21,episcopus,episcopus,NOUN
dev-s647,22,",",",",PUNCT
dev-s647,23,ad,ad,ADP
dev-s647,24,pars,pars,NOUN
dev-s647,25,ecclesie,ecclesia,NOUN
dev-s647,26,sancti,sanctus,ADJ
dev-s647,27,Fridiani,Fridianus,PROPN
dev-s647,28,quod,qui,PRON
dev-s647,29,est,sum,AUX
dev-s647,30,plebe,plebs,NOUN
dev-s647,31,battismalis,baptismalis,ADJ
dev-s647,32,sito,sino,VERB
dev-s647,33,loco,locus,NOUN
dev-s647,34,Lunata,Lunata,PROPN
dev-s647,35,",",",",PUNCT
dev-s647,36,qui,qui,PRON
dev-s647,37,est,sum,AUX
dev-s647,38,desup,desub,ADP
dev-s647,39,potestatem,potestas,NOUN
dev-s647,40,ipsius,ipse,DET
dev-s647,41,episcopatui,episcopatus,NOUN
dev-s647,42,vestro,uester,DET
dev-s647,43,sancti,sanctus,ADJ
dev-s647,44,Martini,Martinus,PROPN
dev-s647,45,",",",",PUNCT
dev-s647,46,id,is,PRON
dev-s647,47,est,sum,AUX
dev-s647,48,dua,duo,NUM
dev-s647,49,petia,petia,NOUN
dev-s647,50,de,de,ADP
dev-s647,51,terra,terra,NOUN
dev-s647,52,quas,qui,PRON
dev-s647,53,abeo,habeo,VERB
dev-s647,54,in,in,ADP
dev-s647,55,eodem,idem,DET
dev-s647,56,loco,locus,NOUN
dev-s647,57,et,et,CCONJ
dev-s647,58,finibus,finis,NOUN
dev-s647,59,Lunata,Lunata,PROPN
dev-s647,60,",",",",PUNCT
dev-s647,61,ubi,ubi,ADV
dev-s647,62,vocitatur,uocito,VERB
dev-s647,63,ad,ad,ADP
dev-s647,64,Insula,insula,PROPN
dev-s647,65,prope,prope,ADP
dev-s647,66,suprascripta,suprascriptus,DET
dev-s647,67,ecclesia,ecclesia,NOUN
dev-s647,68,vestra,uester,DET
dev-s647,69,sancti,sanctus,ADJ
dev-s647,70,Fridiani,Fridianus,PROPN
dev-s647,71,;,;,PUNCT
dev-s648,1,et,et,CCONJ
dev-s648,2,est,sum,AUX
dev-s648,3,tenentes,teneo,VERB
dev-s648,4,una,unus,DET
dev-s648,5,ex,ex,ADP
dev-s648,6,ipse,ipse,DET
dev-s648,7,petia,petia,NOUN
dev-s648,8,de,de,ADP
dev-s648,9,terra,terra,NOUN
dev-s648,10,uno,unus,DET
dev-s648,11,capo,caput,NOUN
dev-s648,12,in,in,ADP
dev-s648,13,vinea,uinea,NOUN
dev-s648,14,mea,meus,DET
dev-s648,15,",",",",PUNCT
dev-s648,16,quas,qui,PRON
dev-s648,17,mihi,ego,PRON
dev-s648,18,reservo,reseruo,VERB
dev-s648,19,",",",",PUNCT
dev-s648,20,alio,alius,DET
dev-s648,21,capo,caput,NOUN
dev-s648,22,tene,teneo,VERB
dev-s648,23,in,in,ADP
dev-s648,24,terra,terra,NOUN
dev-s648,25,Fridicausi,Fridicausus,PROPN
dev-s648,26,",",",",PUNCT
dev-s648,27,lato,latus,NOUN
dev-s648,28,uno,unus,DET
dev-s648,29,tenet,teneo,VERB
dev-s648,30,in,in,ADP
dev-s648,31,terra,terra,NOUN
dev-s648,32,qui,qui,PRON
dev-s648,33,fuit,sum,AUX
dev-s648,34,Deusdedi,Deusdedit,PROPN
dev-s648,35,",",",",PUNCT
dev-s648,36,et,et,CCONJ
dev-s648,37,alio,alius,DET
dev-s648,38,lato,latus,NOUN
dev-s648,39,tenet,teneo,VERB
dev-s648,40,in,in,ADP
dev-s648,41,terra,terra,NOUN
dev-s648,42,ipsius,ipse,DET
dev-s648,43,ecclesie,ecclesia,NOUN
dev-s648,44,vestre,uester,DET
dev-s648,45,sancti,sanctus,ADJ
dev-s648,46,Fridiani,Fridianus,PROPN
dev-s648,47,",",",",PUNCT
dev-s648,48,et,et,CCONJ
dev-s648,49,suprascripti,suprascriptus,DET
dev-s648,50,Fridicausi,Fridicausus,PROPN
dev-s648,51,;,;,PUNCT
dev-s649,1,et,et,CCONJ
dev-s649,2,illa,ille,DET
dev-s649,3,alia,alius,DET
dev-s649,4,petia,petia,NOUN
dev-s649,5,de,de,ADP
dev-s649,6,terra,terra,NOUN
dev-s649,7,est,sum,AUX
dev-s649,8,tenentes,teneo,VERB
dev-s649,9,uno,unus,DET
dev-s649,10,capo,caput,NOUN
dev-s649,11,cum,cum,ADP
dev-s649,12,uno,unus,DET
dev-s649,13,lato,latus,NOUN
dev-s649,14,in,in,ADP
dev-s649,15,terra,terra,NOUN
dev-s649,16,ipsius,ipse,DET
dev-s649,17,ecclesie,ecclesia,NOUN
dev-s649,18,sancti,sanctus,ADJ
dev-s649,19,Fridiani,Fridianus,PROPN
dev-s649,20,",",",",PUNCT
dev-s649,21,alio,alius,DET
dev-s649,22,caput,caput,NOUN
dev-s649,23,tenet,teneo,VERB
dev-s649,24,in,in,ADP
dev-s649,25,terra,terra,NOUN
dev-s649,26,mea,meus,DET
dev-s649,27,quas,qui,PRON
dev-s649,28,mihi,ego,PRON
dev-s649,29,reservo,reseruo,VERB
dev-s649,30,",",",",PUNCT
dev-s649,31,et,et,CCONJ
dev-s649,32,alio,alius,DET
dev-s649,33,lato,latus,NOUN
dev-s649,34,tenet,teneo,VERB
dev-s649,35,in,in,ADP
dev-s649,36,terra,terra,NOUN
dev-s649,37,qui,qui,PRON
dev-s649,38,fuit,sum,AUX
dev-s649,39,Leufini,Leofinus,PROPN
dev-s649,40,;,;,PUNCT
dev-s650,1,suprascripte,suprascriptus,DET
dev-s650,2,duo,duo,NUM
dev-s650,3,petie,petia,NOUN
dev-s650,4,de,de,ADP
dev-s650,5,terra,terra,NOUN
dev-s650,6,qualiter,qualiter,SCONJ
dev-s650,7,ab,ab,ADP
dev-s650,8,omnis,omnis,DET
dev-s650,9,partes,pars,NOUN
dev-s650,10,circumdate,circumdo,VERB
dev-s650,11,sunt,sum,AUX
dev-s650,12,per,per,ADP
dev-s650,13,designatas,designo,VERB
dev-s650,14,locas,locum,NOUN
dev-s650,15,",",",",PUNCT
dev-s650,16,quod,qui,PRON
dev-s650,17,sunt,sum,AUX
dev-s650,18,per,per,ADP
dev-s650,19,mensura,mensura,NOUN
dev-s650,20,ad,ad,ADP
dev-s650,21,iusta,iustus,ADJ
dev-s650,22,pertica,pertica,NOUN
dev-s650,23,mensuratas,mensuro,VERB
dev-s650,24,sistariorum,sextarius,NOUN
dev-s650,25,decem,decem,NUM
dev-s650,26,et,et,CCONJ
dev-s650,27,novem,nouem,NUM
dev-s650,28,et,et,CCONJ
dev-s650,29,dimidio,dimidium,NOUN
dev-s650,30,",",",",PUNCT
dev-s650,31,in,in,ADP
dev-s650,32,integrum,integer,ADJ
dev-s650,33,tibi,tu,PRON
dev-s650,34,eas,is,PRON
dev-s650,35,in,in,ADP
dev-s650,36,comutationem,commutatio,NOUN
dev-s650,37,dedi,do,VERB
dev-s650,38,ad,ad,ADP
dev-s650,39,parte,pars,NOUN
dev-s650,40,ipsius,ipse,DET
dev-s650,41,ecclesie,ecclesia,NOUN
dev-s650,42,sancti,sanctus,ADJ
dev-s650,43,Fridiani,Fridianus,PROPN
dev-s650,44,.,.,PUNCT
dev-s651,1,et,et,CCONJ
dev-s651,2,pro,pro,ADP
dev-s651,3,suprascripte,suprascriptus,DET
dev-s651,4,petie,petia,NOUN
dev-s651,5,de,de,ADP
dev-s651,6,terra,terra,NOUN
dev-s651,7,quas,qui,PRON
dev-s651,8,tibi,tu,PRON
dev-s651,9,in,in,ADP
dev-s651,10,comutationem,commutatio,NOUN
dev-s651,11,dedi,do,VERB
dev-s651,12,recepi,recipio,VERB
dev-s651,13,ad,ab,ADP
dev-s651,14,te,tu,PRON
dev-s651,15,in,in,ADP
dev-s651,16,comotationem,commutatio,NOUN
dev-s651,17,de,de,ADP
dev-s651,18,pars,pars,NOUN
dev-s651,19,suprascripte,suprascriptus,DET
dev-s651,20,ecclesie,ecclesia,NOUN
dev-s651,21,sancti,sanctus,ADJ
dev-s651,22,Fridiani,Fridianus,PROPN
dev-s651,23,id,is,PRON
dev-s651,24,est,sum,AUX
dev-s651,25,una,unus,DET
dev-s651,26,petia,petia,NOUN
dev-s651,27,de,de,ADP
dev-s651,28,terra,terra,NOUN
dev-s651,29,illa,ille,DET
dev-s651,30,in,in,ADP
dev-s651,31,loco,locus,NOUN
dev-s651,32,et,et,CCONJ
dev-s651,33,finibus,finis,NOUN
dev-s651,34,Lunata,Lunata,PROPN
dev-s651,35,",",",",PUNCT
dev-s651,36,ubi,ubi,ADV
dev-s651,37,vocitatur,uocito,VERB
dev-s651,38,ad,ad,ADP
dev-s651,39,Insula,insula,PROPN
dev-s651,40,",",",",PUNCT
dev-s651,41,prope,prope,ADP
dev-s651,42,suprascripta,suprascriptus,DET
dev-s651,43,ecclesia,ecclesia,NOUN
dev-s651,44,sancti,sanctus,ADJ
dev-s651,45,Fridiani,Fridianus,PROPN
dev-s651,46,",",",",PUNCT
dev-s651,47,quod,qui,PRON
dev-s651,48,est,sum,AUX
dev-s651,49,plebe,plebs,NOUN
dev-s651,50,battismalis,baptismalis,ADJ
dev-s651,51,pertenentes,pertineo,VERB
dev-s651,52,ipsius,ipse,DET
dev-s651,53,ecclesie,ecclesia,NOUN
dev-s651,54,sancti,sanctus,ADJ
dev-s651,55,Fridiani,Fridianus,PROPN
dev-s651,56,quod,qui,PRON
dev-s651,57,est,sum,AUX
dev-s651,58,desup,desub,ADP
dev-s651,59,potestatem,potestas,NOUN
dev-s651,60,suprascripti,suprascriptus,DET
dev-s651,61,episcopatui,episcopatus,NOUN
dev-s651,62,vestro,uester,DET
dev-s651,63,sancti,sanctus,ADJ
dev-s651,64,Martini,Martinus,PROPN
dev-s651,65,;,;,PUNCT
dev-s652,1,et,et,CCONJ
dev-s652,2,est,sum,AUX
dev-s652,3,tenentes,teneo,VERB
dev-s652,4,ipse,ipse,DET
dev-s652,5,petia,petia,NOUN
dev-s652,6,de,de,ADP
dev-s652,7,terra,terra,NOUN
dev-s652,8,uno,unus,DET
dev-s652,9,capo,caput,NOUN
dev-s652,10,in,in,ADP
dev-s652,11,fluvio,fluuius,NOUN
dev-s652,12,que,qui,PRON
dev-s652,13,dicitur,dico,VERB
dev-s652,14,Riotti,Riotti,PROPN
dev-s652,15,",",",",PUNCT
dev-s652,16,alio,alius,DET
dev-s652,17,caput,caput,NOUN
dev-s652,18,tenet,teneo,VERB
dev-s652,19,in,in,ADP
dev-s652,20,terra,terra,NOUN
dev-s652,21,Fridicausi,Fridicausus,PROPN
dev-s652,22,",",",",PUNCT
dev-s652,23,lato,latus,NOUN
dev-s652,24,uno,unus,DET
dev-s652,25,tenet,teneo,VERB
dev-s652,26,in,in,ADP
dev-s652,27,vinea,uinea,NOUN
dev-s652,28,mea,meus,DET
dev-s652,29,qui,qui,DET
dev-s652,30,supra,supra,ADV
dev-s652,31,Adalmari,Adalmarus,PROPN
dev-s652,32,presbitero,presbyter,NOUN
dev-s652,33,",",",",PUNCT
dev-s652,34,alio,alius,DET
dev-s652,35,lato,latus,NOUN
dev-s652,36,tenet,teneo,VERB
dev-s652,37,in,in,ADP
dev-s652,38,terra,terra,NOUN
dev-s652,39,qui,qui,PRON
dev-s652,40,fuit,sum,AUX
dev-s652,41,Dalmatii,Dalmatius,PROPN
dev-s652,42,;,;,PUNCT
dev-s653,1,de,de,ADP
dev-s653,2,tota,totus,DET
dev-s653,3,ipsa,ipse,DET
dev-s653,4,petia,petia,NOUN
dev-s653,5,de,de,ADP
dev-s653,6,terra,terra,NOUN
dev-s653,7,",",",",PUNCT
dev-s653,8,qualiter,qualiter,SCONJ
dev-s653,9,ab,ab,ADP
dev-s653,10,omnis,omnis,DET
dev-s653,11,partes,pars,NOUN
dev-s653,12,circumdata,circumdo,VERB
dev-s653,13,est,sum,AUX
dev-s653,14,per,per,ADP
dev-s653,15,designatas,designo,VERB
dev-s653,16,locas,locum,NOUN
dev-s653,17,",",",",PUNCT
dev-s653,18,mihi,ego,PRON
dev-s653,19,exinde,exinde,ADV
dev-s653,20,in,in,ADP
dev-s653,21,comutationem,commutatio,NOUN
dev-s653,22,dedisti,do,VERB
dev-s653,23,sistariorum,sextarius,NOUN
dev-s653,24,quindecim,quindecim,NUM
dev-s653,25,et,et,CCONJ
dev-s653,26,dimidio,dimidium,NOUN
dev-s653,27,ad,ad,ADP
dev-s653,28,iusta,iustus,ADJ
dev-s653,29,pertica,pertica,NOUN
dev-s653,30,mensuratas,mensuro,VERB
dev-s653,31,da,da,ADP
dev-s653,32,partibus,pars,NOUN
dev-s653,33,surgente,surgens,NOUN
dev-s653,34,;,;,PUNCT
dev-s654,1,ad,ab,ADP
dev-s654,2,te,tu,PRON
dev-s654,3,ea,is,PRON
dev-s654,4,in,in,ADP
dev-s654,5,comutationem,commutatio,NOUN
dev-s654,6,recepi,recipio,VERB
dev-s654,7,de,de,ADP
dev-s654,8,pars,pars,NOUN
dev-s654,9,ipsius,ipse,DET
dev-s654,10,ecclesie,ecclesia,NOUN
dev-s654,11,vestre,uester,DET
dev-s654,12,sancti,sanctus,ADJ
dev-s654,13,Fridiani,Fridianus,PROPN
dev-s654,14,.,.,PUNCT
dev-s655,1,ubi,ubi,ADV
dev-s655,2,et,et,CCONJ
dev-s655,3,super,super,ADP
dev-s655,4,hanc,hic,DET
dev-s655,5,comutationem,commutatio,NOUN
dev-s655,6,secundum,secundum,ADP
dev-s655,7,legem,lex,NOUN
dev-s655,8,tu,tu,PRON
dev-s655,9,ipse,ipse,DET
dev-s655,10,Gherardus,Gherardus,PROPN
dev-s655,11,episcopus,episcopus,NOUN
dev-s655,12,direcxisti,dirigo,VERB
dev-s655,13,missos,missus,NOUN
dev-s655,14,tuos,tuus,DET
dev-s655,15,id,is,PRON
dev-s655,16,est,sum,AUX
dev-s655,17,Ebruardo,Ebruardus,PROPN
dev-s655,18,et,et,CCONJ
dev-s655,19,Arimundo,Arimundus,PROPN
dev-s655,20,seu,seu,CCONJ
dev-s655,21,Rachiperto,Rachipertus,PROPN
dev-s655,22,",",",",PUNCT
dev-s655,23,et,et,CCONJ
dev-s655,24,Adalberto,Adalpertus,PROPN
dev-s655,25,dux,dux,NOUN
dev-s655,26,direxit,dirigo,VERB
dev-s655,27,missos,missus,NOUN
dev-s655,28,suos,suus,DET
dev-s655,29,id,is,PRON
dev-s655,30,est,sum,AUX
dev-s655,31,Rottari,Rothari,PROPN
dev-s655,32,et,et,CCONJ
dev-s655,33,Cosperto,Cospertus,PROPN
dev-s655,34,seu,seu,CCONJ
dev-s655,35,Ghisilari,Ghisilarus,PROPN
dev-s655,36,",",",",PUNCT
dev-s655,37,qui,qui,PRON
dev-s655,38,ambulaverunt,ambulo,VERB
dev-s655,39,et,et,CCONJ
dev-s655,40,previderunt,praeuideo,VERB
dev-s655,41,una,una,ADV
dev-s655,42,cum,cum,ADP
dev-s655,43,alios,alius,DET
dev-s655,44,bonos,bonus,ADJ
dev-s655,45,et,et,CCONJ
dev-s655,46,credentes,credo,VERB
dev-s655,47,homines,homo,NOUN
dev-s655,48,adque,atque,CCONJ
dev-s655,49,renuntiaverunt,renuntio,VERB
dev-s655,50,qualiter,qualiter,SCONJ
dev-s655,51,meliorata,melioro,VERB
dev-s655,52,comutationem,commutatio,NOUN
dev-s655,53,dedi,do,VERB
dev-s655,54,ad,ad,ADP
dev-s655,55,pars,pars,NOUN
dev-s655,56,ipsius,ipse,DET
dev-s655,57,ecclesie,ecclesia,NOUN
dev-s655,58,sancti,sanctus,ADJ
dev-s655,59,Fridiani,Fridianus,PROPN
dev-s655,60,quam,quam,SCONJ
dev-s655,61,recepisset,recipio,VERB
dev-s655,62,",",",",PUNCT
dev-s655,63,ut,ut,SCONJ
dev-s655,64,magis,magis,ADV
dev-s655,65,omni,omnis,DET
dev-s655,66,tempore,tempus,NOUN
dev-s655,67,hanc,hic,DET
dev-s655,68,comutatio,commutatio,NOUN
dev-s655,69,stabilem,stabilis,ADJ
dev-s655,70,permaneant,permaneo,VERB
dev-s655,71,semper,semper,ADV
dev-s655,72,.,.,PUNCT
dev-s656,1,unde,unde,ADV
dev-s656,2,repromitto,repromitto,VERB
dev-s656,3,ego,ego,PRON
dev-s656,4,qui,qui,DET
dev-s656,5,supra,supra,ADV
dev-s656,6,Adalmari,Adalmarus,PROPN
dev-s656,7,presbitero,presbyter,NOUN
dev-s656,8,",",",",PUNCT
dev-s656,9,una,una,ADV
dev-s656,10,cum,cum,ADP
dev-s656,11,meis,meus,DET
dev-s656,12,heredes,heres,NOUN
dev-s656,13,",",",",PUNCT
dev-s656,14,tibi,tu,PRON
dev-s656,15,qui,qui,DET
dev-s656,16,supra,supra,ADV
dev-s656,17,Gherardus,Gherardus,PROPN
dev-s656,18,episcopus,episcopus,NOUN
dev-s656,19,",",",",PUNCT
dev-s656,20,vel,uel,CCONJ
dev-s656,21,ad,ad,ADP
dev-s656,22,successoribus,successor,NOUN
dev-s656,23,tuis,tuus,DET
dev-s656,24,aut,aut,CCONJ
dev-s656,25,eidem,idem,DET
dev-s656,26,homine,homo,NOUN
dev-s656,27,cui,qui,PRON
dev-s656,28,vos,uos,PRON
dev-s656,29,suprascripte,suprascriptus,DET
dev-s656,30,petie,petia,NOUN
dev-s656,31,de,de,ADP
dev-s656,32,terra,terra,NOUN
dev-s656,33,quas,qui,PRON
dev-s656,34,tibi,tu,PRON
dev-s656,35,in,in,ADP
dev-s656,36,comutationem,commutatio,NOUN
dev-s656,37,dedi,do,VERB
dev-s656,38,dederitis,do,VERB
dev-s656,39,vel,uel,CCONJ
dev-s656,40,abere,habeo,VERB
dev-s656,41,decreveritis,decerno,VERB
dev-s656,42,",",",",PUNCT
dev-s656,43,ut,ut,SCONJ
dev-s656,44,si,si,SCONJ
dev-s656,45,nos,nos,PRON
dev-s656,46,vobis,uos,PRON
dev-s656,47,eas,is,PRON
dev-s656,48,aliquando,aliquando,ADV
dev-s656,49,tempore,tempus,NOUN
dev-s656,50,",",",",PUNCT
dev-s656,51,eas,is,PRON
dev-s656,52,intentionaverimus,intentiono,VERB
dev-s656,53,aut,aut,CCONJ
dev-s656,54,retolli,retollo,VERB
dev-s656,55,vel,uel,CCONJ
dev-s656,56,subtragi,subtraho,VERB
dev-s656,57,quesierimus,quaero,VERB
dev-s656,58,per,per,ADP
dev-s656,59,quolibet,quilibet,DET
dev-s656,60,ingenio,ingenium,NOUN
dev-s656,61,",",",",PUNCT
dev-s656,62,vel,uel,CCONJ
dev-s656,63,da,da,ADP
dev-s656,64,omnem,omnis,DET
dev-s656,65,homines,homo,NOUN
dev-s656,66,eas,is,PRON
dev-s656,67,vobis,uos,PRON
dev-s656,68,defendere,defendo,VERB
dev-s656,69,non,non,PART
dev-s656,70,potuerimus,possum,VERB
dev-s656,71,",",",",PUNCT
dev-s656,72,spondeo,spondeo,VERB
dev-s656,73,ego,ego,PRON
dev-s656,74,qui,qui,DET
dev-s656,75,supra,supra,ADV
dev-s656,76,Adalmari,Adalmarus,PROPN
dev-s656,77,presbitero,presbyter,NOUN
dev-s656,78,",",",",PUNCT
dev-s656,79,una,una,ADV
dev-s656,80,cum,cum,ADP
dev-s656,81,meis,meus,DET
dev-s656,82,heredes,heres,NOUN
dev-s656,83,",",",",PUNCT
dev-s656,84,conponere,compono,VERB
dev-s656,85,tibi,tu,PRON
dev-s656,86,vel,uel,CCONJ
dev-s656,87,ad,ad,ADP
dev-s656,88,successoribus,successor,NOUN
dev-s656,89,tuis,tuus,DET
dev-s656,90,aut,aut,CCONJ
dev-s656,91,eidem,idem,DET
dev-s656,92,homini,homo,NOUN
dev-s656,93,cui,qui,PRON
dev-s656,94,vos,uos,PRON
dev-s656,95,suprascripta,suprascriptus,DET
dev-s656,96,petia,petia,NOUN
dev-s656,97,de,de,ADP
dev-s656,98,terra,terra,NOUN
dev-s656,99,quas,qui,PRON
dev-s656,100,tibi,tu,PRON
dev-s656,101,in,in,ADP
dev-s656,102,comutationem,commutatio,NOUN
dev-s656,103,dedi,do,VERB
dev-s656,104,dederitis,do,VERB
dev-s656,105,",",",",PUNCT
dev-s656,106,in,in,ADP
dev-s656,107,duplum,duplus,ADJ
dev-s656,108,in,in,ADP
dev-s656,109,ferquidem,ferquidis,ADJ
dev-s656,110,loco,locus,NOUN
dev-s656,111,sub,sub,ADP
dev-s656,112,estimationem,aestimatio,NOUN
dev-s656,113,quales,qualis,DET
dev-s656,114,tunc,tunc,ADV
dev-s656,115,fuerint,sum,AUX
dev-s656,116,",",",",PUNCT
dev-s656,117,quia,quia,SCONJ
dev-s656,118,taliter,taliter,ADV
dev-s656,119,inter,inter,ADP
dev-s656,120,nos,nos,PRON
dev-s656,121,convenit,conuenio,VERB
dev-s656,122,;,;,PUNCT
dev-s657,1,et,et,CCONJ
dev-s657,2,duas,duo,NUM
dev-s657,3,inter,inter,ADP
dev-s657,4,nos,nos,PRON
dev-s657,5,comutationis,commutatio,NOUN
dev-s657,6,cartulas,chartula,NOUN
dev-s657,7,Petrum,Petrus,PROPN
dev-s657,8,notarium,notarius,NOUN
dev-s657,9,scribere,scribo,VERB
dev-s657,10,rogavimus,rogo,VERB
dev-s657,11,.,.,PUNCT
dev-s658,1,actum,ago,VERB
dev-s658,2,Luca,Luca,PROPN
dev-s658,3,.,.,PUNCT
dev-s659,1,+,+,PUNCT
dev-s659,2,Ego,ego,PRON
dev-s659,3,Adalmari,Adalmarus,PROPN
dev-s659,4,presbitero,presbyter,NOUN
dev-s659,5,in,in,ADP
dev-s659,6,hanc,hic,DET
dev-s659,7,comutatione,commutatio,NOUN
dev-s659,8,a,ab,ADP
dev-s659,9,me,ego,PRON
dev-s659,10,facta,facio,VERB
dev-s659,11,subscripsi,subscribo,VERB
dev-s659,12,.,.,PUNCT
dev-s660,1,signum,signum,NOUN
dev-s660,2,+,+,PUNCT
dev-s660,3,manus,manus,NOUN
dev-s660,4,Ebruardi,Ebruardus,PROPN
dev-s660,5,",",",",PUNCT
dev-s660,6,sicut,sicut,SCONJ
dev-s660,7,de,de,ADP
dev-s660,8,ipso,ipse,DET
dev-s660,9,supra,supra,ADV
dev-s660,10,legitur,lego,VERB
dev-s660,11,",",",",PUNCT
dev-s660,12,missus,missus,NOUN
dev-s660,13,fuit,sum,AUX
dev-s660,14,.,.,PUNCT
dev-s661,1,+,+,PUNCT
dev-s661,2,Ego,ego,PRON
dev-s661,3,Arimundo,Arimundus,PROPN
dev-s661,4,",",",",PUNCT
dev-s661,5,sicut,sicut,SCONJ
dev-s661,6,de,de,ADP
dev-s661,7,ipso,ipse,DET
dev-s661,8,supra,supra,ADV
dev-s661,9,legitur,lego,VERB
dev-s661,10,",",",",PUNCT
dev-s661,11,missus,missus,NOUN
dev-s661,12,fui,sum,AUX
dev-s661,13,.,.,PUNCT
dev-s662,1,signum,signum,NOUN
dev-s662,2,+,+,PUNCT
dev-s662,3,manus,manus,NOUN
dev-s662,4,Rachiperti,Rachipertus,PROPN
dev-s662,5,",",",",PUNCT
dev-s662,6,sicut,sicut,SCONJ
dev-s662,7,de,de,ADP
dev-s662,8,ipso,ipse,DET
dev-s662,9,supra,supra,ADV
dev-s662,10,legitur,lego,VERB
dev-s662,11,",",",",PUNCT
dev-s662,12,missus,missus,NOUN
dev-s662,13,fuit,sum,AUX
dev-s662,14,.,.,PUNCT
dev-s663,1,+,+,PUNCT
dev-s663,2,Ego,ego,PRON
dev-s663,3,Rottari,Rothari,PROPN
dev-s663,4,",",",",PUNCT
dev-s663,5,sicut,sicut,SCONJ
dev-s663,6,de,de,ADP
dev-s663,7,me,ego,PRON
dev-s663,8,supra,supra,ADV
dev-s663,9,legitur,lego,VERB
dev-s663,10,",",",",PUNCT
dev-s663,11,missus,missus,NOUN
dev-s663,12,fui,sum,AUX
dev-s663,13,.,.,PUNCT
dev-s664,1,ego,ego,PRON
dev-s664,2,Ghiselfridi,Ghiselfridus,PROPN
dev-s664,3,notarius,notarius,NOUN
dev-s664,4,et,et,CCONJ
dev-s664,5,schabinus,scabinus,NOUN
dev-s664,6,subscripsi,subscribo,VERB
dev-s664,7,.,.,PUNCT
dev-s665,1,+,+,PUNCT
dev-s665,2,Ego,ego,PRON
dev-s665,3,Gosperto,Cospertus,PROPN
dev-s665,4,",",",",PUNCT
dev-s665,5,sicut,sicut,SCONJ
dev-s665,6,de,de,ADP
dev-s665,7,me,ego,PRON
dev-s665,8,supra,supra,ADV
dev-s665,9,legitur,lego,VERB
dev-s665,10,",",",",PUNCT
dev-s665,11,missus,missus,NOUN
dev-s665,12,fui,sum,AUX
dev-s665,13,.,.,PUNCT
dev-s666,1,signum,signum,NOUN
dev-s666,2,+,+,PUNCT
dev-s666,3,manus,manus,NOUN
dev-s666,4,Ghisilari,Ghisilarus,PROPN
dev-s666,5,",",",",PUNCT
dev-s666,6,sicut,sicut,SCONJ
dev-s666,7,de,de,ADP
dev-s666,8,ipso,ipse,DET
dev-s666,9,supra,supra,ADV
dev-s666,10,legitur,lego,VERB
dev-s666,11,",",",",PUNCT
dev-s666,12,missus,missus,NOUN
dev-s666,13,fuit,sum,AUX
dev-s666,14,.,.,PUNCT
dev-s667,1,+,+,PUNCT
dev-s667,2,Ego,ego,PRON
dev-s667,3,Adalmannus,Adalmannus,PROPN
dev-s667,4,interfui,intersum,VERB
dev-s667,5,.,.,PUNCT
dev-s668,1,+,+,PUNCT
dev-s668,2,Ego,ego,PRON
dev-s668,3,Fridighisi,Fridichisus,PROPN
dev-s668,4,interfui,intersum,VERB
dev-s668,5,.,.,PUNCT
dev-s669,1,ego,ego,PRON
dev-s669,2,Iohannes,Johannes,PROPN
dev-s669,3,",",",",PUNCT
dev-s669,4,rogatus,rogo,VERB
dev-s669,5,ab,ab,ADP
dev-s669,6,Adalmari,Adalmarus,PROPN
dev-s669,7,presbitero,presbyter,NOUN
dev-s669,8,",",",",PUNCT
dev-s669,9,me,ego,PRON
dev-s669,10,teste,testis,NOUN
dev-s669,11,subscripsi,subscribo,VERB
dev-s669,12,.,.,PUNCT
dev-s670,1,ego,ego,PRON
dev-s670,2,Cunimundo,Cunimundus,PROPN
dev-s670,3,",",",",PUNCT
dev-s670,4,rogatus,rogo,VERB
dev-s670,5,ab,ab,ADP
dev-s670,6,Adalmari,Adalmarus,PROPN
dev-s670,7,presbitero,presbyter,NOUN
dev-s670,8,",",",",PUNCT
dev-s670,9,me,ego,PRON
dev-s670,10,teste,testis,NOUN
dev-s670,11,subscripsi,subscribo,VERB
dev-s670,12,.,.,PUNCT
dev-s671,1,+,+,PUNCT
dev-s671,2,Ego,ego,PRON
dev-s671,3,Fraolmi,Fraolmus,PROPN
dev-s671,4,",",",",PUNCT
dev-s671,5,rogatus,rogo,VERB
dev-s671,6,ab,ab,ADP
dev-s671,7,Adalmari,Adalmarus,PROPN
dev-s671,8,presbitero,presbyter,NOUN
dev-s671,9,",",",",PUNCT
dev-s671,10,subscripsi,subscribo,VERB
dev-s671,11,.,.,PUNCT
dev-s672,1,+,+,PUNCT
dev-s672,2,Ego,ego,PRON
dev-s672,3,Ghisolfo,Ghisolfus,PROPN
dev-s672,4,",",",",PUNCT
dev-s672,5,rogatus,rogo,VERB
dev-s672,6,ab,ab,ADP
dev-s672,7,Adalmari,Adalmarus,PROPN
dev-s672,8,presbitero,presbyter,NOUN
dev-s672,9,",",",",PUNCT
dev-s672,10,teste,testis,NOUN
dev-s672,11,subscripsi,subscribo,VERB
dev-s672,12,.,.,PUNCT
dev-s673,1,ego,ego,PRON
dev-s673,2,Lambertus,Lampertus,PROPN
dev-s673,3,",",",",PUNCT
dev-s673,4,rogatus,rogo,VERB
dev-s673,5,ab,ab,ADP
dev-s673,6,Adalmari,Adalmarus,PROPN
dev-s673,7,presbitero,presbyter,NOUN
dev-s673,8,",",",",PUNCT
dev-s673,9,teste,testis,NOUN
dev-s673,10,subscripsi,subscribo,VERB
dev-s673,11,.,.,PUNCT
dev-s674,1,+,+,PUNCT
dev-s674,2,Ego,ego,PRON
dev-s674,3,Petrus,Petrus,PROPN
dev-s674,4,notarius,notarius,NOUN
dev-s674,5,post,post,ADP
dev-s674,6,traditam,trado,VERB
dev-s674,7,conplevi,compleo,VERB
dev-s674,8,et,et,CCONJ
dev-s674,9,dedi,do,VERB
dev-s674,10,.,.,PUNCT
dev-s675,1,In,in,ADP
dev-s675,2,Dei,Deus,PROPN
dev-s675,3,omnipotentis,omnipotens,ADJ
dev-s675,4,nomine,nomen,NOUN
dev-s675,5,regnante,regno,VERB
dev-s675,6,domno,domnus,NOUN
dev-s675,7,nostro,noster,DET
dev-s675,8,Karolus,Carolus,PROPN
dev-s675,9,divina,diuinus,ADJ
dev-s675,10,faventem,faueo,VERB
dev-s675,11,clementiam,clementia,NOUN
dev-s675,12,inperatore,imperator,NOUN
dev-s675,13,augusto,augustus,NOUN
dev-s675,14,",",",",PUNCT
dev-s675,15,anno,annus,NOUN
dev-s675,16,inperii,imperium,NOUN
dev-s675,17,eius,is,PRON
dev-s675,18,sexto,sextus,ADJ
dev-s675,19,",",",",PUNCT
dev-s675,20,nonas,nonae,NOUN
dev-s675,21,magii,maius,NOUN
dev-s675,22,",",",",PUNCT
dev-s675,23,indictione,indictio,NOUN
dev-s675,24,quarta,quartus,ADJ
dev-s675,25,.,.,PUNCT
dev-s676,1,manifestu,manifestus,ADJ
dev-s676,2,sum,sum,AUX
dev-s676,3,ego,ego,PRON
dev-s676,4,Teudilascius,Teudilascius,PROPN
dev-s676,5,",",",",PUNCT
dev-s676,6,filio,filius,NOUN
dev-s676,7,bone,bonus,ADJ
dev-s676,8,memorie,memoria,NOUN
dev-s676,9,Chunamundi,Chunamundus,PROPN
dev-s676,10,schabini,scabinus,NOUN
dev-s676,11,",",",",PUNCT
dev-s676,12,quia,quia,SCONJ
dev-s676,13,tu,tu,PRON
dev-s676,14,Gherardus,Gherardus,PROPN
dev-s676,15,",",",",PUNCT
dev-s676,16,gratia,gratia,NOUN
dev-s676,17,Dei,Deus,PROPN
dev-s676,18,huius,hic,DET
dev-s676,19,sancte,sanctus,ADJ
dev-s676,20,Lucane,lucanus,ADJ
dev-s676,21,ecclesie,ecclesia,NOUN
dev-s676,22,humilis,humilis,ADJ
dev-s676,23,episcopus,episcopus,NOUN
dev-s676,24,",",",",PUNCT
dev-s676,25,per,per,ADP
dev-s676,26,cartula,chartula,NOUN
dev-s676,27,livellario,libellarius,ADJ
dev-s676,28,nomine,nomen,NOUN
dev-s676,29,ad,ad,ADP
dev-s676,30,censum,census,NOUN
dev-s676,31,vobis,uos,PRON
dev-s676,32,perexolvendum,perexsoluo,VERB
dev-s676,33,dedisti,do,VERB
dev-s676,34,mihi,ego,PRON
dev-s676,35,id,is,PRON
dev-s676,36,est,sum,AUX
dev-s676,37,fundamento,fundamentum,NOUN
dev-s676,38,et,et,CCONJ
dev-s676,39,casalino,casalinus,NOUN
dev-s676,40,illo,ille,DET
dev-s676,41,ubi,ubi,ADV
dev-s676,42,fuit,sum,AUX
dev-s676,43,casa,casa,NOUN
dev-s676,44,in,in,ADP
dev-s676,45,loco,locus,NOUN
dev-s676,46,ubi,ubi,ADV
dev-s676,47,dicitur,dico,VERB
dev-s676,48,Savezano,Sauetianum,PROPN
dev-s676,49,prope,prope,ADP
dev-s676,50,Murrioro,Murriorum,PROPN
dev-s676,51,",",",",PUNCT
dev-s676,52,pertenentes,pertineo,VERB
dev-s676,53,ipsius,ipse,DET
dev-s676,54,episcopatui,episcopatus,NOUN
dev-s676,55,vestro,uester,DET
dev-s676,56,sancti,sanctus,ADJ
dev-s676,57,Martini,Martinus,PROPN
dev-s676,58,",",",",PUNCT
dev-s676,59,qui,qui,PRON
dev-s676,60,recta,rego,VERB
dev-s676,61,fuit,sum,AUX
dev-s676,62,per,per,ADP
dev-s676,63,quondam,quondam,ADJ
dev-s676,64,Teuperto,Teutpertus,PROPN
dev-s676,65,et,et,CCONJ
dev-s676,66,modo,modo,ADV
dev-s676,67,eas,is,PRON
dev-s676,68,Iohannes,Johannes,PROPN
dev-s676,69,ad,ad,ADP
dev-s676,70,laborandum,laboro,VERB
dev-s676,71,ad,ad,ADP
dev-s676,72,manus,manus,NOUN
dev-s676,73,suas,suus,DET
dev-s676,74,abere,habeo,VERB
dev-s676,75,videtur,uideo,VERB
dev-s676,76,;,;,PUNCT
dev-s677,1,nisi,nisi,CCONJ
dev-s677,2,tantum,tantum,ADV
dev-s677,3,pro,pro,ADP
dev-s677,4,omni,omnis,DET
dev-s677,5,censum,census,NOUN
dev-s677,6,et,et,CCONJ
dev-s677,7,iustitia,iustitia,NOUN
dev-s677,8,exinde,exinde,ADV
dev-s677,9,tibi,tu,PRON
dev-s677,10,",",",",PUNCT
dev-s677,11,vel,uel,CCONJ
dev-s677,12,ad,ad,ADP
dev-s677,13,successoribus,successor,NOUN
dev-s677,14,tuis,tuus,DET
dev-s677,15,ad,ad,ADP
dev-s677,16,pars,pars,NOUN
dev-s677,17,ipsius,ipse,DET
dev-s677,18,episcopatui,episcopatus,NOUN
dev-s677,19,vestro,uester,DET
dev-s677,20,sancti,sanctus,ADJ
dev-s677,21,Martini,Martinus,PROPN
dev-s677,22,",",",",PUNCT
dev-s677,23,per,per,ADP
dev-s677,24,singulos,singulus,ADJ
dev-s677,25,annos,annus,NOUN
dev-s677,26,per,per,ADP
dev-s677,27,omnem,omnis,DET
dev-s677,28,mense,mensis,NOUN
dev-s677,29,november,nouember,ADJ
dev-s677,30,censum,census,NOUN
dev-s677,31,vobis,uos,PRON
dev-s677,32,reddere,reddo,VERB
dev-s677,33,debeamus,debeo,VERB
dev-s677,34,hic,hic,ADV
dev-s677,35,civitate,ciuitas,NOUN
dev-s677,36,Luca,Luca,PROPN
dev-s677,37,ad,ad,ADP
dev-s677,38,ipso,ipse,DET
dev-s677,39,domo,domus,NOUN
dev-s677,40,per,per,ADP
dev-s677,41,nos,nos,PRON
dev-s677,42,",",",",PUNCT
dev-s677,43,aut,aut,CCONJ
dev-s677,44,per,per,ADP
dev-s677,45,misso,missus,NOUN
dev-s677,46,nostro,noster,DET
dev-s677,47,",",",",PUNCT
dev-s677,48,vobis,uos,PRON
dev-s677,49,vel,uel,CCONJ
dev-s677,50,ad,ad,ADP
dev-s677,51,ministerialem,ministerialis,NOUN
dev-s677,52,vestrum,uester,DET
dev-s677,53,quas,qui,PRON
dev-s677,54,in,in,ADP
dev-s677,55,ipso,ipse,DET
dev-s677,56,domo,domus,NOUN
dev-s677,57,pre,prae,ADP
dev-s677,58,tempore,tempus,NOUN
dev-s677,59,abueritis,habeo,VERB
dev-s677,60,",",",",PUNCT
dev-s677,61,argentum,argentum,NOUN
dev-s677,62,denarios,denarius,NOUN
dev-s677,63,bonos,bonus,ADJ
dev-s677,64,expendiviles,expendibilis,ADJ
dev-s677,65,numero,numerus,NOUN
dev-s677,66,triginta,triginta,NUM
dev-s677,67,tantum,tantum,ADV
dev-s677,68,.,.,PUNCT
dev-s678,1,et,et,CCONJ
dev-s678,2,si,si,SCONJ
dev-s678,3,a,ab,ADP
dev-s678,4,nos,nos,PRON
dev-s678,5,vobis,uos,PRON
dev-s678,6,hec,hic,DET
dev-s678,7,omnia,omnis,DET
dev-s678,8,qualiter,qualiter,SCONJ
dev-s678,9,superius,superius,ADV
dev-s678,10,legitur,lego,VERB
dev-s678,11,per,per,ADP
dev-s678,12,singulos,singulus,ADJ
dev-s678,13,annos,annus,NOUN
dev-s678,14,sic,sic,ADV
dev-s678,15,non,non,PART
dev-s678,16,fuerint,sum,AUX
dev-s678,17,adinpleta,adimpleo,VERB
dev-s678,18,et,et,CCONJ
dev-s678,19,conservata,conseruo,VERB
dev-s678,20,",",",",PUNCT
dev-s678,21,aut,aut,CCONJ
dev-s678,22,si,si,SCONJ
dev-s678,23,suprascripto,suprascriptus,DET
dev-s678,24,fundamento,fundamentum,NOUN
dev-s678,25,et,et,CCONJ
dev-s678,26,casalino,casalinus,NOUN
dev-s678,27,vel,uel,CCONJ
dev-s678,28,res,res,NOUN
dev-s678,29,quas,qui,PRON
dev-s678,30,mihi,ego,PRON
dev-s678,31,dedisti,do,VERB
dev-s678,32,relaxaverimus,relaxo,VERB
dev-s678,33,",",",",PUNCT
dev-s678,34,vel,uel,CCONJ
dev-s678,35,si,si,SCONJ
dev-s678,36,per,per,ADP
dev-s678,37,nos,nos,PRON
dev-s678,38,pegiorata,peioro,VERB
dev-s678,39,fuerit,sum,AUX
dev-s678,40,",",",",PUNCT
dev-s678,41,spondeo,spondeo,VERB
dev-s678,42,ego,ego,PRON
dev-s678,43,qui,qui,DET
dev-s678,44,supra,supra,ADV
dev-s678,45,Teudilascius,Teudilascius,PROPN
dev-s678,46,",",",",PUNCT
dev-s678,47,una,una,ADV
dev-s678,48,cum,cum,ADP
dev-s678,49,meis,meus,DET
dev-s678,50,heredes,heres,NOUN
dev-s678,51,",",",",PUNCT
dev-s678,52,conponere,compono,VERB
dev-s678,53,tibi,tu,PRON
dev-s678,54,qui,qui,DET
dev-s678,55,supra,supra,ADV
dev-s678,56,Gherardus,Gherardus,PROPN
dev-s678,57,episcopus,episcopus,NOUN
dev-s678,58,",",",",PUNCT
dev-s678,59,vel,uel,CCONJ
dev-s678,60,ad,ad,ADP
dev-s678,61,successoribus,successor,NOUN
dev-s678,62,tuis,tuus,DET
dev-s678,63,",",",",PUNCT
dev-s678,64,penam,poena,NOUN
dev-s678,65,",",",",PUNCT
dev-s678,66,argentum,argentum,NOUN
dev-s678,67,soledos,solidus,NOUN
dev-s678,68,sexsaginta,sexaginta,NUM
dev-s678,69,",",",",PUNCT
dev-s678,70,quia,quia,SCONJ
dev-s678,71,taliter,taliter,ADV
dev-s678,72,inter,inter,ADP
dev-s678,73,nos,nos,PRON
dev-s678,74,convenit,conuenio,VERB
dev-s678,75,et,et,CCONJ
dev-s678,76,duas,duo,NUM
dev-s678,77,inter,inter,ADP
dev-s678,78,nos,nos,PRON
dev-s678,79,cartulas,chartula,NOUN
dev-s678,80,Rachifonsum,Rachifonsus,PROPN
dev-s678,81,notarium,notarius,NOUN
dev-s678,82,scribere,scribo,VERB
dev-s678,83,rogavimus,rogo,VERB
dev-s678,84,.,.,PUNCT
dev-s679,1,actum,ago,VERB
dev-s679,2,Luca,Luca,PROPN
dev-s679,3,.,.,PUNCT
dev-s680,1,signum,signum,NOUN
dev-s680,2,+,+,PUNCT
dev-s680,3,manus,manus,NOUN
dev-s680,4,Teudilascii,Teudilascius,PROPN
dev-s680,5,qui,qui,PRON
dev-s680,6,hunc,hic,DET
dev-s680,7,libellum,libellus,NOUN
dev-s680,8,fieri,fio,VERB
dev-s680,9,rogavit,rogo,VERB
dev-s680,10,.,.,PUNCT
dev-s681,1,+,+,PUNCT
dev-s681,2,Ego,ego,PRON
dev-s681,3,Andreas,Andreas,PROPN
dev-s681,4,notarius,notarius,NOUN
dev-s681,5,",",",",PUNCT
dev-s681,6,rogatus,rogo,VERB
dev-s681,7,a,ab,ADP
dev-s681,8,Teudilascius,Teudilascius,PROPN
dev-s681,9,",",",",PUNCT
dev-s681,10,me,ego,PRON
dev-s681,11,teste,testis,NOUN
dev-s681,12,subscripsi,subscribo,VERB
dev-s681,13,.,.,PUNCT
dev-s682,1,+,+,PUNCT
dev-s682,2,Ego,ego,PRON
dev-s682,3,Ghisolfo,Ghisolfus,PROPN
dev-s682,4,",",",",PUNCT
dev-s682,5,rogatus,rogo,VERB
dev-s682,6,a,ab,ADP
dev-s682,7,Teudilascius,Teudilascius,PROPN
dev-s682,8,",",",",PUNCT
dev-s682,9,me,ego,PRON
dev-s682,10,teste,testis,NOUN
dev-s682,11,subscripsi,subscribo,VERB
dev-s682,12,.,.,PUNCT
dev-s683,1,+,+,PUNCT
dev-s683,2,Ego,ego,PRON
dev-s683,3,Liutifridi,Liutfridus,PROPN
dev-s683,4,",",",",PUNCT
dev-s683,5,rogatus,rogo,VERB
dev-s683,6,a,ab,ADP
dev-s683,7,Teudilascius,Teudilascius,PROPN
dev-s683,8,",",",",PUNCT
dev-s683,9,me,ego,PRON
dev-s683,10,teste,testis,NOUN
dev-s683,11,subscripsi,subscribo,VERB
dev-s683,12,.,.,PUNCT
dev-s684,1,+,+,PUNCT
dev-s684,2,Ego,ego,PRON
dev-s684,3,Fraolmi,Fraolmus,PROPN
dev-s684,4,",",",",PUNCT
dev-s684,5,rogatus,rogo,VERB
dev-s684,6,a,ab,ADP
dev-s684,7,Teudilascius,Teudilascius,PROPN
dev-s684,8,",",",",PUNCT
dev-s684,9,subscripsi,subscribo,VERB
dev-s684,10,.,.,PUNCT
dev-s685,1,+,+,PUNCT
dev-s685,2,Ego,ego,PRON
dev-s685,3,Lamberto,Lampertus,PROPN
dev-s685,4,",",",",PUNCT
dev-s685,5,rogatus,rogo,VERB
dev-s685,6,a,ab,ADP
dev-s685,7,Teudilascius,Teudilascius,PROPN
dev-s685,8,",",",",PUNCT
dev-s685,9,me,ego,PRON
dev-s685,10,teste,testis,NOUN
dev-s685,11,subscripsi,subscribo,VERB
dev-s685,12,.,.,PUNCT
dev-s686,1,ego,ego,PRON
dev-s686,2,Fraolmi,Fraolmus,PROPN
dev-s686,3,",",",",PUNCT
dev-s686,4,rogatus,rogo,VERB
dev-s686,5,a,ab,ADP
dev-s686,6,Teudilascius,Teudilascius,PROPN
dev-s686,7,",",",",PUNCT
dev-s686,8,subscripsi,subscribo,VERB
dev-s686,9,.,.,PUNCT
dev-s687,1,+,+,PUNCT
dev-s687,2,Ego,ego,PRON
dev-s687,3,Rachifonsus,Rachifonsus,PROPN
dev-s687,4,notarius,notarius,NOUN
dev-s687,5,post,post,ADP
dev-s687,6,traditam,trado,VERB
dev-s687,7,conplevi,compleo,VERB
dev-s687,8,et,et,CCONJ
dev-s687,9,dedi,do,VERB
dev-s687,10,.,.,PUNCT
dev-s688,1,In,in,ADP
dev-s688,2,Dei,Deus,PROPN
dev-s688,3,omnipotentis,omnipotens,ADJ
dev-s688,4,nomine,nomen,NOUN
dev-s688,5,regnante,regno,VERB
dev-s688,6,domno,domnus,NOUN
dev-s688,7,nostro,noster,DET
dev-s688,8,Karolus,Carolus,PROPN
dev-s688,9,divina,diuinus,ADJ
dev-s688,10,favente,faueo,VERB
dev-s688,11,clementia,clementia,NOUN
dev-s688,12,imperatore,imperator,NOUN
dev-s688,13,augusto,augustus,NOUN
dev-s688,14,",",",",PUNCT
dev-s688,15,anno,annus,NOUN
dev-s688,16,imperii,imperium,NOUN
dev-s688,17,eius,is,PRON
dev-s688,18,sexto,sextus,ADJ
dev-s688,19,",",",",PUNCT
dev-s688,20,sexto,sextus,ADJ
dev-s688,21,decimo,decimus,ADJ
dev-s688,22,kalendas,kalendae,NOUN
dev-s688,23,iunias,iunius,ADJ
dev-s688,24,",",",",PUNCT
dev-s688,25,indictione,indictio,NOUN
dev-s688,26,quarta,quartus,ADJ
dev-s688,27,.,.,PUNCT
dev-s689,1,manifestu,manifestus,ADJ
dev-s689,2,sum,sum,AUX
dev-s689,3,ego,ego,PRON
dev-s689,4,Hilmerando,Ilmerandus,PROPN
dev-s689,5,",",",",PUNCT
dev-s689,6,filio,filius,NOUN
dev-s689,7,bone,bonus,ADJ
dev-s689,8,memorie,memoria,NOUN
dev-s689,9,Petri,Petrus,PROPN
dev-s689,10,de,de,ADP
dev-s689,11,Vuamo,Wamum,PROPN
dev-s689,12,",",",",PUNCT
dev-s689,13,quia,quia,SCONJ
dev-s689,14,conveni,conuenio,VERB
dev-s689,15,mihi,ego,PRON
dev-s689,16,una,una,ADV
dev-s689,17,tecum,tecum,NOUN
dev-s689,18,Gherardus,Gherardus,PROPN
dev-s689,19,",",",",PUNCT
dev-s689,20,gratia,gratia,NOUN
dev-s689,21,Dei,Deus,PROPN
dev-s689,22,huius,hic,DET
dev-s689,23,sancte,sanctus,ADJ
dev-s689,24,Lucane,lucanus,ADJ
dev-s689,25,ecclesie,ecclesia,NOUN
dev-s689,26,humilis,humilis,ADJ
dev-s689,27,episcopus,episcopus,NOUN
dev-s689,28,",",",",PUNCT
dev-s689,29,ut,ut,SCONJ
dev-s689,30,inter,inter,ADP
dev-s689,31,nos,nos,PRON
dev-s689,32,comutationem,commutatio,NOUN
dev-s689,33,facere,facio,VERB
dev-s689,34,deberemus,debeo,VERB
dev-s689,35,de,de,ADP
dev-s689,36,aliquit,aliquis,PRON
dev-s689,37,rebus,res,NOUN
dev-s689,38,",",",",PUNCT
dev-s689,39,sicut,sicut,SCONJ
dev-s689,40,et,et,CCONJ
dev-s689,41,factum,facio,VERB
dev-s689,42,est,sum,AUX
dev-s689,43,.,.,PUNCT
dev-s690,1,proinde,proinde,ADV
dev-s690,2,ego,ego,PRON
dev-s690,3,qui,qui,DET
dev-s690,4,supra,supra,ADV
dev-s690,5,Hilmerando,Ilmerandus,PROPN
dev-s690,6,per,per,ADP
dev-s690,7,hanc,hic,DET
dev-s690,8,cartulam,chartula,NOUN
dev-s690,9,in,in,ADP
dev-s690,10,comutationem,commutatio,NOUN
dev-s690,11,dare,do,VERB
dev-s690,12,videor,uideo,VERB
dev-s690,13,tibi,tu,PRON
dev-s690,14,qui,qui,DET
dev-s690,15,supra,supra,ADV
dev-s690,16,Gherardus,Gherardus,PROPN
dev-s690,17,episcopus,episcopus,NOUN
dev-s690,18,ad,ad,ADP
dev-s690,19,partem,pars,NOUN
dev-s690,20,ecclesie,ecclesia,NOUN
dev-s690,21,vestre,uester,DET
dev-s690,22,sancti,sanctus,ADJ
dev-s690,23,Silvestri,Syluester,PROPN
dev-s690,24,",",",",PUNCT
dev-s690,25,qui,qui,PRON
dev-s690,26,est,sum,AUX
dev-s690,27,desu,desub,ADP
dev-s690,28,potestatem,potestas,NOUN
dev-s690,29,ipsius,ipse,DET
dev-s690,30,episcopatui,episcopatus,NOUN
dev-s690,31,sancti,sanctus,ADJ
dev-s690,32,Martini,Martinus,PROPN
dev-s690,33,",",",",PUNCT
dev-s690,34,id,is,PRON
dev-s690,35,est,sum,AUX
dev-s690,36,una,unus,DET
dev-s690,37,petia,petia,NOUN
dev-s690,38,de,de,ADP
dev-s690,39,terra,terra,NOUN
dev-s690,40,mea,meus,DET
dev-s690,41,illa,ille,DET
dev-s690,42,quam,qui,PRON
dev-s690,43,abeo,habeo,VERB
dev-s690,44,in,in,ADP
dev-s690,45,loco,locus,NOUN
dev-s690,46,Suborbano,Suburbanum,PROPN
dev-s690,47,",",",",PUNCT
dev-s690,48,qui,qui,PRON
dev-s690,49,capo,caput,NOUN
dev-s690,50,uno,unus,DET
dev-s690,51,tenet,teneo,VERB
dev-s690,52,in,in,ADP
dev-s690,53,terra,terra,NOUN
dev-s690,54,ecclesie,ecclesia,NOUN
dev-s690,55,sancti,sanctus,ADJ
dev-s690,56,Dalmatii,Dalmatius,PROPN
dev-s690,57,",",",",PUNCT
dev-s690,58,alio,alius,DET
dev-s690,59,capo,caput,NOUN
dev-s690,60,tenet,teneo,VERB
dev-s690,61,in,in,ADP
dev-s690,62,terra,terra,NOUN
dev-s690,63,Aliprandi,Alprandus,PROPN
dev-s690,64,",",",",PUNCT
dev-s690,65,filio,filius,NOUN
dev-s690,66,Benemori,Benemorus,PROPN
dev-s690,67,",",",",PUNCT
dev-s690,68,et,et,CCONJ
dev-s690,69,Pauli,Paulus,PROPN
dev-s690,70,quomodo,quomodo,SCONJ
dev-s690,71,ibi,ubi,ADV
dev-s690,72,signa,signum,NOUN
dev-s690,73,et,et,CCONJ
dev-s690,74,termina,termen,NOUN
dev-s690,75,posite,pono,VERB
dev-s690,76,sunt,sum,AUX
dev-s690,77,",",",",PUNCT
dev-s690,78,lato,latus,NOUN
dev-s690,79,uno,unus,DET
dev-s690,80,tenet,teneo,VERB
dev-s690,81,in,in,ADP
dev-s690,82,terra,terra,NOUN
dev-s690,83,ecclesie,ecclesia,NOUN
dev-s690,84,sancti,sanctus,ADJ
dev-s690,85,Georgi,Georgius,PROPN
dev-s690,86,et,et,CCONJ
dev-s690,87,in,in,ADP
dev-s690,88,aliquantulo,aliquantulus,ADJ
dev-s690,89,in,in,ADP
dev-s690,90,via,uia,NOUN
dev-s690,91,",",",",PUNCT
dev-s690,92,et,et,CCONJ
dev-s690,93,alio,alius,DET
dev-s690,94,lato,latus,NOUN
dev-s690,95,tenet,teneo,VERB
dev-s690,96,in,in,ADP
dev-s690,97,terra,terra,NOUN
dev-s690,98,ipsius,ipse,DET
dev-s690,99,ecclesie,ecclesia,NOUN
dev-s690,100,sancti,sanctus,ADJ
dev-s690,101,Georgi,Georgius,PROPN
dev-s690,102,et,et,CCONJ
dev-s690,103,in,in,ADP
dev-s690,104,aliquantulo,aliquantulus,ADJ
dev-s690,105,in,in,ADP
dev-s690,106,terra,terra,NOUN
dev-s690,107,sancti,sanctus,ADJ
dev-s690,108,Columbani,Columbanus,PROPN
dev-s690,109,;,;,PUNCT
dev-s691,1,petia,petia,NOUN
dev-s691,2,ipsa,ipse,DET
dev-s691,3,de,de,ADP
dev-s691,4,terra,terra,NOUN
dev-s691,5,",",",",PUNCT
dev-s691,6,qualiter,qualiter,SCONJ
dev-s691,7,circumdata,circumdo,VERB
dev-s691,8,est,sum,AUX
dev-s691,9,per,per,ADP
dev-s691,10,designatas,designo,VERB
dev-s691,11,locas,locum,NOUN
dev-s691,12,",",",",PUNCT
dev-s691,13,quod,qui,PRON
dev-s691,14,est,sum,AUX
dev-s691,15,per,per,ADP
dev-s691,16,mensura,mensura,NOUN
dev-s691,17,ad,ad,ADP
dev-s691,18,iusta,iustus,ADJ
dev-s691,19,pertica,pertica,NOUN
dev-s691,20,mensurata,mensuro,VERB
dev-s691,21,modiorum,modius,NOUN
dev-s691,22,unum,unus,DET
dev-s691,23,et,et,CCONJ
dev-s691,24,sistariorum,sextarius,NOUN
dev-s691,25,nove,nouem,NUM
dev-s691,26,",",",",PUNCT
dev-s691,27,una,una,ADV
dev-s691,28,cum,cum,ADP
dev-s691,29,fose,fossa,NOUN
dev-s691,30,et,et,CCONJ
dev-s691,31,cese,caesa,NOUN
dev-s691,32,sue,suus,DET
dev-s691,33,in,in,ADP
dev-s691,34,integrum,integer,ADJ
dev-s691,35,tibi,tu,PRON
dev-s691,36,eas,is,PRON
dev-s691,37,in,in,ADP
dev-s691,38,comutationem,commutatio,NOUN
dev-s691,39,dare,do,VERB
dev-s691,40,videor,uideo,VERB
dev-s691,41,ad,ad,ADP
dev-s691,42,pars,pars,NOUN
dev-s691,43,suprascripte,suprascriptus,DET
dev-s691,44,ecclesie,ecclesia,NOUN
dev-s691,45,sancti,sanctus,ADJ
dev-s691,46,Silvestri,Syluester,PROPN
dev-s691,47,.,.,PUNCT
dev-s692,1,pro,pro,ADP
dev-s692,2,quibus,qui,PRON
dev-s692,3,ad,ab,ADP
dev-s692,4,te,tu,PRON
dev-s692,5,in,in,ADP
dev-s692,6,comutationem,commutatio,NOUN
dev-s692,7,recepi,recipio,VERB
dev-s692,8,de,de,ADP
dev-s692,9,parte,pars,NOUN
dev-s692,10,suprascripte,suprascriptus,DET
dev-s692,11,ecclesie,ecclesia,NOUN
dev-s692,12,sancti,sanctus,ADJ
dev-s692,13,Silvestri,Syluester,PROPN
dev-s692,14,id,is,PRON
dev-s692,15,est,sum,AUX
dev-s692,16,una,unus,DET
dev-s692,17,petia,petia,NOUN
dev-s692,18,de,de,ADP
dev-s692,19,terra,terra,NOUN
dev-s692,20,illa,ille,DET
dev-s692,21,in,in,ADP
dev-s692,22,loco,locus,NOUN
dev-s692,23,Vuamo,Wamum,PROPN
dev-s692,24,pertinens,pertineo,VERB
dev-s692,25,suprascripte,suprascriptus,DET
dev-s692,26,ecclesie,ecclesia,NOUN
dev-s692,27,sancti,sanctus,ADJ
dev-s692,28,Silvestri,Syluester,PROPN
dev-s692,29,",",",",PUNCT
dev-s692,30,qui,qui,PRON
dev-s692,31,capo,caput,NOUN
dev-s692,32,uno,unus,DET
dev-s692,33,tenet,teneo,VERB
dev-s692,34,in,in,ADP
dev-s692,35,rivo,riuus,NOUN
dev-s692,36,",",",",PUNCT
dev-s692,37,alio,alius,DET
dev-s692,38,capo,caput,NOUN
dev-s692,39,cum,cum,ADP
dev-s692,40,uno,unus,DET
dev-s692,41,lato,latus,NOUN
dev-s692,42,tenet,teneo,VERB
dev-s692,43,in,in,ADP
dev-s692,44,terra,terra,NOUN
dev-s692,45,et,et,CCONJ
dev-s692,46,curte,curtis,NOUN
dev-s692,47,et,et,CCONJ
dev-s692,48,orto,hortus,NOUN
dev-s692,49,meo,meus,DET
dev-s692,50,qui,qui,DET
dev-s692,51,supra,supra,ADV
dev-s692,52,Hilmerando,Ilmerandus,PROPN
dev-s692,53,et,et,CCONJ
dev-s692,54,in,in,ADP
dev-s692,55,aliquantulo,aliquantulus,ADJ
dev-s692,56,de,de,ADP
dev-s692,57,ipso,ipse,DET
dev-s692,58,capo,caput,NOUN
dev-s692,59,tenet,teneo,VERB
dev-s692,60,in,in,ADP
dev-s692,61,via,uia,NOUN
dev-s692,62,publica,publicus,ADJ
dev-s692,63,",",",",PUNCT
dev-s692,64,et,et,CCONJ
dev-s692,65,alio,alius,DET
dev-s692,66,lato,latus,NOUN
dev-s692,67,tenet,teneo,VERB
dev-s692,68,in,in,ADP
dev-s692,69,via,uia,NOUN
dev-s692,70,publica,publicus,ADJ
dev-s692,71,et,et,CCONJ
dev-s692,72,in,in,ADP
dev-s692,73,aliquantulo,aliquantulus,ADJ
dev-s692,74,in,in,ADP
dev-s692,75,rivo,riuus,NOUN
dev-s692,76,;,;,PUNCT
dev-s693,1,suprascripta,suprascriptus,DET
dev-s693,2,petia,petia,NOUN
dev-s693,3,de,de,ADP
dev-s693,4,terra,terra,NOUN
dev-s693,5,",",",",PUNCT
dev-s693,6,qualiter,qualiter,SCONJ
dev-s693,7,ab,ab,ADP
dev-s693,8,omnis,omnis,DET
dev-s693,9,parte,pars,NOUN
dev-s693,10,circumdata,circumdo,VERB
dev-s693,11,est,sum,AUX
dev-s693,12,per,per,ADP
dev-s693,13,designatas,designo,VERB
dev-s693,14,locas,locum,NOUN
dev-s693,15,",",",",PUNCT
dev-s693,16,quod,qui,PRON
dev-s693,17,est,sum,AUX
dev-s693,18,per,per,ADP
dev-s693,19,mensura,mensura,NOUN
dev-s693,20,ad,ad,ADP
dev-s693,21,iusta,iustus,ADJ
dev-s693,22,pertica,pertica,NOUN
dev-s693,23,mensurata,mensuro,VERB
dev-s693,24,modiorum,modius,NOUN
dev-s693,25,unum,unus,DET
dev-s693,26,et,et,CCONJ
dev-s693,27,sistariorum,sextarius,NOUN
dev-s693,28,quattuor,quattuor,NUM
dev-s693,29,",",",",PUNCT
dev-s693,30,una,una,ADV
dev-s693,31,cum,cum,ADP
dev-s693,32,cesis,caesa,NOUN
dev-s693,33,et,et,CCONJ
dev-s693,34,omnibus,omnis,DET
dev-s693,35,arboribus,arbor,NOUN
dev-s693,36,suis,suus,DET
dev-s693,37,",",",",PUNCT
dev-s693,38,in,in,ADP
dev-s693,39,integrum,integer,ADJ
dev-s693,40,ad,ab,ADP
dev-s693,41,te,tu,PRON
dev-s693,42,eas,is,PRON
dev-s693,43,in,in,ADP
dev-s693,44,comutationem,commutatio,NOUN
dev-s693,45,recepi,recipio,VERB
dev-s693,46,de,de,ADP
dev-s693,47,parte,pars,NOUN
dev-s693,48,suprascripte,suprascriptus,DET
dev-s693,49,ecclesie,ecclesia,NOUN
dev-s693,50,sancti,sanctus,ADJ
dev-s693,51,Silvestri,Syluester,PROPN
dev-s693,52,.,.,PUNCT
dev-s694,1,ubi,ubi,ADV
dev-s694,2,et,et,CCONJ
dev-s694,3,super,super,ADP
dev-s694,4,hanc,hic,DET
dev-s694,5,comutatione,commutatio,NOUN
dev-s694,6,tu,tu,PRON
dev-s694,7,qui,qui,DET
dev-s694,8,supra,supra,ADV
dev-s694,9,Gherardus,Gherardus,PROPN
dev-s694,10,episcopus,episcopus,NOUN
dev-s694,11,direxistis,dirigo,VERB
dev-s694,12,missos,missus,NOUN
dev-s694,13,tuos,tuus,DET
dev-s694,14,",",",",PUNCT
dev-s694,15,in,hic,DET
dev-s694,16,sunt,sum,AUX
dev-s694,17,Petrus,Petrus,PROPN
dev-s694,18,notario,notarius,NOUN
dev-s694,19,de,de,ADP
dev-s694,20,Vuamo,Wamum,PROPN
dev-s694,21,et,et,CCONJ
dev-s694,22,Sicholfo,Sicholfus,PROPN
dev-s694,23,",",",",PUNCT
dev-s694,24,filio,filius,NOUN
dev-s694,25,bone,bonus,ADJ
dev-s694,26,memorie,memoria,NOUN
dev-s694,27,Ghisolfi,Ghisolfus,PROPN
dev-s694,28,",",",",PUNCT
dev-s694,29,et,et,CCONJ
dev-s694,30,Ridaldo,Ridaldus,PROPN
dev-s694,31,",",",",PUNCT
dev-s694,32,filio,filius,NOUN
dev-s694,33,bone,bonus,ADJ
dev-s694,34,memorie,memoria,NOUN
dev-s694,35,Iohanni,Johannes,PROPN
dev-s694,36,",",",",PUNCT
dev-s694,37,et,et,CCONJ
dev-s694,38,Adalbertus,Adalpertus,PROPN
dev-s694,39,dux,dux,NOUN
dev-s694,40,direxi,dirigo,VERB
dev-s694,41,missos,missus,NOUN
dev-s694,42,suos,suus,DET
dev-s694,43,",",",",PUNCT
dev-s694,44,in,hic,DET
dev-s694,45,sunt,sum,AUX
dev-s694,46,Romualdo,Romualdus,PROPN
dev-s694,47,filio,filius,NOUN
dev-s694,48,bone,bonus,ADJ
dev-s694,49,memorie,memoria,NOUN
dev-s694,50,Cosprandi,Cosprandus,PROPN
dev-s694,51,",",",",PUNCT
dev-s694,52,et,et,CCONJ
dev-s694,53,Petrus,Petrus,PROPN
dev-s694,54,seo,seu,CCONJ
dev-s694,55,Iohannes,Johannes,PROPN
dev-s694,56,",",",",PUNCT
dev-s694,57,filio,filius,NOUN
dev-s694,58,bone,bonus,ADJ
dev-s694,59,memorie,memoria,NOUN
dev-s694,60,Teufilarti,Theofiluartus,PROPN
dev-s694,61,",",",",PUNCT
dev-s694,62,qui,qui,PRON
dev-s694,63,ambulaverunt,ambulo,VERB
dev-s694,64,et,et,CCONJ
dev-s694,65,previderunt,praeuideo,VERB
dev-s694,66,adque,atque,CCONJ
dev-s694,67,renuntiaverunt,renuntio,VERB
dev-s694,68,quod,quod,SCONJ
dev-s694,69,meliorata,melioro,VERB
dev-s694,70,comutationem,commutatio,NOUN
dev-s694,71,dedi,do,VERB
dev-s694,72,ad,ad,ADP
dev-s694,73,pars,pars,NOUN
dev-s694,74,suprascripte,suprascriptus,DET
dev-s694,75,ecclesie,ecclesia,NOUN
dev-s694,76,quam,quam,SCONJ
dev-s694,77,recepi,recipio,VERB
dev-s694,78,",",",",PUNCT
dev-s694,79,ut,ut,SCONJ
dev-s694,80,magis,magis,ADV
dev-s694,81,omni,omnis,DET
dev-s694,82,tempore,tempus,NOUN
dev-s694,83,hanc,hic,DET
dev-s694,84,comutationem,commutatio,NOUN
dev-s694,85,firma,firmus,ADJ
dev-s694,86,et,et,CCONJ
dev-s694,87,stabile,stabilis,ADJ
dev-s694,88,permanead,permaneo,VERB
dev-s694,89,.,.,PUNCT
dev-s695,1,unde,unde,ADV
dev-s695,2,repromitto,repromitto,VERB
dev-s695,3,ego,ego,PRON
dev-s695,4,qui,qui,DET
dev-s695,5,supra,supra,ADV
dev-s695,6,Hilmerando,Ilmerandus,PROPN
dev-s695,7,",",",",PUNCT
dev-s695,8,cum,cum,ADP
dev-s695,9,meis,meus,DET
dev-s695,10,heredes,heres,NOUN
dev-s695,11,",",",",PUNCT
dev-s695,12,tibi,tu,PRON
dev-s695,13,qui,qui,DET
dev-s695,14,supra,supra,ADV
dev-s695,15,Gherardus,Gherardus,PROPN
dev-s695,16,episcopus,episcopus,NOUN
dev-s695,17,",",",",PUNCT
dev-s695,18,vel,uel,CCONJ
dev-s695,19,ad,ad,ADP
dev-s695,20,subcessoribus,successor,NOUN
dev-s695,21,tuis,tuus,DET
dev-s695,22,aut,aut,CCONJ
dev-s695,23,eidem,idem,DET
dev-s695,24,homini,homo,NOUN
dev-s695,25,cui,qui,PRON
dev-s695,26,vos,uos,PRON
dev-s695,27,suprascripta,suprascriptus,DET
dev-s695,28,petia,petia,NOUN
dev-s695,29,de,de,ADP
dev-s695,30,terra,terra,NOUN
dev-s695,31,quas,qui,PRON
dev-s695,32,tibi,tu,PRON
dev-s695,33,in,in,ADP
dev-s695,34,comutationem,commutatio,NOUN
dev-s695,35,dedi,do,VERB
dev-s695,36,dederitis,do,VERB
dev-s695,37,vel,uel,CCONJ
dev-s695,38,abere,habeo,VERB
dev-s695,39,decreveritis,decerno,VERB
dev-s695,40,",",",",PUNCT
dev-s695,41,aliquando,aliquando,ADV
dev-s695,42,tempore,tempus,NOUN
dev-s695,43,vobis,uos,PRON
dev-s695,44,eas,is,PRON
dev-s695,45,intentionaverimus,intentiono,VERB
dev-s695,46,aut,aut,CCONJ
dev-s695,47,subtragi,subtraho,VERB
dev-s695,48,quesierimus,quaero,VERB
dev-s695,49,per,per,ADP
dev-s695,50,quolibet,quilibet,DET
dev-s695,51,ingenio,ingenium,NOUN
dev-s695,52,",",",",PUNCT
dev-s695,53,et,et,CCONJ
dev-s695,54,eam,is,PRON
dev-s695,55,vobis,uos,PRON
dev-s695,56,ab,ab,ADP
dev-s695,57,omni,omnis,DET
dev-s695,58,homines,homo,NOUN
dev-s695,59,defendere,defendo,VERB
dev-s695,60,non,non,PART
dev-s695,61,potuerimus,possum,VERB
dev-s695,62,",",",",PUNCT
dev-s695,63,spondimus,spondeo,VERB
dev-s695,64,nos,nos,PRON
dev-s695,65,vobis,uos,PRON
dev-s695,66,conponere,compono,VERB
dev-s695,67,suprascripta,suprascriptus,DET
dev-s695,68,petia,petia,NOUN
dev-s695,69,de,de,ADP
dev-s695,70,terra,terra,NOUN
dev-s695,71,in,in,ADP
dev-s695,72,duplum,duplus,ADJ
dev-s695,73,in,in,ADP
dev-s695,74,ferquidem,ferquidis,ADJ
dev-s695,75,loco,locus,NOUN
dev-s695,76,sub,sub,ADP
dev-s695,77,estimationem,aestimatio,NOUN
dev-s695,78,quales,qualis,DET
dev-s695,79,tunc,tunc,ADV
dev-s695,80,fueri,sum,AUX
dev-s695,81,",",",",PUNCT
dev-s695,82,quia,quia,SCONJ
dev-s695,83,taliter,taliter,ADV
dev-s695,84,inter,inter,ADP
dev-s695,85,nos,nos,PRON
dev-s695,86,conveni,conuenio,VERB
dev-s695,87,.,.,PUNCT
dev-s696,1,unde,unde,ADV
dev-s696,2,inter,inter,ADP
dev-s696,3,nos,nos,PRON
dev-s696,4,duas,duo,NUM
dev-s696,5,cartulas,chartula,NOUN
dev-s696,6,Cospertum,Cospertus,PROPN
dev-s696,7,notarium,notarius,NOUN
dev-s696,8,scribere,scribo,VERB
dev-s696,9,rogavimus,rogo,VERB
dev-s696,10,.,.,PUNCT
dev-s697,1,actum,ago,VERB
dev-s697,2,Luca,Luca,PROPN
dev-s697,3,.,.,PUNCT
dev-s698,1,+,+,PUNCT
dev-s698,2,Ego,ego,PRON
dev-s698,3,Hilmerando,Ilmerandus,PROPN
dev-s698,4,in,in,ADP
dev-s698,5,anc,hic,DET
dev-s698,6,commutatione,commutatio,NOUN
dev-s698,7,a,ab,ADP
dev-s698,8,me,ego,PRON
dev-s698,9,facta,facio,VERB
dev-s698,10,subscripsi,subscribo,VERB
dev-s698,11,.,.,PUNCT
dev-s699,1,+,+,PUNCT
dev-s699,2,Ego,ego,PRON
dev-s699,3,Fraolmi,Fraolmus,PROPN
dev-s699,4,",",",",PUNCT
dev-s699,5,rogatus,rogo,VERB
dev-s699,6,ab,ab,ADP
dev-s699,7,Ilmerando,Ilmerandus,PROPN
dev-s699,8,",",",",PUNCT
dev-s699,9,me,ego,PRON
dev-s699,10,teste,testis,NOUN
dev-s699,11,subscripsi,subscribo,VERB
dev-s699,12,.,.,PUNCT
dev-s700,1,+,+,PUNCT
dev-s700,2,Ego,ego,PRON
dev-s700,3,Petrus,Petrus,PROPN
dev-s700,4,notarius,notarius,NOUN
dev-s700,5,",",",",PUNCT
dev-s700,6,sicut,sicut,SCONJ
dev-s700,7,de,de,ADP
dev-s700,8,me,ego,PRON
dev-s700,9,supra,supra,ADV
dev-s700,10,legitur,lego,VERB
dev-s700,11,",",",",PUNCT
dev-s700,12,missu,missus,NOUN
dev-s700,13,fui,sum,AUX
dev-s700,14,.,.,PUNCT
dev-s701,1,+,+,PUNCT
dev-s701,2,Ego,ego,PRON
dev-s701,3,Sicolfo,Sicholfus,PROPN
dev-s701,4,",",",",PUNCT
dev-s701,5,sicut,sicut,SCONJ
dev-s701,6,de,de,ADP
dev-s701,7,me,ego,PRON
dev-s701,8,supra,supra,ADV
dev-s701,9,legitur,lego,VERB
dev-s701,10,",",",",PUNCT
dev-s701,11,missu,missus,NOUN
dev-s701,12,fui,sum,AUX
dev-s701,13,.,.,PUNCT
dev-s702,1,+,+,PUNCT
dev-s702,2,Ego,ego,PRON
dev-s702,3,Ridaldo,Ridaldus,PROPN
dev-s702,4,",",",",PUNCT
dev-s702,5,sicut,sicut,SCONJ
dev-s702,6,de,de,ADP
dev-s702,7,me,ego,PRON
dev-s702,8,supra,supra,ADV
dev-s702,9,legitur,lego,VERB
dev-s702,10,",",",",PUNCT
dev-s702,11,missu,missus,NOUN
dev-s702,12,fui,sum,AUX
dev-s702,13,.,.,PUNCT
dev-s703,1,+,+,PUNCT
dev-s703,2,Ego,ego,PRON
dev-s703,3,Roffridi,Rodfridus,PROPN
dev-s703,4,notarius,notarius,NOUN
dev-s703,5,et,et,CCONJ
dev-s703,6,schabinus,scabinus,NOUN
dev-s703,7,subscripsi,subscribo,VERB
dev-s703,8,.,.,PUNCT
dev-s704,1,+,+,PUNCT
dev-s704,2,Ego,ego,PRON
dev-s704,3,Romualdo,Romualdus,PROPN
dev-s704,4,",",",",PUNCT
dev-s704,5,sicut,sicut,SCONJ
dev-s704,6,de,de,ADP
dev-s704,7,me,ego,PRON
dev-s704,8,supra,supra,ADV
dev-s704,9,legitur,lego,VERB
dev-s704,10,",",",",PUNCT
dev-s704,11,missu,missus,NOUN
dev-s704,12,fui,sum,AUX
dev-s704,13,.,.,PUNCT
dev-s705,1,ego,ego,PRON
dev-s705,2,Leo,Leo,PROPN
dev-s705,3,notarius,notarius,NOUN
dev-s705,4,",",",",PUNCT
dev-s705,5,rogatus,rogo,VERB
dev-s705,6,ab,ab,ADP
dev-s705,7,Ilmerando,Ilmerandus,PROPN
dev-s705,8,",",",",PUNCT
dev-s705,9,me,ego,PRON
dev-s705,10,teste,testis,NOUN
dev-s705,11,subscripsi,subscribo,VERB
dev-s705,12,.,.,PUNCT
dev-s706,1,+,+,PUNCT
dev-s706,2,Ego,ego,PRON
dev-s706,3,Petrus,Petrus,PROPN
dev-s706,4,",",",",PUNCT
dev-s706,5,sicut,sicut,SCONJ
dev-s706,6,de,de,ADP
dev-s706,7,me,ego,PRON
dev-s706,8,supra,supra,ADV
dev-s706,9,legitur,lego,VERB
dev-s706,10,",",",",PUNCT
dev-s706,11,missu,missus,NOUN
dev-s706,12,fui,sum,AUX
dev-s706,13,.,.,PUNCT
dev-s707,1,ego,ego,PRON
dev-s707,2,Ermiperto,Ermipertus,PROPN
dev-s707,3,",",",",PUNCT
dev-s707,4,rogatus,rogo,VERB
dev-s707,5,ab,ab,ADP
dev-s707,6,Ilmerando,Ilmerandus,PROPN
dev-s707,7,",",",",PUNCT
dev-s707,8,me,ego,PRON
dev-s707,9,teste,testis,NOUN
dev-s707,10,subscripsi,subscribo,VERB
dev-s707,11,.,.,PUNCT
dev-s708,1,+,+,PUNCT
dev-s708,2,Ego,ego,PRON
dev-s708,3,Richimundo,Richimundus,PROPN
dev-s708,4,",",",",PUNCT
dev-s708,5,rogatus,rogo,VERB
dev-s708,6,ab,ab,ADP
dev-s708,7,Ilmerando,Ilmerandus,PROPN
dev-s708,8,",",",",PUNCT
dev-s708,9,me,ego,PRON
dev-s708,10,teste,testis,NOUN
dev-s708,11,subscripsi,subscribo,VERB
dev-s708,12,.,.,PUNCT
dev-s709,1,+,+,PUNCT
dev-s709,2,Ego,ego,PRON
dev-s709,3,Iohannes,Johannes,PROPN
dev-s709,4,",",",",PUNCT
dev-s709,5,sicut,sicut,SCONJ
dev-s709,6,de,de,ADP
dev-s709,7,me,ego,PRON
dev-s709,8,supra,supra,ADV
dev-s709,9,legitur,lego,VERB
dev-s709,10,",",",",PUNCT
dev-s709,11,missu,missus,NOUN
dev-s709,12,fui,sum,AUX
dev-s709,13,.,.,PUNCT
dev-s710,1,+,+,PUNCT
dev-s710,2,Ego,ego,PRON
dev-s710,3,Leo,Leo,PROPN
dev-s710,4,notarius,notarius,NOUN
dev-s710,5,",",",",PUNCT
dev-s710,6,rogatus,rogo,VERB
dev-s710,7,ab,ab,ADP
dev-s710,8,Ilmerando,Ilmerandus,PROPN
dev-s710,9,",",",",PUNCT
dev-s710,10,me,ego,PRON
dev-s710,11,teste,testis,NOUN
dev-s710,12,subscripsi,subscribo,VERB
dev-s710,13,.,.,PUNCT
dev-s711,1,+,+,PUNCT
dev-s711,2,Ego,ego,PRON
dev-s711,3,Ghisolfo,Ghisolfus,PROPN
dev-s711,4,",",",",PUNCT
dev-s711,5,rogatus,rogo,VERB
dev-s711,6,ab,ab,ADP
dev-s711,7,Ilmerando,Ilmerandus,PROPN
dev-s711,8,",",",",PUNCT
dev-s711,9,me,ego,PRON
dev-s711,10,teste,testis,NOUN
dev-s711,11,subscripsi,subscribo,VERB
dev-s711,12,.,.,PUNCT
dev-s712,1,+,+,PUNCT
dev-s712,2,Ego,ego,PRON
dev-s712,3,Cospertus,Cospertus,PROPN
dev-s712,4,notarius,notarius,NOUN
dev-s712,5,pos,post,ADP
dev-s712,6,traditam,trado,VERB
dev-s712,7,conplevi,compleo,VERB
dev-s712,8,et,et,CCONJ
dev-s712,9,dedi,do,VERB
dev-s712,10,.,.,PUNCT
dev-s713,1,In,in,ADP
dev-s713,2,Dei,Deus,PROPN
dev-s713,3,omnipotentis,omnipotens,ADJ
dev-s713,4,nomine,nomen,NOUN
dev-s713,5,regnante,regno,VERB
dev-s713,6,domno,domnus,NOUN
dev-s713,7,nostro,noster,DET
dev-s713,8,Karolus,Carolus,PROPN
dev-s713,9,divina,diuinus,ADJ
dev-s713,10,faventem,faueo,VERB
dev-s713,11,clementiam,clementia,NOUN
dev-s713,12,imperatore,imperator,NOUN
dev-s713,13,augusto,augustus,NOUN
dev-s713,14,",",",",PUNCT
dev-s713,15,anno,annus,NOUN
dev-s713,16,imperii,imperium,NOUN
dev-s713,17,eius,is,PRON
dev-s713,18,sexto,sextus,ADJ
dev-s713,19,",",",",PUNCT
dev-s713,20,kalendas,kalendae,NOUN
dev-s713,21,iulii,iulius,ADJ
dev-s713,22,",",",",PUNCT
dev-s713,23,indictione,indictio,NOUN
dev-s713,24,quarta,quartus,ADJ
dev-s713,25,.,.,PUNCT
dev-s714,1,manifestu,manifestus,ADJ
dev-s714,2,sum,sum,AUX
dev-s714,3,ego,ego,PRON
dev-s714,4,Albolfo,Albolfus,PROPN
dev-s714,5,clerico,clericus,NOUN
dev-s714,6,",",",",PUNCT
dev-s714,7,filio,filius,NOUN
dev-s714,8,bone,bonus,ADJ
dev-s714,9,memorie,memoria,NOUN
dev-s714,10,Albolfi,Albolfus,PROPN
dev-s714,11,",",",",PUNCT
dev-s714,12,quia,quia,SCONJ
dev-s714,13,convenit,conuenio,VERB
dev-s714,14,mihi,ego,PRON
dev-s714,15,una,una,ADV
dev-s714,16,tecum,tecum,NOUN
dev-s714,17,Gherardus,Gherardus,PROPN
dev-s714,18,",",",",PUNCT
dev-s714,19,gratia,gratia,NOUN
dev-s714,20,Dei,Deus,PROPN
dev-s714,21,huius,hic,DET
dev-s714,22,sancte,sanctus,ADJ
dev-s714,23,Lucane,lucanus,ADJ
dev-s714,24,ecclesie,ecclesia,NOUN
dev-s714,25,humilis,humilis,ADJ
dev-s714,26,episcopus,episcopus,NOUN
dev-s714,27,",",",",PUNCT
dev-s714,28,ut,ut,SCONJ
dev-s714,29,inter,inter,ADP
dev-s714,30,nos,nos,PRON
dev-s714,31,de,de,ADP
dev-s714,32,aliquantis,aliquantus,DET
dev-s714,33,casis,casa,NOUN
dev-s714,34,et,et,CCONJ
dev-s714,35,rebus,res,NOUN
dev-s714,36,comutationem,commutatio,NOUN
dev-s714,37,facere,facio,VERB
dev-s714,38,deberemus,debeo,VERB
dev-s714,39,",",",",PUNCT
dev-s714,40,sicut,sicut,SCONJ
dev-s714,41,et,et,CCONJ
dev-s714,42,factum,facio,VERB
dev-s714,43,est,sum,AUX
dev-s714,44,.,.,PUNCT
dev-s715,1,proinde,proinde,ADV
dev-s715,2,modo,modo,ADV
dev-s715,3,ego,ego,PRON
dev-s715,4,qui,qui,DET
dev-s715,5,supra,supra,ADV
dev-s715,6,Albolfo,Albolfus,PROPN
dev-s715,7,clerico,clericus,NOUN
dev-s715,8,in,in,ADP
dev-s715,9,comutationem,commutatio,NOUN
dev-s715,10,dare,do,VERB
dev-s715,11,et,et,CCONJ
dev-s715,12,tradere,trado,VERB
dev-s715,13,videor,uideo,VERB
dev-s715,14,tibi,tu,PRON
dev-s715,15,qui,qui,DET
dev-s715,16,supra,supra,ADV
dev-s715,17,Gherardus,Gherardus,PROPN
dev-s715,18,episcopus,episcopus,NOUN
dev-s715,19,id,is,PRON
dev-s715,20,est,sum,AUX
dev-s715,21,quartam,quartus,ADJ
dev-s715,22,portionem,portio,NOUN
dev-s715,23,de,de,ADP
dev-s715,24,casa,casa,NOUN
dev-s715,25,mea,meus,DET
dev-s715,26,illa,ille,DET
dev-s715,27,quas,qui,PRON
dev-s715,28,abeo,habeo,VERB
dev-s715,29,in,in,ADP
dev-s715,30,loco,locus,NOUN
dev-s715,31,ubi,ubi,ADV
dev-s715,32,dicitur,dico,VERB
dev-s715,33,Septignano,Septinianum,PROPN
dev-s715,34,",",",",PUNCT
dev-s715,35,qui,qui,PRON
dev-s715,36,regitur,rego,VERB
dev-s715,37,per,per,ADP
dev-s715,38,Iohannes,Johannes,PROPN
dev-s715,39,;,;,PUNCT
dev-s716,1,adque,atque,CCONJ
dev-s716,2,dedi,do,VERB
dev-s716,3,in,in,ADP
dev-s716,4,comutationem,commutatio,NOUN
dev-s716,5,ad,ad,ADP
dev-s716,6,parte,pars,NOUN
dev-s716,7,ipsius,ipse,DET
dev-s716,8,ecclesie,ecclesia,NOUN
dev-s716,9,terra,terra,NOUN
dev-s716,10,et,et,CCONJ
dev-s716,11,vinea,uinea,NOUN
dev-s716,12,seu,seu,CCONJ
dev-s716,13,silva,silua,NOUN
dev-s716,14,et,et,CCONJ
dev-s716,15,sterpieto,stirpetum,NOUN
dev-s716,16,meo,meus,DET
dev-s716,17,illo,ille,DET
dev-s716,18,",",",",PUNCT
dev-s716,19,que,qui,PRON
dev-s716,20,esse,sum,AUX
dev-s716,21,videtur,uideo,VERB
dev-s716,22,prope,prope,ADP
dev-s716,23,loco,locus,NOUN
dev-s716,24,Cortiano,Curtianum,PROPN
dev-s716,25,",",",",PUNCT
dev-s716,26,qui,qui,DET
dev-s716,27,ipse,ipse,DET
dev-s716,28,vinea,uinea,NOUN
dev-s716,29,vocitatur,uocito,VERB
dev-s716,30,vinea,uinea,NOUN
dev-s716,31,Botionaria,Botionarius,PROPN
dev-s716,32,;,;,PUNCT
dev-s717,1,et,et,CCONJ
dev-s717,2,est,sum,AUX
dev-s717,3,totum,totus,DET
dev-s717,4,insimul,insimul,ADV
dev-s717,5,amembratas,admembro,VERB
dev-s717,6,tenentes,teneo,VERB
dev-s717,7,uno,unus,DET
dev-s717,8,caput,caput,NOUN
dev-s717,9,in,in,ADP
dev-s717,10,via,uia,NOUN
dev-s717,11,publica,publicus,ADJ
dev-s717,12,",",",",PUNCT
dev-s717,13,alio,alius,DET
dev-s717,14,caput,caput,NOUN
dev-s717,15,tenet,teneo,VERB
dev-s717,16,in,in,ADP
dev-s717,17,terra,terra,NOUN
dev-s717,18,et,et,CCONJ
dev-s717,19,vinea,uinea,NOUN
dev-s717,20,qui,qui,PRON
dev-s717,21,fuit,sum,AUX
dev-s717,22,quondam,quondam,ADJ
dev-s717,23,Agualdi,Agualdus,PROPN
dev-s717,24,",",",",PUNCT
dev-s717,25,lato,latus,NOUN
dev-s717,26,uno,unus,DET
dev-s717,27,tenet,teneo,VERB
dev-s717,28,in,in,ADP
dev-s717,29,terra,terra,NOUN
dev-s717,30,qui,qui,PRON
dev-s717,31,fuit,sum,AUX
dev-s717,32,suprascripti,suprascriptus,DET
dev-s717,33,quondam,quondam,ADJ
dev-s717,34,Agualdi,Agualdus,PROPN
dev-s717,35,et,et,CCONJ
dev-s717,36,Ropprandi,Rotprandus,PROPN
dev-s717,37,germani,germanus,NOUN
dev-s717,38,",",",",PUNCT
dev-s717,39,alio,alius,DET
dev-s717,40,lato,latus,NOUN
dev-s717,41,tenet,teneo,VERB
dev-s717,42,in,in,ADP
dev-s717,43,terra,terra,NOUN
dev-s717,44,mea,meus,DET
dev-s717,45,quas,qui,PRON
dev-s717,46,mihi,ego,PRON
dev-s717,47,reservo,reseruo,VERB
dev-s717,48,",",",",PUNCT
dev-s717,49,fini,finis,ADP
dev-s717,50,signa,signum,NOUN
dev-s717,51,et,et,CCONJ
dev-s717,52,termina,termen,NOUN
dev-s717,53,quas,qui,PRON
dev-s717,54,ibi,ubi,ADV
dev-s717,55,posite,pono,VERB
dev-s717,56,sunt,sum,AUX
dev-s717,57,",",",",PUNCT
dev-s717,58,et,et,CCONJ
dev-s717,59,in,in,ADP
dev-s717,60,aliquantulo,aliquantulus,ADJ
dev-s717,61,in,in,ADP
dev-s717,62,terra,terra,NOUN
dev-s717,63,qui,qui,PRON
dev-s717,64,fuit,sum,AUX
dev-s717,65,quondam,quondam,ADJ
dev-s717,66,Domniperti,Domnipertus,PROPN
dev-s717,67,germani,germanus,NOUN
dev-s717,68,mei,meus,DET
dev-s717,69,",",",",PUNCT
dev-s717,70,predicta,praedictus,DET
dev-s717,71,petia,petia,NOUN
dev-s717,72,de,de,ADP
dev-s717,73,terra,terra,NOUN
dev-s717,74,et,et,CCONJ
dev-s717,75,vinea,uinea,NOUN
dev-s717,76,",",",",PUNCT
dev-s717,77,silva,silua,NOUN
dev-s717,78,seu,seu,CCONJ
dev-s717,79,sterpietas,stirpetum,NOUN
dev-s717,80,",",",",PUNCT
dev-s717,81,qualiter,qualiter,SCONJ
dev-s717,82,circumdate,circumdo,VERB
dev-s717,83,sunt,sum,AUX
dev-s717,84,per,per,ADP
dev-s717,85,designatas,designo,VERB
dev-s717,86,locas,locum,NOUN
dev-s717,87,in,in,ADP
dev-s717,88,integrum,integer,ADJ
dev-s717,89,",",",",PUNCT
dev-s717,90,una,una,ADV
dev-s717,91,cum,cum,ADP
dev-s717,92,petia,petia,NOUN
dev-s717,93,de,de,ADP
dev-s717,94,terra,terra,NOUN
dev-s717,95,illa,ille,DET
dev-s717,96,qui,qui,PRON
dev-s717,97,est,sum,AUX
dev-s717,98,prope,prope,ADP
dev-s717,99,hec,hic,DET
dev-s717,100,terra,terra,NOUN
dev-s717,101,quas,qui,PRON
dev-s717,102,supra,supra,ADV
dev-s717,103,legitur,lego,VERB
dev-s717,104,",",",",PUNCT
dev-s717,105,tenentes,teneo,VERB
dev-s717,106,uno,unus,DET
dev-s717,107,capite,caput,NOUN
dev-s717,108,in,in,ADP
dev-s717,109,ipsa,ipse,DET
dev-s717,110,terra,terra,NOUN
dev-s717,111,;,;,PUNCT
dev-s718,1,alio,alius,DET
dev-s718,2,caput,caput,NOUN
dev-s718,3,tenet,teneo,VERB
dev-s718,4,in,in,ADP
dev-s718,5,terra,terra,NOUN
dev-s718,6,qui,qui,PRON
dev-s718,7,fuit,sum,AUX
dev-s718,8,suprascripti,suprascriptus,DET
dev-s718,9,Agualdi,Agualdus,PROPN
dev-s718,10,et,et,CCONJ
dev-s718,11,Ropprandi,Rotprandus,PROPN
dev-s718,12,germani,germanus,NOUN
dev-s718,13,",",",",PUNCT
dev-s718,14,lato,latus,NOUN
dev-s718,15,uno,unus,DET
dev-s718,16,tenet,teneo,VERB
dev-s718,17,in,in,ADP
dev-s718,18,terra,terra,NOUN
dev-s718,19,ecclesie,ecclesia,NOUN
dev-s718,20,sancte,sanctus,ADJ
dev-s718,21,Reparate,Reparata,PROPN
dev-s718,22,",",",",PUNCT
dev-s718,23,et,et,CCONJ
dev-s718,24,alio,alius,DET
dev-s718,25,lato,latus,NOUN
dev-s718,26,tenet,teneo,VERB
dev-s718,27,in,in,ADP
dev-s718,28,terra,terra,NOUN
dev-s718,29,ipsius,ipse,DET
dev-s718,30,Ropprandi,Rotprandus,PROPN
dev-s718,31,;,;,PUNCT
dev-s719,1,suprascripta,suprascriptus,DET
dev-s719,2,petia,petia,NOUN
dev-s719,3,de,de,ADP
dev-s719,4,terra,terra,NOUN
dev-s719,5,qualiter,qualiter,SCONJ
dev-s719,6,circumdata,circumdo,VERB
dev-s719,7,est,sum,AUX
dev-s719,8,per,per,ADP
dev-s719,9,desingnatas,designo,VERB
dev-s719,10,locas,locum,NOUN
dev-s719,11,",",",",PUNCT
dev-s719,12,conpetit,competo,VERB
dev-s719,13,exinde,exinde,ADV
dev-s719,14,mihi,ego,PRON
dev-s719,15,",",",",PUNCT
dev-s719,16,medietatem,medietas,NOUN
dev-s719,17,ipsa,ipse,DET
dev-s719,18,vero,uero,ADV
dev-s719,19,ex,ex,ADP
dev-s719,20,integram,integer,ADJ
dev-s719,21,medietas,medietas,NOUN
dev-s719,22,tibi,tu,PRON
dev-s719,23,dedi,do,VERB
dev-s719,24,a,ad,ADP
dev-s719,25,parte,pars,NOUN
dev-s719,26,iam,iam,ADV
dev-s719,27,dicte,dico,VERB
dev-s719,28,ecclesie,ecclesia,NOUN
dev-s719,29,;,;,PUNCT
dev-s720,1,quidem,quidem,PART
dev-s720,2,et,et,CCONJ
dev-s720,3,dedi,do,VERB
dev-s720,4,ad,ad,ADP
dev-s720,5,parte,pars,NOUN
dev-s720,6,ipsius,ipse,DET
dev-s720,7,ecclesie,ecclesia,NOUN
dev-s720,8,sancti,sanctus,ADJ
dev-s720,9,Mauricii,Mauricius,PROPN
dev-s720,10,terra,terra,NOUN
dev-s720,11,mea,meus,DET
dev-s720,12,illa,ille,DET
dev-s720,13,que,qui,PRON
dev-s720,14,esse,sum,AUX
dev-s720,15,videtur,uideo,VERB
dev-s720,16,in,in,ADP
dev-s720,17,loco,locus,NOUN
dev-s720,18,prope,prope,ADP
dev-s720,19,loco,locus,NOUN
dev-s720,20,Tenida,Tenida,PROPN
dev-s720,21,et,et,CCONJ
dev-s720,22,Ceritulo,Ceritulum,PROPN
dev-s720,23,",",",",PUNCT
dev-s720,24,quod,qui,PRON
dev-s720,25,est,sum,AUX
dev-s720,26,de,de,ADP
dev-s720,27,ista,iste,DET
dev-s720,28,parte,pars,NOUN
dev-s720,29,rivo,riuus,NOUN
dev-s720,30,que,qui,PRON
dev-s720,31,dicitur,dico,VERB
dev-s720,32,Emilie,Aemilia,PROPN
dev-s720,33,;,;,PUNCT
dev-s721,1,terra,terra,NOUN
dev-s721,2,ipsa,ipse,DET
dev-s721,3,quod,qui,PRON
dev-s721,4,est,sum,AUX
dev-s721,5,silva,silua,NOUN
dev-s721,6,et,et,CCONJ
dev-s721,7,sterpietas,stirpetum,NOUN
dev-s721,8,dedi,do,VERB
dev-s721,9,per,per,ADP
dev-s721,10,mensura,mensura,NOUN
dev-s721,11,ad,ad,ADP
dev-s721,12,iusta,iustus,ADJ
dev-s721,13,perticha,pertica,NOUN
dev-s721,14,mensuratas,mensuro,VERB
dev-s721,15,modiorum,modius,NOUN
dev-s721,16,sedecim,sedecim,NUM
dev-s721,17,;,;,PUNCT
dev-s722,1,nam,nam,PART
dev-s722,2,illa,ille,DET
dev-s722,3,quod,qui,PRON
dev-s722,4,superfuerit,supersum,VERB
dev-s722,5,in,in,ADP
dev-s722,6,mea,meus,DET
dev-s722,7,reservavi,reseruo,VERB
dev-s722,8,potestatem,potestas,NOUN
dev-s722,9,nam,nam,PART
dev-s722,10,",",",",PUNCT
dev-s722,11,ut,ut,SCONJ
dev-s722,12,dictum,dico,VERB
dev-s722,13,est,sum,AUX
dev-s722,14,",",",",PUNCT
dev-s722,15,duodecim,duodecim,NUM
dev-s722,16,modiorum,modius,NOUN
dev-s722,17,in,in,ADP
dev-s722,18,integrum,integer,ADJ
dev-s722,19,dedi,do,VERB
dev-s722,20,et,et,CCONJ
dev-s722,21,tradedi,trado,VERB
dev-s722,22,in,in,ADP
dev-s722,23,comutationem,commutatio,NOUN
dev-s722,24,ad,ad,ADP
dev-s722,25,parte,pars,NOUN
dev-s722,26,ecclesie,ecclesia,NOUN
dev-s722,27,sancti,sanctus,ADJ
dev-s722,28,Mauricii,Mauricius,PROPN
dev-s722,29,de,de,ADP
dev-s722,30,loco,locus,NOUN
dev-s722,31,Filectule,Filectula,PROPN
dev-s722,32,",",",",PUNCT
dev-s722,33,et,et,CCONJ
dev-s722,34,ipse,ipse,DET
dev-s722,35,ecclesie,ecclesia,NOUN
dev-s722,36,sancti,sanctus,ADJ
dev-s722,37,Mauricii,Mauricius,PROPN
dev-s722,38,est,sum,AUX
dev-s722,39,pertinentes,pertineo,VERB
dev-s722,40,ecclesie,ecclesia,NOUN
dev-s722,41,sancti,sanctus,ADJ
dev-s722,42,Fridiani,Fridianus,PROPN
dev-s722,43,hic,hic,ADV
dev-s722,44,civitate,ciuitas,NOUN
dev-s722,45,Luca,Luca,PROPN
dev-s722,46,",",",",PUNCT
dev-s722,47,et,et,CCONJ
dev-s722,48,ipse,ipse,DET
dev-s722,49,ecclesie,ecclesia,NOUN
dev-s722,50,sancti,sanctus,ADJ
dev-s722,51,Fridiani,Fridianus,PROPN
dev-s722,52,est,sum,AUX
dev-s722,53,desub,desub,ADP
dev-s722,54,potestatem,potestas,NOUN
dev-s722,55,ipsius,ipse,DET
dev-s722,56,episcopatui,episcopatus,NOUN
dev-s722,57,vestro,uester,DET
dev-s722,58,sancti,sanctus,ADJ
dev-s722,59,Martini,Martinus,PROPN
dev-s722,60,.,.,PUNCT
dev-s723,1,et,et,CCONJ
dev-s723,2,pro,pro,ADP
dev-s723,3,suprascriptis,suprascriptus,DET
dev-s723,4,casis,casa,NOUN
dev-s723,5,et,et,CCONJ
dev-s723,6,rebus,res,NOUN
dev-s723,7,quas,qui,PRON
dev-s723,8,tibi,tu,PRON
dev-s723,9,in,in,ADP
dev-s723,10,comutationem,commutatio,NOUN
dev-s723,11,dedi,do,VERB
dev-s723,12,",",",",PUNCT
dev-s723,13,recepi,recipio,VERB
dev-s723,14,ad,ab,ADP
dev-s723,15,te,tu,PRON
dev-s723,16,in,in,ADP
dev-s723,17,comutationem,commutatio,NOUN
dev-s723,18,",",",",PUNCT
dev-s723,19,id,is,PRON
dev-s723,20,est,sum,AUX
dev-s723,21,tres,tres,NUM
dev-s723,22,petiis,petia,NOUN
dev-s723,23,de,de,ADP
dev-s723,24,vineis,uinea,NOUN
dev-s723,25,illis,ille,DET
dev-s723,26,in,in,ADP
dev-s723,27,loco,locus,NOUN
dev-s723,28,Castagnulo,Castaneolum,PROPN
dev-s723,29,",",",",PUNCT
dev-s723,30,cum,cum,ADP
dev-s723,31,una,unus,DET
dev-s723,32,petiola,petiola,NOUN
dev-s723,33,de,de,ADP
dev-s723,34,terra,terra,NOUN
dev-s723,35,illa,ille,DET
dev-s723,36,qui,qui,PRON
dev-s723,37,est,sum,AUX
dev-s723,38,prope,prope,ADP
dev-s723,39,de,de,ADP
dev-s723,40,una,unus,DET
dev-s723,41,ex,ex,ADP
dev-s723,42,ipse,ipse,DET
dev-s723,43,petie,petia,NOUN
dev-s723,44,de,de,ADP
dev-s723,45,vinee,uinea,NOUN
dev-s723,46,;,;,PUNCT
dev-s724,1,simul,simul,ADV
dev-s724,2,et,et,CCONJ
dev-s724,3,dedisti,do,VERB
dev-s724,4,mihi,ego,PRON
dev-s724,5,terra,terra,NOUN
dev-s724,6,illa,ille,DET
dev-s724,7,prope,prope,ADP
dev-s724,8,eodem,idem,DET
dev-s724,9,loco,locus,NOUN
dev-s724,10,Castangnulo,Castaneolum,PROPN
dev-s724,11,",",",",PUNCT
dev-s724,12,ubi,ubi,ADV
dev-s724,13,dicitur,dico,VERB
dev-s724,14,Colle,Collis,PROPN
dev-s724,15,de,de,ADP
dev-s724,16,Franco,franci,NOUN
dev-s724,17,",",",",PUNCT
dev-s724,18,omnia,omnis,DET
dev-s724,19,et,et,CCONJ
dev-s724,20,ex,ex,ADP
dev-s724,21,omnibus,omnis,DET
dev-s724,22,rebus,res,NOUN
dev-s724,23,in,in,ADP
dev-s724,24,ipso,ipse,DET
dev-s724,25,loco,locus,NOUN
dev-s724,26,Castangulo,Castaneolum,PROPN
dev-s724,27,",",",",PUNCT
dev-s724,28,pertenentes,pertineo,VERB
dev-s724,29,ecclesie,ecclesia,NOUN
dev-s724,30,sancti,sanctus,ADJ
dev-s724,31,Mauricii,Mauricius,PROPN
dev-s724,32,;,;,PUNCT
dev-s725,1,hec,hic,DET
dev-s725,2,suprascripte,suprascriptus,DET
dev-s725,3,tres,tres,NUM
dev-s725,4,petiis,petia,NOUN
dev-s725,5,de,de,ADP
dev-s725,6,vineis,uinea,NOUN
dev-s725,7,in,in,ADP
dev-s725,8,iam,iam,ADV
dev-s725,9,dicto,dico,VERB
dev-s725,10,loco,locus,NOUN
dev-s725,11,Castangnulo,Castaneolum,PROPN
dev-s725,12,",",",",PUNCT
dev-s725,13,cum,cum,ADP
dev-s725,14,predicta,praedictus,DET
dev-s725,15,petiola,petiola,NOUN
dev-s725,16,de,de,ADP
dev-s725,17,terra,terra,NOUN
dev-s725,18,et,et,CCONJ
dev-s725,19,alia,alius,DET
dev-s725,20,petia,petia,NOUN
dev-s725,21,de,de,ADP
dev-s725,22,terra,terra,NOUN
dev-s725,23,in,in,ADP
dev-s725,24,ipso,ipse,DET
dev-s725,25,loco,locus,NOUN
dev-s725,26,Castangnulo,Castaneolum,PROPN
dev-s725,27,",",",",PUNCT
dev-s725,28,cum,cum,ADP
dev-s725,29,predicta,praedictus,DET
dev-s725,30,petia,petia,NOUN
dev-s725,31,de,de,ADP
dev-s725,32,terra,terra,NOUN
dev-s725,33,quod,qui,PRON
dev-s725,34,est,sum,AUX
dev-s725,35,silva,silua,NOUN
dev-s725,36,et,et,CCONJ
dev-s725,37,sterpetas,stirpetum,NOUN
dev-s725,38,",",",",PUNCT
dev-s725,39,ubi,ubi,ADV
dev-s725,40,dicitur,dico,VERB
dev-s725,41,Colle,Collis,PROPN
dev-s725,42,de,de,ADP
dev-s725,43,Franco,franci,NOUN
dev-s725,44,",",",",PUNCT
dev-s725,45,in,in,ADP
dev-s725,46,integrum,integer,ADJ
dev-s725,47,mihi,ego,PRON
dev-s725,48,dedisti,do,VERB
dev-s725,49,et,et,CCONJ
dev-s725,50,tradidisti,trado,VERB
dev-s725,51,in,in,ADP
dev-s725,52,comutationem,commutatio,NOUN
dev-s725,53,pro,pro,ADP
dev-s725,54,suprascriptis,suprascriptus,DET
dev-s725,55,casis,casa,NOUN
dev-s725,56,et,et,CCONJ
dev-s725,57,rebus,res,NOUN
dev-s725,58,quas,qui,PRON
dev-s725,59,tibi,tu,PRON
dev-s725,60,in,in,ADP
dev-s725,61,comutationem,commutatio,NOUN
dev-s725,62,dedi,do,VERB
dev-s725,63,.,.,PUNCT
dev-s726,1,ubi,ubi,ADV
dev-s726,2,et,et,CCONJ
dev-s726,3,super,super,ADP
dev-s726,4,hanc,hic,DET
dev-s726,5,comutationem,commutatio,NOUN
dev-s726,6,tu,tu,PRON
dev-s726,7,qui,qui,DET
dev-s726,8,supra,supra,ADV
dev-s726,9,Gherardus,Gherardus,PROPN
dev-s726,10,episcopus,episcopus,NOUN
dev-s726,11,super,super,ADP
dev-s726,12,hanc,hic,DET
dev-s726,13,comutationem,commutatio,NOUN
dev-s726,14,diresisti,dirigo,VERB
dev-s726,15,missos,missus,NOUN
dev-s726,16,tuos,tuus,DET
dev-s726,17,",",",",PUNCT
dev-s726,18,id,is,PRON
dev-s726,19,est,sum,AUX
dev-s726,20,Baldiberti,Baldipertus,PROPN
dev-s726,21,et,et,CCONJ
dev-s726,22,Deusdedi,Deusdedit,PROPN
dev-s726,23,que,qui,PRON
dev-s726,24,Teutio,Teutius,PROPN
dev-s726,25,vocatur,uoco,VERB
dev-s726,26,",",",",PUNCT
dev-s726,27,adque,atque,CCONJ
dev-s726,28,Rachiperti,Rachipertus,PROPN
dev-s726,29,",",",",PUNCT
dev-s726,30,et,et,CCONJ
dev-s726,31,de,de,ADP
dev-s726,32,parte,pars,NOUN
dev-s726,33,Adalberti,Adalpertus,PROPN
dev-s726,34,dux,dux,NOUN
dev-s726,35,directos,dirigo,VERB
dev-s726,36,fuerunt,sum,AUX
dev-s726,37,missos,missus,NOUN
dev-s726,38,suos,suus,DET
dev-s726,39,",",",",PUNCT
dev-s726,40,Iohannes,Johannes,PROPN
dev-s726,41,",",",",PUNCT
dev-s726,42,filio,filius,NOUN
dev-s726,43,quondam,quondam,ADJ
dev-s726,44,Fluriprandi,Fluriprandus,PROPN
dev-s726,45,et,et,CCONJ
dev-s726,46,Cosprando,Cosprandus,PROPN
dev-s726,47,adque,atque,CCONJ
dev-s726,48,Teudiprando,Teudiprandus,PROPN
dev-s726,49,notarium,notarius,NOUN
dev-s726,50,et,et,CCONJ
dev-s726,51,Uberto,Umbertus,PROPN
dev-s726,52,",",",",PUNCT
dev-s726,53,qui,qui,PRON
dev-s726,54,ambulaverunt,ambulo,VERB
dev-s726,55,et,et,CCONJ
dev-s726,56,previderunt,praeuideo,VERB
dev-s726,57,adque,atque,CCONJ
dev-s726,58,renuntiaverunt,renuntio,VERB
dev-s726,59,quod,quod,SCONJ
dev-s726,60,meliorata,melioro,VERB
dev-s726,61,comutationem,commutatio,NOUN
dev-s726,62,dedisse,do,VERB
dev-s726,63,ad,ad,ADP
dev-s726,64,parte,pars,NOUN
dev-s726,65,suprascripte,suprascriptus,DET
dev-s726,66,ecclesie,ecclesia,NOUN
dev-s726,67,quam,quam,SCONJ
dev-s726,68,recipisset,recipio,VERB
dev-s726,69,",",",",PUNCT
dev-s726,70,ut,ut,SCONJ
dev-s726,71,magis,magis,ADV
dev-s726,72,inter,inter,ADP
dev-s726,73,nos,nos,PRON
dev-s726,74,sint,sum,AUX
dev-s726,75,stabilem,stabilis,ADJ
dev-s726,76,.,.,PUNCT
dev-s727,1,unde,unde,ADV
dev-s727,2,repromitto,repromitto,VERB
dev-s727,3,ego,ego,PRON
dev-s727,4,qui,qui,DET
dev-s727,5,supra,supra,ADV
dev-s727,6,Albolfo,Albolfus,PROPN
dev-s727,7,clerico,clericus,NOUN
dev-s727,8,",",",",PUNCT
dev-s727,9,una,una,ADV
dev-s727,10,cum,cum,ADP
dev-s727,11,meis,meus,DET
dev-s727,12,heredes,heres,NOUN
dev-s727,13,",",",",PUNCT
dev-s727,14,tibi,tu,PRON
dev-s727,15,qui,qui,DET
dev-s727,16,supra,supra,ADV
dev-s727,17,Gherardus,Gherardus,PROPN
dev-s727,18,episcopus,episcopus,NOUN
dev-s727,19,",",",",PUNCT
dev-s727,20,vel,uel,CCONJ
dev-s727,21,ad,ad,ADP
dev-s727,22,subcessores,successor,NOUN
dev-s727,23,tuos,tuus,DET
dev-s727,24,",",",",PUNCT
dev-s727,25,ut,ut,SCONJ
dev-s727,26,si,si,SCONJ
dev-s727,27,nos,nos,PRON
dev-s727,28,vobis,uos,PRON
dev-s727,29,aliquanto,aliquando,ADV
dev-s727,30,tempore,tempus,NOUN
dev-s727,31,intemtionaverimus,intentiono,VERB
dev-s727,32,aut,aut,CCONJ
dev-s727,33,retolli,retollo,VERB
dev-s727,34,vel,uel,CCONJ
dev-s727,35,subtragi,subtraho,VERB
dev-s727,36,quesierimus,quaero,VERB
dev-s727,37,iam,iam,ADV
dev-s727,38,dictis,dico,VERB
dev-s727,39,casis,casa,NOUN
dev-s727,40,et,et,CCONJ
dev-s727,41,rebus,res,NOUN
dev-s727,42,quas,qui,PRON
dev-s727,43,supra,supra,ADV
dev-s727,44,in,in,ADP
dev-s727,45,viganeum,uiganeum,NOUN
dev-s727,46,dedi,do,VERB
dev-s727,47,per,per,ADP
dev-s727,48,quolibet,quilibet,DET
dev-s727,49,ingenium,ingenium,NOUN
dev-s727,50,",",",",PUNCT
dev-s727,51,et,et,CCONJ
dev-s727,52,eam,is,PRON
dev-s727,53,vobis,uos,PRON
dev-s727,54,ab,ab,ADP
dev-s727,55,omni,omnis,DET
dev-s727,56,homines,homo,NOUN
dev-s727,57,defendere,defendo,VERB
dev-s727,58,non,non,PART
dev-s727,59,potuerimus,possum,VERB
dev-s727,60,",",",",PUNCT
dev-s727,61,spondeo,spondeo,VERB
dev-s727,62,ego,ego,PRON
dev-s727,63,qui,qui,DET
dev-s727,64,supra,supra,ADV
dev-s727,65,Albolfi,Albolfus,PROPN
dev-s727,66,clerico,clericus,NOUN
dev-s727,67,",",",",PUNCT
dev-s727,68,una,una,ADV
dev-s727,69,cum,cum,ADP
dev-s727,70,meis,meus,DET
dev-s727,71,heredes,heres,NOUN
dev-s727,72,",",",",PUNCT
dev-s727,73,conponere,compono,VERB
dev-s727,74,tibi,tu,PRON
dev-s727,75,qui,qui,DET
dev-s727,76,supra,supra,ADV
dev-s727,77,Gherardus,Gherardus,PROPN
dev-s727,78,episcopus,episcopus,NOUN
dev-s727,79,",",",",PUNCT
dev-s727,80,vel,uel,CCONJ
dev-s727,81,ad,ad,ADP
dev-s727,82,subcessores,successor,NOUN
dev-s727,83,tuos,tuus,DET
dev-s727,84,",",",",PUNCT
dev-s727,85,in,in,ADP
dev-s727,86,duplum,duplus,ADJ
dev-s727,87,in,in,ADP
dev-s727,88,ferquidem,ferquidis,ADJ
dev-s727,89,loco,locus,NOUN
dev-s727,90,sub,sub,ADP
dev-s727,91,estimationem,aestimatio,NOUN
dev-s727,92,quales,qualis,DET
dev-s727,93,tunc,tunc,ADV
dev-s727,94,fuerit,sum,AUX
dev-s727,95,",",",",PUNCT
dev-s727,96,quia,quia,SCONJ
dev-s727,97,taliter,taliter,ADV
dev-s727,98,inter,inter,ADP
dev-s727,99,nos,nos,PRON
dev-s727,100,convenit,conuenio,VERB
dev-s727,101,;,;,PUNCT
dev-s728,1,et,et,CCONJ
dev-s728,2,duas,duo,NUM
dev-s728,3,inter,inter,ADP
dev-s728,4,nos,nos,PRON
dev-s728,5,cartulas,chartula,NOUN
dev-s728,6,Leo,Leo,PROPN
dev-s728,7,notarium,notarius,NOUN
dev-s728,8,scribere,scribo,VERB
dev-s728,9,rogavimus,rogo,VERB
dev-s728,10,.,.,PUNCT
dev-s729,1,actum,ago,VERB
dev-s729,2,Luca,Luca,PROPN
dev-s729,3,.,.,PUNCT
dev-s730,1,+,+,PUNCT
dev-s730,2,Ego,ego,PRON
dev-s730,3,Albolfo,Albolfus,PROPN
dev-s730,4,clericus,clericus,NOUN
dev-s730,5,in,in,ADP
dev-s730,6,hanc,hic,DET
dev-s730,7,comutatione,commutatio,NOUN
dev-s730,8,a,ab,ADP
dev-s730,9,me,ego,PRON
dev-s730,10,facta,facio,VERB
dev-s730,11,manu,manus,NOUN
dev-s730,12,mea,meus,DET
dev-s730,13,subscripsi,subscribo,VERB
dev-s730,14,.,.,PUNCT
dev-s731,1,+,+,PUNCT
dev-s731,2,Ego,ego,PRON
dev-s731,3,Baldibertus,Baldipertus,PROPN
dev-s731,4,",",",",PUNCT
dev-s731,5,sicut,sicut,SCONJ
dev-s731,6,de,de,ADP
dev-s731,7,me,ego,PRON
dev-s731,8,super,super,ADV
dev-s731,9,legitur,lego,VERB
dev-s731,10,",",",",PUNCT
dev-s731,11,missus,missus,NOUN
dev-s731,12,fuit,sum,AUX
dev-s731,13,.,.,PUNCT
dev-s732,1,signum,signum,NOUN
dev-s732,2,+,+,PUNCT
dev-s732,3,manus,manus,NOUN
dev-s732,4,Rachiperti,Rachipertus,PROPN
dev-s732,5,",",",",PUNCT
dev-s732,6,sicut,sicut,SCONJ
dev-s732,7,supra,supra,ADV
dev-s732,8,legitur,lego,VERB
dev-s732,9,",",",",PUNCT
dev-s732,10,interfuit,intersum,VERB
dev-s732,11,.,.,PUNCT
dev-s733,1,+,+,PUNCT
dev-s733,2,Ego,ego,PRON
dev-s733,3,Iohannes,Johannes,PROPN
dev-s733,4,",",",",PUNCT
dev-s733,5,sicut,sicut,SCONJ
dev-s733,6,de,de,ADP
dev-s733,7,me,ego,PRON
dev-s733,8,super,super,ADV
dev-s733,9,legitur,lego,VERB
dev-s733,10,",",",",PUNCT
dev-s733,11,missus,missus,NOUN
dev-s733,12,fuit,sum,AUX
dev-s733,13,.,.,PUNCT
dev-s734,1,signum,signum,NOUN
dev-s734,2,+,+,PUNCT
dev-s734,3,manus,manus,NOUN
dev-s734,4,Deusdedi,Deusdedit,PROPN
dev-s734,5,que,qui,PRON
dev-s734,6,Teutio,Teutius,PROPN
dev-s734,7,vocatur,uoco,VERB
dev-s734,8,",",",",PUNCT
dev-s734,9,sicut,sicut,SCONJ
dev-s734,10,supra,supra,ADV
dev-s734,11,legitur,lego,VERB
dev-s734,12,",",",",PUNCT
dev-s734,13,interfuit,intersum,VERB
dev-s734,14,.,.,PUNCT
dev-s735,1,+,+,PUNCT
dev-s735,2,Ego,ego,PRON
dev-s735,3,Cumprando,Gumprandus,PROPN
dev-s735,4,",",",",PUNCT
dev-s735,5,sicut,sicut,SCONJ
dev-s735,6,de,de,ADP
dev-s735,7,me,ego,PRON
dev-s735,8,super,super,ADV
dev-s735,9,legitur,lego,VERB
dev-s735,10,",",",",PUNCT
dev-s735,11,missus,missus,NOUN
dev-s735,12,fuit,sum,AUX
dev-s735,13,.,.,PUNCT
dev-s736,1,+,+,PUNCT
dev-s736,2,Ego,ego,PRON
dev-s736,3,Teudiprand,Teudiprandus,PROPN
dev-s736,4,notarius,notarius,NOUN
dev-s736,5,",",",",PUNCT
dev-s736,6,sicut,sicut,SCONJ
dev-s736,7,de,de,ADP
dev-s736,8,me,ego,PRON
dev-s736,9,super,super,ADV
dev-s736,10,legitur,lego,VERB
dev-s736,11,",",",",PUNCT
dev-s736,12,missus,missus,NOUN
dev-s736,13,fuit,sum,AUX
dev-s736,14,.,.,PUNCT
dev-s737,1,+,+,PUNCT
dev-s737,2,Ego,ego,PRON
dev-s737,3,Ubertus,Umbertus,PROPN
dev-s737,4,",",",",PUNCT
dev-s737,5,sicut,sicut,SCONJ
dev-s737,6,de,de,ADP
dev-s737,7,me,ego,PRON
dev-s737,8,super,super,ADV
dev-s737,9,legitur,lego,VERB
dev-s737,10,",",",",PUNCT
dev-s737,11,missus,missus,NOUN
dev-s737,12,fuit,sum,AUX
dev-s737,13,.,.,PUNCT
dev-s738,1,ego,ego,PRON
dev-s738,2,Teudimundus,Teudimundus,PROPN
dev-s738,3,",",",",PUNCT
dev-s738,4,rogatus,rogo,VERB
dev-s738,5,ad,ab,ADP
dev-s738,6,Albolfo,Albolfus,PROPN
dev-s738,7,clerico,clericus,NOUN
dev-s738,8,",",",",PUNCT
dev-s738,9,subscripsi,subscribo,VERB
dev-s738,10,.,.,PUNCT
dev-s739,1,+,+,PUNCT
dev-s739,2,Ego,ego,PRON
dev-s739,3,Petrus,Petrus,PROPN
dev-s739,4,notarius,notarius,NOUN
dev-s739,5,",",",",PUNCT
dev-s739,6,rogatus,rogo,VERB
dev-s739,7,ad,ab,ADP
dev-s739,8,Albolfo,Albolfus,PROPN
dev-s739,9,clerico,clericus,NOUN
dev-s739,10,",",",",PUNCT
dev-s739,11,me,ego,PRON
dev-s739,12,teste,testis,NOUN
dev-s739,13,subscripsi,subscribo,VERB
dev-s739,14,.,.,PUNCT
dev-s740,1,ego,ego,PRON
dev-s740,2,Gumpertus,Gumpertus,PROPN
dev-s740,3,notarius,notarius,NOUN
dev-s740,4,",",",",PUNCT
dev-s740,5,rogatus,rogo,VERB
dev-s740,6,ad,ab,ADP
dev-s740,7,Albolfo,Albolfus,PROPN
dev-s740,8,clerico,clericus,NOUN
dev-s740,9,",",",",PUNCT
dev-s740,10,me,ego,PRON
dev-s740,11,teste,testis,NOUN
dev-s740,12,subscripsi,subscribo,VERB
dev-s740,13,.,.,PUNCT
dev-s741,1,+,+,PUNCT
dev-s741,2,Ego,ego,PRON
dev-s741,3,Alpertus,Alpertus,PROPN
dev-s741,4,",",",",PUNCT
dev-s741,5,rogatus,rogo,VERB
dev-s741,6,ad,ab,ADP
dev-s741,7,Albolfo,Albolfus,PROPN
dev-s741,8,clerico,clericus,NOUN
dev-s741,9,",",",",PUNCT
dev-s741,10,me,ego,PRON
dev-s741,11,teste,testis,NOUN
dev-s741,12,subscripsi,subscribo,VERB
dev-s741,13,.,.,PUNCT
dev-s742,1,+,+,PUNCT
dev-s742,2,Ego,ego,PRON
dev-s742,3,[Propn],_,PROPN
dev-s742,4,notarius,notarius,NOUN
dev-s742,5,",",",",PUNCT
dev-s742,6,rogatus,rogo,VERB
dev-s742,7,ad,ab,ADP
dev-s742,8,Albolfo,Albolfus,PROPN
dev-s742,9,clerico,clericus,NOUN
dev-s742,10,",",",",PUNCT
dev-s742,11,me,ego,PRON
dev-s742,12,teste,testis,NOUN
dev-s742,13,subscripsi,subscribo,VERB
dev-s742,14,.,.,PUNCT
dev-s743,1,+,+,PUNCT
dev-s743,2,Ego,ego,PRON
dev-s743,3,[Propn],_,PROPN
dev-s743,4,rogatus,rogo,VERB
dev-s743,5,ad,ab,ADP
dev-s743,6,Albolfo,Albolfus,PROPN
dev-s743,7,clerico,clericus,NOUN
dev-s743,8,",",",",PUNCT
dev-s743,9,me,ego,PRON
dev-s743,10,teste,testis,NOUN
dev-s743,11,subscripsi,subscribo,VERB
dev-s743,12,.,.,PUNCT
dev-s744,1,ego,ego,PRON
dev-s744,2,Ghiselfridi,Ghiselfridus,PROPN
dev-s744,3,notarius,notarius,NOUN
dev-s744,4,et,et,CCONJ
dev-s744,5,schabinus,scabinus,NOUN
dev-s744,6,subscripsi,subscribo,VERB
dev-s744,7,.,.,PUNCT
dev-s745,1,+,+,PUNCT
dev-s745,2,Ego,ego,PRON
dev-s745,3,Leo,Leo,PROPN
dev-s745,4,notarius,notarius,NOUN
dev-s745,5,post,post,ADP
dev-s745,6,traditam,trado,VERB
dev-s745,7,conplevi,compleo,VERB
dev-s745,8,et,et,CCONJ
dev-s745,9,dedi,do,VERB
dev-s745,10,.,.,PUNCT
dev-s746,1,In,in,ADP
dev-s746,2,Dei,Deus,PROPN
dev-s746,3,omnipotentis,omnipotens,ADJ
dev-s746,4,nomine,nomen,NOUN
dev-s746,5,regnante,regno,VERB
dev-s746,6,domno,domnus,NOUN
dev-s746,7,nostro,noster,DET
dev-s746,8,Karolus,Carolus,PROPN
dev-s746,9,divina,diuinus,ADJ
dev-s746,10,faventem,faueo,VERB
dev-s746,11,clementiam,clementia,NOUN
dev-s746,12,inperatore,imperator,NOUN
dev-s746,13,augusto,augustus,NOUN
dev-s746,14,",",",",PUNCT
dev-s746,15,anno,annus,NOUN
dev-s746,16,inperii,imperium,NOUN
dev-s746,17,eius,is,PRON
dev-s746,18,sexto,sextus,ADJ
dev-s746,19,",",",",PUNCT
dev-s746,20,quinto,quintus,ADJ
dev-s746,21,idus,idus,NOUN
dev-s746,22,iulii,iulius,NOUN
dev-s746,23,indictione,indictio,NOUN
dev-s746,24,quarta,quartus,ADJ
dev-s746,25,.,.,PUNCT
dev-s747,1,manifestu,manifestus,ADJ
dev-s747,2,sum,sum,AUX
dev-s747,3,ego,ego,PRON
dev-s747,4,Adaldo,Adaldus,PROPN
dev-s747,5,",",",",PUNCT
dev-s747,6,filio,filius,NOUN
dev-s747,7,bone,bonus,ADJ
dev-s747,8,memorie,memoria,NOUN
dev-s747,9,Fraiperti,Fraipertus,PROPN
dev-s747,10,",",",",PUNCT
dev-s747,11,quia,quia,SCONJ
dev-s747,12,convenit,conuenio,VERB
dev-s747,13,mihi,ego,PRON
dev-s747,14,una,una,ADV
dev-s747,15,tecum,tecum,NOUN
dev-s747,16,Gherardus,Gherardus,PROPN
dev-s747,17,",",",",PUNCT
dev-s747,18,gratia,gratia,NOUN
dev-s747,19,Dei,Deus,PROPN
dev-s747,20,huius,hic,DET
dev-s747,21,sancte,sanctus,ADJ
dev-s747,22,Lucane,lucanus,ADJ
dev-s747,23,ecclesie,ecclesia,NOUN
dev-s747,24,humilis,humilis,ADJ
dev-s747,25,episcopus,episcopus,NOUN
dev-s747,26,",",",",PUNCT
dev-s747,27,ut,ut,SCONJ
dev-s747,28,inter,inter,ADP
dev-s747,29,nos,nos,PRON
dev-s747,30,de,de,ADP
dev-s747,31,aliquantis,aliquantus,DET
dev-s747,32,rebus,res,NOUN
dev-s747,33,comutationem,commutatio,NOUN
dev-s747,34,facere,facio,VERB
dev-s747,35,deberemus,debeo,VERB
dev-s747,36,",",",",PUNCT
dev-s747,37,sicut,sicut,SCONJ
dev-s747,38,et,et,CCONJ
dev-s747,39,factum,facio,VERB
dev-s747,40,est,sum,AUX
dev-s747,41,.,.,PUNCT
dev-s748,1,proinde,proinde,ADV
dev-s748,2,modo,modo,ADV
dev-s748,3,ego,ego,PRON
dev-s748,4,qui,qui,DET
dev-s748,5,supra,supra,ADV
dev-s748,6,Adaldo,Adaldus,PROPN
dev-s748,7,in,in,ADP
dev-s748,8,comutationem,commutatio,NOUN
dev-s748,9,dare,do,VERB
dev-s748,10,et,et,CCONJ
dev-s748,11,tradere,trado,VERB
dev-s748,12,videor,uideo,VERB
dev-s748,13,tibi,tu,PRON
dev-s748,14,qui,qui,DET
dev-s748,15,supra,supra,ADV
dev-s748,16,Gherardus,Gherardus,PROPN
dev-s748,17,episcopus,episcopus,NOUN
dev-s748,18,ad,ad,ADP
dev-s748,19,parte,pars,NOUN
dev-s748,20,ecclesie,ecclesia,NOUN
dev-s748,21,sancti,sanctus,ADJ
dev-s748,22,Silvestri,Syluester,PROPN
dev-s748,23,",",",",PUNCT
dev-s748,24,qui,qui,PRON
dev-s748,25,est,sum,AUX
dev-s748,26,desup,desub,ADP
dev-s748,27,potestatem,potestas,NOUN
dev-s748,28,ipsius,ipse,DET
dev-s748,29,episcopatui,episcopatus,NOUN
dev-s748,30,vestro,uester,DET
dev-s748,31,sancti,sanctus,ADJ
dev-s748,32,Martini,Martinus,PROPN
dev-s748,33,",",",",PUNCT
dev-s748,34,et,et,CCONJ
dev-s748,35,ipse,ipse,DET
dev-s748,36,ecclesie,ecclesia,NOUN
dev-s748,37,sancti,sanctus,ADJ
dev-s748,38,Silvestri,Syluester,PROPN
dev-s748,39,esse,sum,AUX
dev-s748,40,videtur,uideo,VERB
dev-s748,41,foras,foras,ADP
dev-s748,42,muros,murus,NOUN
dev-s748,43,huius,hic,DET
dev-s748,44,civitatis,ciuitas,NOUN
dev-s748,45,Lucense,lucensis,ADJ
dev-s748,46,prope,prope,ADP
dev-s748,47,porta,porta,NOUN
dev-s748,48,sancti,sanctus,ADJ
dev-s748,49,Petri,Petrus,PROPN
dev-s748,50,",",",",PUNCT
dev-s748,51,id,is,PRON
dev-s748,52,est,sum,AUX
dev-s748,53,duo,duo,NUM
dev-s748,54,petie,petia,NOUN
dev-s748,55,de,de,ADP
dev-s748,56,vinee,uinea,NOUN
dev-s748,57,et,et,CCONJ
dev-s748,58,terra,terra,NOUN
dev-s748,59,mea,meus,DET
dev-s748,60,illa,ille,DET
dev-s748,61,",",",",PUNCT
dev-s748,62,quam,qui,PRON
dev-s748,63,abeo,habeo,VERB
dev-s748,64,in,in,ADP
dev-s748,65,loco,locus,NOUN
dev-s748,66,Interacchule,Interaqulae,PROPN
dev-s748,67,",",",",PUNCT
dev-s748,68,qui,qui,DET
dev-s748,69,una,unus,DET
dev-s748,70,ex,ex,ADP
dev-s748,71,ipse,ipse,DET
dev-s748,72,petia,petia,NOUN
dev-s748,73,de,de,ADP
dev-s748,74,vinea,uinea,NOUN
dev-s748,75,est,sum,AUX
dev-s748,76,tenentes,teneo,VERB
dev-s748,77,uno,unus,DET
dev-s748,78,caput,caput,NOUN
dev-s748,79,cum,cum,ADP
dev-s748,80,uno,unus,DET
dev-s748,81,lato,latus,NOUN
dev-s748,82,in,in,ADP
dev-s748,83,terra,terra,NOUN
dev-s748,84,et,et,CCONJ
dev-s748,85,vinea,uinea,NOUN
dev-s748,86,ipsius,ipse,DET
dev-s748,87,episcopatui,episcopatus,NOUN
dev-s748,88,vestro,uester,DET
dev-s748,89,sancti,sanctus,ADJ
dev-s748,90,Martini,Martinus,PROPN
dev-s748,91,",",",",PUNCT
dev-s748,92,alio,alius,DET
dev-s748,93,caput,caput,NOUN
dev-s748,94,tenet,teneo,VERB
dev-s748,95,in,in,ADP
dev-s748,96,via,uia,NOUN
dev-s748,97,publica,publicus,ADJ
dev-s748,98,",",",",PUNCT
dev-s748,99,alio,alius,DET
dev-s748,100,lato,latus,NOUN
dev-s748,101,tenet,teneo,VERB
dev-s748,102,in,in,ADP
dev-s748,103,terra,terra,NOUN
dev-s748,104,Firmitei,Firmiteus,PROPN
dev-s748,105,",",",",PUNCT
dev-s748,106,petia,petia,NOUN
dev-s748,107,ipsa,ipse,DET
dev-s748,108,de,de,ADP
dev-s748,109,vinea,uinea,NOUN
dev-s748,110,in,in,ADP
dev-s748,111,integrum,integer,ADJ
dev-s748,112,",",",",PUNCT
dev-s748,113,quidem,quidem,PART
dev-s748,114,et,et,CCONJ
dev-s748,115,illa,ille,DET
dev-s748,116,alia,alius,DET
dev-s748,117,petia,petia,NOUN
dev-s748,118,de,de,ADP
dev-s748,119,terra,terra,NOUN
dev-s748,120,et,et,CCONJ
dev-s748,121,vinea,uinea,NOUN
dev-s748,122,mea,meus,DET
dev-s748,123,illa,ille,DET
dev-s748,124,",",",",PUNCT
dev-s748,125,ut,ut,SCONJ
dev-s748,126,dictum,dico,VERB
dev-s748,127,est,sum,AUX
dev-s748,128,in,in,ADP
dev-s748,129,ipso,ipse,DET
dev-s748,130,loco,locus,NOUN
dev-s748,131,Interaccule,Interaqulae,PROPN
dev-s748,132,",",",",PUNCT
dev-s748,133,quod,qui,PRON
dev-s748,134,est,sum,AUX
dev-s748,135,insimul,insimul,ADV
dev-s748,136,conprehensa,comprehendo,VERB
dev-s748,137,",",",",PUNCT
dev-s748,138,tenentes,teneo,VERB
dev-s748,139,uno,unus,DET
dev-s748,140,caput,caput,NOUN
dev-s748,141,in,in,ADP
dev-s748,142,via,uia,NOUN
dev-s748,143,publica,publicus,ADJ
dev-s748,144,",",",",PUNCT
dev-s748,145,alio,alius,DET
dev-s748,146,caput,caput,NOUN
dev-s748,147,tenet,teneo,VERB
dev-s748,148,in,in,ADP
dev-s748,149,terra,terra,NOUN
dev-s748,150,Adalberti,Adalpertus,PROPN
dev-s748,151,",",",",PUNCT
dev-s748,152,lato,latus,NOUN
dev-s748,153,uno,unus,DET
dev-s748,154,tenet,teneo,VERB
dev-s748,155,in,in,ADP
dev-s748,156,terra,terra,NOUN
dev-s748,157,ipsius,ipse,DET
dev-s748,158,episcopatui,episcopatus,NOUN
dev-s748,159,vestro,uester,DET
dev-s748,160,sancti,sanctus,ADJ
dev-s748,161,Martini,Martinus,PROPN
dev-s748,162,",",",",PUNCT
dev-s748,163,et,et,CCONJ
dev-s748,164,alio,alius,DET
dev-s748,165,lato,latus,NOUN
dev-s748,166,tenet,teneo,VERB
dev-s748,167,in,in,ADP
dev-s748,168,terra,terra,NOUN
dev-s748,169,qui,qui,PRON
dev-s748,170,fuit,sum,AUX
dev-s748,171,quondam,quondam,ADJ
dev-s748,172,Eritei,Eriteus,PROPN
dev-s748,173,",",",",PUNCT
dev-s748,174,petia,petia,NOUN
dev-s748,175,ipsa,ipse,DET
dev-s748,176,de,de,ADP
dev-s748,177,terra,terra,NOUN
dev-s748,178,et,et,CCONJ
dev-s748,179,vinea,uinea,NOUN
dev-s748,180,in,in,ADP
dev-s748,181,integrum,integer,ADJ
dev-s748,182,;,;,PUNCT
dev-s749,1,simili,similis,ADJ
dev-s749,2,modo,modus,NOUN
dev-s749,3,et,et,CCONJ
dev-s749,4,dare,do,VERB
dev-s749,5,videor,uideo,VERB
dev-s749,6,tibi,tu,PRON
dev-s749,7,terra,terra,NOUN
dev-s749,8,mea,meus,DET
dev-s749,9,illa,ille,DET
dev-s749,10,que,qui,PRON
dev-s749,11,esse,sum,AUX
dev-s749,12,videtur,uideo,VERB
dev-s749,13,in,in,ADP
dev-s749,14,loco,locus,NOUN
dev-s749,15,prope,prope,ADP
dev-s749,16,Rocta,Rupta,PROPN
dev-s749,17,",",",",PUNCT
dev-s749,18,que,qui,DET
dev-s749,19,ipsa,ipse,DET
dev-s749,20,terra,terra,NOUN
dev-s749,21,vocitatur,uocito,VERB
dev-s749,22,da,da,ADP
dev-s749,23,Hascunda,Hascunda,PROPN
dev-s749,24,",",",",PUNCT
dev-s749,25,que,qui,PRON
dev-s749,26,est,sum,AUX
dev-s749,27,tenentes,teneo,VERB
dev-s749,28,uno,unus,DET
dev-s749,29,caput,caput,NOUN
dev-s749,30,in,in,ADP
dev-s749,31,terra,terra,NOUN
dev-s749,32,ipsius,ipse,DET
dev-s749,33,Firmitei,Firmiteus,PROPN
dev-s749,34,",",",",PUNCT
dev-s749,35,alio,alius,DET
dev-s749,36,caput,caput,NOUN
dev-s749,37,cum,cum,ADP
dev-s749,38,uno,unus,DET
dev-s749,39,lato,latus,NOUN
dev-s749,40,tenet,teneo,VERB
dev-s749,41,in,in,ADP
dev-s749,42,terra,terra,NOUN
dev-s749,43,de,de,ADP
dev-s749,44,filii,filius,NOUN
dev-s749,45,quondam,quondam,ADJ
dev-s749,46,Ildi,Hildus,PROPN
dev-s749,47,",",",",PUNCT
dev-s749,48,et,et,CCONJ
dev-s749,49,alio,alius,DET
dev-s749,50,lato,latus,NOUN
dev-s749,51,tenet,teneo,VERB
dev-s749,52,in,in,ADP
dev-s749,53,via,uia,NOUN
dev-s749,54,publica,publicus,ADJ
dev-s749,55,;,;,PUNCT
dev-s750,1,hec,hic,DET
dev-s750,2,predictas,praedictus,DET
dev-s750,3,petias,petia,NOUN
dev-s750,4,de,de,ADP
dev-s750,5,vineas,uinea,NOUN
dev-s750,6,et,et,CCONJ
dev-s750,7,terras,terra,NOUN
dev-s750,8,",",",",PUNCT
dev-s750,9,qualiter,qualiter,SCONJ
dev-s750,10,circumdate,circumdo,VERB
dev-s750,11,sunt,sum,AUX
dev-s750,12,per,per,ADP
dev-s750,13,designatas,designo,VERB
dev-s750,14,locas,locum,NOUN
dev-s750,15,",",",",PUNCT
dev-s750,16,in,in,ADP
dev-s750,17,integrum,integer,ADJ
dev-s750,18,",",",",PUNCT
dev-s750,19,quod,qui,PRON
dev-s750,20,sunt,sum,AUX
dev-s750,21,per,per,ADP
dev-s750,22,mensura,mensura,NOUN
dev-s750,23,ad,ad,ADP
dev-s750,24,iusta,iustus,ADJ
dev-s750,25,perticha,pertica,NOUN
dev-s750,26,mensuratas,mensuro,VERB
dev-s750,27,modiorum,modius,NOUN
dev-s750,28,sex,sex,NUM
dev-s750,29,et,et,CCONJ
dev-s750,30,sistariorum,sextarius,NOUN
dev-s750,31,tridecim,tredecim,NUM
dev-s750,32,",",",",PUNCT
dev-s750,33,tibi,tu,PRON
dev-s750,34,eas,is,PRON
dev-s750,35,in,in,ADP
dev-s750,36,comutationem,commutatio,NOUN
dev-s750,37,dedi,do,VERB
dev-s750,38,ad,ad,ADP
dev-s750,39,parte,pars,NOUN
dev-s750,40,predicte,praedictus,DET
dev-s750,41,ecclesie,ecclesia,NOUN
dev-s750,42,sancti,sanctus,ADJ
dev-s750,43,Silvestri,Syluester,PROPN
dev-s750,44,.,.,PUNCT
dev-s751,1,et,et,CCONJ
dev-s751,2,pro,pro,ADP
dev-s751,3,suprascriptas,suprascriptus,DET
dev-s751,4,petias,petia,NOUN
dev-s751,5,de,de,ADP
dev-s751,6,terras,terra,NOUN
dev-s751,7,et,et,CCONJ
dev-s751,8,vineas,uinea,NOUN
dev-s751,9,",",",",PUNCT
dev-s751,10,quas,qui,PRON
dev-s751,11,tibi,tu,PRON
dev-s751,12,in,in,ADP
dev-s751,13,comutationem,commutatio,NOUN
dev-s751,14,dedi,do,VERB
dev-s751,15,recepi,recipio,VERB
dev-s751,16,ad,ab,ADP
dev-s751,17,te,tu,PRON
dev-s751,18,in,in,ADP
dev-s751,19,comutationem,commutatio,NOUN
dev-s751,20,da,da,ADP
dev-s751,21,parte,pars,NOUN
dev-s751,22,ipsius,ipse,DET
dev-s751,23,ecclesie,ecclesia,NOUN
dev-s751,24,sancti,sanctus,ADJ
dev-s751,25,Silvestri,Syluester,PROPN
dev-s751,26,id,is,PRON
dev-s751,27,est,sum,AUX
dev-s751,28,terra,terra,NOUN
dev-s751,29,illa,ille,DET
dev-s751,30,ubi,ubi,ADV
dev-s751,31,dicitur,dico,VERB
dev-s751,32,Secturia,Sectoria,PROPN
dev-s751,33,prope,prope,ADP
dev-s751,34,vico,uicus,NOUN
dev-s751,35,Elingo,Elingum,PROPN
dev-s751,36,",",",",PUNCT
dev-s751,37,quas,qui,DET
dev-s751,38,ipse,ipse,DET
dev-s751,39,petia,petia,NOUN
dev-s751,40,de,de,ADP
dev-s751,41,terra,terra,NOUN
dev-s751,42,est,sum,AUX
dev-s751,43,tenentes,teneo,VERB
dev-s751,44,uno,unus,DET
dev-s751,45,caput,caput,NOUN
dev-s751,46,in,in,ADP
dev-s751,47,rivo,riuus,NOUN
dev-s751,48,",",",",PUNCT
dev-s751,49,alio,alius,DET
dev-s751,50,caput,caput,NOUN
dev-s751,51,tenet,teneo,VERB
dev-s751,52,in,in,ADP
dev-s751,53,terra,terra,NOUN
dev-s751,54,quas,qui,PRON
dev-s751,55,quondam,quondam,ADJ
dev-s751,56,Leo,Leo,PROPN
dev-s751,57,ad,ad,ADP
dev-s751,58,manus,manus,NOUN
dev-s751,59,suas,suus,DET
dev-s751,60,abuit,habeo,VERB
dev-s751,61,",",",",PUNCT
dev-s751,62,et,et,CCONJ
dev-s751,63,in,in,ADP
dev-s751,64,aliquantulo,aliquantulus,ADJ
dev-s751,65,in,in,ADP
dev-s751,66,terra,terra,NOUN
dev-s751,67,mea,meus,DET
dev-s751,68,qui,qui,DET
dev-s751,69,supra,supra,ADV
dev-s751,70,Adaldo,Adaldus,PROPN
dev-s751,71,",",",",PUNCT
dev-s751,72,lato,latus,NOUN
dev-s751,73,uno,unus,DET
dev-s751,74,tenet,teneo,VERB
dev-s751,75,in,in,ADP
dev-s751,76,via,uia,NOUN
dev-s751,77,publica,publicus,ADJ
dev-s751,78,",",",",PUNCT
dev-s751,79,alio,alius,DET
dev-s751,80,lato,latus,NOUN
dev-s751,81,tenet,teneo,VERB
dev-s751,82,in,in,ADP
dev-s751,83,terra,terra,NOUN
dev-s751,84,qui,qui,PRON
dev-s751,85,fuit,sum,AUX
dev-s751,86,quondam,quondam,ADJ
dev-s751,87,Vuarnifridi,Warnifridus,PROPN
dev-s751,88,et,et,CCONJ
dev-s751,89,in,in,ADP
dev-s751,90,terra,terra,NOUN
dev-s751,91,mea,meus,DET
dev-s751,92,qui,qui,DET
dev-s751,93,supra,supra,ADV
dev-s751,94,Adaldo,Adaldus,PROPN
dev-s751,95,",",",",PUNCT
dev-s751,96,petia,petia,NOUN
dev-s751,97,ipsa,ipse,DET
dev-s751,98,de,de,ADP
dev-s751,99,terra,terra,NOUN
dev-s751,100,in,in,ADP
dev-s751,101,integum,integer,ADJ
dev-s751,102,;,;,PUNCT
dev-s752,1,quidem,quidem,PART
dev-s752,2,et,et,CCONJ
dev-s752,3,dedisti,do,VERB
dev-s752,4,mihi,ego,PRON
dev-s752,5,in,in,ADP
dev-s752,6,comutationem,commutatio,NOUN
dev-s752,7,similiter,similiter,ADV
dev-s752,8,terra,terra,NOUN
dev-s752,9,illa,ille,DET
dev-s752,10,ubi,ubi,ADV
dev-s752,11,vocitatur,uocito,VERB
dev-s752,12,ad,ad,ADP
dev-s752,13,Grippo,Grippus,PROPN
dev-s752,14,",",",",PUNCT
dev-s752,15,infra,infra,ADP
dev-s752,16,ipso,ipse,DET
dev-s752,17,loco,locus,NOUN
dev-s752,18,vico,uicus,NOUN
dev-s752,19,Elingo,Elingum,PROPN
dev-s752,20,",",",",PUNCT
dev-s752,21,qui,qui,DET
dev-s752,22,ipse,ipse,DET
dev-s752,23,terra,terra,NOUN
dev-s752,24,est,sum,AUX
dev-s752,25,tenentes,teneo,VERB
dev-s752,26,uno,unus,DET
dev-s752,27,caput,caput,NOUN
dev-s752,28,in,in,ADP
dev-s752,29,predicto,praedictus,DET
dev-s752,30,rivo,riuus,NOUN
dev-s752,31,",",",",PUNCT
dev-s752,32,alio,alius,DET
dev-s752,33,caput,caput,NOUN
dev-s752,34,tenet,teneo,VERB
dev-s752,35,in,in,ADP
dev-s752,36,vinea,uinea,NOUN
dev-s752,37,qui,qui,PRON
dev-s752,38,fuit,sum,AUX
dev-s752,39,quondam,quondam,ADJ
dev-s752,40,Lei,Leo,PROPN
dev-s752,41,de,de,ADP
dev-s752,42,Silice,Silex,PROPN
dev-s752,43,",",",",PUNCT
dev-s752,44,lato,latus,NOUN
dev-s752,45,uno,unus,DET
dev-s752,46,tenet,teneo,VERB
dev-s752,47,in,in,ADP
dev-s752,48,vinea,uinea,NOUN
dev-s752,49,ipsius,ipse,DET
dev-s752,50,episcopatui,episcopatus,NOUN
dev-s752,51,vestro,uester,DET
dev-s752,52,sancti,sanctus,ADJ
dev-s752,53,Martini,Martinus,PROPN
dev-s752,54,",",",",PUNCT
dev-s752,55,alio,alius,DET
dev-s752,56,lato,latus,NOUN
dev-s752,57,tenet,teneo,VERB
dev-s752,58,in,in,ADP
dev-s752,59,terra,terra,NOUN
dev-s752,60,mea,meus,DET
dev-s752,61,qui,qui,DET
dev-s752,62,supra,supra,ADV
dev-s752,63,Adaldo,Adaldus,PROPN
dev-s752,64,",",",",PUNCT
dev-s752,65,petia,petia,NOUN
dev-s752,66,ipsa,ipse,DET
dev-s752,67,de,de,ADP
dev-s752,68,terra,terra,NOUN
dev-s752,69,in,in,ADP
dev-s752,70,integrum,integer,ADJ
dev-s752,71,;,;,PUNCT
dev-s753,1,hec,hic,DET
dev-s753,2,predictas,praedictus,DET
dev-s753,3,petias,petia,NOUN
dev-s753,4,de,de,ADP
dev-s753,5,terras,terra,NOUN
dev-s753,6,et,et,CCONJ
dev-s753,7,vinea,uinea,NOUN
dev-s753,8,",",",",PUNCT
dev-s753,9,qualiter,qualiter,SCONJ
dev-s753,10,superius,superius,ADV
dev-s753,11,circundate,circumdo,VERB
dev-s753,12,sunt,sum,AUX
dev-s753,13,per,per,ADP
dev-s753,14,designatas,designo,VERB
dev-s753,15,locas,locum,NOUN
dev-s753,16,",",",",PUNCT
dev-s753,17,in,in,ADP
dev-s753,18,integrum,integer,ADJ
dev-s753,19,et,et,CCONJ
dev-s753,20,sunt,sum,AUX
dev-s753,21,per,per,ADP
dev-s753,22,mensura,mensura,NOUN
dev-s753,23,ad,ad,ADP
dev-s753,24,iusta,iustus,ADJ
dev-s753,25,perticha,pertica,NOUN
dev-s753,26,mensuratas,mensuro,VERB
dev-s753,27,modiorum,modius,NOUN
dev-s753,28,tres,tres,NUM
dev-s753,29,et,et,CCONJ
dev-s753,30,sistariorum,sextarius,NOUN
dev-s753,31,undecim,undecim,NUM
dev-s753,32,",",",",PUNCT
dev-s753,33,iam,iam,ADV
dev-s753,34,dictas,dico,VERB
dev-s753,35,terras,terra,NOUN
dev-s753,36,et,et,CCONJ
dev-s753,37,vinea,uinea,NOUN
dev-s753,38,per,per,ADP
dev-s753,39,designatas,designo,VERB
dev-s753,40,capitas,caput,NOUN
dev-s753,41,et,et,CCONJ
dev-s753,42,lateras,latus,NOUN
dev-s753,43,",",",",PUNCT
dev-s753,44,et,et,CCONJ
dev-s753,45,per,per,ADP
dev-s753,46,suprascripta,suprascriptus,DET
dev-s753,47,mensura,mensura,NOUN
dev-s753,48,in,in,ADP
dev-s753,49,integrum,integer,ADJ
dev-s753,50,mihi,ego,PRON
dev-s753,51,in,in,ADP
dev-s753,52,comutationem,commutatio,NOUN
dev-s753,53,dedisti,do,VERB
dev-s753,54,et,et,CCONJ
dev-s753,55,tradidisti,trado,VERB
dev-s753,56,da,da,ADP
dev-s753,57,parte,pars,NOUN
dev-s753,58,ipsius,ipse,DET
dev-s753,59,ecclesie,ecclesia,NOUN
dev-s753,60,sancti,sanctus,ADJ
dev-s753,61,Silvestri,Syluester,PROPN
dev-s753,62,.,.,PUNCT
dev-s754,1,ubi,ubi,ADV
dev-s754,2,et,et,CCONJ
dev-s754,3,super,super,ADP
dev-s754,4,hanc,hic,DET
dev-s754,5,comutationem,commutatio,NOUN
dev-s754,6,tu,tu,PRON
dev-s754,7,qui,qui,DET
dev-s754,8,supra,supra,ADV
dev-s754,9,Gherardus,Gherardus,PROPN
dev-s754,10,episcopus,episcopus,NOUN
dev-s754,11,direxsisti,dirigo,VERB
dev-s754,12,missos,missus,NOUN
dev-s754,13,tuos,tuus,DET
dev-s754,14,de,de,ADP
dev-s754,15,tuam,tuus,DET
dev-s754,16,parte,pars,NOUN
dev-s754,17,id,is,PRON
dev-s754,18,est,sum,AUX
dev-s754,19,Andrea,Andreas,PROPN
dev-s754,20,et,et,CCONJ
dev-s754,21,Teudiprandus,Teudiprandus,PROPN
dev-s754,22,notarium,notarius,NOUN
dev-s754,23,seu,seu,CCONJ
dev-s754,24,Albolfo,Albolfus,PROPN
dev-s754,25,clerico,clericus,NOUN
dev-s754,26,et,et,CCONJ
dev-s754,27,Vuarneri,Warnerus,PROPN
dev-s754,28,",",",",PUNCT
dev-s754,29,filio,filius,NOUN
dev-s754,30,suprascripti,suprascriptus,DET
dev-s754,31,Vuarnifridi,Warnifridus,PROPN
dev-s754,32,",",",",PUNCT
dev-s754,33,et,et,CCONJ
dev-s754,34,Adalbertus,Adalpertus,PROPN
dev-s754,35,dux,dux,NOUN
dev-s754,36,de,de,ADP
dev-s754,37,sua,suus,DET
dev-s754,38,partem,pars,NOUN
dev-s754,39,direxsit,dirigo,VERB
dev-s754,40,missos,missus,NOUN
dev-s754,41,suos,suus,DET
dev-s754,42,id,is,PRON
dev-s754,43,est,sum,AUX
dev-s754,44,Ghiselfridi,Ghiselfridus,PROPN
dev-s754,45,notarium,notarius,NOUN
dev-s754,46,et,et,CCONJ
dev-s754,47,schabino,scabinus,NOUN
dev-s754,48,",",",",PUNCT
dev-s754,49,seu,seu,CCONJ
dev-s754,50,Aloni,Aloin,PROPN
dev-s754,51,et,et,CCONJ
dev-s754,52,Fraimundo,Fraimundus,PROPN
dev-s754,53,germani,germanus,NOUN
dev-s754,54,",",",",PUNCT
dev-s754,55,qui,qui,PRON
dev-s754,56,super,super,ADP
dev-s754,57,hanc,hic,DET
dev-s754,58,comutationem,commutatio,NOUN
dev-s754,59,ambulaverunt,ambulo,VERB
dev-s754,60,hac,atque,CCONJ
dev-s754,61,previderunt,praeuideo,VERB
dev-s754,62,et,et,CCONJ
dev-s754,63,renuntiaverunt,renuntio,VERB
dev-s754,64,quod,quod,SCONJ
dev-s754,65,meliorata,melioro,VERB
dev-s754,66,comutationem,commutatio,NOUN
dev-s754,67,dedisse,do,VERB
dev-s754,68,ad,ad,ADP
dev-s754,69,parte,pars,NOUN
dev-s754,70,suprascripte,suprascriptus,DET
dev-s754,71,ecclesie,ecclesia,NOUN
dev-s754,72,sancti,sanctus,ADJ
dev-s754,73,Silvestri,Syluester,PROPN
dev-s754,74,quam,quam,SCONJ
dev-s754,75,recepisset,recipio,VERB
dev-s754,76,",",",",PUNCT
dev-s754,77,ut,ut,SCONJ
dev-s754,78,magis,magis,ADV
dev-s754,79,omni,omnis,DET
dev-s754,80,tempore,tempus,NOUN
dev-s754,81,sint,sum,AUX
dev-s754,82,stabile,stabilis,ADJ
dev-s754,83,.,.,PUNCT
dev-s755,1,unde,unde,ADV
dev-s755,2,repromitto,repromitto,VERB
dev-s755,3,ego,ego,PRON
dev-s755,4,qui,qui,DET
dev-s755,5,supra,supra,ADV
dev-s755,6,Adaldo,Adaldus,PROPN
dev-s755,7,",",",",PUNCT
dev-s755,8,una,una,ADV
dev-s755,9,cum,cum,ADP
dev-s755,10,meis,meus,DET
dev-s755,11,heredes,heres,NOUN
dev-s755,12,",",",",PUNCT
dev-s755,13,tibi,tu,PRON
dev-s755,14,qui,qui,DET
dev-s755,15,supra,supra,ADV
dev-s755,16,Gherardus,Gherardus,PROPN
dev-s755,17,episcopus,episcopus,NOUN
dev-s755,18,",",",",PUNCT
dev-s755,19,vel,uel,CCONJ
dev-s755,20,ad,ad,ADP
dev-s755,21,successoribus,successor,NOUN
dev-s755,22,tuis,tuus,DET
dev-s755,23,",",",",PUNCT
dev-s755,24,ut,ut,SCONJ
dev-s755,25,si,si,SCONJ
dev-s755,26,nos,nos,PRON
dev-s755,27,vobis,uos,PRON
dev-s755,28,aliquando,aliquando,ADV
dev-s755,29,tempore,tempus,NOUN
dev-s755,30,de,de,ADP
dev-s755,31,suprascripta,suprascriptus,DET
dev-s755,32,terra,terra,NOUN
dev-s755,33,et,et,CCONJ
dev-s755,34,vinea,uinea,NOUN
dev-s755,35,quas,qui,PRON
dev-s755,36,supra,supra,ADV
dev-s755,37,in,in,ADP
dev-s755,38,comutationem,commutatio,NOUN
dev-s755,39,dedi,do,VERB
dev-s755,40,intentionaverimus,intentiono,VERB
dev-s755,41,aut,aut,CCONJ
dev-s755,42,retolli,retollo,VERB
dev-s755,43,vel,uel,CCONJ
dev-s755,44,subtragi,subtraho,VERB
dev-s755,45,quesierimus,quaero,VERB
dev-s755,46,per,per,ADP
dev-s755,47,quolibet,quilibet,DET
dev-s755,48,ingenio,ingenium,NOUN
dev-s755,49,",",",",PUNCT
dev-s755,50,et,et,CCONJ
dev-s755,51,eam,is,PRON
dev-s755,52,vobis,uos,PRON
dev-s755,53,ab,ab,ADP
dev-s755,54,omni,omnis,DET
dev-s755,55,homines,homo,NOUN
dev-s755,56,defendere,defendo,VERB
dev-s755,57,non,non,PART
dev-s755,58,potuerimus,possum,VERB
dev-s755,59,",",",",PUNCT
dev-s755,60,spondimus,spondeo,VERB
dev-s755,61,nos,nos,PRON
dev-s755,62,vobis,uos,PRON
dev-s755,63,conponere,compono,VERB
dev-s755,64,suprascripta,suprascriptus,DET
dev-s755,65,terra,terra,NOUN
dev-s755,66,et,et,CCONJ
dev-s755,67,vinea,uinea,NOUN
dev-s755,68,quas,qui,PRON
dev-s755,69,supra,supra,ADV
dev-s755,70,in,in,ADP
dev-s755,71,comutationem,commutatio,NOUN
dev-s755,72,dedi,do,VERB
dev-s755,73,ad,ad,ADP
dev-s755,74,parte,pars,NOUN
dev-s755,75,suprascripte,suprascriptus,DET
dev-s755,76,ecclesie,ecclesia,NOUN
dev-s755,77,sancti,sanctus,ADJ
dev-s755,78,Silvestri,Syluester,PROPN
dev-s755,79,in,in,ADP
dev-s755,80,duplum,duplus,ADJ
dev-s755,81,in,in,ADP
dev-s755,82,ferquidem,ferquidis,ADJ
dev-s755,83,loco,locus,NOUN
dev-s755,84,sub,sub,ADP
dev-s755,85,estimationem,aestimatio,NOUN
dev-s755,86,quales,qualis,DET
dev-s755,87,tunc,tunc,ADV
dev-s755,88,fuerint,sum,AUX
dev-s755,89,",",",",PUNCT
dev-s755,90,quia,quia,SCONJ
dev-s755,91,taliter,taliter,ADV
dev-s755,92,inter,inter,ADP
dev-s755,93,nos,nos,PRON
dev-s755,94,convenit,conuenio,VERB
dev-s755,95,;,;,PUNCT
dev-s756,1,et,et,CCONJ
dev-s756,2,duas,duo,NUM
dev-s756,3,inter,inter,ADP
dev-s756,4,nos,nos,PRON
dev-s756,5,cartulas,chartula,NOUN
dev-s756,6,comutationis,commutatio,NOUN
dev-s756,7,Rachifonsum,Rachifonsus,PROPN
dev-s756,8,notarium,notarius,NOUN
dev-s756,9,scribere,scribo,VERB
dev-s756,10,rogavimus,rogo,VERB
dev-s756,11,.,.,PUNCT
dev-s757,1,actum,ago,VERB
dev-s757,2,Lucam,Luca,PROPN
dev-s757,3,.,.,PUNCT
dev-s758,1,+,+,PUNCT
dev-s758,2,Ego,ego,PRON
dev-s758,3,Adaldus,Adaldus,PROPN
dev-s758,4,in,in,ADP
dev-s758,5,ac,hic,DET
dev-s758,6,comutatione,commutatio,NOUN
dev-s758,7,a,ab,ADP
dev-s758,8,me,ego,PRON
dev-s758,9,facta,facio,VERB
dev-s758,10,manum,manus,NOUN
dev-s758,11,mea,meus,DET
dev-s758,12,subscripsi,subscribo,VERB
dev-s758,13,.,.,PUNCT
dev-s759,1,+,+,PUNCT
dev-s759,2,Ego,ego,PRON
dev-s759,3,Andrea,Andreas,PROPN
dev-s759,4,",",",",PUNCT
dev-s759,5,sicut,sicut,SCONJ
dev-s759,6,de,de,ADP
dev-s759,7,me,ego,PRON
dev-s759,8,supra,supra,ADV
dev-s759,9,legitur,lego,VERB
dev-s759,10,",",",",PUNCT
dev-s759,11,misso,missus,NOUN
dev-s759,12,fui,sum,AUX
dev-s759,13,.,.,PUNCT
dev-s760,1,+,+,PUNCT
dev-s760,2,Ego,ego,PRON
dev-s760,3,Teudiprandus,Teudiprandus,PROPN
dev-s760,4,notarius,notarius,NOUN
dev-s760,5,",",",",PUNCT
dev-s760,6,sicut,sicut,SCONJ
dev-s760,7,de,de,ADP
dev-s760,8,me,ego,PRON
dev-s760,9,supra,supra,ADV
dev-s760,10,legitur,lego,VERB
dev-s760,11,",",",",PUNCT
dev-s760,12,misso,missus,NOUN
dev-s760,13,fui,sum,AUX
dev-s760,14,.,.,PUNCT
dev-s761,1,+,+,PUNCT
dev-s761,2,Ego,ego,PRON
dev-s761,3,Albolfo,Albolfus,PROPN
dev-s761,4,clerico,clericus,NOUN
dev-s761,5,",",",",PUNCT
dev-s761,6,sicut,sicut,SCONJ
dev-s761,7,de,de,ADP
dev-s761,8,me,ego,PRON
dev-s761,9,supra,supra,ADV
dev-s761,10,legitur,lego,VERB
dev-s761,11,",",",",PUNCT
dev-s761,12,misus,missus,NOUN
dev-s761,13,fui,sum,AUX
dev-s761,14,.,.,PUNCT
dev-s762,1,signum,signum,NOUN
dev-s762,2,+,+,PUNCT
dev-s762,3,manus,manus,NOUN
dev-s762,4,Vuarneri,Warnerus,PROPN
dev-s762,5,",",",",PUNCT
dev-s762,6,filio,filius,NOUN
dev-s762,7,quondam,quondam,ADJ
dev-s762,8,Vuarnifridi,Warnifridus,PROPN
dev-s762,9,",",",",PUNCT
dev-s762,10,sicut,sicut,SCONJ
dev-s762,11,supra,supra,ADV
dev-s762,12,legitur,lego,VERB
dev-s762,13,",",",",PUNCT
dev-s762,14,missus,missus,NOUN
dev-s762,15,fuit,sum,AUX
dev-s762,16,.,.,PUNCT
dev-s763,1,ego,ego,PRON
dev-s763,2,Ghiselfridi,Ghiselfridus,PROPN
dev-s763,3,notarius,notarius,NOUN
dev-s763,4,et,et,CCONJ
dev-s763,5,schabinus,scabinus,NOUN
dev-s763,6,",",",",PUNCT
dev-s763,7,sicut,sicut,SCONJ
dev-s763,8,supra,supra,ADV
dev-s763,9,legitur,lego,VERB
dev-s763,10,de,de,ADP
dev-s763,11,me,ego,PRON
dev-s763,12,",",",",PUNCT
dev-s763,13,misso,missus,NOUN
dev-s763,14,fuit,sum,AUX
dev-s763,15,.,.,PUNCT
dev-s764,1,ego,ego,PRON
dev-s764,2,Fraimundo,Fraimundus,PROPN
dev-s764,3,",",",",PUNCT
dev-s764,4,sicut,sicut,SCONJ
dev-s764,5,de,de,ADP
dev-s764,6,me,ego,PRON
dev-s764,7,super,super,ADV
dev-s764,8,legitur,lego,VERB
dev-s764,9,",",",",PUNCT
dev-s764,10,miso,missus,NOUN
dev-s764,11,fui,sum,AUX
dev-s764,12,.,.,PUNCT
dev-s765,1,signum,signum,NOUN
dev-s765,2,+,+,PUNCT
dev-s765,3,manus,manus,NOUN
dev-s765,4,Aloni,Aloin,PROPN
dev-s765,5,",",",",PUNCT
dev-s765,6,filio,filius,NOUN
dev-s765,7,quondam,quondam,ADJ
dev-s765,8,Anghalperti,Angilpertus,PROPN
dev-s765,9,",",",",PUNCT
dev-s765,10,sicut,sicut,SCONJ
dev-s765,11,supra,supra,ADV
dev-s765,12,legitur,lego,VERB
dev-s765,13,",",",",PUNCT
dev-s765,14,missus,missus,NOUN
dev-s765,15,fuit,sum,AUX
dev-s765,16,.,.,PUNCT
dev-s766,1,ego,ego,PRON
dev-s766,2,Teudimundus,Teudimundus,PROPN
dev-s766,3,",",",",PUNCT
dev-s766,4,rogatus,rogo,VERB
dev-s766,5,ab,ab,ADP
dev-s766,6,Adaldo,Adaldus,PROPN
dev-s766,7,",",",",PUNCT
dev-s766,8,subscripsi,subscribo,VERB
dev-s766,9,.,.,PUNCT
dev-s767,1,+,+,PUNCT
dev-s767,2,Ego,ego,PRON
dev-s767,3,Baldibertus,Baldipertus,PROPN
dev-s767,4,interfui,intersum,VERB
dev-s767,5,.,.,PUNCT
dev-s768,1,+,+,PUNCT
dev-s768,2,Ego,ego,PRON
dev-s768,3,Adalpertus,Adalpertus,PROPN
dev-s768,4,notarius,notarius,NOUN
dev-s768,5,",",",",PUNCT
dev-s768,6,rogatus,rogo,VERB
dev-s768,7,ab,ab,ADP
dev-s768,8,Adaldo,Adaldus,PROPN
dev-s768,9,",",",",PUNCT
dev-s768,10,me,ego,PRON
dev-s768,11,teste,testis,NOUN
dev-s768,12,subscripsi,subscribo,VERB
dev-s768,13,.,.,PUNCT
dev-s769,1,ego,ego,PRON
dev-s769,2,Vuillerado,Wileradus,PROPN
dev-s769,3,",",",",PUNCT
dev-s769,4,rogatus,rogo,VERB
dev-s769,5,ab,ab,ADP
dev-s769,6,Adaldo,Adaldus,PROPN
dev-s769,7,",",",",PUNCT
dev-s769,8,subscripsi,subscribo,VERB
dev-s769,9,.,.,PUNCT
dev-s770,1,ego,ego,PRON
dev-s770,2,Lambertus,Lampertus,PROPN
dev-s770,3,",",",",PUNCT
dev-s770,4,rogatus,rogo,VERB
dev-s770,5,ab,ab,ADP
dev-s770,6,Adaldo,Adaldus,PROPN
dev-s770,7,",",",",PUNCT
dev-s770,8,me,ego,PRON
dev-s770,9,teste,testis,NOUN
dev-s770,10,subscripsi,subscribo,VERB
dev-s770,11,.,.,PUNCT
dev-s771,1,+,+,PUNCT
dev-s771,2,Ego,ego,PRON
dev-s771,3,Roffridi,Rodfridus,PROPN
dev-s771,4,notarius,notarius,NOUN
dev-s771,5,et,et,CCONJ
dev-s771,6,schabinus,scabinus,NOUN
dev-s771,7,subscripsi,subscribo,VERB
dev-s771,8,.,.,PUNCT
dev-s772,1,+,+,PUNCT
dev-s772,2,Ego,ego,PRON
dev-s772,3,Himalfridi,Himalfridus,PROPN
dev-s772,4,",",",",PUNCT
dev-s772,5,rogatus,rogo,VERB
dev-s772,6,ab,ab,ADP
dev-s772,7,Adaldo,Adaldus,PROPN
dev-s772,8,",",",",PUNCT
dev-s772,9,me,ego,PRON
dev-s772,10,teste,testis,NOUN
dev-s772,11,subscripsi,subscribo,VERB
dev-s772,12,.,.,PUNCT
dev-s773,1,+,+,PUNCT
dev-s773,2,Ego,ego,PRON
dev-s773,3,Leo,Leo,PROPN
dev-s773,4,clericus,clericus,NOUN
dev-s773,5,",",",",PUNCT
dev-s773,6,rogatus,rogo,VERB
dev-s773,7,ab,ab,ADP
dev-s773,8,Adaldo,Adaldus,PROPN
dev-s773,9,",",",",PUNCT
dev-s773,10,me,ego,PRON
dev-s773,11,teste,testis,NOUN
dev-s773,12,subscripsi,subscribo,VERB
dev-s773,13,.,.,PUNCT
dev-s774,1,In,in,ADP
dev-s774,2,Dei,Deus,PROPN
dev-s774,3,omnipotentis,omnipotens,ADJ
dev-s774,4,nomine,nomen,NOUN
dev-s774,5,regnante,regno,VERB
dev-s774,6,domno,domnus,NOUN
dev-s774,7,nostro,noster,DET
dev-s774,8,Karolus,Carolus,PROPN
dev-s774,9,divina,diuinus,ADJ
dev-s774,10,faventem,faueo,VERB
dev-s774,11,clementiam,clementia,NOUN
dev-s774,12,inperatore,imperator,NOUN
dev-s774,13,augusto,augustus,NOUN
dev-s774,14,",",",",PUNCT
dev-s774,15,anno,annus,NOUN
dev-s774,16,inperii,imperium,NOUN
dev-s774,17,eius,is,PRON
dev-s774,18,sexto,sextus,ADJ
dev-s774,19,",",",",PUNCT
dev-s774,20,quinto,quintus,ADJ
dev-s774,21,decimo,decimus,ADJ
dev-s774,22,kalendas,kalendae,NOUN
dev-s774,23,novembris,nouember,ADJ
dev-s774,24,",",",",PUNCT
dev-s774,25,indictione,indictio,NOUN
dev-s774,26,quinta,quintus,ADJ
dev-s774,27,.,.,PUNCT
dev-s775,1,manifestu,manifestus,ADJ
dev-s775,2,sum,sum,AUX
dev-s775,3,ego,ego,PRON
dev-s775,4,Petrus,Petrus,PROPN
dev-s775,5,",",",",PUNCT
dev-s775,6,filio,filius,NOUN
dev-s775,7,quondam,quondam,ADJ
dev-s775,8,Ermi,Ermus,PROPN
dev-s775,9,",",",",PUNCT
dev-s775,10,quia,quia,SCONJ
dev-s775,11,tu,tu,PRON
dev-s775,12,Gherardus,Gherardus,PROPN
dev-s775,13,",",",",PUNCT
dev-s775,14,gratia,gratia,NOUN
dev-s775,15,Dei,Deus,PROPN
dev-s775,16,uius,hic,DET
dev-s775,17,sancte,sanctus,ADJ
dev-s775,18,Lucane,lucanus,ADJ
dev-s775,19,ecclesie,ecclesia,NOUN
dev-s775,20,humilis,humilis,ADJ
dev-s775,21,episcopus,episcopus,NOUN
dev-s775,22,",",",",PUNCT
dev-s775,23,per,per,ADP
dev-s775,24,cartula,chartula,NOUN
dev-s775,25,livellario,libellarius,ADJ
dev-s775,26,nomine,nomen,NOUN
dev-s775,27,ad,ad,ADP
dev-s775,28,censum,census,NOUN
dev-s775,29,vobis,uos,PRON
dev-s775,30,perexolvendum,perexsoluo,VERB
dev-s775,31,dedisti,do,VERB
dev-s775,32,mihi,ego,PRON
dev-s775,33,id,is,PRON
dev-s775,34,est,sum,AUX
dev-s775,35,ecclesia,ecclesia,NOUN
dev-s775,36,illa,ille,DET
dev-s775,37,cui,qui,PRON
dev-s775,38,vocabulum,uocabulum,NOUN
dev-s775,39,est,sum,AUX
dev-s775,40,beati,beatus,ADJ
dev-s775,41,sancti,sanctus,ADJ
dev-s775,42,Geminiani,Geminianus,PROPN
dev-s775,43,sita,sino,VERB
dev-s775,44,loco,locus,NOUN
dev-s775,45,et,et,CCONJ
dev-s775,46,finibus,finis,NOUN
dev-s775,47,Versilia,Versilia,PROPN
dev-s775,48,",",",",PUNCT
dev-s775,49,ubi,ubi,ADV
dev-s775,50,dicitur,dico,VERB
dev-s775,51,ad,ad,ADP
dev-s775,52,Monte,Mons,PROPN
dev-s775,53,Preiti,presbyter,PROPN
dev-s775,54,",",",",PUNCT
dev-s775,55,pertenentes,pertineo,VERB
dev-s775,56,ecclesie,ecclesia,NOUN
dev-s775,57,vestre,uester,DET
dev-s775,58,sancte,sanctus,ADJ
dev-s775,59,Felicite,Felicitas,PROPN
dev-s775,60,quod,qui,PRON
dev-s775,61,est,sum,AUX
dev-s775,62,plebe,plebs,NOUN
dev-s775,63,baptismale,baptismalis,ADJ
dev-s775,64,prope,prope,ADP
dev-s775,65,suprascripto,suprascriptus,DET
dev-s775,66,loco,locus,NOUN
dev-s775,67,Versilia,Versilia,PROPN
dev-s775,68,",",",",PUNCT
dev-s775,69,qui,qui,PRON
dev-s775,70,est,sum,AUX
dev-s775,71,desup,desub,ADP
dev-s775,72,potestatem,potestas,NOUN
dev-s775,73,ipsius,ipse,DET
dev-s775,74,episcopatui,episcopatus,NOUN
dev-s775,75,vestro,uester,DET
dev-s775,76,sancti,sanctus,ADJ
dev-s775,77,Martini,Martinus,PROPN
dev-s775,78,",",",",PUNCT
dev-s775,79,ecclesia,ecclesia,NOUN
dev-s775,80,vero,uero,ADV
dev-s775,81,ipsa,ipse,DET
dev-s775,82,sancti,sanctus,ADJ
dev-s775,83,Geminiani,Geminianus,PROPN
dev-s775,84,",",",",PUNCT
dev-s775,85,cum,cum,ADP
dev-s775,86,casa,casa,NOUN
dev-s775,87,quod,qui,PRON
dev-s775,88,est,sum,AUX
dev-s775,89,subdita,subdo,VERB
dev-s775,90,",",",",PUNCT
dev-s775,91,recta,recta,ADP
dev-s775,92,ipsa,ipse,DET
dev-s775,93,ecclesia,ecclesia,NOUN
dev-s775,94,sive,siue,CCONJ
dev-s775,95,capanna,capanna,NOUN
dev-s775,96,massaricia,massaricius,ADJ
dev-s775,97,prope,prope,ADP
dev-s775,98,ipsa,ipse,DET
dev-s775,99,ecclesia,ecclesia,NOUN
dev-s775,100,cum,cum,ADP
dev-s775,101,fundamentis,fundamentum,NOUN
dev-s775,102,et,et,CCONJ
dev-s775,103,universis,uniuersus,DET
dev-s775,104,fabricis,fabrica,NOUN
dev-s775,105,suis,suus,DET
dev-s775,106,seu,seu,CCONJ
dev-s775,107,curtis,curtis,NOUN
dev-s775,108,",",",",PUNCT
dev-s775,109,ortis,hortus,NOUN
dev-s775,110,",",",",PUNCT
dev-s775,111,terris,terra,NOUN
dev-s775,112,",",",",PUNCT
dev-s775,113,vineis,uinea,NOUN
dev-s775,114,",",",",PUNCT
dev-s775,115,olivis,oliua,NOUN
dev-s775,116,",",",",PUNCT
dev-s775,117,silvis,silua,NOUN
dev-s775,118,",",",",PUNCT
dev-s775,119,virgareis,uirgareum,NOUN
dev-s775,120,",",",",PUNCT
dev-s775,121,pratis,pratum,NOUN
dev-s775,122,",",",",PUNCT
dev-s775,123,pascuis,pascuum,NOUN
dev-s775,124,",",",",PUNCT
dev-s775,125,cultis,cultus,ADJ
dev-s775,126,rebus,res,NOUN
dev-s775,127,vel,uel,CCONJ
dev-s775,128,incultis,incultus,ADJ
dev-s775,129,;,;,PUNCT
dev-s776,1,omnia,omnis,DET
dev-s776,2,et,et,CCONJ
dev-s776,3,in,in,ADP
dev-s776,4,omnibus,omnis,DET
dev-s776,5,rebus,res,NOUN
dev-s776,6,tam,tam,ADV
dev-s776,7,domnicatas,domnicatus,ADJ
dev-s776,8,quam,quam,SCONJ
dev-s776,9,et,et,CCONJ
dev-s776,10,massaricias,massaricius,ADJ
dev-s776,11,",",",",PUNCT
dev-s776,12,quantas,quantus,DET
dev-s776,13,ubique,ubique,ADV
dev-s776,14,ad,ad,ADP
dev-s776,15,ipsa,ipse,DET
dev-s776,16,ecclesia,ecclesia,NOUN
dev-s776,17,sancti,sanctus,ADJ
dev-s776,18,Geminiani,Geminianus,PROPN
dev-s776,19,est,sum,AUX
dev-s776,20,pertenentes,pertineo,VERB
dev-s776,21,et,et,CCONJ
dev-s776,22,Ottichautio,Ottichautius,PROPN
dev-s776,23,exinde,exinde,ADV
dev-s776,24,ad,ad,ADP
dev-s776,25,manus,manus,NOUN
dev-s776,26,suas,suus,DET
dev-s776,27,abere,habeo,VERB
dev-s776,28,et,et,CCONJ
dev-s776,29,detinere,detineo,VERB
dev-s776,30,videtur,uideo,VERB
dev-s776,31,",",",",PUNCT
dev-s776,32,in,in,ADP
dev-s776,33,integrum,integer,ADJ
dev-s776,34,mihi,ego,PRON
dev-s776,35,eas,is,PRON
dev-s776,36,dedisti,do,VERB
dev-s776,37,;,;,PUNCT
dev-s777,1,seu,seu,CCONJ
dev-s777,2,et,et,CCONJ
dev-s777,3,dedisti,do,VERB
dev-s777,4,mihi,ego,PRON
dev-s777,5,id,is,PRON
dev-s777,6,est,sum,AUX
dev-s777,7,tres,tres,NUM
dev-s777,8,capannas,capanna,NOUN
dev-s777,9,et,et,CCONJ
dev-s777,10,rebus,res,NOUN
dev-s777,11,illis,ille,DET
dev-s777,12,",",",",PUNCT
dev-s777,13,pertenentes,pertineo,VERB
dev-s777,14,suprascripte,suprascriptus,DET
dev-s777,15,ecclesie,ecclesia,NOUN
dev-s777,16,vestre,uester,DET
dev-s777,17,sancte,sanctus,ADJ
dev-s777,18,Felicite,Felicitas,PROPN
dev-s777,19,",",",",PUNCT
dev-s777,20,qui,qui,DET
dev-s777,21,una,unus,DET
dev-s777,22,ex,ex,ADP
dev-s777,23,ipse,ipse,DET
dev-s777,24,capanna,capanna,NOUN
dev-s777,25,et,et,CCONJ
dev-s777,26,res,res,NOUN
dev-s777,27,esse,sum,AUX
dev-s777,28,videtur,uideo,VERB
dev-s777,29,in,in,ADP
dev-s777,30,loco,locus,NOUN
dev-s777,31,ubi,ubi,ADV
dev-s777,32,dicitur,dico,VERB
dev-s777,33,Orticeta,Orticeta,PROPN
dev-s777,34,",",",",PUNCT
dev-s777,35,in,in,ADP
dev-s777,36,qua,qui,PRON
dev-s777,37,Ostrualdo,Austrualdus,PROPN
dev-s777,38,massario,massarius,NOUN
dev-s777,39,residere,resideo,VERB
dev-s777,40,videtur,uideo,VERB
dev-s777,41,",",",",PUNCT
dev-s777,42,et,et,CCONJ
dev-s777,43,illa,ille,DET
dev-s777,44,alia,alius,DET
dev-s777,45,capanna,capanna,NOUN
dev-s777,46,et,et,CCONJ
dev-s777,47,res,res,NOUN
dev-s777,48,esse,sum,AUX
dev-s777,49,videtur,uideo,VERB
dev-s777,50,in,in,ADP
dev-s777,51,loco,locus,NOUN
dev-s777,52,ubi,ubi,ADV
dev-s777,53,dicitur,dico,VERB
dev-s777,54,Burcha,Burca,PROPN
dev-s777,55,",",",",PUNCT
dev-s777,56,in,in,ADP
dev-s777,57,qua,qui,PRON
dev-s777,58,Iobbiano,Jouianus,PROPN
dev-s777,59,residere,resideo,VERB
dev-s777,60,videtur,uideo,VERB
dev-s777,61,",",",",PUNCT
dev-s777,62,et,et,CCONJ
dev-s777,63,illa,ille,DET
dev-s777,64,tertia,tertius,ADJ
dev-s777,65,capanna,capanna,NOUN
dev-s777,66,et,et,CCONJ
dev-s777,67,res,res,NOUN
dev-s777,68,esse,sum,AUX
dev-s777,69,videtur,uideo,VERB
dev-s777,70,in,in,ADP
dev-s777,71,loco,locus,NOUN
dev-s777,72,ubi,ubi,ADV
dev-s777,73,dicitur,dico,VERB
dev-s777,74,Castello,Castellum,PROPN
dev-s777,75,",",",",PUNCT
dev-s777,76,prope,prope,ADP
dev-s777,77,ecclesia,ecclesia,NOUN
dev-s777,78,sancti,sanctus,ADJ
dev-s777,79,Cassiani,Cassianus,PROPN
dev-s777,80,",",",",PUNCT
dev-s777,81,in,in,ADP
dev-s777,82,qua,qui,PRON
dev-s777,83,Ientiano,Gentianum,PROPN
dev-s777,84,massario,massarius,NOUN
dev-s777,85,residere,resideo,VERB
dev-s777,86,videtur,uideo,VERB
dev-s777,87,;,;,PUNCT
dev-s778,1,item,item,ADV
dev-s778,2,et,et,CCONJ
dev-s778,3,dedisti,do,VERB
dev-s778,4,mihi,ego,PRON
dev-s778,5,duo,duo,NUM
dev-s778,6,petiole,petiola,NOUN
dev-s778,7,de,de,ADP
dev-s778,8,terre,terra,NOUN
dev-s778,9,que,qui,PRON
dev-s778,10,sunt,sum,AUX
dev-s778,11,vinee,uinea,NOUN
dev-s778,12,ille,ille,DET
dev-s778,13,domnicate,domnicatus,ADJ
dev-s778,14,in,in,ADP
dev-s778,15,ian,iam,ADV
dev-s778,16,dicto,dico,VERB
dev-s778,17,loco,locus,NOUN
dev-s778,18,Orticeta,Orticeta,PROPN
dev-s778,19,",",",",PUNCT
dev-s778,20,pertenentes,pertineo,VERB
dev-s778,21,suprascripte,suprascriptus,DET
dev-s778,22,ecclesie,ecclesia,NOUN
dev-s778,23,vestre,uester,DET
dev-s778,24,sancte,sanctus,ADJ
dev-s778,25,Felicite,Felicitas,PROPN
dev-s778,26,;,;,PUNCT
dev-s779,1,ambo,ambo,DET
dev-s779,2,ipse,ipse,DET
dev-s779,3,petie,petia,NOUN
dev-s779,4,de,de,ADP
dev-s779,5,vinee,uinea,NOUN
dev-s779,6,cum,cum,ADP
dev-s779,7,cesis,caesa,NOUN
dev-s779,8,et,et,CCONJ
dev-s779,9,omnibus,omnis,DET
dev-s779,10,arboribus,arbor,NOUN
dev-s779,11,suis,suus,DET
dev-s779,12,",",",",PUNCT
dev-s779,13,in,in,ADP
dev-s779,14,integrum,integer,ADJ
dev-s779,15,mihi,ego,PRON
dev-s779,16,eas,is,PRON
dev-s779,17,dedisti,do,VERB
dev-s779,18,;,;,PUNCT
dev-s780,1-2,nec,_,_
dev-s780,1,ne,ne,PART
dev-s780,2,c,que,CCONJ
dev-s780,3,non,non,PART
dev-s780,4,et,et,CCONJ
dev-s780,5,dedisti,do,VERB
dev-s780,6,mihi,ego,PRON
dev-s780,7,",",",",PUNCT
dev-s780,8,id,is,PRON
dev-s780,9,est,sum,AUX
dev-s780,10,una,unus,DET
dev-s780,11,petia,petia,NOUN
dev-s780,12,de,de,ADP
dev-s780,13,terra,terra,NOUN
dev-s780,14,quod,qui,PRON
dev-s780,15,est,sum,AUX
dev-s780,16,silva,silua,NOUN
dev-s780,17,",",",",PUNCT
dev-s780,18,in,in,ADP
dev-s780,19,loco,locus,NOUN
dev-s780,20,ubi,ubi,ADV
dev-s780,21,dicitur,dico,VERB
dev-s780,22,Scharpello,Scarpellum,PROPN
dev-s780,23,",",",",PUNCT
dev-s780,24,similiter,similiter,ADV
dev-s780,25,pertenentes,pertineo,VERB
dev-s780,26,prefate,praefatus,DET
dev-s780,27,ecclesie,ecclesia,NOUN
dev-s780,28,sancte,sanctus,ADJ
dev-s780,29,Felicite,Felicitas,PROPN
dev-s780,30,;,;,PUNCT
dev-s781,1,iam,iam,ADV
dev-s781,2,dicta,dico,VERB
dev-s781,3,terra,terra,NOUN
dev-s781,4,et,et,CCONJ
dev-s781,5,silva,silua,NOUN
dev-s781,6,",",",",PUNCT
dev-s781,7,in,in,ADP
dev-s781,8,integrum,integer,ADJ
dev-s781,9,mihi,ego,PRON
dev-s781,10,eas,is,PRON
dev-s781,11,dedisti,do,VERB
dev-s781,12,;,;,PUNCT
dev-s782,1,simul,simul,ADV
dev-s782,2,que,que,ADV
dev-s782,3,et,et,CCONJ
dev-s782,4,dedisti,do,VERB
dev-s782,5,mihi,ego,PRON
dev-s782,6,una,unus,DET
dev-s782,7,petia,petia,NOUN
dev-s782,8,de,de,ADP
dev-s782,9,terra,terra,NOUN
dev-s782,10,illa,ille,DET
dev-s782,11,qui,qui,PRON
dev-s782,12,fuit,sum,AUX
dev-s782,13,domnicata,domnicatus,ADJ
dev-s782,14,ubi,ubi,ADV
dev-s782,15,dicitur,dico,VERB
dev-s782,16,sup,sub,ADP
dev-s782,17,Strata,strata,PROPN
dev-s782,18,",",",",PUNCT
dev-s782,19,similiter,similiter,ADV
dev-s782,20,pertenentes,pertineo,VERB
dev-s782,21,suprascripte,suprascriptus,DET
dev-s782,22,ecclesie,ecclesia,NOUN
dev-s782,23,vestre,uester,DET
dev-s782,24,sancte,sanctus,ADJ
dev-s782,25,Felicite,Felicitas,PROPN
dev-s782,26,",",",",PUNCT
dev-s782,27,quas,qui,DET
dev-s782,28,ipse,ipse,DET
dev-s782,29,terra,terra,NOUN
dev-s782,30,est,sum,AUX
dev-s782,31,tenentes,teneo,VERB
dev-s782,32,uno,unus,DET
dev-s782,33,caput,caput,NOUN
dev-s782,34,in,in,ADP
dev-s782,35,via,uia,NOUN
dev-s782,36,publica,publicus,ADJ
dev-s782,37,",",",",PUNCT
dev-s782,38,alio,alius,DET
dev-s782,39,caput,caput,NOUN
dev-s782,40,tenet,teneo,VERB
dev-s782,41,in,in,ADP
dev-s782,42,Padule,Palus,PROPN
dev-s782,43,",",",",PUNCT
dev-s782,44,lato,latus,NOUN
dev-s782,45,uno,unus,DET
dev-s782,46,tenet,teneo,VERB
dev-s782,47,in,in,ADP
dev-s782,48,terra,terra,NOUN
dev-s782,49,suprascripte,suprascriptus,DET
dev-s782,50,ecclesie,ecclesia,NOUN
dev-s782,51,sancti,sanctus,ADJ
dev-s782,52,Geminiani,Geminianus,PROPN
dev-s782,53,",",",",PUNCT
dev-s782,54,alio,alius,DET
dev-s782,55,lato,latus,NOUN
dev-s782,56,tenet,teneo,VERB
dev-s782,57,in,in,ADP
dev-s782,58,terra,terra,NOUN
dev-s782,59,quas,qui,PRON
dev-s782,60,Iobbiano,Jouianus,PROPN
dev-s782,61,ad,ad,ADP
dev-s782,62,manus,manus,NOUN
dev-s782,63,suas,suus,DET
dev-s782,64,abet,habeo,VERB
dev-s782,65,;,;,PUNCT
dev-s783,1,suprascripta,suprascriptus,DET
dev-s783,2,petia,petia,NOUN
dev-s783,3,de,de,ADP
dev-s783,4,terra,terra,NOUN
dev-s783,5,",",",",PUNCT
dev-s783,6,qualiter,qualiter,SCONJ
dev-s783,7,ab,ad,ADP
dev-s783,8,omnis,omnis,DET
dev-s783,9,partes,pars,NOUN
dev-s783,10,circumdata,circumdo,VERB
dev-s783,11,est,sum,AUX
dev-s783,12,per,per,ADP
dev-s783,13,designatas,designo,VERB
dev-s783,14,locas,locum,NOUN
dev-s783,15,cum,cum,ADP
dev-s783,16,fossis,fossa,NOUN
dev-s783,17,suis,suus,DET
dev-s783,18,in,in,ADP
dev-s783,19,integrum,integer,ADJ
dev-s783,20,mihi,ego,PRON
dev-s783,21,eas,is,PRON
dev-s783,22,dedisti,do,VERB
dev-s783,23,",",",",PUNCT
dev-s783,24,tali,talis,DET
dev-s783,25,ordinem,ordo,NOUN
dev-s783,26,ut,ut,SCONJ
dev-s783,27,da,da,ADP
dev-s783,28,admodum,admodum,ADV
dev-s783,29,dum,dum,SCONJ
dev-s783,30,vita,uita,NOUN
dev-s783,31,Arifusi,Arifusus,PROPN
dev-s783,32,presbiteri,presbyter,NOUN
dev-s783,33,et,et,CCONJ
dev-s783,34,abbas,abbas,NOUN
dev-s783,35,monasterii,monasterium,NOUN
dev-s783,36,beati,beatus,ADJ
dev-s783,37,sancti,sanctus,ADJ
dev-s783,38,Petri,Petrus,PROPN
dev-s783,39,sito,sino,VERB
dev-s783,40,Campo,campus,PROPN
dev-s783,41,Maiore,magnus,ADJ
dev-s783,42,",",",",PUNCT
dev-s783,43,filio,filius,NOUN
dev-s783,44,quondam,quondam,ADJ
dev-s783,45,Auchisi,Autchisus,PROPN
dev-s783,46,",",",",PUNCT
dev-s783,47,fuerit,sum,AUX
dev-s783,48,",",",",PUNCT
dev-s783,49,in,in,ADP
dev-s783,50,mea,meus,DET
dev-s783,51,qui,qui,DET
dev-s783,52,supra,supra,ADV
dev-s783,53,Petrus,Petrus,PROPN
dev-s783,54,vel,uel,CCONJ
dev-s783,55,de,de,ADP
dev-s783,56,meis,meus,DET
dev-s783,57,heredes,heres,NOUN
dev-s783,58,sint,sum,AUX
dev-s783,59,potestatem,potestas,NOUN
dev-s783,60,suprascriptas,suprascriptus,DET
dev-s783,61,ecclesie,ecclesia,NOUN
dev-s783,62,sancti,sanctus,ADJ
dev-s783,63,Geminiani,Geminianus,PROPN
dev-s783,64,et,et,CCONJ
dev-s783,65,sancte,sanctus,ADJ
dev-s783,66,Marie,Maria,PROPN
dev-s783,67,cum,cum,ADP
dev-s783,68,casis,casa,NOUN
dev-s783,69,et,et,CCONJ
dev-s783,70,rebus,res,NOUN
dev-s783,71,ad,ad,ADP
dev-s783,72,eas,is,PRON
dev-s783,73,pertenentibus,pertineo,VERB
dev-s783,74,",",",",PUNCT
dev-s783,75,seu,seu,CCONJ
dev-s783,76,predictis,praedictus,DET
dev-s783,77,capannis,capanna,NOUN
dev-s783,78,et,et,CCONJ
dev-s783,79,rebus,res,NOUN
dev-s783,80,massariciis,massaricius,ADJ
dev-s783,81,adque,atque,CCONJ
dev-s783,82,et,et,CCONJ
dev-s783,83,supradictis,supradictus,ADJ
dev-s783,84,petiis,petia,NOUN
dev-s783,85,de,de,ADP
dev-s783,86,vineis,uinea,NOUN
dev-s783,87,et,et,CCONJ
dev-s783,88,terra,terra,NOUN
dev-s783,89,seu,seu,CCONJ
dev-s783,90,silva,silua,NOUN
dev-s783,91,quas,qui,PRON
dev-s783,92,mihi,ego,PRON
dev-s783,93,supra,supra,ADV
dev-s783,94,dedisti,do,VERB
dev-s783,95,",",",",PUNCT
dev-s783,96,abendi,habeo,VERB
dev-s783,97,",",",",PUNCT
dev-s783,98,inperandi,impero,VERB
dev-s783,99,",",",",PUNCT
dev-s783,100,laborare,laboro,VERB
dev-s783,101,faciendi,facio,VERB
dev-s783,102,ita,ita,ADV
dev-s783,103,ut,ut,SCONJ
dev-s783,104,melioretur,melioro,VERB
dev-s783,105,nam,nam,PART
dev-s783,106,non,non,PART
dev-s783,107,pegioretur,peioro,VERB
dev-s783,108,et,et,CCONJ
dev-s783,109,nobis,nos,PRON
dev-s783,110,eas,is,PRON
dev-s783,111,privato,priuo,VERB
dev-s783,112,nomine,nomen,NOUN
dev-s783,113,usufructuandi,usufructuo,VERB
dev-s783,114,et,et,CCONJ
dev-s783,115,in,in,ADP
dev-s783,116,ipsa,ipse,DET
dev-s783,117,Domini,Dominus,PROPN
dev-s783,118,ecclesia,ecclesia,NOUN
dev-s783,119,sancti,sanctus,ADJ
dev-s783,120,Geminiani,Geminianus,PROPN
dev-s783,121,et,et,CCONJ
dev-s783,122,sancte,sanctus,ADJ
dev-s783,123,Marie,Maria,PROPN
dev-s783,124,per,per,ADP
dev-s783,125,nostram,noster,DET
dev-s783,126,dispositionem,dispositio,NOUN
dev-s783,127,officium,officium,NOUN
dev-s783,128,Dei,Deus,PROPN
dev-s783,129,et,et,CCONJ
dev-s783,130,luminaria,luminare,NOUN
dev-s783,131,seu,seu,CCONJ
dev-s783,132,missarum,missa,NOUN
dev-s783,133,fieri,fio,VERB
dev-s783,134,debeam,debeo,VERB
dev-s783,135,.,.,PUNCT
dev-s784,1,et,et,CCONJ
dev-s784,2,pro,pro,ADP
dev-s784,3,omni,omnis,DET
dev-s784,4,censum,census,NOUN
dev-s784,5,et,et,CCONJ
dev-s784,6,iustitia,iustitia,NOUN
dev-s784,7,exinde,exinde,ADV
dev-s784,8,tibi,tu,PRON
dev-s784,9,",",",",PUNCT
dev-s784,10,vel,uel,CCONJ
dev-s784,11,ad,ad,ADP
dev-s784,12,successoribus,successor,NOUN
dev-s784,13,tuis,tuus,DET
dev-s784,14,ad,ad,ADP
dev-s784,15,pars,pars,NOUN
dev-s784,16,ipsius,ipse,DET
dev-s784,17,ecclesie,ecclesia,NOUN
dev-s784,18,vestre,uester,DET
dev-s784,19,sancte,sanctus,ADJ
dev-s784,20,Felicite,Felicitas,PROPN
dev-s784,21,",",",",PUNCT
dev-s784,22,per,per,ADP
dev-s784,23,singulos,singulus,ADJ
dev-s784,24,annos,annus,NOUN
dev-s784,25,per,per,ADP
dev-s784,26,omnem,omnis,DET
dev-s784,27,mense,mensis,NOUN
dev-s784,28,magio,maius,NOUN
dev-s784,29,censum,census,NOUN
dev-s784,30,vobis,uos,PRON
dev-s784,31,reddere,reddo,VERB
dev-s784,32,debeamus,debeo,VERB
dev-s784,33,ad,ad,ADP
dev-s784,34,suprascripta,suprascriptus,DET
dev-s784,35,ecclesia,ecclesia,NOUN
dev-s784,36,sancte,sanctus,ADJ
dev-s784,37,Felicite,Felicitas,PROPN
dev-s784,38,per,per,ADP
dev-s784,39,nos,nos,PRON
dev-s784,40,",",",",PUNCT
dev-s784,41,aut,aut,CCONJ
dev-s784,42,per,per,ADP
dev-s784,43,misso,missus,NOUN
dev-s784,44,nostro,noster,DET
dev-s784,45,",",",",PUNCT
dev-s784,46,vobis,uos,PRON
dev-s784,47,",",",",PUNCT
dev-s784,48,vel,uel,CCONJ
dev-s784,49,ad,ad,ADP
dev-s784,50,ministerialem,ministerialis,NOUN
dev-s784,51,illum,ille,DET
dev-s784,52,quas,qui,PRON
dev-s784,53,ibi,ubi,ADV
dev-s784,54,pre,prae,ADP
dev-s784,55,tempore,tempus,NOUN
dev-s784,56,fuerit,sum,AUX
dev-s784,57,",",",",PUNCT
dev-s784,58,argentum,argentum,NOUN
dev-s784,59,denarios,denarius,NOUN
dev-s784,60,bonos,bonus,ADJ
dev-s784,61,expendiviles,expendibilis,ADJ
dev-s784,62,numero,numerus,NOUN
dev-s784,63,septuaginta,septuaginta,NUM
dev-s784,64,duo,duo,NUM
dev-s784,65,",",",",PUNCT
dev-s784,66,et,et,CCONJ
dev-s784,67,homines,homo,NOUN
dev-s784,68,illos,ille,DET
dev-s784,69,qui,qui,PRON
dev-s784,70,in,in,ADP
dev-s784,71,ipsis,ipse,DET
dev-s784,72,casis,casa,NOUN
dev-s784,73,et,et,CCONJ
dev-s784,74,capannis,capanna,NOUN
dev-s784,75,abitantes,habito,VERB
dev-s784,76,fuerit,sum,AUX
dev-s784,77,",",",",PUNCT
dev-s784,78,nos,nos,PRON
dev-s784,79,eum,is,PRON
dev-s784,80,a,ab,ADP
dev-s784,81,mandato,mandatum,NOUN
dev-s784,82,vestro,uester,DET
dev-s784,83,venire,uenio,VERB
dev-s784,84,faciamus,facio,VERB
dev-s784,85,hic,hic,ADV
dev-s784,86,civitate,ciuitas,NOUN
dev-s784,87,Luca,Luca,PROPN
dev-s784,88,legem,lex,NOUN
dev-s784,89,et,et,CCONJ
dev-s784,90,iustitiam,iustitia,NOUN
dev-s784,91,faciendum,facio,VERB
dev-s784,92,tantum,tantum,ADV
dev-s784,93,.,.,PUNCT
dev-s785,1,et,et,CCONJ
dev-s785,2,si,si,SCONJ
dev-s785,3,a,ab,ADP
dev-s785,4,nos,nos,PRON
dev-s785,5,vobis,uos,PRON
dev-s785,6,hec,hic,DET
dev-s785,7,omnia,omnis,DET
dev-s785,8,qualiter,qualiter,SCONJ
dev-s785,9,superius,superius,ADV
dev-s785,10,legitur,lego,VERB
dev-s785,11,per,per,ADP
dev-s785,12,singulos,singulus,ADJ
dev-s785,13,annos,annus,NOUN
dev-s785,14,sic,sic,ADV
dev-s785,15,non,non,PART
dev-s785,16,fuerint,sum,AUX
dev-s785,17,adinpleta,adimpleo,VERB
dev-s785,18,et,et,CCONJ
dev-s785,19,conservata,conseruo,VERB
dev-s785,20,",",",",PUNCT
dev-s785,21,aut,aut,CCONJ
dev-s785,22,si,si,SCONJ
dev-s785,23,suprascriptas,suprascriptus,DET
dev-s785,24,ecclesias,ecclesia,NOUN
dev-s785,25,sancti,sanctus,ADJ
dev-s785,26,Geminiani,Geminianus,PROPN
dev-s785,27,et,et,CCONJ
dev-s785,28,sancte,sanctus,ADJ
dev-s785,29,Marie,Maria,PROPN
dev-s785,30,seu,seu,CCONJ
dev-s785,31,casis,casa,NOUN
dev-s785,32,et,et,CCONJ
dev-s785,33,capannis,capanna,NOUN
dev-s785,34,adque,atque,CCONJ
dev-s785,35,rebus,res,NOUN
dev-s785,36,quas,qui,PRON
dev-s785,37,mihi,ego,PRON
dev-s785,38,dedisti,do,VERB
dev-s785,39,relaxsaverimus,relaxo,VERB
dev-s785,40,",",",",PUNCT
dev-s785,41,vel,uel,CCONJ
dev-s785,42,si,si,SCONJ
dev-s785,43,per,per,ADP
dev-s785,44,nos,nos,PRON
dev-s785,45,pegioratis,peioro,VERB
dev-s785,46,fuerint,sum,AUX
dev-s785,47,dum,dum,SCONJ
dev-s785,48,vitam,uita,NOUN
dev-s785,49,suprascripti,suprascriptus,DET
dev-s785,50,Arifusi,Arifusus,PROPN
dev-s785,51,abbas,abbas,NOUN
dev-s785,52,fuerit,sum,AUX
dev-s785,53,",",",",PUNCT
dev-s785,54,spondeo,spondeo,VERB
dev-s785,55,ego,ego,PRON
dev-s785,56,qui,qui,DET
dev-s785,57,supra,supra,ADV
dev-s785,58,Petrus,Petrus,PROPN
dev-s785,59,",",",",PUNCT
dev-s785,60,una,una,ADV
dev-s785,61,cum,cum,ADP
dev-s785,62,meis,meus,DET
dev-s785,63,heredes,heres,NOUN
dev-s785,64,",",",",PUNCT
dev-s785,65,conponere,compono,VERB
dev-s785,66,tibi,tu,PRON
dev-s785,67,qui,qui,DET
dev-s785,68,supra,supra,ADV
dev-s785,69,Gherardus,Gherardus,PROPN
dev-s785,70,episcopus,episcopus,NOUN
dev-s785,71,",",",",PUNCT
dev-s785,72,vel,uel,CCONJ
dev-s785,73,ad,ad,ADP
dev-s785,74,successoribus,successor,NOUN
dev-s785,75,tuis,tuus,DET
dev-s785,76,",",",",PUNCT
dev-s785,77,penam,poena,NOUN
dev-s785,78,",",",",PUNCT
dev-s785,79,argentum,argentum,NOUN
dev-s785,80,soledos,solidus,NOUN
dev-s785,81,quinquaginta,quinquaginta,NUM
dev-s785,82,.,.,PUNCT
dev-s786,1,nam,nam,PART
dev-s786,2,post,post,ADP
dev-s786,3,vero,uero,ADV
dev-s786,4,obito,obitus,NOUN
dev-s786,5,suprascripti,suprascriptus,DET
dev-s786,6,Arifusi,Arifusus,PROPN
dev-s786,7,presbiteri,presbyter,NOUN
dev-s786,8,et,et,CCONJ
dev-s786,9,abbas,abbas,NOUN
dev-s786,10,hunc,hic,DET
dev-s786,11,libellum,libellus,NOUN
dev-s786,12,inanis,inanis,ADJ
dev-s786,13,et,et,CCONJ
dev-s786,14,vacuum,uacuus,ADJ
dev-s786,15,adque,atque,CCONJ
dev-s786,16,capsatum,capso,VERB
dev-s786,17,appareat,appareo,VERB
dev-s786,18,quod,quod,SCONJ
dev-s786,19,in,in,ADP
dev-s786,20,se,sui,PRON
dev-s786,21,nullum,nullus,DET
dev-s786,22,optineat,obtineo,VERB
dev-s786,23,robore,robur,NOUN
dev-s786,24-25,nec,_,_
dev-s786,24,ne,ne,PART
dev-s786,25,c,que,CCONJ
dev-s786,26,firmitatem,firmitas,NOUN
dev-s786,27,",",",",PUNCT
dev-s786,28,quia,quia,SCONJ
dev-s786,29,taliter,taliter,ADV
dev-s786,30,inter,inter,ADP
dev-s786,31,nos,nos,PRON
dev-s786,32,convenit,conuenio,VERB
dev-s786,33,et,et,CCONJ
dev-s786,34,duas,duo,NUM
dev-s786,35,inter,inter,ADP
dev-s786,36,nos,nos,PRON
dev-s786,37,cartulas,chartula,NOUN
dev-s786,38,Rachifonsum,Rachifonsus,PROPN
dev-s786,39,notarium,notarius,NOUN
dev-s786,40,scribere,scribo,VERB
dev-s786,41,rogavimus,rogo,VERB
dev-s786,42,.,.,PUNCT
dev-s787,1,actum,ago,VERB
dev-s787,2,Luca,Luca,PROPN
dev-s787,3,.,.,PUNCT
dev-s788,1,signum,signum,NOUN
dev-s788,2,+,+,PUNCT
dev-s788,3,manus,manus,NOUN
dev-s788,4,Petri,Petrus,PROPN
dev-s788,5,qui,qui,PRON
dev-s788,6,hunc,hic,DET
dev-s788,7,libellum,libellus,NOUN
dev-s788,8,fieri,fio,VERB
dev-s788,9,rogavit,rogo,VERB
dev-s788,10,.,.,PUNCT
dev-s789,1,+,+,PUNCT
dev-s789,2,Ego,ego,PRON
dev-s789,3,Petronaci,Petronax,PROPN
dev-s789,4,presbiter,presbyter,NOUN
dev-s789,5,custos,custos,NOUN
dev-s789,6,et,et,CCONJ
dev-s789,7,rector,rector,NOUN
dev-s789,8,ecclesie,ecclesia,NOUN
dev-s789,9,sancte,sanctus,ADJ
dev-s789,10,Felicite,Felicitas,PROPN
dev-s789,11,in,in,ADP
dev-s789,12,unc,hic,DET
dev-s789,13,livello,libellus,NOUN
dev-s789,14,consensi,consentio,VERB
dev-s789,15,et,et,CCONJ
dev-s789,16,supscripsi,subscribo,VERB
dev-s789,17,.,.,PUNCT
dev-s790,1,+,+,PUNCT
dev-s790,2,Ego,ego,PRON
dev-s790,3,Sicherado,Sicheradus,PROPN
dev-s790,4,",",",",PUNCT
dev-s790,5,rogatus,rogo,VERB
dev-s790,6,a,ab,ADP
dev-s790,7,Petrus,Petrus,PROPN
dev-s790,8,",",",",PUNCT
dev-s790,9,me,ego,PRON
dev-s790,10,teste,testis,NOUN
dev-s790,11,subscripsi,subscribo,VERB
dev-s790,12,.,.,PUNCT
dev-s791,1,ego,ego,PRON
dev-s791,2,Cunimundo,Cunimundus,PROPN
dev-s791,3,",",",",PUNCT
dev-s791,4,rogatus,rogo,VERB
dev-s791,5,a,ab,ADP
dev-s791,6,Petrus,Petrus,PROPN
dev-s791,7,",",",",PUNCT
dev-s791,8,me,ego,PRON
dev-s791,9,teste,testis,NOUN
dev-s791,10,subscripsi,subscribo,VERB
dev-s791,11,.,.,PUNCT
dev-s792,1,In,in,ADP
dev-s792,2,Dei,Deus,PROPN
dev-s792,3,omnipotentis,omnipotens,ADJ
dev-s792,4,nomine,nomen,NOUN
dev-s792,5,regnante,regno,VERB
dev-s792,6,domno,domnus,NOUN
dev-s792,7,nostro,noster,DET
dev-s792,8,Karolus,Carolus,PROPN
dev-s792,9,divina,diuinus,ADJ
dev-s792,10,faventem,faueo,VERB
dev-s792,11,clementiam,clementia,NOUN
dev-s792,12,imperatore,imperator,NOUN
dev-s792,13,augusto,augustus,NOUN
dev-s792,14,",",",",PUNCT
dev-s792,15,anno,annus,NOUN
dev-s792,16,imperii,imperium,NOUN
dev-s792,17,eius,is,PRON
dev-s792,18,septimo,septimus,ADJ
dev-s792,19,",",",",PUNCT
dev-s792,20,sexto,sextus,ADJ
dev-s792,21,kalendas,kalendae,NOUN
dev-s792,22,aprelis,aprilis,ADJ
dev-s792,23,",",",",PUNCT
dev-s792,24,indictione,indictio,NOUN
dev-s792,25,quinta,quintus,ADJ
dev-s792,26,.,.,PUNCT
dev-s793,1,manifesti,manifestus,ADJ
dev-s793,2,sumus,sum,AUX
dev-s793,3,nos,nos,PRON
dev-s793,4,Andreas,Andreas,PROPN
dev-s793,5,",",",",PUNCT
dev-s793,6,filio,filius,NOUN
dev-s793,7,quondam,quondam,ADJ
dev-s793,8,Petri,Petrus,PROPN
dev-s793,9,",",",",PUNCT
dev-s793,10,et,et,CCONJ
dev-s793,11,Ildiperto,Hildipertus,PROPN
dev-s793,12,",",",",PUNCT
dev-s793,13,filio,filius,NOUN
dev-s793,14,quondam,quondam,ADJ
dev-s793,15,Ildiprandi,Ildiprandus,PROPN
dev-s793,16,",",",",PUNCT
dev-s793,17,quia,quia,SCONJ
dev-s793,18,tu,tu,PRON
dev-s793,19,Gherardus,Gherardus,PROPN
dev-s793,20,",",",",PUNCT
dev-s793,21,gratia,gratia,NOUN
dev-s793,22,Dei,Deus,PROPN
dev-s793,23,huius,hic,DET
dev-s793,24,sancte,sanctus,ADJ
dev-s793,25,Lucane,lucanus,ADJ
dev-s793,26,ecclesie,ecclesia,NOUN
dev-s793,27,humilis,humilis,ADJ
dev-s793,28,episcopus,episcopus,NOUN
dev-s793,29,",",",",PUNCT
dev-s793,30,per,per,ADP
dev-s793,31,cartula,chartula,NOUN
dev-s793,32,livellario,libellarius,ADJ
dev-s793,33,nomine,nomen,NOUN
dev-s793,34,ad,ad,ADP
dev-s793,35,laborandum,laboro,VERB
dev-s793,36,et,et,CCONJ
dev-s793,37,gubernandum,guberno,VERB
dev-s793,38,seo,seu,CCONJ
dev-s793,39,meliorandum,melioro,VERB
dev-s793,40,dedisti,do,VERB
dev-s793,41,nobis,nos,PRON
dev-s793,42,",",",",PUNCT
dev-s793,43,id,is,PRON
dev-s793,44,est,sum,AUX
dev-s793,45,duo,duo,NUM
dev-s793,46,petiis,petia,NOUN
dev-s793,47,de,de,ADP
dev-s793,48,terris,terra,NOUN
dev-s793,49,et,et,CCONJ
dev-s793,50,una,unus,DET
dev-s793,51,alia,alius,DET
dev-s793,52,petia,petia,NOUN
dev-s793,53,de,de,ADP
dev-s793,54,terra,terra,NOUN
dev-s793,55,quod,qui,PRON
dev-s793,56,est,sum,AUX
dev-s793,57,quercieto,quercetum,NOUN
dev-s793,58,in,in,ADP
dev-s793,59,loco,locus,NOUN
dev-s793,60,et,et,CCONJ
dev-s793,61,finibus,finis,NOUN
dev-s793,62,Turre,Turris,PROPN
dev-s793,63,",",",",PUNCT
dev-s793,64,ubi,ubi,ADV
dev-s793,65,vocitatur,uocito,VERB
dev-s793,66,ad,ad,ADP
dev-s793,67,Canneto,Cannetum,PROPN
dev-s793,68,",",",",PUNCT
dev-s793,69,pertenentes,pertineo,VERB
dev-s793,70,ecclesie,ecclesia,NOUN
dev-s793,71,vestre,uester,DET
dev-s793,72,sancti,sanctus,ADJ
dev-s793,73,Fridiani,Fridianus,PROPN
dev-s793,74,sita,sino,VERB
dev-s793,75,foras,foras,ADP
dev-s793,76,civitate,ciuitas,NOUN
dev-s793,77,ista,iste,DET
dev-s793,78,Lucense,lucensis,ADJ
dev-s793,79,",",",",PUNCT
dev-s793,80,quod,qui,PRON
dev-s793,81,est,sum,AUX
dev-s793,82,desub,desub,ADP
dev-s793,83,potestatem,potestas,NOUN
dev-s793,84,ecclesie,ecclesia,NOUN
dev-s793,85,episcopatui,episcopatus,NOUN
dev-s793,86,vestro,uester,DET
dev-s793,87,sancti,sanctus,ADJ
dev-s793,88,Martini,Martinus,PROPN
dev-s793,89,;,;,PUNCT
dev-s794,1,quas,qui,DET
dev-s794,2,ipse,ipse,DET
dev-s794,3,terre,terra,NOUN
dev-s794,4,et,et,CCONJ
dev-s794,5,quercieto,quercetum,NOUN
dev-s794,6,nos,nos,PRON
dev-s794,7,ipsis,ipse,DET
dev-s794,8,usque,usque,ADP
dev-s794,9,modo,modo,ADV
dev-s794,10,ad,ad,ADP
dev-s794,11,manus,manus,NOUN
dev-s794,12,nostra,noster,DET
dev-s794,13,abuimus,habeo,VERB
dev-s794,14,",",",",PUNCT
dev-s794,15,qui,qui,DET
dev-s794,16,una,unus,DET
dev-s794,17,ex,ex,ADP
dev-s794,18,ipse,ipse,DET
dev-s794,19,petia,petia,NOUN
dev-s794,20,vocitatur,uocito,VERB
dev-s794,21,ad,ad,ADP
dev-s794,22,Canneto,Cannetum,PROPN
dev-s794,23,et,et,CCONJ
dev-s794,24,illa,ille,DET
dev-s794,25,alia,alius,DET
dev-s794,26,petia,petia,NOUN
dev-s794,27,vocitatur,uocito,VERB
dev-s794,28,ad,ad,ADP
dev-s794,29,quercieto,quercetum,NOUN
dev-s794,30,Aurie,Auria,PROPN
dev-s794,31,",",",",PUNCT
dev-s794,32,et,et,CCONJ
dev-s794,33,ille,ille,DET
dev-s794,34,tertia,tertius,ADJ
dev-s794,35,petia,petia,NOUN
dev-s794,36,de,de,ADP
dev-s794,37,terra,terra,NOUN
dev-s794,38,vocitatur,uocito,VERB
dev-s794,39,ante,ante,ADP
dev-s794,40,casa,casa,NOUN
dev-s794,41,Domuli,Domulus,PROPN
dev-s794,42,;,;,PUNCT
dev-s795,1,petie,petia,NOUN
dev-s795,2,ipse,ipse,DET
dev-s795,3,de,de,ADP
dev-s795,4,terre,terra,NOUN
dev-s795,5,et,et,CCONJ
dev-s795,6,quercieto,quercetum,NOUN
dev-s795,7,",",",",PUNCT
dev-s795,8,qualiter,qualiter,SCONJ
dev-s795,9,eas,is,PRON
dev-s795,10,nos,nos,PRON
dev-s795,11,ipsis,ipse,DET
dev-s795,12,usque,usque,ADP
dev-s795,13,modo,modo,ADV
dev-s795,14,ad,ad,ADP
dev-s795,15,manus,manus,NOUN
dev-s795,16,nostra,noster,DET
dev-s795,17,abuimus,habeo,VERB
dev-s795,18,",",",",PUNCT
dev-s795,19,nobis,nos,PRON
dev-s795,20,eas,is,PRON
dev-s795,21,dedisti,do,VERB
dev-s795,22,in,in,ADP
dev-s795,23,integrum,integer,ADJ
dev-s795,24,tali,talis,DET
dev-s795,25,ordinem,ordo,NOUN
dev-s795,26,ut,ut,SCONJ
dev-s795,27,nos,nos,PRON
dev-s795,28,",",",",PUNCT
dev-s795,29,vel,uel,CCONJ
dev-s795,30,nostris,noster,DET
dev-s795,31,heredibus,heres,NOUN
dev-s795,32,",",",",PUNCT
dev-s795,33,suprascripte,suprascriptus,DET
dev-s795,34,petie,petia,NOUN
dev-s795,35,de,de,ADP
dev-s795,36,terre,terra,NOUN
dev-s795,37,quas,qui,PRON
dev-s795,38,nobis,nos,PRON
dev-s795,39,dedisti,do,VERB
dev-s795,40,bene,bene,ADV
dev-s795,41,laborare,laboro,VERB
dev-s795,42,et,et,CCONJ
dev-s795,43,gubernare,guberno,VERB
dev-s795,44,seu,seu,CCONJ
dev-s795,45,meliorare,melioro,VERB
dev-s795,46,debeamus,debeo,VERB
dev-s795,47,;,;,PUNCT
dev-s796,1,sic,sic,ADV
dev-s796,2,tamen,tamen,ADV
dev-s796,3,suprascripta,suprascriptus,DET
dev-s796,4,petia,petia,NOUN
dev-s796,5,de,de,ADP
dev-s796,6,terra,terra,NOUN
dev-s796,7,que,qui,PRON
dev-s796,8,vocitatur,uocito,VERB
dev-s796,9,Canneto,Cannetum,PROPN
dev-s796,10,",",",",PUNCT
dev-s796,11,qui,qui,PRON
dev-s796,12,est,sum,AUX
dev-s796,13,prope,prope,ADP
dev-s796,14,suprascripto,suprascriptus,DET
dev-s796,15,quercieto,quercetum,NOUN
dev-s796,16,",",",",PUNCT
dev-s796,17,nos,nos,PRON
dev-s796,18,infra,infra,ADP
dev-s796,19,isto,iste,DET
dev-s796,20,anno,annus,NOUN
dev-s796,21,expleto,expleo,VERB
dev-s796,22,proximo,proximus,ADJ
dev-s796,23,venturo,uenio,VERB
dev-s796,24,vinea,uinea,NOUN
dev-s796,25,ponere,pono,VERB
dev-s796,26,et,et,CCONJ
dev-s796,27,plantare,planto,VERB
dev-s796,28,debeamus,debeo,VERB
dev-s796,29,ut,ut,SCONJ
dev-s796,30,infra,infra,ADP
dev-s796,31,isti,iste,DET
dev-s796,32,quinque,quinque,NUM
dev-s796,33,anni,annus,NOUN
dev-s796,34,expleti,expleo,VERB
dev-s796,35,proximi,proximus,ADJ
dev-s796,36,venturi,uenio,VERB
dev-s796,37,sint,sum,AUX
dev-s796,38,tota,totus,DET
dev-s796,39,ipsa,ipse,DET
dev-s796,40,petia,petia,NOUN
dev-s796,41,de,de,ADP
dev-s796,42,terra,terra,NOUN
dev-s796,43,vinea,uinea,NOUN
dev-s796,44,elevata,eleuo,VERB
dev-s796,45,et,et,CCONJ
dev-s796,46,propaginata,propagino,VERB
dev-s796,47,et,et,CCONJ
dev-s796,48,usque,usque,ADP
dev-s796,49,tunc,tunc,ADV
dev-s796,50,nobis,nos,PRON
dev-s796,51,eas,is,PRON
dev-s796,52,privatum,priuo,VERB
dev-s796,53,abere,habeo,VERB
dev-s796,54,et,et,CCONJ
dev-s796,55,fruere,fruor,VERB
dev-s796,56,debeamus,debeo,VERB
dev-s796,57,",",",",PUNCT
dev-s796,58,nam,nam,PART
dev-s796,59,post,post,ADP
dev-s796,60,isti,iste,DET
dev-s796,61,quinque,quinque,NUM
dev-s796,62,anni,annus,NOUN
dev-s796,63,expleti,expleo,VERB
dev-s796,64,proximi,proximus,ADJ
dev-s796,65,venturi,uenio,VERB
dev-s796,66,exinde,exinde,ADV
dev-s796,67,tibi,tu,PRON
dev-s796,68,",",",",PUNCT
dev-s796,69,vel,uel,CCONJ
dev-s796,70,ad,ad,ADP
dev-s796,71,subcessoribus,successor,NOUN
dev-s796,72,tuis,tuus,DET
dev-s796,73,ad,ad,ADP
dev-s796,74,pars,pars,NOUN
dev-s796,75,suprascripte,suprascriptus,DET
dev-s796,76,ecclesie,ecclesia,NOUN
dev-s796,77,sancti,sanctus,ADJ
dev-s796,78,Fridiani,Fridianus,PROPN
dev-s796,79,",",",",PUNCT
dev-s796,80,per,per,ADP
dev-s796,81,singulos,singulus,ADJ
dev-s796,82,annos,annus,NOUN
dev-s796,83,in,in,ADP
dev-s796,84,ipso,ipse,DET
dev-s796,85,loco,locus,NOUN
dev-s796,86,reddere,reddo,VERB
dev-s796,87,debeamus,debeo,VERB
dev-s796,88,medietatem,medietas,NOUN
dev-s796,89,vinum,uinum,NOUN
dev-s796,90,purum,purus,ADJ
dev-s796,91,ad,ad,ADP
dev-s796,92,tertiam,tertius,ADJ
dev-s796,93,vices,uicis,NOUN
dev-s796,94,ubas,uua,NOUN
dev-s796,95,legitime,legitime,ADV
dev-s796,96,calcatas,calco,VERB
dev-s796,97,et,et,CCONJ
dev-s796,98,indi,inde,ADV
dev-s796,99,vinatas,uino,VERB
dev-s796,100,nam,nam,PART
dev-s796,101,non,non,PART
dev-s796,102,pondum,pondus,NOUN
dev-s796,103,levandum,leuo,VERB
dev-s796,104,;,;,PUNCT
dev-s797,1,seo,seu,CCONJ
dev-s797,2,et,et,CCONJ
dev-s797,3,vobis,uos,PRON
dev-s797,4,reddere,reddo,VERB
dev-s797,5,debeamus,debeo,VERB
dev-s797,6,per,per,ADP
dev-s797,7,singulos,singulus,ADJ
dev-s797,8,annos,annus,NOUN
dev-s797,9,ad,ad,ADP
dev-s797,10,pars,pars,NOUN
dev-s797,11,suprascripte,suprascriptus,DET
dev-s797,12,ecclesie,ecclesia,NOUN
dev-s797,13,sancti,sanctus,ADJ
dev-s797,14,Fridiani,Fridianus,PROPN
dev-s797,15,per,per,ADP
dev-s797,16,omnem,omnis,DET
dev-s797,17,mense,mensis,NOUN
dev-s797,18,martio,Martius,ADJ
dev-s797,19,sabones,sapo,NOUN
dev-s797,20,bonos,bonus,ADJ
dev-s797,21,libras,libra,NOUN
dev-s797,22,quatuordecim,quattuordecim,NUM
dev-s797,23,",",",",PUNCT
dev-s797,24,ad,ad,ADP
dev-s797,25,tales,talis,DET
dev-s797,26,libras,libra,NOUN
dev-s797,27,pesato,penso,VERB
dev-s797,28,quale,qualis,DET
dev-s797,29,in,in,ADP
dev-s797,30,ipso,ipse,DET
dev-s797,31,domo,domus,NOUN
dev-s797,32,legitima,legitimus,ADJ
dev-s797,33,percurrit,percurro,VERB
dev-s797,34,",",",",PUNCT
dev-s797,35,vobis,uos,PRON
dev-s797,36,vel,uel,CCONJ
dev-s797,37,ad,ad,ADP
dev-s797,38,ministeriale,ministerialis,NOUN
dev-s797,39,vestro,uester,DET
dev-s797,40,qui,qui,PRON
dev-s797,41,ecclesie,ecclesia,NOUN
dev-s797,42,sancti,sanctus,ADJ
dev-s797,43,Fridiani,Fridianus,PROPN
dev-s797,44,quale,qualis,DET
dev-s797,45,vos,uos,PRON
dev-s797,46,ibi,ubi,ADV
dev-s797,47,per,per,ADP
dev-s797,48,tempore,tempus,NOUN
dev-s797,49,abueritis,habeo,VERB
dev-s797,50,;,;,PUNCT
dev-s798,1,et,et,CCONJ
dev-s798,2,quando,quando,SCONJ
dev-s798,3,per,per,ADP
dev-s798,4,vendemmia,uindemia,NOUN
dev-s798,5,super,super,ADP
dev-s798,6,palmentum,palmentum,NOUN
dev-s798,7,ibidem,ibidem,ADV
dev-s798,8,misso,missus,NOUN
dev-s798,9,vestro,uester,DET
dev-s798,10,venerit,uenio,VERB
dev-s798,11,",",",",PUNCT
dev-s798,12,nos,nos,PRON
dev-s798,13,eum,is,PRON
dev-s798,14,recipere,recipio,VERB
dev-s798,15,et,et,CCONJ
dev-s798,16,gubernare,guberno,VERB
dev-s798,17,debeamus,debeo,VERB
dev-s798,18,tantum,tantum,ADV
dev-s798,19,.,.,PUNCT
dev-s799,1,et,et,CCONJ
dev-s799,2,si,si,SCONJ
dev-s799,3,a,ab,ADP
dev-s799,4,nos,nos,PRON
dev-s799,5,vobis,uos,PRON
dev-s799,6,hec,hic,DET
dev-s799,7,omnia,omnis,DET
dev-s799,8,qualiter,qualiter,SCONJ
dev-s799,9,superius,superius,ADV
dev-s799,10,legitur,lego,VERB
dev-s799,11,per,per,ADP
dev-s799,12,singulos,singulus,ADJ
dev-s799,13,annos,annus,NOUN
dev-s799,14,sic,sic,ADV
dev-s799,15,non,non,PART
dev-s799,16,fuerint,sum,AUX
dev-s799,17,adinpleta,adimpleo,VERB
dev-s799,18,et,et,CCONJ
dev-s799,19,conservata,conseruo,VERB
dev-s799,20,",",",",PUNCT
dev-s799,21,et,et,CCONJ
dev-s799,22,vos,uos,PRON
dev-s799,23,nobis,nos,PRON
dev-s799,24,suprascripta,suprascriptus,DET
dev-s799,25,res,res,NOUN
dev-s799,26,quas,qui,PRON
dev-s799,27,nobis,nos,PRON
dev-s799,28,dedisti,do,VERB
dev-s799,29,relaxsaverimus,relaxo,VERB
dev-s799,30,",",",",PUNCT
dev-s799,31,vel,uel,CCONJ
dev-s799,32,si,si,SCONJ
dev-s799,33,per,per,ADP
dev-s799,34,nos,nos,PRON
dev-s799,35,pegiorata,peioro,VERB
dev-s799,36,fuerit,sum,AUX
dev-s799,37,",",",",PUNCT
dev-s799,38,spondimus,spondeo,VERB
dev-s799,39,nos,nos,PRON
dev-s799,40,qui,qui,DET
dev-s799,41,supra,supra,ADV
dev-s799,42,Andreas,Andreas,PROPN
dev-s799,43,et,et,CCONJ
dev-s799,44,Ildepertus,Hildipertus,PROPN
dev-s799,45,",",",",PUNCT
dev-s799,46,una,una,ADV
dev-s799,47,cum,cum,ADP
dev-s799,48,nostris,noster,DET
dev-s799,49,heredibus,heres,NOUN
dev-s799,50,",",",",PUNCT
dev-s799,51,conponere,compono,VERB
dev-s799,52,tibi,tu,PRON
dev-s799,53,qui,qui,DET
dev-s799,54,supra,supra,ADV
dev-s799,55,Gherardus,Gherardus,PROPN
dev-s799,56,episcopus,episcopus,NOUN
dev-s799,57,",",",",PUNCT
dev-s799,58,vel,uel,CCONJ
dev-s799,59,ad,ad,ADP
dev-s799,60,subcessoribus,successor,NOUN
dev-s799,61,tuis,tuus,DET
dev-s799,62,",",",",PUNCT
dev-s799,63,penam,poena,NOUN
dev-s799,64,",",",",PUNCT
dev-s799,65,argentum,argentum,NOUN
dev-s799,66,soledos,solidus,NOUN
dev-s799,67,triginta,triginta,NUM
dev-s799,68,",",",",PUNCT
dev-s799,69,quia,quia,SCONJ
dev-s799,70,taliter,taliter,ADV
dev-s799,71,inter,inter,ADP
dev-s799,72,nos,nos,PRON
dev-s799,73,convenit,conuenio,VERB
dev-s799,74,et,et,CCONJ
dev-s799,75,duas,duo,NUM
dev-s799,76,inter,inter,ADP
dev-s799,77,nos,nos,PRON
dev-s799,78,cartulas,chartula,NOUN
dev-s799,79,Teuderadum,Teuderadus,PROPN
dev-s799,80,notarium,notarius,NOUN
dev-s799,81,scribere,scribo,VERB
dev-s799,82,rogavimus,rogo,VERB
dev-s799,83,.,.,PUNCT
dev-s800,1,actum,ago,VERB
dev-s800,2,Luca,Luca,PROPN
dev-s800,3,.,.,PUNCT
dev-s801,1,signum,signum,NOUN
dev-s801,2,+,+,PUNCT
dev-s801,3,manus,manus,NOUN
dev-s801,4,Andree,Andreas,PROPN
dev-s801,5,et,et,CCONJ
dev-s801,6,Ildiperti,Hildipertus,PROPN
dev-s801,7,qui,qui,PRON
dev-s801,8,hunc,hic,DET
dev-s801,9,libellum,libellus,NOUN
dev-s801,10,fieri,fio,VERB
dev-s801,11,rogaverunt,rogo,VERB
dev-s801,12,.,.,PUNCT
dev-s802,1,+,+,PUNCT
dev-s802,2,Ego,ego,PRON
dev-s802,3,Baldoinu,Baldoinus,PROPN
dev-s802,4,",",",",PUNCT
dev-s802,5,rogatus,rogo,VERB
dev-s802,6,ab,ab,ADP
dev-s802,7,Andree,Andreas,PROPN
dev-s802,8,et,et,CCONJ
dev-s802,9,Ildiperto,Hildipertus,PROPN
dev-s802,10,",",",",PUNCT
dev-s802,11,me,ego,PRON
dev-s802,12,teste,testis,NOUN
dev-s802,13,subscripsi,subscribo,VERB
dev-s802,14,.,.,PUNCT
dev-s803,1,+,+,PUNCT
dev-s803,2,Ego,ego,PRON
dev-s803,3,Stefanus,Stephanus,PROPN
dev-s803,4,notarius,notarius,NOUN
dev-s803,5,",",",",PUNCT
dev-s803,6,rogatus,rogo,VERB
dev-s803,7,ab,ab,ADP
dev-s803,8,Andrea,Andreas,PROPN
dev-s803,9,et,et,CCONJ
dev-s803,10,Ildiperto,Hildipertus,PROPN
dev-s803,11,",",",",PUNCT
dev-s803,12,me,ego,PRON
dev-s803,13,teste,testis,NOUN
dev-s803,14,subscripsi,subscribo,VERB
dev-s803,15,.,.,PUNCT
dev-s804,1,+,+,PUNCT
dev-s804,2,Ego,ego,PRON
dev-s804,3,Alboni,Albonus,PROPN
dev-s804,4,",",",",PUNCT
dev-s804,5,rogatus,rogo,VERB
dev-s804,6,ab,ab,ADP
dev-s804,7,Andree,Andreas,PROPN
dev-s804,8,et,et,CCONJ
dev-s804,9,Ildiperto,Hildipertus,PROPN
dev-s804,10,",",",",PUNCT
dev-s804,11,me,ego,PRON
dev-s804,12,teste,testis,NOUN
dev-s804,13,subscripsi,subscribo,VERB
dev-s804,14,.,.,PUNCT
dev-s805,1,+,+,PUNCT
dev-s805,2,Ego,ego,PRON
dev-s805,3,Adalberto,Adalpertus,PROPN
dev-s805,4,",",",",PUNCT
dev-s805,5,rogatus,rogo,VERB
dev-s805,6,ab,ab,ADP
dev-s805,7,Andrea,Andreas,PROPN
dev-s805,8,et,et,CCONJ
dev-s805,9,Ildiperto,Hildipertus,PROPN
dev-s805,10,",",",",PUNCT
dev-s805,11,me,ego,PRON
dev-s805,12,teste,testis,NOUN
dev-s805,13,subscripsi,subscribo,VERB
dev-s805,14,.,.,PUNCT
dev-s806,1,ego,ego,PRON
dev-s806,2,Ghiselfridi,Ghiselfridus,PROPN
dev-s806,3,notarius,notarius,NOUN
dev-s806,4,et,et,CCONJ
dev-s806,5,schabinus,scabinus,NOUN
dev-s806,6,subscripsi,subscribo,VERB
dev-s806,7,.,.,PUNCT
dev-s807,1,+,+,PUNCT
dev-s807,2,Ego,ego,PRON
dev-s807,3,Fridichauso,Fridicausus,PROPN
dev-s807,4,",",",",PUNCT
dev-s807,5,rogatus,rogo,VERB
dev-s807,6,ab,ab,ADP
dev-s807,7,Andrea,Andreas,PROPN
dev-s807,8,et,et,CCONJ
dev-s807,9,Ildiperto,Hildipertus,PROPN
dev-s807,10,",",",",PUNCT
dev-s807,11,me,ego,PRON
dev-s807,12,teste,testis,NOUN
dev-s807,13,subscripsi,subscribo,VERB
dev-s807,14,.,.,PUNCT
dev-s808,1,ego,ego,PRON
dev-s808,2,Petrus,Petrus,PROPN
dev-s808,3,",",",",PUNCT
dev-s808,4,rogatus,rogo,VERB
dev-s808,5,ab,ab,ADP
dev-s808,6,Andrea,Andreas,PROPN
dev-s808,7,et,et,CCONJ
dev-s808,8,Ildiperto,Hildipertus,PROPN
dev-s808,9,",",",",PUNCT
dev-s808,10,me,ego,PRON
dev-s808,11,teste,testis,NOUN
dev-s808,12,subscripsi,subscribo,VERB
dev-s808,13,.,.,PUNCT
dev-s809,1,+,+,PUNCT
dev-s809,2,Ego,ego,PRON
dev-s809,3,Teuderandus,Teuderadus,PROPN
dev-s809,4,notarius,notarius,NOUN
dev-s809,5,post,post,ADP
dev-s809,6,traditam,trado,VERB
dev-s809,7,conplevi,compleo,VERB
dev-s809,8,et,et,CCONJ
dev-s809,9,dedi,do,VERB
dev-s809,10,.,.,PUNCT
dev-s810,1,+,+,PUNCT
dev-s810,2,In,in,ADP
dev-s810,3,Dei,Deus,PROPN
dev-s810,4,omnipotentis,omnipotens,ADJ
dev-s810,5,nomine,nomen,NOUN
dev-s810,6,regnante,regno,VERB
dev-s810,7,domno,domnus,NOUN
dev-s810,8,nostro,noster,DET
dev-s810,9,Karolus,Carolus,PROPN
dev-s810,10,divina,diuinus,ADJ
dev-s810,11,faventem,faueo,VERB
dev-s810,12,clementia,clementia,NOUN
dev-s810,13,imperatore,imperator,NOUN
dev-s810,14,augusto,augustus,NOUN
dev-s810,15,",",",",PUNCT
dev-s810,16,anno,annus,NOUN
dev-s810,17,imperii,imperium,NOUN
dev-s810,18,eius,is,PRON
dev-s810,19,septimo,septimus,ADJ
dev-s810,20,",",",",PUNCT
dev-s810,21,pridiem,pridie,ADP
dev-s810,22,nonas,nonae,NOUN
dev-s810,23,magias,maius,ADJ
dev-s810,24,",",",",PUNCT
dev-s810,25,indictione,indictio,NOUN
dev-s810,26,quinta,quintus,ADJ
dev-s810,27,.,.,PUNCT
dev-s811,1,manifesti,manifestus,ADJ
dev-s811,2,sumus,sum,AUX
dev-s811,3,nos,nos,PRON
dev-s811,4,Gherimundo,Gherimundus,PROPN
dev-s811,5,presbitero,presbyter,NOUN
dev-s811,6,",",",",PUNCT
dev-s811,7,filio,filius,NOUN
dev-s811,8,bone,bonus,ADJ
dev-s811,9,memorie,memoria,NOUN
dev-s811,10,Rachifusi,Rachifonsus,PROPN
dev-s811,11,",",",",PUNCT
dev-s811,12,et,et,CCONJ
dev-s811,13,Iohannes,Johannes,PROPN
dev-s811,14,",",",",PUNCT
dev-s811,15,filio,filius,NOUN
dev-s811,16,quondam,quondam,ADJ
dev-s811,17,Magniprandi,Magniprandus,PROPN
dev-s811,18,",",",",PUNCT
dev-s811,19,quia,quia,SCONJ
dev-s811,20,tu,tu,PRON
dev-s811,21,Gherardus,Gherardus,PROPN
dev-s811,22,",",",",PUNCT
dev-s811,23,gratia,gratia,NOUN
dev-s811,24,Dei,Deus,PROPN
dev-s811,25,huius,hic,DET
dev-s811,26,sancte,sanctus,ADJ
dev-s811,27,Lucanem,lucanus,ADJ
dev-s811,28,ecclesie,ecclesia,NOUN
dev-s811,29,humilis,humilis,ADJ
dev-s811,30,episcopus,episcopus,NOUN
dev-s811,31,",",",",PUNCT
dev-s811,32,per,per,ADP
dev-s811,33,cartula,chartula,NOUN
dev-s811,34,livellario,libellarius,ADJ
dev-s811,35,nomine,nomen,NOUN
dev-s811,36,ad,ad,ADP
dev-s811,37,censum,census,NOUN
dev-s811,38,peresolvendum,perexsoluo,VERB
dev-s811,39,dedisti,do,VERB
dev-s811,40,nobis,nos,PRON
dev-s811,41,",",",",PUNCT
dev-s811,42,id,is,PRON
dev-s811,43,est,sum,AUX
dev-s811,44,duos,duo,NUM
dev-s811,45,portionis,portio,NOUN
dev-s811,46,de,de,ADP
dev-s811,47,casa,casa,NOUN
dev-s811,48,et,et,CCONJ
dev-s811,49,res,res,NOUN
dev-s811,50,illa,ille,DET
dev-s811,51,in,in,ADP
dev-s811,52,loco,locus,NOUN
dev-s811,53,ubi,ubi,ADV
dev-s811,54,dicitur,dico,VERB
dev-s811,55,Paloudine,Paludina,PROPN
dev-s811,56,",",",",PUNCT
dev-s811,57,finibus,finis,NOUN
dev-s811,58,Contronenses,Contronensis,PROPN
dev-s811,59,",",",",PUNCT
dev-s811,60,pertenentes,pertineo,VERB
dev-s811,61,ecclesie,ecclesia,NOUN
dev-s811,62,sancti,sanctus,ADJ
dev-s811,63,Vuincentii,Vincentius,PROPN
dev-s811,64,et,et,CCONJ
dev-s811,65,sancti,sanctus,ADJ
dev-s811,66,Fridiani,Fridianus,PROPN
dev-s811,67,sitas,sino,VERB
dev-s811,68,foras,foras,ADP
dev-s811,69,civitatem,ciuitas,NOUN
dev-s811,70,ista,iste,DET
dev-s811,71,Lucense,lucensis,ADJ
dev-s811,72,",",",",PUNCT
dev-s811,73,ubi,ubi,ADV
dev-s811,74,corpus,corpus,NOUN
dev-s811,75,ipsius,ipse,DET
dev-s811,76,sancti,sanctus,ADJ
dev-s811,77,Fridiani,Fridianus,PROPN
dev-s811,78,umatum,humo,VERB
dev-s811,79,quiescit,quiesco,VERB
dev-s811,80,",",",",PUNCT
dev-s811,81,quod,qui,PRON
dev-s811,82,est,sum,AUX
dev-s811,83,desup,desub,ADP
dev-s811,84,potestatem,potestas,NOUN
dev-s811,85,ipsius,ipse,DET
dev-s811,86,episcopatui,episcopatus,NOUN
dev-s811,87,vestro,uester,DET
dev-s811,88,sancti,sanctus,ADJ
dev-s811,89,Martini,Martinus,PROPN
dev-s811,90,",",",",PUNCT
dev-s811,91,et,et,CCONJ
dev-s811,92,ipse,ipse,DET
dev-s811,93,casa,casa,NOUN
dev-s811,94,recta,rego,VERB
dev-s811,95,fuit,sum,AUX
dev-s811,96,per,per,ADP
dev-s811,97,quondam,quondam,ADJ
dev-s811,98,Felicio,Felicius,PROPN
dev-s811,99,massario,massarius,NOUN
dev-s811,100,;,;,PUNCT
dev-s812,1,de,de,ADP
dev-s812,2,casa,casa,NOUN
dev-s812,3,ipsa,ipse,DET
dev-s812,4,cun,cum,ADP
dev-s812,5,fundamento,fundamentum,NOUN
dev-s812,6,et,et,CCONJ
dev-s812,7,edeficio,aedificium,NOUN
dev-s812,8,suo,suus,DET
dev-s812,9,seu,seu,CCONJ
dev-s812,10,curte,curtis,NOUN
dev-s812,11,",",",",PUNCT
dev-s812,12,orto,hortus,NOUN
dev-s812,13,",",",",PUNCT
dev-s812,14,terris,terra,NOUN
dev-s812,15,",",",",PUNCT
dev-s812,16,vineis,uinea,NOUN
dev-s812,17,",",",",PUNCT
dev-s812,18,silvis,silua,NOUN
dev-s812,19,",",",",PUNCT
dev-s812,20,virgareis,uirgareum,NOUN
dev-s812,21,",",",",PUNCT
dev-s812,22,pratis,pratum,NOUN
dev-s812,23,",",",",PUNCT
dev-s812,24,pascuis,pascuum,NOUN
dev-s812,25,",",",",PUNCT
dev-s812,26,cultis,cultus,ADJ
dev-s812,27,rebus,res,NOUN
dev-s812,28,vel,uel,CCONJ
dev-s812,29,incultis,incultus,ADJ
dev-s812,30,",",",",PUNCT
dev-s812,31,omnia,omnis,DET
dev-s812,32,quantum,quantum,ADV
dev-s812,33,ad,ad,ADP
dev-s812,34,ipsa,ipse,DET
dev-s812,35,casa,casa,NOUN
dev-s812,36,est,sum,AUX
dev-s812,37,pertenentes,pertineo,VERB
dev-s812,38,et,et,CCONJ
dev-s812,39,suprascripto,suprascriptus,DET
dev-s812,40,Felicio,Felicius,PROPN
dev-s812,41,massario,massarius,NOUN
dev-s812,42,exinde,exinde,ADV
dev-s812,43,ad,ad,ADP
dev-s812,44,manus,manus,NOUN
dev-s812,45,suas,suus,DET
dev-s812,46,abuit,habeo,VERB
dev-s812,47,",",",",PUNCT
dev-s812,48,duos,duo,NUM
dev-s812,49,portionis,portio,NOUN
dev-s812,50,ex,ex,ADP
dev-s812,51,integrem,integer,ADJ
dev-s812,52,nobis,nos,PRON
dev-s812,53,exinde,exinde,ADV
dev-s812,54,dedisti,do,VERB
dev-s812,55,tali,talis,DET
dev-s812,56,ordinem,ordo,NOUN
dev-s812,57,ut,ut,SCONJ
dev-s812,58,da,da,ADP
dev-s812,59,admodum,admodum,ADV
dev-s812,60,in,in,ADP
dev-s812,61,nostra,noster,DET
dev-s812,62,qui,qui,DET
dev-s812,63,supra,supra,ADV
dev-s812,64,Gherimundo,Gherimundus,PROPN
dev-s812,65,presbitero,presbyter,NOUN
dev-s812,66,et,et,CCONJ
dev-s812,67,Iohannes,Johannes,PROPN
dev-s812,68,",",",",PUNCT
dev-s812,69,vel,uel,CCONJ
dev-s812,70,de,de,ADP
dev-s812,71,meis,meus,DET
dev-s812,72,heredibus,heres,NOUN
dev-s812,73,",",",",PUNCT
dev-s812,74,sint,sum,AUX
dev-s812,75,et,et,CCONJ
dev-s812,76,permaneant,permaneo,VERB
dev-s812,77,potestatem,potestas,NOUN
dev-s812,78,suprascripte,suprascriptus,DET
dev-s812,79,duos,duo,NUM
dev-s812,80,portionis,portio,NOUN
dev-s812,81,de,de,ADP
dev-s812,82,predicta,praedictus,DET
dev-s812,83,casa,casa,NOUN
dev-s812,84,et,et,CCONJ
dev-s812,85,res,res,NOUN
dev-s812,86,quas,qui,PRON
dev-s812,87,nobis,nos,PRON
dev-s812,88,dedisti,do,VERB
dev-s812,89,",",",",PUNCT
dev-s812,90,dum,dum,SCONJ
dev-s812,91,vita,uita,NOUN
dev-s812,92,nostra,noster,DET
dev-s812,93,ambarum,ambo,DET
dev-s812,94,fuerit,sum,AUX
dev-s812,95,",",",",PUNCT
dev-s812,96,abendi,habeo,VERB
dev-s812,97,",",",",PUNCT
dev-s812,98,inperandi,impero,VERB
dev-s812,99,",",",",PUNCT
dev-s812,100,gubernandi,guberno,VERB
dev-s812,101,",",",",PUNCT
dev-s812,102,laborare,laboro,VERB
dev-s812,103,faciendi,facio,VERB
dev-s812,104,et,et,CCONJ
dev-s812,105,nobis,nos,PRON
dev-s812,106,eas,is,PRON
dev-s812,107,privatum,priuo,VERB
dev-s812,108,nomine,nomen,NOUN
dev-s812,109,usufructuandi,usufructuo,VERB
dev-s812,110,",",",",PUNCT
dev-s812,111,et,et,CCONJ
dev-s812,112,post,post,ADP
dev-s812,113,vero,uero,ADV
dev-s812,114,decesso,decessus,NOUN
dev-s812,115,meo,meus,DET
dev-s812,116,qui,qui,DET
dev-s812,117,supra,supra,ADV
dev-s812,118,Gherimundo,Gherimundus,PROPN
dev-s812,119,presbitero,presbyter,NOUN
dev-s812,120,sint,sum,AUX
dev-s812,121,et,et,CCONJ
dev-s812,122,permaneant,permaneo,VERB
dev-s812,123,in,in,ADP
dev-s812,124,potestatem,potestas,NOUN
dev-s812,125,tua,tuus,DET
dev-s812,126,qui,qui,DET
dev-s812,127,supra,supra,ADV
dev-s812,128,Iohannis,Johannes,PROPN
dev-s812,129,vel,uel,CCONJ
dev-s812,130,de,de,ADP
dev-s812,131,tuis,tuus,DET
dev-s812,132,heredibus,heres,NOUN
dev-s812,133,similiter,similiter,ADV
dev-s812,134,eas,is,PRON
dev-s812,135,abendi,habeo,VERB
dev-s812,136,",",",",PUNCT
dev-s812,137,inperandi,impero,VERB
dev-s812,138,",",",",PUNCT
dev-s812,139,gubernandi,guberno,VERB
dev-s812,140,",",",",PUNCT
dev-s812,141,laborare,laboro,VERB
dev-s812,142,faciendi,facio,VERB
dev-s812,143,et,et,CCONJ
dev-s812,144,usufructuandi,usufructuo,VERB
dev-s812,145,.,.,PUNCT
dev-s813,1,et,et,CCONJ
dev-s813,2,pro,pro,ADP
dev-s813,3,omni,omnis,DET
dev-s813,4,censum,census,NOUN
dev-s813,5,et,et,CCONJ
dev-s813,6,iustitia,iustitia,NOUN
dev-s813,7,exinde,exinde,ADV
dev-s813,8,tibi,tu,PRON
dev-s813,9,",",",",PUNCT
dev-s813,10,vel,uel,CCONJ
dev-s813,11,ad,ad,ADP
dev-s813,12,subcessoribus,successor,NOUN
dev-s813,13,tuis,tuus,DET
dev-s813,14,ad,ad,ADP
dev-s813,15,pars,pars,NOUN
dev-s813,16,ipsius,ipse,DET
dev-s813,17,ecclesie,ecclesia,NOUN
dev-s813,18,sancti,sanctus,ADJ
dev-s813,19,Vincentii,Vincentius,PROPN
dev-s813,20,et,et,CCONJ
dev-s813,21,sancti,sanctus,ADJ
dev-s813,22,Fridiani,Fridianus,PROPN
dev-s813,23,",",",",PUNCT
dev-s813,24,per,per,ADP
dev-s813,25,singulos,singulus,ADJ
dev-s813,26,annos,annus,NOUN
dev-s813,27,in,in,ADP
dev-s813,28,mense,mensis,NOUN
dev-s813,29,ianuario,ianuarius,ADJ
dev-s813,30,per,per,ADP
dev-s813,31,nos,nos,PRON
dev-s813,32,",",",",PUNCT
dev-s813,33,aut,aut,CCONJ
dev-s813,34,per,per,ADP
dev-s813,35,misso,missus,NOUN
dev-s813,36,nostro,noster,DET
dev-s813,37,",",",",PUNCT
dev-s813,38,vobis,uos,PRON
dev-s813,39,",",",",PUNCT
dev-s813,40,vel,uel,CCONJ
dev-s813,41,ad,ad,ADP
dev-s813,42,ministeriales,ministerialis,NOUN
dev-s813,43,vestro,uester,DET
dev-s813,44,quas,qui,PRON
dev-s813,45,in,in,ADP
dev-s813,46,ipsa,ipse,DET
dev-s813,47,ecclesia,ecclesia,NOUN
dev-s813,48,pre,prae,ADP
dev-s813,49,tempore,tempus,NOUN
dev-s813,50,abueritis,habeo,VERB
dev-s813,51,",",",",PUNCT
dev-s813,52,censum,census,NOUN
dev-s813,53,vobis,uos,PRON
dev-s813,54,reddere,reddo,VERB
dev-s813,55,debeamus,debeo,VERB
dev-s813,56,",",",",PUNCT
dev-s813,57,argentum,argentum,NOUN
dev-s813,58,denarios,denarius,NOUN
dev-s813,59,septe,septem,NUM
dev-s813,60,boni,bonus,ADJ
dev-s813,61,expendivilis,expendibilis,ADJ
dev-s813,62,;,;,PUNCT
dev-s814,1,et,et,CCONJ
dev-s814,2,ego,ego,PRON
dev-s814,3,qui,qui,DET
dev-s814,4,supra,supra,ADV
dev-s814,5,Iohannes,Johannes,PROPN
dev-s814,6,",",",",PUNCT
dev-s814,7,aut,aut,CCONJ
dev-s814,8,unum,unus,DET
dev-s814,9,de,de,ADP
dev-s814,10,heredibus,heres,NOUN
dev-s814,11,meis,meus,DET
dev-s814,12,",",",",PUNCT
dev-s814,13,in,in,ADP
dev-s814,14,ipse,ipse,DET
dev-s814,15,duos,duo,NUM
dev-s814,16,portionis,portio,NOUN
dev-s814,17,de,de,ADP
dev-s814,18,predicta,praedictus,DET
dev-s814,19,casa,casa,NOUN
dev-s814,20,residere,resideo,VERB
dev-s814,21,et,et,CCONJ
dev-s814,22,abitare,habito,VERB
dev-s814,23,debeamus,debeo,VERB
dev-s814,24,;,;,PUNCT
dev-s815,1,et,et,CCONJ
dev-s815,2,ego,ego,PRON
dev-s815,3,qui,qui,DET
dev-s815,4,supra,supra,ADV
dev-s815,5,Iohannes,Johannes,PROPN
dev-s815,6,",",",",PUNCT
dev-s815,7,vel,uel,CCONJ
dev-s815,8,meus,meus,DET
dev-s815,9,heredes,heres,NOUN
dev-s815,10,quas,qui,PRON
dev-s815,11,in,in,ADP
dev-s815,12,ipse,ipse,DET
dev-s815,13,duos,duo,NUM
dev-s815,14,portionis,portio,NOUN
dev-s815,15,de,de,ADP
dev-s815,16,predicta,praedictus,DET
dev-s815,17,casa,casa,NOUN
dev-s815,18,abitantes,habito,VERB
dev-s815,19,fuerit,sum,AUX
dev-s815,20,",",",",PUNCT
dev-s815,21,a,ab,ADP
dev-s815,22,mandato,mandatum,NOUN
dev-s815,23,vestro,uester,DET
dev-s815,24,hic,hic,ADV
dev-s815,25,Luca,Luca,PROPN
dev-s815,26,venire,uenio,VERB
dev-s815,27,debeamus,debeo,VERB
dev-s815,28,legem,lex,NOUN
dev-s815,29,et,et,CCONJ
dev-s815,30,iustitiam,iustitia,NOUN
dev-s815,31,faciendum,facio,VERB
dev-s815,32,tantum,tantum,ADV
dev-s815,33,.,.,PUNCT
dev-s816,1,et,et,CCONJ
dev-s816,2,si,si,SCONJ
dev-s816,3,a,ab,ADP
dev-s816,4,nos,nos,PRON
dev-s816,5,vobis,uos,PRON
dev-s816,6,hec,hic,DET
dev-s816,7,omnia,omnis,DET
dev-s816,8,qualiter,qualiter,SCONJ
dev-s816,9,superius,superius,ADV
dev-s816,10,legitur,lego,VERB
dev-s816,11,per,per,ADP
dev-s816,12,singulos,singulus,ADJ
dev-s816,13,annos,annus,NOUN
dev-s816,14,sic,sic,ADV
dev-s816,15,non,non,PART
dev-s816,16,fuerint,sum,AUX
dev-s816,17,adimpleta,adimpleo,VERB
dev-s816,18,et,et,CCONJ
dev-s816,19,conservata,conseruo,VERB
dev-s816,20,aut,aut,CCONJ
dev-s816,21,suprascripte,suprascriptus,DET
dev-s816,22,duos,duo,NUM
dev-s816,23,portionis,portio,NOUN
dev-s816,24,de,de,ADP
dev-s816,25,predicta,praedictus,DET
dev-s816,26,casa,casa,NOUN
dev-s816,27,et,et,CCONJ
dev-s816,28,res,res,NOUN
dev-s816,29,relassaverimus,relaxo,VERB
dev-s816,30,",",",",PUNCT
dev-s816,31,vel,uel,CCONJ
dev-s816,32,si,si,SCONJ
dev-s816,33,per,per,ADP
dev-s816,34,nos,nos,PRON
dev-s816,35,pegiorata,peioro,VERB
dev-s816,36,fuerit,sum,AUX
dev-s816,37,",",",",PUNCT
dev-s816,38,spondimus,spondeo,VERB
dev-s816,39,nos,nos,PRON
dev-s816,40,qui,qui,DET
dev-s816,41,supra,supra,ADV
dev-s816,42,Gherimundo,Gherimundus,PROPN
dev-s816,43,presbitero,presbyter,NOUN
dev-s816,44,et,et,CCONJ
dev-s816,45,Iohannes,Johannes,PROPN
dev-s816,46,",",",",PUNCT
dev-s816,47,vel,uel,CCONJ
dev-s816,48,meus,meus,DET
dev-s816,49,heredes,heres,NOUN
dev-s816,50,conponere,compono,VERB
dev-s816,51,tibi,tu,PRON
dev-s816,52,qui,qui,DET
dev-s816,53,supra,supra,ADV
dev-s816,54,Gherardus,Gherardus,PROPN
dev-s816,55,episcopus,episcopus,NOUN
dev-s816,56,",",",",PUNCT
dev-s816,57,vel,uel,CCONJ
dev-s816,58,ad,ad,ADP
dev-s816,59,subcessoribus,successor,NOUN
dev-s816,60,tuis,tuus,DET
dev-s816,61,",",",",PUNCT
dev-s816,62,penam,poena,NOUN
dev-s816,63,",",",",PUNCT
dev-s816,64,argentum,argentum,NOUN
dev-s816,65,soledos,solidus,NOUN
dev-s816,66,triginta,triginta,NUM
dev-s816,67,",",",",PUNCT
dev-s816,68,quia,quia,SCONJ
dev-s816,69,taliter,taliter,ADV
dev-s816,70,inter,inter,ADP
dev-s816,71,nos,nos,PRON
dev-s816,72,convenit,conuenio,VERB
dev-s816,73,et,et,CCONJ
dev-s816,74,duas,duo,NUM
dev-s816,75,inter,inter,ADP
dev-s816,76,nos,nos,PRON
dev-s816,77,cartulas,chartula,NOUN
dev-s816,78,Lopo,lupus,PROPN
dev-s816,79,notarium,notarius,NOUN
dev-s816,80,scribere,scribo,VERB
dev-s816,81,rogavimus,rogo,VERB
dev-s816,82,.,.,PUNCT
dev-s817,1,actum,ago,VERB
dev-s817,2,Luca,Luca,PROPN
dev-s817,3,.,.,PUNCT
dev-s818,1,+,+,PUNCT
dev-s818,2,Ego,ego,PRON
dev-s818,3,Gherimundo,Gherimundus,PROPN
dev-s818,4,presbitero,presbyter,NOUN
dev-s818,5,in,in,ADP
dev-s818,6,hunc,hic,DET
dev-s818,7,libellum,libellus,NOUN
dev-s818,8,a,ab,ADP
dev-s818,9,nos,nos,PRON
dev-s818,10,facto,facio,VERB
dev-s818,11,subscripsi,subscribo,VERB
dev-s818,12,.,.,PUNCT
dev-s819,1,signum,signum,NOUN
dev-s819,2,+,+,PUNCT
dev-s819,3,manus,manus,NOUN
dev-s819,4,Iohanni,Johannes,PROPN
dev-s819,5,qui,qui,PRON
dev-s819,6,hunc,hic,DET
dev-s819,7,libello,libellus,NOUN
dev-s819,8,fieri,fio,VERB
dev-s819,9,rogavit,rogo,VERB
dev-s819,10,.,.,PUNCT
dev-s820,1,+,+,PUNCT
dev-s820,2,Ego,ego,PRON
dev-s820,3,Ermifridi,Ermifridus,PROPN
dev-s820,4,",",",",PUNCT
dev-s820,5,rogatus,rogo,VERB
dev-s820,6,ad,ab,ADP
dev-s820,7,Gerimundo,Gherimundus,PROPN
dev-s820,8,presbitero,presbyter,NOUN
dev-s820,9,et,et,CCONJ
dev-s820,10,Iohannes,Johannes,PROPN
dev-s820,11,",",",",PUNCT
dev-s820,12,me,ego,PRON
dev-s820,13,teste,testis,NOUN
dev-s820,14,subscripsi,subscribo,VERB
dev-s820,15,.,.,PUNCT
dev-s821,1,ego,ego,PRON
dev-s821,2,Rumualdus,Romualdus,PROPN
dev-s821,3,",",",",PUNCT
dev-s821,4,rogatus,rogo,VERB
dev-s821,5,ad,ab,ADP
dev-s821,6,Gherimundo,Gherimundus,PROPN
dev-s821,7,presbitero,presbyter,NOUN
dev-s821,8,et,et,CCONJ
dev-s821,9,Iohannes,Johannes,PROPN
dev-s821,10,",",",",PUNCT
dev-s821,11,me,ego,PRON
dev-s821,12,teste,testis,NOUN
dev-s821,13,subscripsi,subscribo,VERB
dev-s821,14,.,.,PUNCT
dev-s822,1,ego,ego,PRON
dev-s822,2,[Propn],_,PROPN
dev-s822,3,notarius,notarius,NOUN
dev-s822,4,",",",",PUNCT
dev-s822,5,rogatus,rogo,VERB
dev-s822,6,a,ab,ADP
dev-s822,7,Gherimundo,Gherimundus,PROPN
dev-s822,8,presbitero,presbyter,NOUN
dev-s822,9,et,et,CCONJ
dev-s822,10,Iohannes,Johannes,PROPN
dev-s822,11,",",",",PUNCT
dev-s822,12,me,ego,PRON
dev-s822,13,teste,testis,NOUN
dev-s822,14,subscripsi,subscribo,VERB
dev-s822,15,.,.,PUNCT
dev-s823,1,+,+,PUNCT
dev-s823,2,Ego,ego,PRON
dev-s823,3,Firmo,firmus,PROPN
dev-s823,4,",",",",PUNCT
dev-s823,5,rogatus,rogo,VERB
dev-s823,6,ad,ab,ADP
dev-s823,7,Gherimundo,Gherimundus,PROPN
dev-s823,8,presbitero,presbyter,NOUN
dev-s823,9,et,et,CCONJ
dev-s823,10,Iohannes,Johannes,PROPN
dev-s823,11,",",",",PUNCT
dev-s823,12,me,ego,PRON
dev-s823,13,teste,testis,NOUN
dev-s823,14,subscripsi,subscribo,VERB
dev-s823,15,.,.,PUNCT
dev-s824,1,+,+,PUNCT
dev-s824,2,Ego,ego,PRON
dev-s824,3,Adalpertus,Adalpertus,PROPN
dev-s824,4,",",",",PUNCT
dev-s824,5,rogatus,rogo,VERB
dev-s824,6,a,ab,ADP
dev-s824,7,Gherimundo,Gherimundus,PROPN
dev-s824,8,presbitero,presbyter,NOUN
dev-s824,9,et,et,CCONJ
dev-s824,10,Iohannes,Johannes,PROPN
dev-s824,11,",",",",PUNCT
dev-s824,12,me,ego,PRON
dev-s824,13,teste,testis,NOUN
dev-s824,14,subscripsi,subscribo,VERB
dev-s824,15,.,.,PUNCT
dev-s825,1,+,+,PUNCT
dev-s825,2,Ego,ego,PRON
dev-s825,3,Lopo,lupus,PROPN
dev-s825,4,notarius,notarius,NOUN
dev-s825,5,post,post,ADP
dev-s825,6,traditam,trado,VERB
dev-s825,7,conplevi,compleo,VERB
dev-s825,8,et,et,CCONJ
dev-s825,9,dedi,do,VERB
dev-s825,10,.,.,PUNCT
dev-s826,1,+,+,PUNCT
dev-s826,2,In,in,ADP
dev-s826,3,Dei,Deus,PROPN
dev-s826,4,omnipotentis,omnipotens,ADJ
dev-s826,5,nomine,nomen,NOUN
dev-s826,6,regnante,regno,VERB
dev-s826,7,domno,domnus,NOUN
dev-s826,8,nostro,noster,DET
dev-s826,9,Karolus,Carolus,PROPN
dev-s826,10,divina,diuinus,ADJ
dev-s826,11,faventem,faueo,VERB
dev-s826,12,clementiam,clementia,NOUN
dev-s826,13,imperatore,imperator,NOUN
dev-s826,14,augusto,augustus,NOUN
dev-s826,15,",",",",PUNCT
dev-s826,16,anno,annus,NOUN
dev-s826,17,inperii,imperium,NOUN
dev-s826,18,eius,is,PRON
dev-s826,19,septimo,septimus,ADJ
dev-s826,20,",",",",PUNCT
dev-s826,21,sexto,sextus,ADJ
dev-s826,22,decimo,decimus,ADJ
dev-s826,23,kalendas,kalendae,NOUN
dev-s826,24,iulias,iulius,ADJ
dev-s826,25,",",",",PUNCT
dev-s826,26,indictione,indictio,NOUN
dev-s826,27,quinta,quintus,ADJ
dev-s826,28,.,.,PUNCT
dev-s827,1,spondeo,spondeo,VERB
dev-s827,2,adque,atque,CCONJ
dev-s827,3,per,per,ADP
dev-s827,4,hac,hic,DET
dev-s827,5,cartula,chartula,NOUN
dev-s827,6,ego,ego,PRON
dev-s827,7,Protasius,Protasius,PROPN
dev-s827,8,presbiter,presbyter,NOUN
dev-s827,9,",",",",PUNCT
dev-s827,10,rectorem,rector,NOUN
dev-s827,11,adque,atque,CCONJ
dev-s827,12,custodem,custos,NOUN
dev-s827,13,ecclesie,ecclesia,NOUN
dev-s827,14,beati,beatus,ADJ
dev-s827,15,sancti,sanctus,ADJ
dev-s827,16,Donati,Donatus,PROPN
dev-s827,17,et,et,CCONJ
dev-s827,18,sancti,sanctus,ADJ
dev-s827,19,Theodoris,Theodorus,PROPN
dev-s827,20,sita,sino,VERB
dev-s827,21,fora,foras,ADP
dev-s827,22,civitate,ciuitas,NOUN
dev-s827,23,ista,iste,DET
dev-s827,24,Lucense,lucensis,ADJ
dev-s827,25,",",",",PUNCT
dev-s827,26,tibi,tu,PRON
dev-s827,27,Gherardus,Gherardus,PROPN
dev-s827,28,",",",",PUNCT
dev-s827,29,gratia,gratia,NOUN
dev-s827,30,Dei,Deus,PROPN
dev-s827,31,huius,hic,DET
dev-s827,32,sancte,sanctus,ADJ
dev-s827,33,Lucane,lucanus,ADJ
dev-s827,34,ecclesie,ecclesia,NOUN
dev-s827,35,humilis,humilis,ADJ
dev-s827,36,episcopus,episcopus,NOUN
dev-s827,37,",",",",PUNCT
dev-s827,38,et,et,CCONJ
dev-s827,39,ad,ad,ADP
dev-s827,40,successoribus,successor,NOUN
dev-s827,41,tuis,tuus,DET
dev-s827,42,",",",",PUNCT
dev-s827,43,ut,ut,SCONJ
dev-s827,44,usque,usque,ADV
dev-s827,45,dum,dum,SCONJ
dev-s827,46,ego,ego,PRON
dev-s827,47,suprascripte,suprascriptus,DET
dev-s827,48,ecclesie,ecclesia,NOUN
dev-s827,49,sancti,sanctus,ADJ
dev-s827,50,Donati,Donatus,PROPN
dev-s827,51,et,et,CCONJ
dev-s827,52,sancti,sanctus,ADJ
dev-s827,53,Theodori,Theodorus,PROPN
dev-s827,54,seo,seu,CCONJ
dev-s827,55,casis,casa,NOUN
dev-s827,56,et,et,CCONJ
dev-s827,57,rebus,res,NOUN
dev-s827,58,ad,ad,ADP
dev-s827,59,eam,is,PRON
dev-s827,60,pertenentes,pertineo,VERB
dev-s827,61,abuero,habeo,VERB
dev-s827,62,",",",",PUNCT
dev-s827,63,ego,ego,PRON
dev-s827,64,vobis,uos,PRON
dev-s827,65,dare,do,VERB
dev-s827,66,et,et,CCONJ
dev-s827,67,perexolvere,persoluo,VERB
dev-s827,68,debeam,debeo,VERB
dev-s827,69,ad,ad,ADP
dev-s827,70,partem,pars,NOUN
dev-s827,71,ipsius,ipse,DET
dev-s827,72,epischopatui,episcopatus,NOUN
dev-s827,73,vestro,uester,DET
dev-s827,74,sancti,sanctus,ADJ
dev-s827,75,Martini,Martinus,PROPN
dev-s827,76,per,per,ADP
dev-s827,77,singulos,singulus,ADJ
dev-s827,78,annos,annus,NOUN
dev-s827,79,",",",",PUNCT
dev-s827,80,in,in,ADP
dev-s827,81,mense,mensis,NOUN
dev-s827,82,magio,maius,NOUN
dev-s827,83,",",",",PUNCT
dev-s827,84,argentum,argentum,NOUN
dev-s827,85,soledos,solidus,NOUN
dev-s827,86,viginti,uiginti,NUM
dev-s827,87,de,de,ADP
dev-s827,88,bonos,bonus,ADJ
dev-s827,89,denarios,denarius,NOUN
dev-s827,90,expendiviles,expendibilis,ADJ
dev-s827,91,",",",",PUNCT
dev-s827,92,duodecim,duodecim,NUM
dev-s827,93,denarios,denarius,NOUN
dev-s827,94,per,per,ADP
dev-s827,95,singulos,singulus,ADJ
dev-s827,96,soledos,solidus,NOUN
dev-s827,97,rationatos,rationo,VERB
dev-s827,98,",",",",PUNCT
dev-s827,99,vobis,uos,PRON
dev-s827,100,vel,uel,CCONJ
dev-s827,101,ad,ad,ADP
dev-s827,102,ministerialem,ministerialis,NOUN
dev-s827,103,vestro,uester,DET
dev-s827,104,quas,qui,PRON
dev-s827,105,in,in,ADP
dev-s827,106,ipso,ipse,DET
dev-s827,107,domo,domus,NOUN
dev-s827,108,pre,prae,ADP
dev-s827,109,tempore,tempus,NOUN
dev-s827,110,abueritis,habeo,VERB
dev-s827,111,;,;,PUNCT
dev-s828,1,unde,unde,ADV
dev-s828,2,repromitto,repromitto,VERB
dev-s828,3,ego,ego,PRON
dev-s828,4,qui,qui,DET
dev-s828,5,supra,supra,ADV
dev-s828,6,Protasius,Protasius,PROPN
dev-s828,7,presbitero,presbyter,NOUN
dev-s828,8,tibi,tu,PRON
dev-s828,9,qui,qui,DET
dev-s828,10,supra,supra,ADV
dev-s828,11,Gherardus,Gherardus,PROPN
dev-s828,12,episcopus,episcopus,NOUN
dev-s828,13,",",",",PUNCT
dev-s828,14,vel,uel,CCONJ
dev-s828,15,ad,ad,ADP
dev-s828,16,successoribus,successor,NOUN
dev-s828,17,tuis,tuus,DET
dev-s828,18,",",",",PUNCT
dev-s828,19,ut,ut,SCONJ
dev-s828,20,si,si,SCONJ
dev-s828,21,ego,ego,PRON
dev-s828,22,vobis,uos,PRON
dev-s828,23,per,per,ADP
dev-s828,24,me,ego,PRON
dev-s828,25,aut,aut,CCONJ
dev-s828,26,per,per,ADP
dev-s828,27,misso,missus,NOUN
dev-s828,28,meo,meus,DET
dev-s828,29,per,per,ADP
dev-s828,30,singulos,singulus,ADJ
dev-s828,31,annos,annus,NOUN
dev-s828,32,per,per,ADP
dev-s828,33,omnem,omnis,DET
dev-s828,34,mense,mensis,NOUN
dev-s828,35,magio,maius,ADJ
dev-s828,36,vobis,uos,PRON
dev-s828,37,",",",",PUNCT
dev-s828,38,vel,uel,CCONJ
dev-s828,39,ad,ad,ADP
dev-s828,40,ministeriale,ministerialis,NOUN
dev-s828,41,vestro,uester,DET
dev-s828,42,quas,qui,PRON
dev-s828,43,pre,prae,ADP
dev-s828,44,tempore,tempus,NOUN
dev-s828,45,in,in,ADP
dev-s828,46,ipso,ipse,DET
dev-s828,47,domo,domus,NOUN
dev-s828,48,abueritis,habeo,VERB
dev-s828,49,",",",",PUNCT
dev-s828,50,ipsos,ipse,DET
dev-s828,51,soledos,solidus,NOUN
dev-s828,52,vobis,uos,PRON
dev-s828,53,non,non,PART
dev-s828,54,dederimus,do,VERB
dev-s828,55,et,et,CCONJ
dev-s828,56,non,non,PART
dev-s828,57,perexolserimus,perexsoluo,VERB
dev-s828,58,de,de,ADP
dev-s828,59,tales,talis,DET
dev-s828,60,denarios,denarius,NOUN
dev-s828,61,quales,qualis,DET
dev-s828,62,in,in,ADP
dev-s828,63,die,dies,NOUN
dev-s828,64,illa,ille,DET
dev-s828,65,hic,hic,ADV
dev-s828,66,civitate,ciuitas,NOUN
dev-s828,67,Luca,Luca,PROPN
dev-s828,68,per,per,ADP
dev-s828,69,caput,caput,NOUN
dev-s828,70,bene,bene,ADV
dev-s828,71,fuerit,sum,AUX
dev-s828,72,expendiviles,expendibilis,ADJ
dev-s828,73,usque,usque,ADV
dev-s828,74,dum,dum,SCONJ
dev-s828,75,ego,ego,PRON
dev-s828,76,suprascripta,suprascriptus,DET
dev-s828,77,ecclesia,ecclesia,NOUN
dev-s828,78,sancti,sanctus,ADJ
dev-s828,79,Donati,Donatus,PROPN
dev-s828,80,et,et,CCONJ
dev-s828,81,sancti,sanctus,ADJ
dev-s828,82,Theodori,Theodorus,PROPN
dev-s828,83,cum,cum,ADP
dev-s828,84,casis,casa,NOUN
dev-s828,85,et,et,CCONJ
dev-s828,86,rebus,res,NOUN
dev-s828,87,ad,ad,ADP
dev-s828,88,eam,is,PRON
dev-s828,89,pertenentes,pertineo,VERB
dev-s828,90,abuero,habeo,VERB
dev-s828,91,",",",",PUNCT
dev-s828,92,spondeo,spondeo,VERB
dev-s828,93,ego,ego,PRON
dev-s828,94,qui,qui,DET
dev-s828,95,supra,supra,ADV
dev-s828,96,Protasius,Protasius,PROPN
dev-s828,97,presbitero,presbyter,NOUN
dev-s828,98,tibi,tu,PRON
dev-s828,99,qui,qui,DET
dev-s828,100,supra,supra,ADV
dev-s828,101,Gherardus,Gherardus,PROPN
dev-s828,102,episcopus,episcopus,NOUN
dev-s828,103,",",",",PUNCT
dev-s828,104,vel,uel,CCONJ
dev-s828,105,ad,ad,ADP
dev-s828,106,successoribus,successor,NOUN
dev-s828,107,tuis,tuus,DET
dev-s828,108,ad,ad,ADP
dev-s828,109,pars,pars,NOUN
dev-s828,110,suprascripte,suprascriptus,DET
dev-s828,111,ecclesie,ecclesia,NOUN
dev-s828,112,epischopatui,episcopatus,NOUN
dev-s828,113,vestro,uester,DET
dev-s828,114,sancti,sanctus,ADJ
dev-s828,115,Martini,Martinus,PROPN
dev-s828,116,",",",",PUNCT
dev-s828,117,de,de,ADP
dev-s828,118,quale,qualis,DET
dev-s828,119,anno,annus,NOUN
dev-s828,120,vobis,uos,PRON
dev-s828,121,suprascriptos,suprascriptus,DET
dev-s828,122,soledos,solidus,NOUN
dev-s828,123,menime,minime,ADV
dev-s828,124,dederimus,do,VERB
dev-s828,125,conponere,compono,VERB
dev-s828,126,vobis,uos,PRON
dev-s828,127,in,in,ADP
dev-s828,128,duplum,duplus,ADJ
dev-s828,129,de,de,ADP
dev-s828,130,bonos,bonus,ADJ
dev-s828,131,denarios,denarius,NOUN
dev-s828,132,expendiviles,expendibilis,ADJ
dev-s828,133,et,et,CCONJ
dev-s828,134,hanc,hic,DET
dev-s828,135,promissio,promissio,NOUN
dev-s828,136,in,in,ADP
dev-s828,137,suprascripto,suprascriptus,DET
dev-s828,138,ordinem,ordo,NOUN
dev-s828,139,in,in,ADP
dev-s828,140,suam,suus,DET
dev-s828,141,permanean,permaneo,VERB
dev-s828,142,firmitatem,firmitas,NOUN
dev-s828,143,",",",",PUNCT
dev-s828,144,quia,quia,SCONJ
dev-s828,145,in,in,ADP
dev-s828,146,tali,talis,DET
dev-s828,147,ordinem,ordo,NOUN
dev-s828,148,hunc,hic,DET
dev-s828,149,scriptum,scriptum,NOUN
dev-s828,150,Petrum,Petrus,PROPN
dev-s828,151,notarium,notarius,NOUN
dev-s828,152,scribere,scribo,VERB
dev-s828,153,rogavi,rogo,VERB
dev-s828,154,.,.,PUNCT
dev-s829,1,actum,ago,VERB
dev-s829,2,Luca,Luca,PROPN
dev-s829,3,.,.,PUNCT
dev-s830,1,+,+,PUNCT
dev-s830,2,Ego,ego,PRON
dev-s830,3,Protasius,Protasius,PROPN
dev-s830,4,presbiter,presbyter,NOUN
dev-s830,5,in,in,ADP
dev-s830,6,hanc,hic,DET
dev-s830,7,promissio,promissio,NOUN
dev-s830,8,a,ab,ADP
dev-s830,9,me,ego,PRON
dev-s830,10,facta,facio,VERB
dev-s830,11,manum,manus,NOUN
dev-s830,12,mea,meus,DET
dev-s830,13,subscripsi,subscribo,VERB
dev-s830,14,.,.,PUNCT
dev-s831,1,ego,ego,PRON
dev-s831,2,Andreas,Andreas,PROPN
dev-s831,3,notarius,notarius,NOUN
dev-s831,4,",",",",PUNCT
dev-s831,5,rogatus,rogo,VERB
dev-s831,6,a,ab,ADP
dev-s831,7,Protasius,Protasius,PROPN
dev-s831,8,presbiter,presbyter,NOUN
dev-s831,9,",",",",PUNCT
dev-s831,10,me,ego,PRON
dev-s831,11,teste,testis,NOUN
dev-s831,12,subscripsi,subscribo,VERB
dev-s831,13,.,.,PUNCT
dev-s832,1,ego,ego,PRON
dev-s832,2,Ghiselfridi,Ghiselfridus,PROPN
dev-s832,3,notarius,notarius,NOUN
dev-s832,4,et,et,CCONJ
dev-s832,5,schabinus,scabinus,NOUN
dev-s832,6,subscripsi,subscribo,VERB
dev-s832,7,.,.,PUNCT
dev-s833,1,ego,ego,PRON
dev-s833,2,Vuilimundus,Wilimundus,PROPN
dev-s833,3,",",",",PUNCT
dev-s833,4,rogatus,rogo,VERB
dev-s833,5,a,ab,ADP
dev-s833,6,Protasius,Protasius,PROPN
dev-s833,7,presbiter,presbyter,NOUN
dev-s833,8,",",",",PUNCT
dev-s833,9,me,ego,PRON
dev-s833,10,teste,testis,NOUN
dev-s833,11,subscripsi,subscribo,VERB
dev-s833,12,.,.,PUNCT
dev-s834,1,+,+,PUNCT
dev-s834,2,Ego,ego,PRON
dev-s834,3,Adaldus,Adaldus,PROPN
dev-s834,4,",",",",PUNCT
dev-s834,5,rogatus,rogo,VERB
dev-s834,6,a,ab,ADP
dev-s834,7,Protasius,Protasius,PROPN
dev-s834,8,presbitero,presbyter,NOUN
dev-s834,9,",",",",PUNCT
dev-s834,10,me,ego,PRON
dev-s834,11,teste,testis,NOUN
dev-s834,12,subscripsi,subscribo,VERB
dev-s834,13,.,.,PUNCT
dev-s835,1,+,+,PUNCT
dev-s835,2,Ego,ego,PRON
dev-s835,3,Georgius,Georgius,PROPN
dev-s835,4,notarius,notarius,NOUN
dev-s835,5,",",",",PUNCT
dev-s835,6,rogatus,rogo,VERB
dev-s835,7,a,ab,ADP
dev-s835,8,Protasius,Protasius,PROPN
dev-s835,9,presbitero,presbyter,NOUN
dev-s835,10,",",",",PUNCT
dev-s835,11,me,ego,PRON
dev-s835,12,teste,testis,NOUN
dev-s835,13,subscripsi,subscribo,VERB
dev-s835,14,.,.,PUNCT
dev-s836,1,+,+,PUNCT
dev-s836,2,Ego,ego,PRON
dev-s836,3,Adalpertus,Adalpertus,PROPN
dev-s836,4,notarius,notarius,NOUN
dev-s836,5,",",",",PUNCT
dev-s836,6,rogatus,rogo,VERB
dev-s836,7,a,ab,ADP
dev-s836,8,Protasius,Protasius,PROPN
dev-s836,9,presbitero,presbyter,NOUN
dev-s836,10,",",",",PUNCT
dev-s836,11,me,ego,PRON
dev-s836,12,teste,testis,NOUN
dev-s836,13,subscripsi,subscribo,VERB
dev-s836,14,.,.,PUNCT
dev-s837,1,+,+,PUNCT
dev-s837,2,Ego,ego,PRON
dev-s837,3,Petrus,Petrus,PROPN
dev-s837,4,",",",",PUNCT
dev-s837,5,rogatus,rogo,VERB
dev-s837,6,a,ab,ADP
dev-s837,7,Protasius,Protasius,PROPN
dev-s837,8,presbitero,presbyter,NOUN
dev-s837,9,",",",",PUNCT
dev-s837,10,me,ego,PRON
dev-s837,11,teste,testis,NOUN
dev-s837,12,subscripsi,subscribo,VERB
dev-s837,13,.,.,PUNCT
dev-s838,1,In,in,ADP
dev-s838,2,Dei,Deus,PROPN
dev-s838,3,omnipotentis,omnipotens,ADJ
dev-s838,4,nomine,nomen,NOUN
dev-s838,5,regnante,regno,VERB
dev-s838,6,domno,domnus,NOUN
dev-s838,7,nostro,noster,DET
dev-s838,8,Karolus,Carolus,PROPN
dev-s838,9,divina,diuinus,ADJ
dev-s838,10,favente,faueo,VERB
dev-s838,11,clementiam,clementia,NOUN
dev-s838,12,inperatore,imperator,NOUN
dev-s838,13,augusto,augustus,NOUN
dev-s838,14,",",",",PUNCT
dev-s838,15,anno,annus,NOUN
dev-s838,16,imperii,imperium,NOUN
dev-s838,17,eius,is,PRON
dev-s838,18,septimo,septimus,ADJ
dev-s838,19,",",",",PUNCT
dev-s838,20,nonas,nonae,NOUN
dev-s838,21,augustas,augustus,ADJ
dev-s838,22,",",",",PUNCT
dev-s838,23,indictione,indictio,NOUN
dev-s838,24,quinta,quintus,ADJ
dev-s838,25,.,.,PUNCT
dev-s839,1,manifestu,manifestus,ADJ
dev-s839,2,sum,sum,AUX
dev-s839,3,ego,ego,PRON
dev-s839,4,Urso,Ursus,PROPN
dev-s839,5,",",",",PUNCT
dev-s839,6,filio,filius,NOUN
dev-s839,7,quondam,quondam,ADJ
dev-s839,8,Ardimanni,Ardimannus,PROPN
dev-s839,9,",",",",PUNCT
dev-s839,10,quia,quia,SCONJ
dev-s839,11,tu,tu,PRON
dev-s839,12,Gherardus,Gherardus,PROPN
dev-s839,13,",",",",PUNCT
dev-s839,14,gratia,gratia,NOUN
dev-s839,15,Dei,Deus,PROPN
dev-s839,16,huius,hic,DET
dev-s839,17,sancte,sanctus,ADJ
dev-s839,18,Lucane,lucanus,ADJ
dev-s839,19,ecclesie,ecclesia,NOUN
dev-s839,20,humilis,humilis,ADJ
dev-s839,21,episcopus,episcopus,NOUN
dev-s839,22,",",",",PUNCT
dev-s839,23,per,per,ADP
dev-s839,24,cartula,chartula,NOUN
dev-s839,25,livellario,libellarius,ADJ
dev-s839,26,nomine,nomen,NOUN
dev-s839,27,firmasti,firmo,VERB
dev-s839,28,me,ego,PRON
dev-s839,29,id,is,PRON
dev-s839,30,est,sum,AUX
dev-s839,31,in,in,ADP
dev-s839,32,casa,casa,NOUN
dev-s839,33,et,et,CCONJ
dev-s839,34,res,res,NOUN
dev-s839,35,illa,ille,DET
dev-s839,36,in,in,ADP
dev-s839,37,loco,locus,NOUN
dev-s839,38,Nuzano,Notianum,PROPN
dev-s839,39,pertinens,pertineo,VERB
dev-s839,40,ecclesie,ecclesia,NOUN
dev-s839,41,vestre,uester,DET
dev-s839,42,sancti,sanctus,ADJ
dev-s839,43,Fridiani,Fridianus,PROPN
dev-s839,44,",",",",PUNCT
dev-s839,45,qui,qui,PRON
dev-s839,46,est,sum,AUX
dev-s839,47,desub,desub,ADP
dev-s839,48,potestatem,potestas,NOUN
dev-s839,49,ipsius,ipse,DET
dev-s839,50,episcopatui,episcopatus,NOUN
dev-s839,51,vestro,uester,DET
dev-s839,52,sancti,sanctus,ADJ
dev-s839,53,Martini,Martinus,PROPN
dev-s839,54,",",",",PUNCT
dev-s839,55,in,in,ADP
dev-s839,56,qua,qui,PRON
dev-s839,57,ego,ego,PRON
dev-s839,58,ipsi,ipse,DET
dev-s839,59,abitare,habito,VERB
dev-s839,60,videor,uideo,VERB
dev-s839,61,;,;,PUNCT
dev-s840,1,casa,casa,NOUN
dev-s840,2,vero,uero,ADV
dev-s840,3,ipsa,ipse,DET
dev-s840,4,cum,cum,ADP
dev-s840,5,terris,terra,NOUN
dev-s840,6,",",",",PUNCT
dev-s840,7,vineis,uinea,NOUN
dev-s840,8,",",",",PUNCT
dev-s840,9,olivis,oliua,NOUN
dev-s840,10,",",",",PUNCT
dev-s840,11,silvis,silua,NOUN
dev-s840,12,",",",",PUNCT
dev-s840,13,virgareis,uirgareum,NOUN
dev-s840,14,",",",",PUNCT
dev-s840,15,cultas,cultus,ADJ
dev-s840,16,res,res,NOUN
dev-s840,17,vel,uel,CCONJ
dev-s840,18,incultas,incultus,ADJ
dev-s840,19,",",",",PUNCT
dev-s840,20,omnia,omnis,DET
dev-s840,21,quantum,quantum,ADV
dev-s840,22,ad,ad,ADP
dev-s840,23,ipsa,ipse,DET
dev-s840,24,casa,casa,NOUN
dev-s840,25,est,sum,AUX
dev-s840,26,pertinentes,pertineo,VERB
dev-s840,27,",",",",PUNCT
dev-s840,28,et,et,CCONJ
dev-s840,29,ego,ego,PRON
dev-s840,30,ipsi,ipse,DET
dev-s840,31,exinde,exinde,ADV
dev-s840,32,ad,ad,ADP
dev-s840,33,manus,manus,NOUN
dev-s840,34,mea,meus,DET
dev-s840,35,abere,habeo,VERB
dev-s840,36,videor,uideo,VERB
dev-s840,37,",",",",PUNCT
dev-s840,38,in,in,ADP
dev-s840,39,integrum,integer,ADJ
dev-s840,40,me,ego,PRON
dev-s840,41,firmasti,firmo,VERB
dev-s840,42,tali,talis,DET
dev-s840,43,ordinem,ordo,NOUN
dev-s840,44,ut,ut,SCONJ
dev-s840,45,ego,ego,PRON
dev-s840,46,",",",",PUNCT
dev-s840,47,vel,uel,CCONJ
dev-s840,48,Romano,romanus,PROPN
dev-s840,49,germano,germanus,NOUN
dev-s840,50,meo,meus,DET
dev-s840,51,vel,uel,CCONJ
dev-s840,52,nostris,noster,DET
dev-s840,53,heredibus,heres,NOUN
dev-s840,54,",",",",PUNCT
dev-s840,55,in,in,ADP
dev-s840,56,ipsa,ipse,DET
dev-s840,57,casa,casa,NOUN
dev-s840,58,residere,resideo,VERB
dev-s840,59,et,et,CCONJ
dev-s840,60,abitare,habito,VERB
dev-s840,61,debeamus,debeo,VERB
dev-s840,62,.,.,PUNCT
dev-s841,1,et,et,CCONJ
dev-s841,2,exinde,exinde,ADV
dev-s841,3,tibi,tu,PRON
dev-s841,4,",",",",PUNCT
dev-s841,5,vel,uel,CCONJ
dev-s841,6,ad,ad,ADP
dev-s841,7,subcessoribus,successor,NOUN
dev-s841,8,tuis,tuus,DET
dev-s841,9,ad,ad,ADP
dev-s841,10,pars,pars,NOUN
dev-s841,11,suprascripte,suprascriptus,DET
dev-s841,12,ecclesie,ecclesia,NOUN
dev-s841,13,",",",",PUNCT
dev-s841,14,per,per,ADP
dev-s841,15,singulos,singulus,ADJ
dev-s841,16,annos,annus,NOUN
dev-s841,17,in,in,ADP
dev-s841,18,ipso,ipse,DET
dev-s841,19,loco,locus,NOUN
dev-s841,20,reddere,reddo,VERB
dev-s841,21,debeamus,debeo,VERB
dev-s841,22,vino,uinum,NOUN
dev-s841,23,mundo,mundus,ADJ
dev-s841,24,sine,sine,ADP
dev-s841,25,aqua,aqua,NOUN
dev-s841,26,sistaria,sextarius,NOUN
dev-s841,27,sedeci,sedecim,NUM
dev-s841,28,et,et,CCONJ
dev-s841,29,denarios,denarius,NOUN
dev-s841,30,bono,bonus,ADJ
dev-s841,31,expendiviles,expendibilis,ADJ
dev-s841,32,;,;,PUNCT
dev-s842,1,et,et,CCONJ
dev-s842,2,a,ab,ADP
dev-s842,3,mandato,mandatum,NOUN
dev-s842,4,vestro,uester,DET
dev-s842,5,venire,uenio,VERB
dev-s842,6,debeamus,debeo,VERB
dev-s842,7,hic,hic,ADV
dev-s842,8,Luca,Luca,PROPN
dev-s842,9,legem,lex,NOUN
dev-s842,10,et,et,CCONJ
dev-s842,11,iustitiam,iustitia,NOUN
dev-s842,12,faciendum,facio,VERB
dev-s842,13,tantum,tantum,ADV
dev-s842,14,.,.,PUNCT
dev-s843,1,et,et,CCONJ
dev-s843,2,si,si,SCONJ
dev-s843,3,nos,nos,PRON
dev-s843,4,vobis,uos,PRON
dev-s843,5,sic,sic,ADV
dev-s843,6,non,non,PART
dev-s843,7,adimpleverimus,adimpleo,VERB
dev-s843,8,sicut,sicut,SCONJ
dev-s843,9,superius,superius,ADV
dev-s843,10,legitur,lego,VERB
dev-s843,11,",",",",PUNCT
dev-s843,12,vel,uel,CCONJ
dev-s843,13,si,si,SCONJ
dev-s843,14,suprascripta,suprascriptus,DET
dev-s843,15,casa,casa,NOUN
dev-s843,16,et,et,CCONJ
dev-s843,17,res,res,NOUN
dev-s843,18,relaxsaverimus,relaxo,VERB
dev-s843,19,",",",",PUNCT
dev-s843,20,vel,uel,CCONJ
dev-s843,21,si,si,SCONJ
dev-s843,22,per,per,ADP
dev-s843,23,nos,nos,PRON
dev-s843,24,pegiorata,peioro,VERB
dev-s843,25,fuerit,sum,AUX
dev-s843,26,",",",",PUNCT
dev-s843,27,spondeo,spondeo,VERB
dev-s843,28,ego,ego,PRON
dev-s843,29,qui,qui,DET
dev-s843,30,supra,supra,ADV
dev-s843,31,Urso,Ursus,PROPN
dev-s843,32,",",",",PUNCT
dev-s843,33,una,una,ADV
dev-s843,34,cum,cum,ADP
dev-s843,35,suprascripto,suprascriptus,DET
dev-s843,36,Romano,romanus,PROPN
dev-s843,37,germano,germanus,NOUN
dev-s843,38,meo,meus,DET
dev-s843,39,et,et,CCONJ
dev-s843,40,cum,cum,ADP
dev-s843,41,nostris,noster,DET
dev-s843,42,heredibus,heres,NOUN
dev-s843,43,",",",",PUNCT
dev-s843,44,conponere,compono,VERB
dev-s843,45,tibi,tu,PRON
dev-s843,46,qui,qui,DET
dev-s843,47,supra,supra,ADV
dev-s843,48,Gherardus,Gherardus,PROPN
dev-s843,49,episcopus,episcopus,NOUN
dev-s843,50,",",",",PUNCT
dev-s843,51,vel,uel,CCONJ
dev-s843,52,ad,ad,ADP
dev-s843,53,subcessoribus,successor,NOUN
dev-s843,54,tuis,tuus,DET
dev-s843,55,",",",",PUNCT
dev-s843,56,penam,poena,NOUN
dev-s843,57,",",",",PUNCT
dev-s843,58,argentum,argentum,NOUN
dev-s843,59,soledos,solidus,NOUN
dev-s843,60,triginta,triginta,NUM
dev-s843,61,",",",",PUNCT
dev-s843,62,quia,quia,SCONJ
dev-s843,63,taliter,taliter,ADV
dev-s843,64,inter,inter,ADP
dev-s843,65,nos,nos,PRON
dev-s843,66,conveni,conuenio,VERB
dev-s843,67,et,et,CCONJ
dev-s843,68,duas,duo,NUM
dev-s843,69,inter,inter,ADP
dev-s843,70,nos,nos,PRON
dev-s843,71,cartulas,chartula,NOUN
dev-s843,72,Leo,Leo,PROPN
dev-s843,73,notarium,notarius,NOUN
dev-s843,74,scribere,scribo,VERB
dev-s843,75,rogavimus,rogo,VERB
dev-s843,76,.,.,PUNCT
dev-s844,1,actum,ago,VERB
dev-s844,2,Luca,Luca,PROPN
dev-s844,3,.,.,PUNCT
dev-s845,1,signum,signum,NOUN
dev-s845,2,+,+,PUNCT
dev-s845,3,manus,manus,NOUN
dev-s845,4,Ursi,Ursus,PROPN
dev-s845,5,qui,qui,PRON
dev-s845,6,hunc,hic,DET
dev-s845,7,libellum,libellus,NOUN
dev-s845,8,fieri,fio,VERB
dev-s845,9,rogavit,rogo,VERB
dev-s845,10,.,.,PUNCT
dev-s846,1,+,+,PUNCT
dev-s846,2,Ego,ego,PRON
dev-s846,3,Vuarneri,Warnerus,PROPN
dev-s846,4,",",",",PUNCT
dev-s846,5,rogatus,rogo,VERB
dev-s846,6,ab,ab,ADP
dev-s846,7,Urso,Ursus,PROPN
dev-s846,8,",",",",PUNCT
dev-s846,9,me,ego,PRON
dev-s846,10,teste,testis,NOUN
dev-s846,11,subscripsi,subscribo,VERB
dev-s846,12,.,.,PUNCT
dev-s847,1,+,+,PUNCT
dev-s847,2,Ego,ego,PRON
dev-s847,3,Eriteo,Eriteus,PROPN
dev-s847,4,",",",",PUNCT
dev-s847,5,rogatus,rogo,VERB
dev-s847,6,ab,ab,ADP
dev-s847,7,Urso,Ursus,PROPN
dev-s847,8,",",",",PUNCT
dev-s847,9,me,ego,PRON
dev-s847,10,teste,testis,NOUN
dev-s847,11,subscripsi,subscribo,VERB
dev-s847,12,.,.,PUNCT
dev-s848,1,+,+,PUNCT
dev-s848,2,Ego,ego,PRON
dev-s848,3,Cunimundo,Cunimundus,PROPN
dev-s848,4,",",",",PUNCT
dev-s848,5,rogatus,rogo,VERB
dev-s848,6,ab,ab,ADP
dev-s848,7,Urso,Ursus,PROPN
dev-s848,8,",",",",PUNCT
dev-s848,9,me,ego,PRON
dev-s848,10,teste,testis,NOUN
dev-s848,11,subscripsi,subscribo,VERB
dev-s848,12,.,.,PUNCT
dev-s849,1,signum,signum,NOUN
dev-s849,2,+,+,PUNCT
dev-s849,3,manus,manus,NOUN
dev-s849,4,Gumperto,Gumpertus,PROPN
dev-s849,5,filio,filius,NOUN
dev-s849,6,quondam,quondam,ADJ
dev-s849,7,Petri,Petrus,PROPN
dev-s849,8,",",",",PUNCT
dev-s849,9,testis,testis,NOUN
dev-s849,10,.,.,PUNCT
dev-s850,1,+,+,PUNCT
dev-s850,2,Ego,ego,PRON
dev-s850,3,Leo,Leo,PROPN
dev-s850,4,notarius,notarius,NOUN
dev-s850,5,post,post,ADP
dev-s850,6,traditam,trado,VERB
dev-s850,7,conplevi,compleo,VERB
dev-s850,8,et,et,CCONJ
dev-s850,9,dedi,do,VERB
dev-s850,10,.,.,PUNCT
