sample_id,word_id_gold,word_gold,lemma_gold,pos_gold,token_idx,word_id_pred,word_pred,lemma_pred,pos_pred,word_match,pos_match?,lemma_match?,lemma_sim?
BCr.27a40,http://gams.uni-graz.at/o:glossvibe.bvi#BCr.27a40.0,idest,idest,nan,0,http://gams.uni-graz.at/o:glossvibe.bvi#BCr.27a40.0,idest,idest,CCONJ,True,False,True,1.0
BCr.27a40,http://gams.uni-graz.at/o:glossvibe.bvi#BCr.27a40.1,sidera,sidus,NOUN,1,http://gams.uni-graz.at/o:glossvibe.bvi#BCr.27a40.1,sidera,sidus,NOUN,True,True,True,1.0
BCr.27a40,http://gams.uni-graz.at/o:glossvibe.bvi#BCr.27a40.2,uel,uel,CCONJ,2,http://gams.uni-graz.at/o:glossvibe.bvi#BCr.27a40.2,uel,uel,CCONJ,True,True,True,1.0
BCr.27a40,http://gams.uni-graz.at/o:glossvibe.bvi#BCr.27a40.3,spatia,spatium,NOUN,3,http://gams.uni-graz.at/o:glossvibe.bvi#BCr.27a40.3,spatia,spatium,NOUN,True,True,True,1.0
BVi.01a06,http://gams.uni-graz.at/o:glossvibe.bvi#BVi.01a06.0,sideera,sidus,NOUN,0,http://gams.uni-graz.at/o:glossvibe.bvi#BVi.01a06.0,sideera,sideo,VERB,True,False,False,0.6
BVi.01a06,http://gams.uni-graz.at/o:glossvibe.bvi#BVi.01a06.1,uel,uel,CCONJ,1,http://gams.uni-graz.at/o:glossvibe.bvi#BVi.01a06.1,uel,uel,CCONJ,True,True,True,1.0
BVi.01a06,http://gams.uni-graz.at/o:glossvibe.bvi#BVi.01a06.2,spatia,spatium,NOUN,2,http://gams.uni-graz.at/o:glossvibe.bvi#BVi.01a06.2,spatia,spatium,NOUN,True,True,True,1.0
BVi.01a07,http://gams.uni-graz.at/o:glossvibe.bvi#BVi.01a07.0,eo,is,PRON,0,http://gams.uni-graz.at/o:glossvibe.bvi#BVi.01a07.0,eo,is,PRON,True,True,True,1.0
BVi.01a07,http://gams.uni-graz.at/o:glossvibe.bvi#BVi.01a07.1,quorum,qui,PRON,1,http://gams.uni-graz.at/o:glossvibe.bvi#BVi.01a07.1,quorum,qui,PRON,True,True,True,1.0
BVi.01a07,http://gams.uni-graz.at/o:glossvibe.bvi#BVi.01a07.2,qui,qui,PRON,2,http://gams.uni-graz.at/o:glossvibe.bvi#BVi.01a07.2,qui,qui,PRON,True,True,True,1.0
Ang.50a02c,http://gams.uni-graz.at/o:glossvibe.bvi#Ang.50a02c.0,fit,facio,VERB,0,http://gams.uni-graz.at/o:glossvibe.bvi#Ang.50a02c.0,fit,fio,VERB,True,True,False,0.75
Ang.50a02c,http://gams.uni-graz.at/o:glossvibe.bvi#Ang.50a02c.1,lumen,lumen,NOUN,1,http://gams.uni-graz.at/o:glossvibe.bvi#Ang.50a02c.1,lumen,lumen,NOUN,True,True,True,1.0
Ang.50a02c,http://gams.uni-graz.at/o:glossvibe.bvi#Ang.50a02c.2,in,in,ADP,2,http://gams.uni-graz.at/o:glossvibe.bvi#Ang.50a02c.2,in,in,ADP,True,True,True,1.0
Ang.50a02c,http://gams.uni-graz.at/o:glossvibe.bvi#Ang.50a02c.3,eis,is,PRON,3,http://gams.uni-graz.at/o:glossvibe.bvi#Ang.50a02c.3,eis,is,PRON,True,True,True,1.0
Ang.50a02c,http://gams.uni-graz.at/o:glossvibe.bvi#Ang.50a02c.4,in,in,ADP,4,http://gams.uni-graz.at/o:glossvibe.bvi#Ang.50a02c.4,in,in,ADP,True,True,True,1.0
Ang.50a02c,http://gams.uni-graz.at/o:glossvibe.bvi#Ang.50a02c.5,hoc,hic,DET,5,http://gams.uni-graz.at/o:glossvibe.bvi#Ang.50a02c.5,hoc,hic,DET,True,True,True,1.0
Ang.50a02c,http://gams.uni-graz.at/o:glossvibe.bvi#Ang.50a02c.6,tempore,tempus,NOUN,6,http://gams.uni-graz.at/o:glossvibe.bvi#Ang.50a02c.6,tempore,tempus,NOUN,True,True,True,1.0
BVi.01a19a,http://gams.uni-graz.at/o:glossvibe.bvi#BVi.01a19a.0,uel,uel,CCONJ,0,http://gams.uni-graz.at/o:glossvibe.bvi#BVi.01a19a.0,uel,uel,CCONJ,True,True,True,1.0
BVi.01a19a,http://gams.uni-graz.at/o:glossvibe.bvi#BVi.01a19a.1,absida,absida,NOUN,1,http://gams.uni-graz.at/o:glossvibe.bvi#BVi.01a19a.1,absida,absida,NOUN,True,True,True,1.0
BVi.01a19a,http://gams.uni-graz.at/o:glossvibe.bvi#BVi.01a19a.2,sedes,sedes,NOUN,2,http://gams.uni-graz.at/o:glossvibe.bvi#BVi.01a19a.2,sedes,sedes,NOUN,True,True,True,1.0
BVi.01a19a,http://gams.uni-graz.at/o:glossvibe.bvi#BVi.01a19a.3,episcopalis,episcopalis,ADJ,3,http://gams.uni-graz.at/o:glossvibe.bvi#BVi.01a19a.3,episcopalis,episcopalis,ADJ,True,True,True,1.0
BVi.01a19a,http://gams.uni-graz.at/o:glossvibe.bvi#BVi.01a19a.4,et,et,CCONJ,4,http://gams.uni-graz.at/o:glossvibe.bvi#BVi.01a19a.4,et,et,CCONJ,True,True,True,1.0
BVi.01a19a,http://gams.uni-graz.at/o:glossvibe.bvi#BVi.01a19a.5,?,nan,nan,5,http://gams.uni-graz.at/o:glossvibe.bvi#BVi.01a19a.5,?,?,PUNCT,True,False,False,0.0
BVi.01a19a,http://gams.uni-graz.at/o:glossvibe.bvi#BVi.01a19a.6,graecus,graecus,NOUN,6,http://gams.uni-graz.at/o:glossvibe.bvi#BVi.01a19a.0,graecus,graecus,ADJ,True,False,True,1.0
BVi.01a19a,http://gams.uni-graz.at/o:glossvibe.bvi#BVi.01a19a.7,et,et,CCONJ,7,http://gams.uni-graz.at/o:glossvibe.bvi#BVi.01a19a.1,et,et,CCONJ,True,True,True,1.0
BVi.01a19a,http://gams.uni-graz.at/o:glossvibe.bvi#BVi.01a19a.8,interpretatur,interpretor,VERB,8,http://gams.uni-graz.at/o:glossvibe.bvi#BVi.01a19a.2,interpretatur,interpretor,VERB,True,True,True,1.0
BVi.01a19a,http://gams.uni-graz.at/o:glossvibe.bvi#BVi.01a19a.9,splendida,splendidus,ADJ,9,http://gams.uni-graz.at/o:glossvibe.bvi#BVi.01a19a.3,splendida,splendidus,ADJ,True,True,True,1.0
BCr.27a53,http://gams.uni-graz.at/o:glossvibe.bvi#BCr.27a53.0,apparent,appareo,VERB,0,http://gams.uni-graz.at/o:glossvibe.bvi#BCr.27a53.0,apparent,appareo,VERB,True,True,True,1.0
BCr.27b03,http://gams.uni-graz.at/o:glossvibe.bvi#BCr.27b03.0,idest,idest,nan,0,http://gams.uni-graz.at/o:glossvibe.bvi#BCr.27b03.0,idest,idest,CCONJ,True,False,True,1.0
BCr.27b03,http://gams.uni-graz.at/o:glossvibe.bvi#BCr.27b03.01,absida,absida,NOUN,1,http://gams.uni-graz.at/o:glossvibe.bvi#BCr.27b03.1,absida,absida,NOUN,True,True,True,1.0
BCr.27b03,http://gams.uni-graz.at/o:glossvibe.bvi#BCr.27b03.02,graece,graece,ADV,2,http://gams.uni-graz.at/o:glossvibe.bvi#BCr.27b03.2,graece,graece,PROPN,True,False,True,1.0
BCr.27b03,http://gams.uni-graz.at/o:glossvibe.bvi#BCr.27b03.03,interpretatur,interpretor,VERB,3,http://gams.uni-graz.at/o:glossvibe.bvi#BCr.27b03.3,interpretatur,interpretor,VERB,True,True,True,1.0
BCr.27b03,http://gams.uni-graz.at/o:glossvibe.bvi#BCr.27b03.04,lucida,lucidus,ADJ,4,http://gams.uni-graz.at/o:glossvibe.bvi#BCr.27b03.4,lucida,lucidus,ADJ,True,True,True,1.0
BCr.27b03,http://gams.uni-graz.at/o:glossvibe.bvi#BCr.27b03.05,eo,is,PRON,5,http://gams.uni-graz.at/o:glossvibe.bvi#BCr.27b03.5,eo,is,PRON,True,True,True,1.0
BCr.27b03,http://gams.uni-graz.at/o:glossvibe.bvi#BCr.27b03.06,quorum,qui,PRON,6,http://gams.uni-graz.at/o:glossvibe.bvi#BCr.27b03.6,quorum,qui,PRON,True,True,True,1.0
BCr.27b03,http://gams.uni-graz.at/o:glossvibe.bvi#BCr.27b03.07,lumine,lumen,NOUN,7,http://gams.uni-graz.at/o:glossvibe.bvi#BCr.27b03.7,lumine,lumen,NOUN,True,True,True,1.0
BCr.27b03,http://gams.uni-graz.at/o:glossvibe.bvi#BCr.27b03.08,accepto,accipio,VERB,8,http://gams.uni-graz.at/o:glossvibe.bvi#BCr.27b03.8,accepto,accipio,VERB,True,True,True,1.0
BCr.27b03,http://gams.uni-graz.at/o:glossvibe.bvi#BCr.27b03.09,per,per,ADP,9,http://gams.uni-graz.at/o:glossvibe.bvi#BCr.27b03.9,per,per,ADP,True,True,True,1.0
BCr.27b03,http://gams.uni-graz.at/o:glossvibe.bvi#BCr.27b03.10,arcam,arca,NOUN,10,http://gams.uni-graz.at/o:glossvibe.bvi#BCr.27b03.10,arcam,arca,NOUN,True,True,True,1.0
BCr.27b03,http://gams.uni-graz.at/o:glossvibe.bvi#BCr.27b03.11,resplendeat,resplendeo,VERB,11,http://gams.uni-graz.at/o:glossvibe.bvi#BCr.27b03.11,resplendeat,resplendeo,VERB,True,True,True,1.0
BCr.27b03,http://gams.uni-graz.at/o:glossvibe.bvi#BCr.27b03.12,sed,sed,CCONJ,12,http://gams.uni-graz.at/o:glossvibe.bvi#BCr.27b03.12,sed,sed,CCONJ,True,True,True,1.0
BCr.27b03,http://gams.uni-graz.at/o:glossvibe.bvi#BCr.27b03.13,utrum,utrum,ADV,13,http://gams.uni-graz.at/o:glossvibe.bvi#BCr.27b03.13,utrum,utrum,ADV,True,True,True,1.0
BCr.27b03,http://gams.uni-graz.at/o:glossvibe.bvi#BCr.27b03.14,absidam,absida,NOUN,14,http://gams.uni-graz.at/o:glossvibe.bvi#BCr.27b03.14,absidam,absida,NOUN,True,True,True,1.0
BCr.27b03,http://gams.uni-graz.at/o:glossvibe.bvi#BCr.27b03.15,an,an,CCONJ,15,http://gams.uni-graz.at/o:glossvibe.bvi#BCr.27b03.15,an,an,SCONJ,True,False,True,1.0
BCr.27b03,http://gams.uni-graz.at/o:glossvibe.bvi#BCr.27b03.16,absidam,absida,NOUN,16,http://gams.uni-graz.at/o:glossvibe.bvi#BCr.27b03.16,absidam,absida,NOUN,True,True,True,1.0
BCr.27b03,http://gams.uni-graz.at/o:glossvibe.bvi#BCr.27b03.17,dicere,dico,VERB,17,http://gams.uni-graz.at/o:glossvibe.bvi#BCr.27b03.17,dicere,dico,VERB,True,True,True,1.0
BCr.27b03,http://gams.uni-graz.at/o:glossvibe.bvi#BCr.27b03.18,debemus,debeo,VERB,18,http://gams.uni-graz.at/o:glossvibe.bvi#BCr.27b03.18,debemus,debeo,VERB,True,True,True,1.0
BCr.27b03,http://gams.uni-graz.at/o:glossvibe.bvi#BCr.27b03.19,hic,hic,DET,19,http://gams.uni-graz.at/o:glossvibe.bvi#BCr.27b03.19,hic,hic,DET,True,True,True,1.0
BCr.27b03,http://gams.uni-graz.at/o:glossvibe.bvi#BCr.27b03.20,uerbi,uerbum,NOUN,20,http://gams.uni-graz.at/o:glossvibe.bvi#BCr.27b03.20,uerbi,uerbum,NOUN,True,True,True,1.0
BCr.27b03,http://gams.uni-graz.at/o:glossvibe.bvi#BCr.27b03.21,genus,genus,NOUN,21,http://gams.uni-graz.at/o:glossvibe.bvi#BCr.27b03.21,genus,genus,NOUN,True,True,True,1.0
BCr.27b03,http://gams.uni-graz.at/o:glossvibe.bvi#BCr.27b03.22,hic,hic,DET,22,http://gams.uni-graz.at/o:glossvibe.bvi#BCr.27b03.22,hic,hic,DET,True,True,True,1.0
BCr.27b03,http://gams.uni-graz.at/o:glossvibe.bvi#BCr.27b03.23,uerbi,uerbum,NOUN,23,http://gams.uni-graz.at/o:glossvibe.bvi#BCr.27b03.23,uerbi,uerbum,NOUN,True,True,True,1.0
BCr.27b03,http://gams.uni-graz.at/o:glossvibe.bvi#BCr.27b03.24,genus,genus,NOUN,24,http://gams.uni-graz.at/o:glossvibe.bvi#BCr.27b03.24,genus,genus,NOUN,True,True,True,1.0
BCr.27b03,http://gams.uni-graz.at/o:glossvibe.bvi#BCr.27b03.25,ambiguum,ambiguus,ADJ,25,http://gams.uni-graz.at/o:glossvibe.bvi#BCr.27b03.25,ambiguum,ambiguus,ADJ,True,True,True,1.0
BCr.27b03,http://gams.uni-graz.at/o:glossvibe.bvi#BCr.27b03.26,quidam,quidam,PRON,26,http://gams.uni-graz.at/o:glossvibe.bvi#BCr.27b03.26,quidam,quidam,DET,True,False,True,1.0
BCr.27b03,http://gams.uni-graz.at/o:glossvibe.bvi#BCr.27b03.27,doctorum,doctor,NOUN,27,http://gams.uni-graz.at/o:glossvibe.bvi#BCr.27b03.27,doctorum,doctor,NOUN,True,True,True,1.0
BCr.27b03,http://gams.uni-graz.at/o:glossvibe.bvi#BCr.27b03.28,existimant,existimo,VERB,28,http://gams.uni-graz.at/o:glossvibe.bvi#BCr.27b03.28,existimant,existimo,VERB,True,True,True,1.0
BVi.01a18.05,http://gams.uni-graz.at/o:glossvibe.bvi#BVi.01a18.05.2,absida,absida,NOUN,0,http://gams.uni-graz.at/o:glossvibe.bvi#BVi.01a18.05.0,absida,absida,NOUN,True,True,True,1.0
BVi.01a18.05,http://gams.uni-graz.at/o:glossvibe.bvi#BVi.01a18.05.3,graece,graece,ADV,1,http://gams.uni-graz.at/o:glossvibe.bvi#BVi.01a18.05.1,graece,graece,ADV,True,True,True,1.0
BVi.01a18.05,http://gams.uni-graz.at/o:glossvibe.bvi#BVi.01a18.05.4,circulus,circulus,NOUN,2,http://gams.uni-graz.at/o:glossvibe.bvi#BVi.01a18.05.2,circulus,circulus,NOUN,True,True,True,1.0
BVi.01a18.05,http://gams.uni-graz.at/o:glossvibe.bvi#BVi.01a18.05.5,interpretatur,interpretor,VERB,3,http://gams.uni-graz.at/o:glossvibe.bvi#BVi.01a18.05.3,interpretatur,interpretor,VERB,True,True,True,1.0
Sg.55.32,http://gams.uni-graz.at/o:glossvibe.bvi#Sg.55.32.0,idest,idest,nan,0,http://gams.uni-graz.at/o:glossvibe.bvi#Sg.55.32.0,idest,idest,CCONJ,True,False,True,1.0
Sg.55.32,http://gams.uni-graz.at/o:glossvibe.bvi#Sg.55.32.1,absida,absida,NOUN,1,http://gams.uni-graz.at/o:glossvibe.bvi#Sg.55.32.1,absida,absida,NOUN,True,True,True,1.0
Sg.55.32,http://gams.uni-graz.at/o:glossvibe.bvi#Sg.55.32.2,graece,graece,ADV,2,http://gams.uni-graz.at/o:glossvibe.bvi#Sg.55.32.2,graece,graece,PROPN,True,False,True,1.0
Sg.55.32,http://gams.uni-graz.at/o:glossvibe.bvi#Sg.55.32.3,interpretatur,interpretor,VERB,3,http://gams.uni-graz.at/o:glossvibe.bvi#Sg.55.32.3,interpretatur,interpretor,VERB,True,True,True,1.0
Sg.55.32,http://gams.uni-graz.at/o:glossvibe.bvi#Sg.55.32.4,lucida,lucidus,ADJ,4,http://gams.uni-graz.at/o:glossvibe.bvi#Sg.55.32.4,lucida,lucidus,ADJ,True,True,True,1.0
Ang.50a09c,http://gams.uni-graz.at/o:glossvibe.bvi#Ang.50a09c.0,aiunt,aio,VERB,0,http://gams.uni-graz.at/o:glossvibe.bvi#Ang.50a09c.0,aiunt,aio,VERB,True,True,True,1.0
BVi.01a20,http://gams.uni-graz.at/o:glossvibe.bvi#BVi.01a20.0,aiunt,aio,VERB,0,http://gams.uni-graz.at/o:glossvibe.bvi#BVi.01a20.0,aiunt,aio,VERB,True,True,True,1.0
Ang.50a09e,http://gams.uni-graz.at/o:glossvibe.bvi#Ang.50a09e.0,lunae,luna,NOUN,0,http://gams.uni-graz.at/o:glossvibe.bvi#Ang.50a09e.0,lunae,luna,NOUN,True,True,True,1.0
BVi.01a21,http://gams.uni-graz.at/o:glossvibe.bvi#BVi.01a21.0,lune,luna,NOUN,0,http://gams.uni-graz.at/o:glossvibe.bvi#BVi.01a21.0,lune,lunus,NOUN,True,True,False,0.6666666666666666
Ang.50a11b,http://gams.uni-graz.at/o:glossvibe.bvi#Ang.50a11b.0,ut,ut,SCONJ,0,http://gams.uni-graz.at/o:glossvibe.bvi#Ang.50a11b.0,ut,ut,SCONJ,True,True,True,1.0
Ang.50a11b,http://gams.uni-graz.at/o:glossvibe.bvi#Ang.50a11b.1,fit,facio,VERB,1,http://gams.uni-graz.at/o:glossvibe.bvi#Ang.50a11b.1,fit,fio,VERB,True,True,False,0.75
Ang.50a11b,http://gams.uni-graz.at/o:glossvibe.bvi#Ang.50a11b.2,lucerna,lucerna,NOUN,2,http://gams.uni-graz.at/o:glossvibe.bvi#Ang.50a11b.2,lucerna,lucernum,NOUN,True,True,False,0.8
Ang.50a11b,http://gams.uni-graz.at/o:glossvibe.bvi#Ang.50a11b.3,contra,contra,ADP,3,http://gams.uni-graz.at/o:glossvibe.bvi#Ang.50a11b.3,contra,contra,ADP,True,True,True,1.0
Ang.50a11b,http://gams.uni-graz.at/o:glossvibe.bvi#Ang.50a11b.4,corpus,corpus,NOUN,4,http://gams.uni-graz.at/o:glossvibe.bvi#Ang.50a11b.4,corpus,corpus,NOUN,True,True,True,1.0
Ang.50a11b,http://gams.uni-graz.at/o:glossvibe.bvi#Ang.50a11b.5,hominis,homo,NOUN,5,http://gams.uni-graz.at/o:glossvibe.bvi#Ang.50a11b.5,hominis,homo,NOUN,True,True,True,1.0
BCr.27b06,http://gams.uni-graz.at/o:glossvibe.bvi#BCr.27b06.0,ut,ut,SCONJ,0,http://gams.uni-graz.at/o:glossvibe.bvi#BCr.27b06.0,ut,ut,SCONJ,True,True,True,1.0
BCr.27b06,http://gams.uni-graz.at/o:glossvibe.bvi#BCr.27b06.1,fit,facio,VERB,1,http://gams.uni-graz.at/o:glossvibe.bvi#BCr.27b06.1,fit,fio,VERB,True,True,False,0.75
BCr.27b06,http://gams.uni-graz.at/o:glossvibe.bvi#BCr.27b06.2,candela,candela,NOUN,2,http://gams.uni-graz.at/o:glossvibe.bvi#BCr.27b06.2,candela,candela,NOUN,True,True,True,1.0
BCr.27b06,http://gams.uni-graz.at/o:glossvibe.bvi#BCr.27b06.3,contra,contra,ADP,3,http://gams.uni-graz.at/o:glossvibe.bvi#BCr.27b06.3,contra,contra,ADP,True,True,True,1.0
BCr.27b06,http://gams.uni-graz.at/o:glossvibe.bvi#BCr.27b06.4,corpus,corpus,NOUN,4,http://gams.uni-graz.at/o:glossvibe.bvi#BCr.27b06.4,corpus,corpus,NOUN,True,True,True,1.0
BCr.27b06,http://gams.uni-graz.at/o:glossvibe.bvi#BCr.27b06.5,hominis,homo,NOUN,5,http://gams.uni-graz.at/o:glossvibe.bvi#BCr.27b06.5,hominis,homo,NOUN,True,True,True,1.0
BVi.01a28,http://gams.uni-graz.at/o:glossvibe.bvi#BVi.01a28.0,ut,ut,SCONJ,0,http://gams.uni-graz.at/o:glossvibe.bvi#BVi.01a28.0,ut,ut,SCONJ,True,True,True,1.0
BVi.01a28,http://gams.uni-graz.at/o:glossvibe.bvi#BVi.01a28.1,lucerna,lucerna,NOUN,1,http://gams.uni-graz.at/o:glossvibe.bvi#BVi.01a28.1,lucerna,lucernum,NOUN,True,True,False,0.8
BVi.01a28,http://gams.uni-graz.at/o:glossvibe.bvi#BVi.01a28.2,fit,facio,VERB,2,http://gams.uni-graz.at/o:glossvibe.bvi#BVi.01a28.2,fit,fio,VERB,True,True,False,0.75
Sg.55.38,http://gams.uni-graz.at/o:glossvibe.bvi#Sg.55.38.0,idest,idest,nan,0,http://gams.uni-graz.at/o:glossvibe.bvi#Sg.55.38.0,idest,idest,CCONJ,True,False,True,1.0
Sg.55.38,http://gams.uni-graz.at/o:glossvibe.bvi#Sg.55.38.1,ut,ut,SCONJ,1,http://gams.uni-graz.at/o:glossvibe.bvi#Sg.55.38.1,ut,ut,SCONJ,True,True,True,1.0
Sg.55.38,http://gams.uni-graz.at/o:glossvibe.bvi#Sg.55.38.2,fit,facio,VERB,2,http://gams.uni-graz.at/o:glossvibe.bvi#Sg.55.38.2,fit,fio,VERB,True,True,False,0.75
Sg.55.38,http://gams.uni-graz.at/o:glossvibe.bvi#Sg.55.38.3,candela,candela,NOUN,3,http://gams.uni-graz.at/o:glossvibe.bvi#Sg.55.38.3,candela,candela,NOUN,True,True,True,1.0
Sg.55.38,http://gams.uni-graz.at/o:glossvibe.bvi#Sg.55.38.4,contra,contra,ADP,4,http://gams.uni-graz.at/o:glossvibe.bvi#Sg.55.38.4,contra,contra,ADP,True,True,True,1.0
Sg.55.38,http://gams.uni-graz.at/o:glossvibe.bvi#Sg.55.38.5,corpus,corpus,NOUN,5,http://gams.uni-graz.at/o:glossvibe.bvi#Sg.55.38.5,corpus,corpus,NOUN,True,True,True,1.0
Sg.55.38,http://gams.uni-graz.at/o:glossvibe.bvi#Sg.55.38.6,hominis,homo,NOUN,6,http://gams.uni-graz.at/o:glossvibe.bvi#Sg.55.38.6,hominis,homo,NOUN,True,True,True,1.0
Ang.50a14c,http://gams.uni-graz.at/o:glossvibe.bvi#Ang.50a14c.0,paulatim,paulatim,ADV,0,http://gams.uni-graz.at/o:glossvibe.bvi#Ang.50a14c.0,paulatim,paulatim,ADV,True,True,True,1.0
BVi.01a30,http://gams.uni-graz.at/o:glossvibe.bvi#BVi.01a30.0,paulatim,paulatim,ADV,0,http://gams.uni-graz.at/o:glossvibe.bvi#BVi.01a30.0,paulatim,paulatim,ADV,True,True,True,1.0
Ang.50a20,http://gams.uni-graz.at/o:glossvibe.bvi#Ang.50a20.0,cupida,auara,NOUN,0,http://gams.uni-graz.at/o:glossvibe.bvi#Ang.50a20.0,cupida,cupidus,ADJ,True,False,False,0.16666666666666666
Ang.50a20,http://gams.uni-graz.at/o:glossvibe.bvi#Ang.50a20.1,auara,cupidus,ADJ,1,http://gams.uni-graz.at/o:glossvibe.bvi#Ang.50a20.1,auara,auarus,ADJ,True,True,False,0.46153846153846156
BCr.27b23a,http://gams.uni-graz.at/o:glossvibe.bvi#BCr.27b23a.0,idest,idest,nan,0,http://gams.uni-graz.at/o:glossvibe.bvi#BCr.27b23a.0,idest,idest,CCONJ,True,False,True,1.0
BCr.27b23a,http://gams.uni-graz.at/o:glossvibe.bvi#BCr.27b23a.1,auara,auara,NOUN,1,http://gams.uni-graz.at/o:glossvibe.bvi#BCr.27b23a.1,auara,auarum,NOUN,True,True,False,0.7272727272727273
BVi.01a38,http://gams.uni-graz.at/o:glossvibe.bvi#BVi.01a38.0,auara,auara,NOUN,0,http://gams.uni-graz.at/o:glossvibe.bvi#BVi.01a38.0,auara,auarus,ADJ,True,False,False,0.7272727272727273
BVi.01a38,http://gams.uni-graz.at/o:glossvibe.bvi#BVi.01a38.1,cupida,cupidus,ADJ,1,http://gams.uni-graz.at/o:glossvibe.bvi#BVi.01a38.1,cupida,cupidus,ADJ,True,True,True,1.0
BCr.27b28,http://gams.uni-graz.at/o:glossvibe.bvi#BCr.27b28.0,idest,idest,nan,0,http://gams.uni-graz.at/o:glossvibe.bvi#BCr.27b28.0,idest,idest,CCONJ,True,False,True,1.0
BCr.27b28,http://gams.uni-graz.at/o:glossvibe.bvi#BCr.27b28.1,quaerere,quaero,VERB,1,http://gams.uni-graz.at/o:glossvibe.bvi#BCr.27b28.1,quaerere,quaero,VERB,True,True,True,1.0
BVi.01a45,http://gams.uni-graz.at/o:glossvibe.bvi#BVi.01a45.0,cetera,ceterus,DET,0,http://gams.uni-graz.at/o:glossvibe.bvi#BVi.01a45.0,cetera,ceterus,DET,True,True,True,1.0
Ang.50a25b,http://gams.uni-graz.at/o:glossvibe.bvi#Ang.50a25b.0,apud,apud,ADP,0,http://gams.uni-graz.at/o:glossvibe.bvi#Ang.50a25b.0,apud,apud,ADP,True,True,True,1.0
Ang.50a25b,http://gams.uni-graz.at/o:glossvibe.bvi#Ang.50a25b.1,scithas,scythae,NOUN,1,http://gams.uni-graz.at/o:glossvibe.bvi#Ang.50a25b.1,scithas,scito,VERB,True,False,False,0.5
BCr.27b34,http://gams.uni-graz.at/o:glossvibe.bvi#BCr.27b34.0,apud,apud,ADP,0,http://gams.uni-graz.at/o:glossvibe.bvi#BCr.27b34.0,apud,apud,ADP,True,True,True,1.0
BCr.27b34,http://gams.uni-graz.at/o:glossvibe.bvi#BCr.27b34.1,scithios,scythae,NOUN,1,http://gams.uni-graz.at/o:glossvibe.bvi#BCr.27b34.1,scithios,scithium,NOUN,True,True,False,0.5333333333333333
BVi.01a46a,http://gams.uni-graz.at/o:glossvibe.bvi#BVi.01a46a.0,idest,idest,nan,0,http://gams.uni-graz.at/o:glossvibe.bvi#BVi.01a46a.0,idest,idest,CCONJ,True,False,True,1.0
BVi.01a46a,http://gams.uni-graz.at/o:glossvibe.bvi#BVi.01a46a.1,apud,apud,ADP,1,http://gams.uni-graz.at/o:glossvibe.bvi#BVi.01a46a.1,apud,apud,ADP,True,True,True,1.0
BVi.01a46a,http://gams.uni-graz.at/o:glossvibe.bvi#BVi.01a46a.2,scithas,scythae,NOUN,2,http://gams.uni-graz.at/o:glossvibe.bvi#BVi.01a46a.2,scithas,scito,VERB,True,False,False,0.5
Ang.50a26a,http://gams.uni-graz.at/o:glossvibe.bvi#Ang.50a26a.0,causa,causa,NOUN,0,http://gams.uni-graz.at/o:glossvibe.bvi#Ang.50a26a.0,causa,causa,NOUN,True,True,True,1.0
Ang.50a26a,http://gams.uni-graz.at/o:glossvibe.bvi#Ang.50a26a.1,diei,dies,NOUN,1,http://gams.uni-graz.at/o:glossvibe.bvi#Ang.50a26a.1,diei,dies,NOUN,True,True,True,1.0
Ang.50a26a,http://gams.uni-graz.at/o:glossvibe.bvi#Ang.50a26a.2,modici,modicus,ADJ,2,http://gams.uni-graz.at/o:glossvibe.bvi#Ang.50a26a.2,modici,modicus,ADJ,True,True,True,1.0
BCr.27b35,http://gams.uni-graz.at/o:glossvibe.bvi#BCr.27b35.0,causa,causa,NOUN,0,http://gams.uni-graz.at/o:glossvibe.bvi#BCr.27b35.0,causa,causa,NOUN,True,True,True,1.0
BCr.27b35,http://gams.uni-graz.at/o:glossvibe.bvi#BCr.27b35.1,diei,dies,NOUN,1,http://gams.uni-graz.at/o:glossvibe.bvi#BCr.27b35.1,diei,dies,NOUN,True,True,True,1.0
BCr.27b35,http://gams.uni-graz.at/o:glossvibe.bvi#BCr.27b35.2,modici,modicus,ADJ,2,http://gams.uni-graz.at/o:glossvibe.bvi#BCr.27b35.2,modici,modicus,ADJ,True,True,True,1.0
BVi.01a46b,http://gams.uni-graz.at/o:glossvibe.bvi#BVi.01a46b.0,causa,causa,NOUN,0,http://gams.uni-graz.at/o:glossvibe.bvi#BVi.01a46b.0,causa,causa,NOUN,True,True,True,1.0
BVi.01a46b,http://gams.uni-graz.at/o:glossvibe.bvi#BVi.01a46b.1,diei,dies,NOUN,1,http://gams.uni-graz.at/o:glossvibe.bvi#BVi.01a46b.1,diei,dies,NOUN,True,True,True,1.0
BVi.01a46b,http://gams.uni-graz.at/o:glossvibe.bvi#BVi.01a46b.2,modici,modicus,ADJ,2,http://gams.uni-graz.at/o:glossvibe.bvi#BVi.01a46b.2,modici,modicus,ADJ,True,True,True,1.0
Ang.50a26b,http://gams.uni-graz.at/o:glossvibe.bvi#Ang.50a26b.0,somno,somnus,NOUN,0,http://gams.uni-graz.at/o:glossvibe.bvi#Ang.50a26b.0,somno,somnus,NOUN,True,True,True,1.0
BVi.01a47a,http://gams.uni-graz.at/o:glossvibe.bvi#BVi.01a47a.0,somno,somnus,NOUN,0,http://gams.uni-graz.at/o:glossvibe.bvi#BVi.01a47a.0,somno,somnus,NOUN,True,True,True,1.0
Ang.50a27a,http://gams.uni-graz.at/o:glossvibe.bvi#Ang.50a27a.0,nox,nox,NOUN,0,http://gams.uni-graz.at/o:glossvibe.bvi#Ang.50a27a.0,nox,nox,NOUN,True,True,True,1.0
BVi.01a47b,http://gams.uni-graz.at/o:glossvibe.bvi#BVi.01a47b.0,nox,nox,NOUN,0,http://gams.uni-graz.at/o:glossvibe.bvi#BVi.01a47b.0,nox,nox,NOUN,True,True,True,1.0
Ang.50b03f,http://gams.uni-graz.at/o:glossvibe.bvi#Ang.50b03f.0,idest,idest,nan,0,http://gams.uni-graz.at/o:glossvibe.bvi#Ang.50b03f.0,idest,idest,CCONJ,True,False,True,1.0
Ang.50b03f,http://gams.uni-graz.at/o:glossvibe.bvi#Ang.50b03f.1,ad,ad,ADP,1,http://gams.uni-graz.at/o:glossvibe.bvi#Ang.50b03f.1,ad,ad,ADP,True,True,True,1.0
Ang.50b03f,http://gams.uni-graz.at/o:glossvibe.bvi#Ang.50b03f.2,septem,septem,NUM,2,http://gams.uni-graz.at/o:glossvibe.bvi#Ang.50b03f.2,septem,septem,NUM,True,True,True,1.0
BVi.01b14,http://gams.uni-graz.at/o:glossvibe.bvi#BVi.01b14.0,ad,ad,ADP,0,http://gams.uni-graz.at/o:glossvibe.bvi#BVi.01b14.0,ad,ad,ADP,True,True,True,1.0
BVi.01b14,http://gams.uni-graz.at/o:glossvibe.bvi#BVi.01b14.1,septimo,septem,NUM,1,http://gams.uni-graz.at/o:glossvibe.bvi#BVi.01b14.1,septimo,septimus,ADJ,True,False,False,0.7142857142857143
BVi.01b14,http://gams.uni-graz.at/o:glossvibe.bvi#BVi.01b14.2,numero,numerus,NOUN,2,http://gams.uni-graz.at/o:glossvibe.bvi#BVi.01b14.2,numero,numero,ADV,True,False,False,0.7692307692307693
BVi.01b22,http://gams.uni-graz.at/o:glossvibe.bvi#BVi.01b22.0,idest,idest,nan,0,http://gams.uni-graz.at/o:glossvibe.bvi#BVi.01b22.0,idest,idest,CCONJ,True,False,True,1.0
BVi.01b22,http://gams.uni-graz.at/o:glossvibe.bvi#BVi.01b22.1,numer,nan,nan,1,http://gams.uni-graz.at/o:glossvibe.bvi#BVi.01b22.1,numer,numer,NOUN,True,False,False,0.25
Ang.50b12a,http://gams.uni-graz.at/o:glossvibe.bvi#Ang.50b12a.0,similitudine,similitudo,NOUN,0,http://gams.uni-graz.at/o:glossvibe.bvi#Ang.50b12a.0,similitudine,similitudo,NOUN,True,True,True,1.0
Ang.50b12a,http://gams.uni-graz.at/o:glossvibe.bvi#Ang.50b12a.1,septimi,septimus 1,ADJ,1,http://gams.uni-graz.at/o:glossvibe.bvi#Ang.50b12a.1,septimi,septimus,ADJ,True,True,False,0.8888888888888888
Ang.50b12a,http://gams.uni-graz.at/o:glossvibe.bvi#Ang.50b12a.2,diei,dies,NOUN,2,http://gams.uni-graz.at/o:glossvibe.bvi#Ang.50b12a.2,diei,dies,NOUN,True,True,True,1.0
Ang.50b12a,http://gams.uni-graz.at/o:glossvibe.bvi#Ang.50b12a.3,initii,initium,NOUN,3,http://gams.uni-graz.at/o:glossvibe.bvi#Ang.50b12a.3,initii,initium,NOUN,True,True,True,1.0
Ang.50b12a,http://gams.uni-graz.at/o:glossvibe.bvi#Ang.50b12a.4,mundi,mundus,NOUN,4,http://gams.uni-graz.at/o:glossvibe.bvi#Ang.50b12a.4,mundi,mundus,NOUN,True,True,True,1.0
BCr.27c22,http://gams.uni-graz.at/o:glossvibe.bvi#BCr.27c22.0,ad,ad,ADP,0,http://gams.uni-graz.at/o:glossvibe.bvi#BCr.27c22.0,ad,ad,ADP,True,True,True,1.0
BCr.27c22,http://gams.uni-graz.at/o:glossvibe.bvi#BCr.27c22.1,similitudinem,similitudo,NOUN,1,http://gams.uni-graz.at/o:glossvibe.bvi#BCr.27c22.1,similitudinem,similitudo,NOUN,True,True,True,1.0
BCr.27c22,http://gams.uni-graz.at/o:glossvibe.bvi#BCr.27c22.3,diei,dies,NOUN,2,http://gams.uni-graz.at/o:glossvibe.bvi#BCr.27c22.2,diei,dies,NOUN,True,True,True,1.0
BVi.01b28.10,http://gams.uni-graz.at/o:glossvibe.bvi#BVi.01b28.10.2,septimi,septimus 1,ADJ,0,http://gams.uni-graz.at/o:glossvibe.bvi#BVi.01b28.10.0,septimi,septimus,NOUN,True,False,False,0.8888888888888888
BVi.01b28.10,http://gams.uni-graz.at/o:glossvibe.bvi#BVi.01b28.10.3,diei,dies,NOUN,1,http://gams.uni-graz.at/o:glossvibe.bvi#BVi.01b28.10.1,diei,dies,NOUN,True,True,True,1.0
BVi.01b28.10,http://gams.uni-graz.at/o:glossvibe.bvi#BVi.01b28.10.4,mundi,mundus,NOUN,2,http://gams.uni-graz.at/o:glossvibe.bvi#BVi.01b28.10.2,mundi,mundus,NOUN,True,True,True,1.0
BVi.01b38,http://gams.uni-graz.at/o:glossvibe.bvi#BVi.01b38.0,ebdomada,ebdomada,NOUN,0,http://gams.uni-graz.at/o:glossvibe.bvi#BVi.01b38.0,ebdomada,ebdomadus,ADJ,True,False,False,0.8235294117647058
Ang.50b32d,http://gams.uni-graz.at/o:glossvibe.bvi#Ang.50b32d.0,idest,idest,nan,0,http://gams.uni-graz.at/o:glossvibe.bvi#Ang.50b32d.0,idest,idest,CCONJ,True,False,True,1.0
Ang.50b32d,http://gams.uni-graz.at/o:glossvibe.bvi#Ang.50b32d.1,prouocat,prouoco,VERB,1,http://gams.uni-graz.at/o:glossvibe.bvi#Ang.50b32d.1,prouocat,prouoco,VERB,True,True,True,1.0
BVi.01c08,http://gams.uni-graz.at/o:glossvibe.bvi#BVi.01c08.0,prouocat,prouoco,VERB,0,http://gams.uni-graz.at/o:glossvibe.bvi#BVi.01c08.0,prouocat,prouoco,VERB,True,True,True,1.0
Ang.50b36b,http://gams.uni-graz.at/o:glossvibe.bvi#Ang.50b36b.0,complet,compleo,VERB,0,http://gams.uni-graz.at/o:glossvibe.bvi#Ang.50b36b.0,complet,compleo,VERB,True,True,True,1.0
Ang.50b36b,http://gams.uni-graz.at/o:glossvibe.bvi#Ang.50b36b.1,signiferum,signifer,ADJ,1,http://gams.uni-graz.at/o:glossvibe.bvi#Ang.50b36b.1,signiferum,signifer,NOUN,True,False,True,1.0
BCr.27c55,http://gams.uni-graz.at/o:glossvibe.bvi#BCr.27c55.0,idest,idest,nan,0,http://gams.uni-graz.at/o:glossvibe.bvi#BCr.27c55.0,idest,idest,CCONJ,True,False,True,1.0
BCr.27c55,http://gams.uni-graz.at/o:glossvibe.bvi#BCr.27c55.1,complet,compleo,VERB,1,http://gams.uni-graz.at/o:glossvibe.bvi#BCr.27c55.1,complet,compleo,VERB,True,True,True,1.0
BCr.27c55,http://gams.uni-graz.at/o:glossvibe.bvi#BCr.27c55.2,uel,uel,CCONJ,2,http://gams.uni-graz.at/o:glossvibe.bvi#BCr.27c55.2,uel,uel,CCONJ,True,True,True,1.0
BCr.27c55,http://gams.uni-graz.at/o:glossvibe.bvi#BCr.27c55.3,ministrat,ministro,VERB,3,http://gams.uni-graz.at/o:glossvibe.bvi#BCr.27c55.3,ministrat,ministro,VERB,True,True,True,1.0
BVi.01c14a,http://gams.uni-graz.at/o:glossvibe.bvi#BVi.01c14a.0,complet,compleo,VERB,0,http://gams.uni-graz.at/o:glossvibe.bvi#BVi.01c14a.0,complet,compleo,VERB,True,True,True,1.0
BVi.01c14b,http://gams.uni-graz.at/o:glossvibe.bvi#BVi.01c14b.0,ueneri,dies ueneris,NOUN,0,http://gams.uni-graz.at/o:glossvibe.bvi#BVi.01c14b.0,ueneri,uenio,VERB,True,False,False,0.47058823529411764
Ang.50b37a,http://gams.uni-graz.at/o:glossvibe.bvi#Ang.50b37a.0,uelociore,uelox,ADJ,0,http://gams.uni-graz.at/o:glossvibe.bvi#Ang.50b37a.0,uelociore,uelox,ADJ,True,True,True,1.0
BVi.01c15,http://gams.uni-graz.at/o:glossvibe.bvi#BVi.01c15.0,uelociorium,uelox,ADJ,0,http://gams.uni-graz.at/o:glossvibe.bvi#BVi.01c15.0,uelociorium,uelox,ADJ,True,True,True,1.0
Ang.51a05a,http://gams.uni-graz.at/o:glossvibe.bvi#Ang.51a05a.0,martis,mars,NOUN,0,http://gams.uni-graz.at/o:glossvibe.bvi#Ang.51a05a.0,martis,mars,NOUN,True,True,True,1.0
BVi.01c22b,http://gams.uni-graz.at/o:glossvibe.bvi#BVi.01c22b.0,martis,mars,NOUN,0,http://gams.uni-graz.at/o:glossvibe.bvi#BVi.01c22b.0,martis,mars,NOUN,True,True,True,1.0
BVi.01c22a,http://gams.uni-graz.at/o:glossvibe.bvi#BVi.01c22a.0,uiligro,nan,nan,0,http://gams.uni-graz.at/o:glossvibe.bvi#BVi.01c22a.0,uiligro,uilim,NOUN,True,False,False,0.0
BVi.01c22a,http://gams.uni-graz.at/o:glossvibe.bvi#BVi.01c22a.1,cis,nan,nan,1,http://gams.uni-graz.at/o:glossvibe.bvi#BVi.01c22a.1,cis,cis,NUM,True,False,False,0.0
Ang.51a05d,http://gams.uni-graz.at/o:glossvibe.bvi#Ang.51a05d.0,mercurius,mercurius,NOUN,0,http://gams.uni-graz.at/o:glossvibe.bvi#Ang.51a05d.0,mercurius,mercurius,NOUN,True,True,True,1.0
BVi.01c22d,http://gams.uni-graz.at/o:glossvibe.bvi#BVi.01c22d.0,mercorius,mercurius,NOUN,0,http://gams.uni-graz.at/o:glossvibe.bvi#BVi.01c22d.0,mercorius,mercorius,ADJ,True,False,False,0.8888888888888888
Ang.51a05g,http://gams.uni-graz.at/o:glossvibe.bvi#Ang.51a05g.0,iouis,iuppiter,PROPN,0,http://gams.uni-graz.at/o:glossvibe.bvi#Ang.51a05g.0,iouis,ios,NOUN,True,False,False,0.18181818181818182
BVi.01c23a,http://gams.uni-graz.at/o:glossvibe.bvi#BVi.01c23a.0,ioppiter,iuppiter,PROPN,0,http://gams.uni-graz.at/o:glossvibe.bvi#BVi.01c23a.0,ioppiter,ioppiter,ADV,True,False,False,0.875
Ang.51a06b,http://gams.uni-graz.at/o:glossvibe.bvi#Ang.51a06b.0,uener,dies ueneris,NOUN,0,http://gams.uni-graz.at/o:glossvibe.bvi#Ang.51a06b.0,uener,uenio,VERB,True,False,False,0.47058823529411764
BVi.01c23b,http://gams.uni-graz.at/o:glossvibe.bvi#BVi.01c23b.0,ueneri,dies ueneris,NOUN,0,http://gams.uni-graz.at/o:glossvibe.bvi#BVi.01c23b.0,ueneri,uenio,VERB,True,False,False,0.47058823529411764
Ang.51a06e,http://gams.uni-graz.at/o:glossvibe.bvi#Ang.51a06e.0,dies,dies,NOUN,0,http://gams.uni-graz.at/o:glossvibe.bvi#Ang.51a06e.0,dies,dies,NOUN,True,True,True,1.0
Ang.51a06e,http://gams.uni-graz.at/o:glossvibe.bvi#Ang.51a06e.1,ebdomadae,ebdomada,NOUN,1,http://gams.uni-graz.at/o:glossvibe.bvi#Ang.51a06e.1,ebdomadae,ebdomadas,ADJ,True,False,False,0.9411764705882353
Ang.51a06c,http://gams.uni-graz.at/o:glossvibe.bvi#Ang.51a06c.0,saturnus,saturnus,NOUN,0,http://gams.uni-graz.at/o:glossvibe.bvi#Ang.51a06c.0,saturnus,saturnus,NOUN,True,True,True,1.0
BVi.01c24a,http://gams.uni-graz.at/o:glossvibe.bvi#BVi.01c24a.0,saturnus,saturnus,NOUN,0,http://gams.uni-graz.at/o:glossvibe.bvi#BVi.01c24a.0,saturnus,saturnus,NOUN,True,True,True,1.0
Ang.51a16e,http://gams.uni-graz.at/o:glossvibe.bvi#Ang.51a16e.0,idest,idest,nan,0,http://gams.uni-graz.at/o:glossvibe.bvi#Ang.51a16e.0,idest,idest,CCONJ,True,False,True,1.0
Ang.51a16e,http://gams.uni-graz.at/o:glossvibe.bvi#Ang.51a16e.1,una,unus,NUM,1,http://gams.uni-graz.at/o:glossvibe.bvi#Ang.51a16e.1,una,unus,DET,True,False,True,1.0
Ang.51a16e,http://gams.uni-graz.at/o:glossvibe.bvi#Ang.51a16e.2,die,dies,NOUN,2,http://gams.uni-graz.at/o:glossvibe.bvi#Ang.51a16e.2,die,dies,NOUN,True,True,True,1.0
Ang.51a16e,http://gams.uni-graz.at/o:glossvibe.bvi#Ang.51a16e.3,dominico,dominicus,ADJ,3,http://gams.uni-graz.at/o:glossvibe.bvi#Ang.51a16e.3,dominico,dominicus,ADJ,True,True,True,1.0
BCr.27d44,http://gams.uni-graz.at/o:glossvibe.bvi#BCr.27d44.0,uno,unus,NUM,0,http://gams.uni-graz.at/o:glossvibe.bvi#BCr.27d44.0,uno,unus,DET,True,False,True,1.0
BCr.27d44,http://gams.uni-graz.at/o:glossvibe.bvi#BCr.27d44.1,die,dies,NOUN,1,http://gams.uni-graz.at/o:glossvibe.bvi#BCr.27d44.1,die,dies,NOUN,True,True,True,1.0
BVi.01c38.16,http://gams.uni-graz.at/o:glossvibe.bvi#BVi.01c38.16.0,uno,unus,NUM,0,http://gams.uni-graz.at/o:glossvibe.bvi#BVi.01c38.16.0,uno,unus,DET,True,False,True,1.0
Sg.57.37b,http://gams.uni-graz.at/o:glossvibe.bvi#Sg.57.37b.0,idest,idest,nan,0,http://gams.uni-graz.at/o:glossvibe.bvi#Sg.57.37b.0,idest,idest,CCONJ,True,False,True,1.0
Sg.57.37b,http://gams.uni-graz.at/o:glossvibe.bvi#Sg.57.37b.1,uno,unus,NUM,1,http://gams.uni-graz.at/o:glossvibe.bvi#Sg.57.37b.1,uno,unus,DET,True,False,True,1.0
Sg.57.37b,http://gams.uni-graz.at/o:glossvibe.bvi#Sg.57.37b.2,die,dies,NOUN,2,http://gams.uni-graz.at/o:glossvibe.bvi#Sg.57.37b.2,die,dies,NOUN,True,True,True,1.0
Ang.51a22a,http://gams.uni-graz.at/o:glossvibe.bvi#Ang.51a22a.0,annorum,annus,NOUN,0,http://gams.uni-graz.at/o:glossvibe.bvi#Ang.51a22a.0,annorum,annus,NOUN,True,True,True,1.0
BVi.01d05a,http://gams.uni-graz.at/o:glossvibe.bvi#BVi.01d05a.0,annorum,annus,NOUN,0,http://gams.uni-graz.at/o:glossvibe.bvi#BVi.01d05a.0,annorum,annus,NOUN,True,True,True,1.0
Ang.51a22b,http://gams.uni-graz.at/o:glossvibe.bvi#Ang.51a22b.0,idest,idest,nan,0,http://gams.uni-graz.at/o:glossvibe.bvi#Ang.51a22b.0,idest,idest,CCONJ,True,False,True,1.0
Ang.51a22b,http://gams.uni-graz.at/o:glossvibe.bvi#Ang.51a22b.1,sacrificio,sacrificium,NOUN,1,http://gams.uni-graz.at/o:glossvibe.bvi#Ang.51a22b.1,sacrificio,sacrificium,NOUN,True,True,True,1.0
Ang.51a24b,http://gams.uni-graz.at/o:glossvibe.bvi#Ang.51a24b.0,speramus,spero,VERB,0,http://gams.uni-graz.at/o:glossvibe.bvi#Ang.51a24b.0,speramus,spero,VERB,True,True,True,1.0
BVi.01d09,http://gams.uni-graz.at/o:glossvibe.bvi#BVi.01d09.0,speramus,spero,VERB,0,http://gams.uni-graz.at/o:glossvibe.bvi#BVi.01d09.0,speramus,spero,VERB,True,True,True,1.0
Ang.51a26a,http://gams.uni-graz.at/o:glossvibe.bvi#Ang.51a26a.0,mundari,mundo,VERB,0,http://gams.uni-graz.at/o:glossvibe.bvi#Ang.51a26a.0,mundari,mundo,VERB,True,True,True,1.0
BCr.28a04,http://gams.uni-graz.at/o:glossvibe.bvi#BCr.28a04.0,idest,idest,nan,0,http://gams.uni-graz.at/o:glossvibe.bvi#BCr.28a04.0,idest,idest,CCONJ,True,False,True,1.0
BCr.28a04,http://gams.uni-graz.at/o:glossvibe.bvi#BCr.28a04.1,mundari,mundo,VERB,1,http://gams.uni-graz.at/o:glossvibe.bvi#BCr.28a04.1,mundari,mundo,VERB,True,True,True,1.0
BCr.28a04,http://gams.uni-graz.at/o:glossvibe.bvi#BCr.28a04.2,uel,uel,CCONJ,2,http://gams.uni-graz.at/o:glossvibe.bvi#BCr.28a04.2,uel,uel,CCONJ,True,True,True,1.0
BCr.28a04,http://gams.uni-graz.at/o:glossvibe.bvi#BCr.28a04.3,consecrari,consecro,VERB,3,http://gams.uni-graz.at/o:glossvibe.bvi#BCr.28a04.3,consecrari,consecro,VERB,True,True,True,1.0
BCr.28a04,http://gams.uni-graz.at/o:glossvibe.bvi#BCr.28a04.4,uel,uel,CCONJ,4,http://gams.uni-graz.at/o:glossvibe.bvi#BCr.28a04.4,uel,uel,CCONJ,True,True,True,1.0
BCr.28a04,http://gams.uni-graz.at/o:glossvibe.bvi#BCr.28a04.5,lauari,lauo,VERB,5,http://gams.uni-graz.at/o:glossvibe.bvi#BCr.28a04.5,lauari,lauo,VERB,True,True,True,1.0
Sg.58.02,http://gams.uni-graz.at/o:glossvibe.bvi#Sg.58.02.0,idest,idest,nan,0,http://gams.uni-graz.at/o:glossvibe.bvi#Sg.58.02.0,idest,idest,CCONJ,True,False,True,1.0
Sg.58.02,http://gams.uni-graz.at/o:glossvibe.bvi#Sg.58.02.1,mundari,mundo,VERB,1,http://gams.uni-graz.at/o:glossvibe.bvi#Sg.58.02.1,mundari,mundo,VERB,True,True,True,1.0
BVi.01d30a,http://gams.uni-graz.at/o:glossvibe.bvi#BVi.01d30a.0,arg,argumentum,NOUN,0,http://gams.uni-graz.at/o:glossvibe.bvi#BVi.01d30a.0,arg,arg,NOUN,True,True,False,0.46153846153846156
BVi.01d30a,http://gams.uni-graz.at/o:glossvibe.bvi#BVi.01d30a.1,capientibus,capio,VERB,1,http://gams.uni-graz.at/o:glossvibe.bvi#BVi.01d30a.1,capientibus,capio,VERB,True,True,True,1.0
BVi.01d30a,http://gams.uni-graz.at/o:glossvibe.bvi#BVi.01d30a.2,et,et,CCONJ,2,http://gams.uni-graz.at/o:glossvibe.bvi#BVi.01d30a.2,et,et,CCONJ,True,True,True,1.0
BVi.01d30a,http://gams.uni-graz.at/o:glossvibe.bvi#BVi.01d30a.3,curiosis,curiosus,ADJ,3,http://gams.uni-graz.at/o:glossvibe.bvi#BVi.01d30a.3,curiosis,curiosus,ADJ,True,True,True,1.0
Ang.51b03a,http://gams.uni-graz.at/o:glossvibe.bvi#Ang.51b03a.0,profetiam,prophetia,NOUN,0,http://gams.uni-graz.at/o:glossvibe.bvi#Ang.51b03a.0,profetiam,profetia,NOUN,True,True,False,0.8235294117647058
BCr.28a30,http://gams.uni-graz.at/o:glossvibe.bvi#BCr.28a30.0,profetiae,prophetia,NOUN,0,http://gams.uni-graz.at/o:glossvibe.bvi#BCr.28a30.0,profetiae,profetia,NOUN,True,True,False,0.8235294117647058
BVi.01d30b,http://gams.uni-graz.at/o:glossvibe.bvi#BVi.01d30b.0,profoetie,prophetia,NOUN,0,http://gams.uni-graz.at/o:glossvibe.bvi#BVi.01d30b.0,profoetie,profoetie,NOUN,True,True,False,0.6666666666666666
BVi.01d30c,http://gams.uni-graz.at/o:glossvibe.bvi#BVi.01d30c.0,eclesiae,ecclesia,NOUN,0,http://gams.uni-graz.at/o:glossvibe.bvi#BVi.01d30c.0,eclesiae,eclesia,NOUN,True,True,False,0.9333333333333333
BVi.01d37,http://gams.uni-graz.at/o:glossvibe.bvi#BVi.01d37.0,lex,lex,NOUN,0,http://gams.uni-graz.at/o:glossvibe.bvi#BVi.01d37.0,lex,lex,NOUN,True,True,True,1.0
Ang.51b08a,http://gams.uni-graz.at/o:glossvibe.bvi#Ang.51b08a.0,christus,christus,PROPN,0,http://gams.uni-graz.at/o:glossvibe.bvi#Ang.51b08a.0,christus,christus,ADJ,True,False,True,1.0
Ang.51b08a,http://gams.uni-graz.at/o:glossvibe.bvi#Ang.51b08a.1,spiritu,spiritus,NOUN,1,http://gams.uni-graz.at/o:glossvibe.bvi#Ang.51b08a.1,spiritu,spiritus,NOUN,True,True,True,1.0
Ang.51b08a,http://gams.uni-graz.at/o:glossvibe.bvi#Ang.51b08a.2,sancto,sanctus,ADJ,2,http://gams.uni-graz.at/o:glossvibe.bvi#Ang.51b08a.2,sancto,sanctus,ADJ,True,True,True,1.0
BCr.28a44,http://gams.uni-graz.at/o:glossvibe.bvi#BCr.28a44.0,spiritu,spiritus,NOUN,0,http://gams.uni-graz.at/o:glossvibe.bvi#BCr.28a44.0,spiritu,spiritus,NOUN,True,True,True,1.0
BCr.28a44,http://gams.uni-graz.at/o:glossvibe.bvi#BCr.28a44.1,sancto,sanctus,ADJ,1,http://gams.uni-graz.at/o:glossvibe.bvi#BCr.28a44.1,sancto,sanctus,ADJ,True,True,True,1.0
BVi.01d40a,http://gams.uni-graz.at/o:glossvibe.bvi#BVi.01d40a.0,spiritus,spiritus,NOUN,0,http://gams.uni-graz.at/o:glossvibe.bvi#BVi.01d40a.0,spiritus,spiritus,NOUN,True,True,True,1.0
BVi.01d40a,http://gams.uni-graz.at/o:glossvibe.bvi#BVi.01d40a.1,sanctus,sanctus,ADJ,1,http://gams.uni-graz.at/o:glossvibe.bvi#BVi.01d40a.1,sanctus,sanctus,ADJ,True,True,True,1.0
Sg.58.25,http://gams.uni-graz.at/o:glossvibe.bvi#Sg.58.25.0,idest,idest,nan,0,http://gams.uni-graz.at/o:glossvibe.bvi#Sg.58.25.0,idest,idest,CCONJ,True,False,True,1.0
Sg.58.25,http://gams.uni-graz.at/o:glossvibe.bvi#Sg.58.25.1,spiritu,sanctus,ADJ,1,http://gams.uni-graz.at/o:glossvibe.bvi#Sg.58.25.1,spiritu,spiritus,NOUN,True,False,False,0.5333333333333333
Sg.58.25,http://gams.uni-graz.at/o:glossvibe.bvi#Sg.58.25.2,sancto,sanctus,ADJ,2,http://gams.uni-graz.at/o:glossvibe.bvi#Sg.58.25.2,sancto,sanctus,ADJ,True,True,True,1.0
BVi.01d40b,http://gams.uni-graz.at/o:glossvibe.bvi#BVi.01d40b.0,profoetis,prophetium,NOUN,0,http://gams.uni-graz.at/o:glossvibe.bvi#BVi.01d40b.0,profoetis,profero,VERB,True,False,False,0.47058823529411764
BVi.01d40b,http://gams.uni-graz.at/o:glossvibe.bvi#BVi.01d40b.1,et,et,CCONJ,1,http://gams.uni-graz.at/o:glossvibe.bvi#BVi.01d40b.1,et,et,CCONJ,True,True,True,1.0
BVi.01d40b,http://gams.uni-graz.at/o:glossvibe.bvi#BVi.01d40b.2,apostolis,apostolus,NOUN,2,http://gams.uni-graz.at/o:glossvibe.bvi#BVi.01d40b.2,apostolis,apostolus,NOUN,True,True,True,1.0
BVi.01d24,http://gams.uni-graz.at/o:glossvibe.bvi#BVi.01d24.0,idest,idest,nan,0,http://gams.uni-graz.at/o:glossvibe.bvi#BVi.01d24.0,idest,idest,CCONJ,True,False,True,1.0
BVi.01d24,http://gams.uni-graz.at/o:glossvibe.bvi#BVi.01d24.1,lunae,luna,NOUN,1,http://gams.uni-graz.at/o:glossvibe.bvi#BVi.01d24.1,lunae,luna,NOUN,True,True,True,1.0
BVi.01d26a.18a,http://gams.uni-graz.at/o:glossvibe.bvi#BVi.01d26a.18a.0,idest,idest,nan,0,http://gams.uni-graz.at/o:glossvibe.bvi#BVi.01d26a.18a.0,idest,idest,CCONJ,True,False,True,1.0
BVi.01d26a.18a,http://gams.uni-graz.at/o:glossvibe.bvi#BVi.01d26a.18a.1,anno,annus,NOUN,1,http://gams.uni-graz.at/o:glossvibe.bvi#BVi.01d26a.18a.1,anno,annus,NOUN,True,True,True,1.0
Ang.51a36b,http://gams.uni-graz.at/o:glossvibe.bvi#Ang.51a36b.0,idest,idest,nan,0,http://gams.uni-graz.at/o:glossvibe.bvi#Ang.51a36b.0,idest,idest,CCONJ,True,False,True,1.0
Ang.51a36b,http://gams.uni-graz.at/o:glossvibe.bvi#Ang.51a36b.1,ogdad,nan,nan,1,http://gams.uni-graz.at/o:glossvibe.bvi#Ang.51a36b.1,ogdad,ogda,NOUN,True,False,False,0.2857142857142857
BCr.28a25,http://gams.uni-graz.at/o:glossvibe.bvi#BCr.28a25.0,ogdad,nan,nan,0,http://gams.uni-graz.at/o:glossvibe.bvi#BCr.28a25.0,ogdad,ogdo,VERB,True,False,False,0.0
BCr.28a25,http://gams.uni-graz.at/o:glossvibe.bvi#BCr.28a25.1,et,et,CCONJ,1,http://gams.uni-graz.at/o:glossvibe.bvi#BCr.28a25.1,et,et,CCONJ,True,True,True,1.0
BCr.28a25,http://gams.uni-graz.at/o:glossvibe.bvi#BCr.28a25.2,endicad,nan,nan,2,http://gams.uni-graz.at/o:glossvibe.bvi#BCr.28a25.2,endicad,endico,VERB,True,False,False,0.2222222222222222
Ang.51b11d,http://gams.uni-graz.at/o:glossvibe.bvi#Ang.51b11d.0,angelus,angelus,NOUN,0,http://gams.uni-graz.at/o:glossvibe.bvi#Ang.51b11d.0,angelus,angelus,NOUN,True,True,True,1.0
BVi.01d43,http://gams.uni-graz.at/o:glossvibe.bvi#BVi.01d43.0,angelus,angelus,NOUN,0,http://gams.uni-graz.at/o:glossvibe.bvi#BVi.01d43.0,angelus,angelus,NOUN,True,True,True,1.0
BVi.02a10,http://gams.uni-graz.at/o:glossvibe.bvi#BVi.02a10.0,dies,dies,NOUN,0,http://gams.uni-graz.at/o:glossvibe.bvi#BVi.02a10.0,dies,dies,NOUN,True,True,True,1.0
BCr.29a50,http://gams.uni-graz.at/o:glossvibe.bvi#BCr.29a50.0,in,in,ADP,0,http://gams.uni-graz.at/o:glossvibe.bvi#BCr.29a50.0,in,in,ADP,True,True,True,1.0
BCr.29a50,http://gams.uni-graz.at/o:glossvibe.bvi#BCr.29a50.1,numero,numerus,NOUN,1,http://gams.uni-graz.at/o:glossvibe.bvi#BCr.29a50.1,numero,numerus,NOUN,True,True,True,1.0
BVi.02a18a,http://gams.uni-graz.at/o:glossvibe.bvi#BVi.02a18a.0,numero,numerus,NOUN,0,http://gams.uni-graz.at/o:glossvibe.bvi#BVi.02a18a.0,numero,numero,ADV,True,False,False,0.7692307692307693
BVi.02a18b,http://gams.uni-graz.at/o:glossvibe.bvi#BVi.02a18b.0,idest,idest,nan,0,http://gams.uni-graz.at/o:glossvibe.bvi#BVi.02a18b.0,idest,idest,CCONJ,True,False,True,1.0
BVi.02a18b,http://gams.uni-graz.at/o:glossvibe.bvi#BVi.02a18b.1,dies,dies,NOUN,1,http://gams.uni-graz.at/o:glossvibe.bvi#BVi.02a18b.1,dies,dies,NOUN,True,True,True,1.0
Ang.53b01a,http://gams.uni-graz.at/o:glossvibe.bvi#Ang.53b01a.0,idest,idest,nan,0,http://gams.uni-graz.at/o:glossvibe.bvi#Ang.53b01a.0,idest,idest,CCONJ,True,False,True,1.0
Ang.53b01a,http://gams.uni-graz.at/o:glossvibe.bvi#Ang.53b01a.2,idest,idest,nan,1,http://gams.uni-graz.at/o:glossvibe.bvi#Ang.53b01a.1,idest,idest,CCONJ,True,False,True,1.0
Ang.53b01a,http://gams.uni-graz.at/o:glossvibe.bvi#Ang.53b01a.3,unus,unus,NUM,2,http://gams.uni-graz.at/o:glossvibe.bvi#Ang.53b01a.2,unus,unus,DET,True,False,True,1.0
Ang.53b01a,http://gams.uni-graz.at/o:glossvibe.bvi#Ang.53b01a.4,deest,desum,VERB,3,http://gams.uni-graz.at/o:glossvibe.bvi#Ang.53b01a.3,deest,desum,VERB,True,True,True,1.0
Ang.53b01a,http://gams.uni-graz.at/o:glossvibe.bvi#Ang.53b01a.5,de,de,ADP,4,http://gams.uni-graz.at/o:glossvibe.bvi#Ang.53b01a.4,de,de,ADP,True,True,True,1.0
Ang.53b01a,http://gams.uni-graz.at/o:glossvibe.bvi#Ang.53b01a.6,l,(roman numerals),NUM,5,http://gams.uni-graz.at/o:glossvibe.bvi#Ang.53b01a.5,l,l,NUM,True,True,False,0.11764705882352941
BVi.02a19,http://gams.uni-graz.at/o:glossvibe.bvi#BVi.02a19.0,idest,idest,nan,0,http://gams.uni-graz.at/o:glossvibe.bvi#BVi.02a19.0,idest,idest,CCONJ,True,False,True,1.0
BVi.02a19,http://gams.uni-graz.at/o:glossvibe.bvi#BVi.02a19.1,unus,unus,NUM,1,http://gams.uni-graz.at/o:glossvibe.bvi#BVi.02a19.1,unus,unus,DET,True,False,True,1.0
BVi.02a19,http://gams.uni-graz.at/o:glossvibe.bvi#BVi.02a19.2,deest,desum,VERB,2,http://gams.uni-graz.at/o:glossvibe.bvi#BVi.02a19.2,deest,desum,VERB,True,True,True,1.0
BVi.02a19,http://gams.uni-graz.at/o:glossvibe.bvi#BVi.02a19.4,de,de,ADP,3,http://gams.uni-graz.at/o:glossvibe.bvi#BVi.02a19.3,de,de,ADP,True,True,True,1.0
BCr.29b04,http://gams.uni-graz.at/o:glossvibe.bvi#BCr.29b04.0,in,in,ADP,0,http://gams.uni-graz.at/o:glossvibe.bvi#BCr.29b04.0,in,in,ADP,True,True,True,1.0
BCr.29b04,http://gams.uni-graz.at/o:glossvibe.bvi#BCr.29b04.1,quo,qui,PRON,1,http://gams.uni-graz.at/o:glossvibe.bvi#BCr.29b04.1,quo,qui,PRON,True,True,True,1.0
BCr.29b04,http://gams.uni-graz.at/o:glossvibe.bvi#BCr.29b04.2,fuit,sum,VERB,2,http://gams.uni-graz.at/o:glossvibe.bvi#BCr.29b04.2,fuit,sum,AUX,True,False,True,1.0
BCr.29b04,http://gams.uni-graz.at/o:glossvibe.bvi#BCr.29b04.3,noe,noe,PROPN,3,http://gams.uni-graz.at/o:glossvibe.bvi#BCr.29b04.3,noe,noe,PROPN,True,True,True,1.0
BVi.02a28.19a,http://gams.uni-graz.at/o:glossvibe.bvi#BVi.02a28.19a.0,idest,idest,nan,0,http://gams.uni-graz.at/o:glossvibe.bvi#BVi.02a28.19a.0,idest,idest,CCONJ,True,False,True,1.0
BVi.02a28.19a,http://gams.uni-graz.at/o:glossvibe.bvi#BVi.02a28.19a.1,noe,noe,PROPN,1,http://gams.uni-graz.at/o:glossvibe.bvi#BVi.02a28.19a.1,noe,noe,PROPN,True,True,True,1.0
BVi.02a30a,http://gams.uni-graz.at/o:glossvibe.bvi#BVi.02a30a.0,et,et,CCONJ,0,http://gams.uni-graz.at/o:glossvibe.bvi#BVi.02a30a.0,et,et,CCONJ,True,True,True,1.0
BVi.02a30.20b,http://gams.uni-graz.at/o:glossvibe.bvi#BVi.02a30.20b.18a.1,nonus,nonus,NOUN,0,http://gams.uni-graz.at/o:glossvibe.bvi#BVi.02a30.20b.0,nonus,nonus,ADJ,True,False,True,1.0
Ang.53b08b,http://gams.uni-graz.at/o:glossvibe.bvi#Ang.53b08b.0,luna,luna,NOUN,0,http://gams.uni-graz.at/o:glossvibe.bvi#Ang.53b08b.0,luna,luna,NOUN,True,True,True,1.0
BVi.02a31,http://gams.uni-graz.at/o:glossvibe.bvi#BVi.02a31.0,idest,idest,nan,0,http://gams.uni-graz.at/o:glossvibe.bvi#BVi.02a31.0,idest,idest,CCONJ,True,False,True,1.0
BVi.02a31,http://gams.uni-graz.at/o:glossvibe.bvi#BVi.02a31.1,luna,luna,NOUN,1,http://gams.uni-graz.at/o:glossvibe.bvi#BVi.02a31.1,luna,luna,NOUN,True,True,True,1.0
Ang.53b11a,http://gams.uni-graz.at/o:glossvibe.bvi#Ang.53b11a.0,ad,ad,ADP,0,http://gams.uni-graz.at/o:glossvibe.bvi#Ang.53b11a.0,ad,ad,ADP,True,True,True,1.0
Ang.53b11a,http://gams.uni-graz.at/o:glossvibe.bvi#Ang.53b11a.1,solem,sol,NOUN,1,http://gams.uni-graz.at/o:glossvibe.bvi#Ang.53b11a.1,solem,sol,NOUN,True,True,True,1.0
Ang.53b11a,http://gams.uni-graz.at/o:glossvibe.bvi#Ang.53b11a.2,sequendum,sequor,VERB,2,http://gams.uni-graz.at/o:glossvibe.bvi#Ang.53b11a.2,sequendum,sequor,VERB,True,True,True,1.0
Ang.53b11a,http://gams.uni-graz.at/o:glossvibe.bvi#Ang.53b11a.3,tamen,tamen,ADV,3,http://gams.uni-graz.at/o:glossvibe.bvi#Ang.53b11a.3,tamen,tamen,ADV,True,True,True,1.0
BVi.02a39,http://gams.uni-graz.at/o:glossvibe.bvi#BVi.02a39.0,signum,signum,NOUN,0,http://gams.uni-graz.at/o:glossvibe.bvi#BVi.02a39.0,signum,signum,NOUN,True,True,True,1.0
Ang.53b21,http://gams.uni-graz.at/o:glossvibe.bvi#Ang.53b21.0,idest,idest,nan,0,http://gams.uni-graz.at/o:glossvibe.bvi#Ang.53b21.0,idest,idest,CCONJ,True,False,True,1.0
Ang.53b21,http://gams.uni-graz.at/o:glossvibe.bvi#Ang.53b21.1,solis,sol,NOUN,1,http://gams.uni-graz.at/o:glossvibe.bvi#Ang.53b21.1,solis,sol,NOUN,True,True,True,1.0
Ang.53b21,http://gams.uni-graz.at/o:glossvibe.bvi#Ang.53b21.2,et,et,CCONJ,2,http://gams.uni-graz.at/o:glossvibe.bvi#Ang.53b21.2,et,et,CCONJ,True,True,True,1.0
Ang.53b21,http://gams.uni-graz.at/o:glossvibe.bvi#Ang.53b21.3,lunae,luna,NOUN,3,http://gams.uni-graz.at/o:glossvibe.bvi#Ang.53b21.3,lunae,luna,NOUN,True,True,True,1.0
BVi.02b07,http://gams.uni-graz.at/o:glossvibe.bvi#BVi.02b07.0,solis,sol,NOUN,0,http://gams.uni-graz.at/o:glossvibe.bvi#BVi.02b07.0,solis,sol,NOUN,True,True,True,1.0
BVi.02b07,http://gams.uni-graz.at/o:glossvibe.bvi#BVi.02b07.1,et,et,CCONJ,1,http://gams.uni-graz.at/o:glossvibe.bvi#BVi.02b07.1,et,et,CCONJ,True,True,True,1.0
BVi.02b07,http://gams.uni-graz.at/o:glossvibe.bvi#BVi.02b07.2,lunae,luna,NOUN,2,http://gams.uni-graz.at/o:glossvibe.bvi#BVi.02b07.2,lunae,luna,NOUN,True,True,True,1.0
BCr.29c01,http://gams.uni-graz.at/o:glossvibe.bvi#BCr.29c01.0,super,super,ADP,0,http://gams.uni-graz.at/o:glossvibe.bvi#BCr.29c01.0,super,super,ADP,True,True,True,1.0
BCr.29c01,http://gams.uni-graz.at/o:glossvibe.bvi#BCr.29c01.1,lunares,lunares,ADJ,1,http://gams.uni-graz.at/o:glossvibe.bvi#BCr.29c01.1,lunares,lunaris,ADJ,True,True,False,0.8571428571428571
BCr.29c01,http://gams.uni-graz.at/o:glossvibe.bvi#BCr.29c01.2,quia,quia,SCONJ,2,http://gams.uni-graz.at/o:glossvibe.bvi#BCr.29c01.2,quia,quia,SCONJ,True,True,True,1.0
BCr.29c01,http://gams.uni-graz.at/o:glossvibe.bvi#BCr.29c01.3,mene,nan,nan,3,http://gams.uni-graz.at/o:glossvibe.bvi#BCr.29c01.3,mene,menesis,NOUN,True,False,False,0.2
BCr.29c01,http://gams.uni-graz.at/o:glossvibe.bvi#BCr.29c01.4,luna,luna,NOUN,4,http://gams.uni-graz.at/o:glossvibe.bvi#BCr.29c01.4,luna,luna,NOUN,True,True,True,1.0
BCr.29c01,http://gams.uni-graz.at/o:glossvibe.bvi#BCr.29c01.5,interpretatur,interpretor,VERB,5,http://gams.uni-graz.at/o:glossvibe.bvi#BCr.29c01.5,interpretatur,interpretor,VERB,True,True,True,1.0
BCr.29c01,http://gams.uni-graz.at/o:glossvibe.bvi#BCr.29c01.6,et,et,CCONJ,6,http://gams.uni-graz.at/o:glossvibe.bvi#BCr.29c01.6,et,et,CCONJ,True,True,True,1.0
BCr.29c01,http://gams.uni-graz.at/o:glossvibe.bvi#BCr.29c01.7,epo,nan,nan,7,http://gams.uni-graz.at/o:glossvibe.bvi#BCr.29c01.7,epo,epo,VERB,True,False,False,0.0
BCr.29c01,http://gams.uni-graz.at/o:glossvibe.bvi#BCr.29c01.8,super,super,ADP,8,http://gams.uni-graz.at/o:glossvibe.bvi#BCr.29c01.8,super,super,ADP,True,True,True,1.0
Sg.63.21,http://gams.uni-graz.at/o:glossvibe.bvi#Sg.63.21.0,idest,idest,nan,0,http://gams.uni-graz.at/o:glossvibe.bvi#Sg.63.21.0,idest,idest,CCONJ,True,False,True,1.0
Sg.63.21,http://gams.uni-graz.at/o:glossvibe.bvi#Sg.63.21.1,super,super,ADP,1,http://gams.uni-graz.at/o:glossvibe.bvi#Sg.63.21.1,super,super,ADP,True,True,True,1.0
Sg.63.21,http://gams.uni-graz.at/o:glossvibe.bvi#Sg.63.21.2,lunares,lunares,ADJ,2,http://gams.uni-graz.at/o:glossvibe.bvi#Sg.63.21.2,lunares,lunaris,ADJ,True,True,False,0.8571428571428571
Sg.63.21,http://gams.uni-graz.at/o:glossvibe.bvi#Sg.63.21.3,quia,quia,SCONJ,3,http://gams.uni-graz.at/o:glossvibe.bvi#Sg.63.21.3,quia,quia,SCONJ,True,True,True,1.0
Sg.63.21,http://gams.uni-graz.at/o:glossvibe.bvi#Sg.63.21.4,mene,nan,nan,4,http://gams.uni-graz.at/o:glossvibe.bvi#Sg.63.21.4,mene,menesis,NOUN,True,False,False,0.2
Sg.63.21,http://gams.uni-graz.at/o:glossvibe.bvi#Sg.63.21.5,luna,luna,NOUN,5,http://gams.uni-graz.at/o:glossvibe.bvi#Sg.63.21.5,luna,luna,NOUN,True,True,True,1.0
Sg.63.21,http://gams.uni-graz.at/o:glossvibe.bvi#Sg.63.21.6,interpretatur,interpretor,VERB,6,http://gams.uni-graz.at/o:glossvibe.bvi#Sg.63.21.6,interpretatur,interpretor,VERB,True,True,True,1.0
Sg.63.21,http://gams.uni-graz.at/o:glossvibe.bvi#Sg.63.21.7,et,et,CCONJ,7,http://gams.uni-graz.at/o:glossvibe.bvi#Sg.63.21.7,et,et,CCONJ,True,True,True,1.0
Sg.63.21,http://gams.uni-graz.at/o:glossvibe.bvi#Sg.63.21.8,epo,nan,nan,8,http://gams.uni-graz.at/o:glossvibe.bvi#Sg.63.21.8,epo,epo,VERB,True,False,False,0.0
Sg.63.21,http://gams.uni-graz.at/o:glossvibe.bvi#Sg.63.21.9,super,super,ADP,9,http://gams.uni-graz.at/o:glossvibe.bvi#Sg.63.21.9,super,super,ADP,True,True,True,1.0
BCr.29c41,http://gams.uni-graz.at/o:glossvibe.bvi#BCr.29c41.0,idest,idest,nan,0,http://gams.uni-graz.at/o:glossvibe.bvi#BCr.29c41.0,idest,idest,CCONJ,True,False,True,1.0
BCr.29c41,http://gams.uni-graz.at/o:glossvibe.bvi#BCr.29c41.1,astrologis,astrologus,NOUN,1,http://gams.uni-graz.at/o:glossvibe.bvi#BCr.29c41.1,astrologis,astrologus,NOUN,True,True,True,1.0
BCr.29c41,http://gams.uni-graz.at/o:glossvibe.bvi#BCr.29c41.2,quamuis,quamuis,SCONJ,2,http://gams.uni-graz.at/o:glossvibe.bvi#BCr.29c41.2,quamuis,quamuis,SCONJ,True,True,True,1.0
BCr.29c41,http://gams.uni-graz.at/o:glossvibe.bvi#BCr.29c41.3,motauit,moto,VERB,3,http://gams.uni-graz.at/o:glossvibe.bvi#BCr.29c41.3,motauit,moto,VERB,True,True,True,1.0
BCr.29c41,http://gams.uni-graz.at/o:glossvibe.bvi#BCr.29c41.4,sensum,sensus,NOUN,4,http://gams.uni-graz.at/o:glossvibe.bvi#BCr.29c41.4,sensum,sensus,NOUN,True,True,True,1.0
BCr.29c41,http://gams.uni-graz.at/o:glossvibe.bvi#BCr.29c41.5,huius,hic,DET,5,http://gams.uni-graz.at/o:glossvibe.bvi#BCr.29c41.5,huius,hic,DET,True,True,True,1.0
BCr.29c41,http://gams.uni-graz.at/o:glossvibe.bvi#BCr.29c41.7,nobis,nos,PRON,6,http://gams.uni-graz.at/o:glossvibe.bvi#BCr.29c41.6,nobis,nos,PRON,True,True,True,1.0
Sg.64.17,http://gams.uni-graz.at/o:glossvibe.bvi#Sg.64.17.0,idest,idest,nan,0,http://gams.uni-graz.at/o:glossvibe.bvi#Sg.64.17.0,idest,idest,CCONJ,True,False,True,1.0
Sg.64.17,http://gams.uni-graz.at/o:glossvibe.bvi#Sg.64.17.1,astrologis,astrologus,NOUN,1,http://gams.uni-graz.at/o:glossvibe.bvi#Sg.64.17.1,astrologis,astrologus,NOUN,True,True,True,1.0
Ang.54a33c,http://gams.uni-graz.at/o:glossvibe.bvi#Ang.54a33c.0,idest,idest,nan,0,http://gams.uni-graz.at/o:glossvibe.bvi#Ang.54a33c.0,idest,idest,CCONJ,True,False,True,1.0
Ang.54a33c,http://gams.uni-graz.at/o:glossvibe.bvi#Ang.54a33c.1,ianuaris,ianuarius,NOUN,1,http://gams.uni-graz.at/o:glossvibe.bvi#Ang.54a33c.1,ianuaris,ianuaris,ADJ,True,False,False,0.9411764705882353
Ang.54a33c,http://gams.uni-graz.at/o:glossvibe.bvi#Ang.54a33c.2,et,et,CCONJ,2,http://gams.uni-graz.at/o:glossvibe.bvi#Ang.54a33c.2,et,et,CCONJ,True,True,True,1.0
Ang.54a33c,http://gams.uni-graz.at/o:glossvibe.bvi#Ang.54a33c.3,februaris,februarius,NOUN,3,http://gams.uni-graz.at/o:glossvibe.bvi#Ang.54a33c.3,februaris,februaris,ADJ,True,False,False,0.9473684210526315
Ang.54a33c,http://gams.uni-graz.at/o:glossvibe.bvi#Ang.54a33c.4,á,a,ADP,4,http://gams.uni-graz.at/o:glossvibe.bvi#Ang.54a33c.4,á,),X,True,False,False,0.0
Ang.54a33c,http://gams.uni-graz.at/o:glossvibe.bvi#Ang.54a33c.5,numa,numa,NOUN,5,http://gams.uni-graz.at/o:glossvibe.bvi#Ang.54a33c.5,numa,numa,PROPN,True,False,True,1.0
BVi.02c28,http://gams.uni-graz.at/o:glossvibe.bvi#BVi.02c28.0,ianuaris,ianuarius,NOUN,0,http://gams.uni-graz.at/o:glossvibe.bvi#BVi.02c28.0,ianuaris,ianuaris,ADJ,True,False,False,0.9411764705882353
BVi.02c28,http://gams.uni-graz.at/o:glossvibe.bvi#BVi.02c28.1,et,et,CCONJ,1,http://gams.uni-graz.at/o:glossvibe.bvi#BVi.02c28.1,et,et,CCONJ,True,True,True,1.0
BVi.02c28,http://gams.uni-graz.at/o:glossvibe.bvi#BVi.02c28.2,februaris,februarius,NOUN,2,http://gams.uni-graz.at/o:glossvibe.bvi#BVi.02c28.2,februaris,februaris,ADJ,True,False,False,0.9473684210526315
BVi.02c29a,http://gams.uni-graz.at/o:glossvibe.bvi#BVi.02c29a.0,metitoris,metitor,NOUN,0,http://gams.uni-graz.at/o:glossvibe.bvi#BVi.02c29a.0,metitoris,metitor,NOUN,True,True,True,1.0
BVi.02c29a,http://gams.uni-graz.at/o:glossvibe.bvi#BVi.02c29a.1,imperii,imperium,NOUN,1,http://gams.uni-graz.at/o:glossvibe.bvi#BVi.02c29a.1,imperii,imperium,NOUN,True,True,True,1.0
BVi.02c29a,http://gams.uni-graz.at/o:glossvibe.bvi#BVi.02c29a.2,non,non,NOUN,2,http://gams.uni-graz.at/o:glossvibe.bvi#BVi.02c29a.2,non,non,PART,True,False,True,1.0
BVi.02c29a,http://gams.uni-graz.at/o:glossvibe.bvi#BVi.02c29a.3,imperatoris,imperator,NOUN,3,http://gams.uni-graz.at/o:glossvibe.bvi#BVi.02c29a.3,imperatoris,imperator,NOUN,True,True,True,1.0
BVi.02c29b,http://gams.uni-graz.at/o:glossvibe.bvi#BVi.02c29b.0,ut,ut,SCONJ,0,http://gams.uni-graz.at/o:glossvibe.bvi#BVi.02c29b.0,ut,ut,SCONJ,True,True,True,1.0
BVi.02c29b,http://gams.uni-graz.at/o:glossvibe.bvi#BVi.02c29b.1,iulius,iulius,NOUN,1,http://gams.uni-graz.at/o:glossvibe.bvi#BVi.02c29b.1,iulius,iulius,PROPN,True,False,True,1.0
BVi.02c29b,http://gams.uni-graz.at/o:glossvibe.bvi#BVi.02c29b.2,uocaretur,uoco,VERB,2,http://gams.uni-graz.at/o:glossvibe.bvi#BVi.02c29b.2,uocaretur,uoco,VERB,True,True,True,1.0
BVi.02c29c,http://gams.uni-graz.at/o:glossvibe.bvi#BVi.02c29c.0,idest,idest,nan,0,http://gams.uni-graz.at/o:glossvibe.bvi#BVi.02c29c.0,idest,idest,CCONJ,True,False,True,1.0
BVi.02c29c,http://gams.uni-graz.at/o:glossvibe.bvi#BVi.02c29c.1,qui,qui,PRON,1,http://gams.uni-graz.at/o:glossvibe.bvi#BVi.02c29c.1,qui,qui,PRON,True,True,True,1.0
BVi.02c29c,http://gams.uni-graz.at/o:glossvibe.bvi#BVi.02c29c.2,dimicauit,dimico,VERB,2,http://gams.uni-graz.at/o:glossvibe.bvi#BVi.02c29c.2,dimicauit,dimico,VERB,True,True,True,1.0
BVi.02c29c,http://gams.uni-graz.at/o:glossvibe.bvi#BVi.02c29c.3,contra,contra,ADP,3,http://gams.uni-graz.at/o:glossvibe.bvi#BVi.02c29c.3,contra,contra,ADP,True,True,True,1.0
BVi.02c29c,http://gams.uni-graz.at/o:glossvibe.bvi#BVi.02c29c.4,augustum,augustus 2,PROPN,4,http://gams.uni-graz.at/o:glossvibe.bvi#BVi.02c29c.4,augustum,augustus,NOUN,True,False,False,0.8888888888888888
BVi.02cd01.21,http://gams.uni-graz.at/o:glossvibe.bvi#BVi.02cd01.21.0,et,et,CCONJ,0,http://gams.uni-graz.at/o:glossvibe.bvi#BVi.02cd01.21.0,et,et,CCONJ,True,True,True,1.0
BVi.02cd01.21,http://gams.uni-graz.at/o:glossvibe.bvi#BVi.02cd01.21.02,horis,hora,nan,1,http://gams.uni-graz.at/o:glossvibe.bvi#BVi.02cd01.21.1,horis,horus,ADJ,True,False,False,0.6666666666666666
BVi.02cd01.21,http://gams.uni-graz.at/o:glossvibe.bvi#BVi.02cd01.21.03,lunaribus,lunaris,ADJ,2,http://gams.uni-graz.at/o:glossvibe.bvi#BVi.02cd01.21.2,lunaribus,lunaris,ADJ,True,True,True,1.0
BVi.02cd01.21,http://gams.uni-graz.at/o:glossvibe.bvi#BVi.02cd01.21.04,reliqua,reliquus,DET,3,http://gams.uni-graz.at/o:glossvibe.bvi#BVi.02cd01.21.3,reliqua,reliquus,ADJ,True,False,True,1.0
BVi.02cd01.21,http://gams.uni-graz.at/o:glossvibe.bvi#BVi.02cd01.21.10,binís,binis,ADJ,4,http://gams.uni-graz.at/o:glossvibe.bvi#BVi.02cd01.21.4,binís,binís,NOUN,True,False,False,0.8
BVi.02cd01.21,http://gams.uni-graz.at/o:glossvibe.bvi#BVi.02cd01.21.11,diebus,dies,NOUN,5,http://gams.uni-graz.at/o:glossvibe.bvi#BVi.02cd01.21.5,diebus,dies,NOUN,True,True,True,1.0
BVi.02cd01.21,http://gams.uni-graz.at/o:glossvibe.bvi#BVi.02cd01.21.12,et,et,CCONJ,6,http://gams.uni-graz.at/o:glossvibe.bvi#BVi.02cd01.21.6,et,et,CCONJ,True,True,True,1.0
BVi.02cd01.21,http://gams.uni-graz.at/o:glossvibe.bvi#BVi.02cd01.21.13,seniís,senex,ADJ,7,http://gams.uni-graz.at/o:glossvibe.bvi#BVi.02cd01.21.7,seniís,seniís,NOUN,True,False,False,0.5454545454545454
BVi.02cd01.21,http://gams.uni-graz.at/o:glossvibe.bvi#BVi.02cd01.21.14,horís,hora,NOUN,8,http://gams.uni-graz.at/o:glossvibe.bvi#BVi.02cd01.21.8,horís,hosco,VERB,True,False,False,0.4444444444444444
BVi.02cd01.21,http://gams.uni-graz.at/o:glossvibe.bvi#BVi.02cd01.21.15,ocus,et,CCONJ,9,http://gams.uni-graz.at/o:glossvibe.bvi#BVi.02cd01.21.9,ocus,ox,VERB,True,False,False,0.0
BVi.02cd01.21,http://gams.uni-graz.at/o:glossvibe.bvi#BVi.02cd01.21.21,soli,sol,NOUN,10,http://gams.uni-graz.at/o:glossvibe.bvi#BVi.02cd01.21.10,soli,solus,DET,True,False,False,0.75
BVi.02cd01.21,http://gams.uni-graz.at/o:glossvibe.bvi#BVi.02cd01.21.26,luna,luna,NOUN,11,http://gams.uni-graz.at/o:glossvibe.bvi#BVi.02cd01.21.11,luna,luna,NOUN,True,True,True,1.0
BVi.02cd01.21,http://gams.uni-graz.at/o:glossvibe.bvi#BVi.02cd01.21.34,nisi,nisi,CCONJ,12,http://gams.uni-graz.at/o:glossvibe.bvi#BVi.02cd01.21.12,nisi,nisi,SCONJ,True,False,True,1.0
BVi.02cd01.21,http://gams.uni-graz.at/o:glossvibe.bvi#BVi.02cd01.21.40,diebus,dies,NOUN,13,http://gams.uni-graz.at/o:glossvibe.bvi#BVi.02cd01.21.13,diebus,dies,NOUN,True,True,True,1.0
BVi.02cd02.23,http://gams.uni-graz.at/o:glossvibe.bvi#BVi.02cd02.23.0,luna,luna,NOUN,0,http://gams.uni-graz.at/o:glossvibe.bvi#BVi.02cd02.23.0,luna,luna,NOUN,True,True,True,1.0
BVi.02cd02.23,http://gams.uni-graz.at/o:glossvibe.bvi#BVi.02cd02.23.01,tridecima,tredecim,NUM,1,http://gams.uni-graz.at/o:glossvibe.bvi#BVi.02cd02.23.1,tridecima,tridecimus,ADJ,True,False,False,0.7777777777777778
BVi.02cd02.23,http://gams.uni-graz.at/o:glossvibe.bvi#BVi.02cd02.23.03,reliqua,reliquus,DET,2,http://gams.uni-graz.at/o:glossvibe.bvi#BVi.02cd02.23.2,reliqua,reliquus,ADJ,True,False,True,1.0
BVi.02cd02.23,http://gams.uni-graz.at/o:glossvibe.bvi#BVi.02cd02.23.10b,hore,hora,nan,3,http://gams.uni-graz.at/o:glossvibe.bvi#BVi.02cd02.23.3,hore,hos,NOUN,True,False,False,0.5714285714285714
BVi.02cd02.23,http://gams.uni-graz.at/o:glossvibe.bvi#BVi.02cd02.23.40,dies,dies,NOUN,4,http://gams.uni-graz.at/o:glossvibe.bvi#BVi.02cd02.23.4,dies,dies,NOUN,True,True,True,1.0
BVi.02cd02.23,http://gams.uni-graz.at/o:glossvibe.bvi#BVi.02cd02.23.52,horis,hora,nan,5,http://gams.uni-graz.at/o:glossvibe.bvi#BVi.02cd02.23.5,horis,horus,ADJ,True,False,False,0.6666666666666666
BVi.02cd02.23,http://gams.uni-graz.at/o:glossvibe.bvi#BVi.02cd02.23.53,in,in,ADP,6,http://gams.uni-graz.at/o:glossvibe.bvi#BVi.02cd02.23.6,in,in,ADP,True,True,True,1.0
BVi.02cd02.23,http://gams.uni-graz.at/o:glossvibe.bvi#BVi.02cd02.23.54,anno,annus,NOUN,7,http://gams.uni-graz.at/o:glossvibe.bvi#BVi.02cd02.23.7,anno,annus,NOUN,True,True,True,1.0
BVi.02cd02.23,http://gams.uni-graz.at/o:glossvibe.bvi#BVi.02cd02.23.55,et,et,CCONJ,8,http://gams.uni-graz.at/o:glossvibe.bvi#BVi.02cd02.23.8,et,et,CCONJ,True,True,True,1.0
BVi.02cd02.23,http://gams.uni-graz.at/o:glossvibe.bvi#BVi.02cd02.23.57,et,et,CCONJ,9,http://gams.uni-graz.at/o:glossvibe.bvi#BVi.02cd02.23.9,et,et,CCONJ,True,True,True,1.0
BVi.02cd02.23,http://gams.uni-graz.at/o:glossvibe.bvi#BVi.02cd02.23.59,horae,hora,nan,10,http://gams.uni-graz.at/o:glossvibe.bvi#BVi.02cd02.23.10,horae,hora,NOUN,True,False,True,1.0
BVi.02cd02.23,http://gams.uni-graz.at/o:glossvibe.bvi#BVi.02cd02.23.64,lunae,luna,NOUN,11,http://gams.uni-graz.at/o:glossvibe.bvi#BVi.02cd02.23.11,lunae,luna,NOUN,True,True,True,1.0
BVi.02cd02.23,http://gams.uni-graz.at/o:glossvibe.bvi#BVi.02cd02.23.65,contra,contra,ADP,12,http://gams.uni-graz.at/o:glossvibe.bvi#BVi.02cd02.23.12,contra,contra,ADP,True,True,True,1.0
BVi.02cd02.23,http://gams.uni-graz.at/o:glossvibe.bvi#BVi.02cd02.23.66,zodiacum,zodiacus,NOUN,13,http://gams.uni-graz.at/o:glossvibe.bvi#BVi.02cd02.23.13,zodiacum,zodia,NOUN,True,True,False,0.7692307692307693
BVi.02d01,http://gams.uni-graz.at/o:glossvibe.bvi#BVi.02d01.0,quintas,quinta,NOUN,0,http://gams.uni-graz.at/o:glossvibe.bvi#BVi.02d01.0,quintas,quintas,NOUN,True,True,False,0.9230769230769231
Ang.54b14e,http://gams.uni-graz.at/o:glossvibe.bvi#Ang.54b14e.0,idest,idest,nan,0,http://gams.uni-graz.at/o:glossvibe.bvi#Ang.54b14e.0,idest,idest,CCONJ,True,False,True,1.0
Ang.54b14e,http://gams.uni-graz.at/o:glossvibe.bvi#Ang.54b14e.1,romulus,romulus,PROPN,1,http://gams.uni-graz.at/o:glossvibe.bvi#Ang.54b14e.1,romulus,romulus,NOUN,True,False,True,1.0
BVi.02d11,http://gams.uni-graz.at/o:glossvibe.bvi#BVi.02d11.0,romulus,romulus,PROPN,0,http://gams.uni-graz.at/o:glossvibe.bvi#BVi.02d11.0,romulus,romulus,NOUN,True,False,True,1.0
BVi.02d11,http://gams.uni-graz.at/o:glossvibe.bvi#BVi.02d11.1,in,in,ADP,1,http://gams.uni-graz.at/o:glossvibe.bvi#BVi.02d11.1,in,in,ADP,True,True,True,1.0
BVi.02d11,http://gams.uni-graz.at/o:glossvibe.bvi#BVi.02d11.2,regnum,regnum,NOUN,2,http://gams.uni-graz.at/o:glossvibe.bvi#BVi.02d11.2,regnum,regnum,NOUN,True,True,True,1.0
BVi.02d15b,http://gams.uni-graz.at/o:glossvibe.bvi#BVi.02d15b.0,idest,idest,nan,0,http://gams.uni-graz.at/o:glossvibe.bvi#BVi.02d15b.0,idest,idest,CCONJ,True,False,True,1.0
BVi.02d15b,http://gams.uni-graz.at/o:glossvibe.bvi#BVi.02d15b.1,mensibus,mensis,NOUN,1,http://gams.uni-graz.at/o:glossvibe.bvi#BVi.02d15b.1,mensibus,mensus,NOUN,True,True,False,0.8333333333333334
Ang.54b17b,http://gams.uni-graz.at/o:glossvibe.bvi#Ang.54b17b.0,abstractos,abstraho,VERB,0,http://gams.uni-graz.at/o:glossvibe.bvi#Ang.54b17b.0,abstractos,abstraho,VERB,True,True,True,1.0
BCr.29d36c,http://gams.uni-graz.at/o:glossvibe.bvi#BCr.29d36c.0,abstractos,abstraho,VERB,0,http://gams.uni-graz.at/o:glossvibe.bvi#BCr.29d36c.0,abstractos,abstraho,VERB,True,True,True,1.0
BVi.02d15a,http://gams.uni-graz.at/o:glossvibe.bvi#BVi.02d15a.0,abstractos,abstraho,VERB,0,http://gams.uni-graz.at/o:glossvibe.bvi#BVi.02d15a.0,abstractos,abstraho,VERB,True,True,True,1.0
BVi.02d16,http://gams.uni-graz.at/o:glossvibe.bvi#BVi.02d16.0,dies,dies,NOUN,0,http://gams.uni-graz.at/o:glossvibe.bvi#BVi.02d16.0,dies,dies,NOUN,True,True,True,1.0
BVi.02d22,http://gams.uni-graz.at/o:glossvibe.bvi#BVi.02d22.0,idest,idest,nan,0,http://gams.uni-graz.at/o:glossvibe.bvi#BVi.02d22.0,idest,idest,CCONJ,True,False,True,1.0
BVi.02d22,http://gams.uni-graz.at/o:glossvibe.bvi#BVi.02d22.1,orco,orco,NOUN,1,http://gams.uni-graz.at/o:glossvibe.bvi#BVi.02d22.1,orco,orco,NOUN,True,True,True,1.0
Ang.54b23c,http://gams.uni-graz.at/o:glossvibe.bvi#Ang.54b23c.0,idest,idest,nan,0,http://gams.uni-graz.at/o:glossvibe.bvi#Ang.54b23c.0,idest,idest,CCONJ,True,False,True,1.0
Ang.54b23c,http://gams.uni-graz.at/o:glossvibe.bvi#Ang.54b23c.1,sacrificia,sacrificium,NOUN,1,http://gams.uni-graz.at/o:glossvibe.bvi#Ang.54b23c.1,sacrificia,sacrificium,NOUN,True,True,True,1.0
BCr.29d48a,http://gams.uni-graz.at/o:glossvibe.bvi#BCr.29d48a.0,idest,idest,nan,0,http://gams.uni-graz.at/o:glossvibe.bvi#BCr.29d48a.0,idest,idest,CCONJ,True,False,True,1.0
BCr.29d48a,http://gams.uni-graz.at/o:glossvibe.bvi#BCr.29d48a.1,sacrificia,sacrificium,NOUN,1,http://gams.uni-graz.at/o:glossvibe.bvi#BCr.29d48a.1,sacrificia,sacrificium,NOUN,True,True,True,1.0
BVi.02d25,http://gams.uni-graz.at/o:glossvibe.bvi#BVi.02d25.0,sacrificia,sacrificium,NOUN,0,http://gams.uni-graz.at/o:glossvibe.bvi#BVi.02d25.0,sacrificia,sacrificium,NOUN,True,True,True,1.0
Sg.66.01,http://gams.uni-graz.at/o:glossvibe.bvi#Sg.66.01.0,idest,idest,nan,0,http://gams.uni-graz.at/o:glossvibe.bvi#Sg.66.01.0,idest,idest,CCONJ,True,False,True,1.0
Sg.66.01,http://gams.uni-graz.at/o:glossvibe.bvi#Sg.66.01.1,sacrificia,sacrificium,NOUN,1,http://gams.uni-graz.at/o:glossvibe.bvi#Sg.66.01.1,sacrificia,sacrificium,NOUN,True,True,True,1.0
BCr.29d50,http://gams.uni-graz.at/o:glossvibe.bvi#BCr.29d50.0,idest,idest,nan,0,http://gams.uni-graz.at/o:glossvibe.bvi#BCr.29d50.0,idest,idest,CCONJ,True,False,True,1.0
BCr.29d50,http://gams.uni-graz.at/o:glossvibe.bvi#BCr.29d50.02,non,non,NOUN,1,http://gams.uni-graz.at/o:glossvibe.bvi#BCr.29d50.1,non,non,PART,True,False,True,1.0
BCr.29d50,http://gams.uni-graz.at/o:glossvibe.bvi#BCr.29d50.03,februaris,februarius,NOUN,2,http://gams.uni-graz.at/o:glossvibe.bvi#BCr.29d50.2,februaris,februaris,ADJ,True,False,False,0.9473684210526315
BCr.29d50,http://gams.uni-graz.at/o:glossvibe.bvi#BCr.29d50.04,ιπα,nan,nan,3,http://gams.uni-graz.at/o:glossvibe.bvi#BCr.29d50.3,ιπα,ιπo,VERB,True,False,False,0.0
BCr.29d50,http://gams.uni-graz.at/o:glossvibe.bvi#BCr.29d50.05,παμti,nan,nan,4,http://gams.uni-graz.at/o:glossvibe.bvi#BCr.29d50.4,παμti,παμtus,NOUN,True,False,False,0.0
BCr.29d50,http://gams.uni-graz.at/o:glossvibe.bvi#BCr.29d50.06,graece,graece,ADV,5,http://gams.uni-graz.at/o:glossvibe.bvi#BCr.29d50.5,graece,graece,PROPN,True,False,True,1.0
BCr.29d50,http://gams.uni-graz.at/o:glossvibe.bvi#BCr.29d50.07,hic,hic,DET,6,http://gams.uni-graz.at/o:glossvibe.bvi#BCr.29d50.6,hic,hic,DET,True,True,True,1.0
BCr.29d50,http://gams.uni-graz.at/o:glossvibe.bvi#BCr.29d50.08,?,nan,nan,7,http://gams.uni-graz.at/o:glossvibe.bvi#BCr.29d50.7,?,?,PUNCT,True,False,False,0.0
BCr.29d50,http://gams.uni-graz.at/o:glossvibe.bvi#BCr.29d50.09,est,sum,VERB,8,http://gams.uni-graz.at/o:glossvibe.bvi#BCr.29d50.8,est,sum,AUX,True,False,True,1.0
BCr.29d50,http://gams.uni-graz.at/o:glossvibe.bvi#BCr.29d50.10,obi,obeo,VERB,9,http://gams.uni-graz.at/o:glossvibe.bvi#BCr.29d50.9,obi,obus,NOUN,True,False,False,0.5
BCr.29d50,http://gams.uni-graz.at/o:glossvibe.bvi#BCr.29d50.11,ad,ad,ADP,10,http://gams.uni-graz.at/o:glossvibe.bvi#BCr.29d50.10,ad,ad,ADP,True,True,True,1.0
BCr.29d50,http://gams.uni-graz.at/o:glossvibe.bvi#BCr.29d50.12,eo,is,PRON,11,http://gams.uni-graz.at/o:glossvibe.bvi#BCr.29d50.11,eo,is,PRON,True,True,True,1.0
BCr.29d50,http://gams.uni-graz.at/o:glossvibe.bvi#BCr.29d50.13,die,dies,NOUN,12,http://gams.uni-graz.at/o:glossvibe.bvi#BCr.29d50.12,die,dies,NOUN,True,True,True,1.0
BCr.29d50,http://gams.uni-graz.at/o:glossvibe.bvi#BCr.29d50.14,assumpsit,assumo,VERB,13,http://gams.uni-graz.at/o:glossvibe.bvi#BCr.29d50.13,assumpsit,assumo,VERB,True,True,True,1.0
BCr.29d50,http://gams.uni-graz.at/o:glossvibe.bvi#BCr.29d50.15,se,se,PRON,14,http://gams.uni-graz.at/o:glossvibe.bvi#BCr.29d50.14,se,sui,PRON,True,True,False,0.4
BCr.29d50,http://gams.uni-graz.at/o:glossvibe.bvi#BCr.29d50.16,meo,meus,DET,15,http://gams.uni-graz.at/o:glossvibe.bvi#BCr.29d50.15,meo,meus,DET,True,True,True,1.0
BCr.29d50,http://gams.uni-graz.at/o:glossvibe.bvi#BCr.29d50.17,christum,christus,PROPN,16,http://gams.uni-graz.at/o:glossvibe.bvi#BCr.29d50.16,christum,christus,ADJ,True,False,True,1.0
BCr.29d50,http://gams.uni-graz.at/o:glossvibe.bvi#BCr.29d50.18,in,in,ADP,17,http://gams.uni-graz.at/o:glossvibe.bvi#BCr.29d50.17,in,in,ADP,True,True,True,1.0
BCr.29d50,http://gams.uni-graz.at/o:glossvibe.bvi#BCr.29d50.19,templo,templum,NOUN,18,http://gams.uni-graz.at/o:glossvibe.bvi#BCr.29d50.18,templo,templum,NOUN,True,True,True,1.0
BVi.02d27.29,http://gams.uni-graz.at/o:glossvibe.bvi#BVi.02d27.29.3,in,in,ADP,0,http://gams.uni-graz.at/o:glossvibe.bvi#BVi.02d27.29.0,in,in,ADP,True,True,True,1.0
BVi.02d27.29,http://gams.uni-graz.at/o:glossvibe.bvi#BVi.02d27.29.4,templo,templum,NOUN,1,http://gams.uni-graz.at/o:glossvibe.bvi#BVi.02d27.29.1,templo,templum,NOUN,True,True,True,1.0
Ang.54b27b,http://gams.uni-graz.at/o:glossvibe.bvi#Ang.54b27b.0,candelas,candela,NOUN,0,http://gams.uni-graz.at/o:glossvibe.bvi#Ang.54b27b.0,candelas,candela,NOUN,True,True,True,1.0
BVi.02d30,http://gams.uni-graz.at/o:glossvibe.bvi#BVi.02d30.0,idest,idest,nan,0,http://gams.uni-graz.at/o:glossvibe.bvi#BVi.02d30.0,idest,idest,CCONJ,True,False,True,1.0
BVi.02d30,http://gams.uni-graz.at/o:glossvibe.bvi#BVi.02d30.1,lucernas,lucerna,NOUN,1,http://gams.uni-graz.at/o:glossvibe.bvi#BVi.02d30.1,lucernas,lucerna,NOUN,True,True,True,1.0
BVi.02d31,http://gams.uni-graz.at/o:glossvibe.bvi#BVi.02d31.0,in,in,ADP,0,http://gams.uni-graz.at/o:glossvibe.bvi#BVi.02d31.0,in,in,ADP,True,True,True,1.0
BVi.02d31,http://gams.uni-graz.at/o:glossvibe.bvi#BVi.02d31.1,ceteris,ceterus,DET,1,http://gams.uni-graz.at/o:glossvibe.bvi#BVi.02d31.1,ceteris,ceterus,DET,True,True,True,1.0
Ang.54b34c,http://gams.uni-graz.at/o:glossvibe.bvi#Ang.54b34c.0,idest,idest,nan,0,http://gams.uni-graz.at/o:glossvibe.bvi#Ang.54b34c.0,idest,idest,CCONJ,True,False,True,1.0
Ang.54b34c,http://gams.uni-graz.at/o:glossvibe.bvi#Ang.54b34c.2,et,et,CCONJ,1,http://gams.uni-graz.at/o:glossvibe.bvi#Ang.54b34c.1,et,et,CCONJ,True,True,True,1.0
BVi.03a04,http://gams.uni-graz.at/o:glossvibe.bvi#BVi.03a04.0,circulum,circulus,NOUN,0,http://gams.uni-graz.at/o:glossvibe.bvi#BVi.03a04.0,circulum,circulus,NOUN,True,True,True,1.0
BVi.03a05,http://gams.uni-graz.at/o:glossvibe.bvi#BVi.03a05.0,dies,dies,NOUN,0,http://gams.uni-graz.at/o:glossvibe.bvi#BVi.03a05.0,dies,dies,NOUN,True,True,True,1.0
Ang.54abis06c,http://gams.uni-graz.at/o:glossvibe.bvi#Ang.54abis06c.0,idest,idest,nan,0,http://gams.uni-graz.at/o:glossvibe.bvi#Ang.54abis06c.0,idest,idest,CCONJ,True,False,True,1.0
Ang.54abis06c,http://gams.uni-graz.at/o:glossvibe.bvi#Ang.54abis06c.1,fefellit,fallo,VERB,1,http://gams.uni-graz.at/o:glossvibe.bvi#Ang.54abis06c.1,fefellit,fefello,VERB,True,True,False,0.6666666666666666
Ang.54abis06c,http://gams.uni-graz.at/o:glossvibe.bvi#Ang.54abis06c.2,ordo,ordo,NOUN,2,http://gams.uni-graz.at/o:glossvibe.bvi#Ang.54abis06c.2,ordo,ordo,NOUN,True,True,True,1.0
Ang.54abis06c,http://gams.uni-graz.at/o:glossvibe.bvi#Ang.54abis06c.3,grecorum,graecus,NOUN,3,http://gams.uni-graz.at/o:glossvibe.bvi#Ang.54abis06c.3,grecorum,grecus,ADJ,True,False,False,0.9230769230769231
Ang.54abis06c,http://gams.uni-graz.at/o:glossvibe.bvi#Ang.54abis06c.4,romannorum,romanus,NOUN,4,http://gams.uni-graz.at/o:glossvibe.bvi#Ang.54abis06c.4,romannorum,romannum,NOUN,True,True,False,0.8
BCr.30a24a,http://gams.uni-graz.at/o:glossvibe.bvi#BCr.30a24a.0,idest,idest,nan,0,http://gams.uni-graz.at/o:glossvibe.bvi#BCr.30a24a.0,idest,idest,CCONJ,True,False,True,1.0
BCr.30a24a,http://gams.uni-graz.at/o:glossvibe.bvi#BCr.30a24a.1,fefellit,fallo,VERB,1,http://gams.uni-graz.at/o:glossvibe.bvi#BCr.30a24a.1,fefellit,fefello,VERB,True,True,False,0.6666666666666666
BVi.03a09a,http://gams.uni-graz.at/o:glossvibe.bvi#BVi.03a09a.0,fefellit,fallo,VERB,0,http://gams.uni-graz.at/o:glossvibe.bvi#BVi.03a09a.0,fefellit,fefello,VERB,True,True,False,0.6666666666666666
Sg.66.22a,http://gams.uni-graz.at/o:glossvibe.bvi#Sg.66.22a.0,idest,idest,nan,0,http://gams.uni-graz.at/o:glossvibe.bvi#Sg.66.22a.0,idest,idest,CCONJ,True,False,True,1.0
Sg.66.22a,http://gams.uni-graz.at/o:glossvibe.bvi#Sg.66.22a.1,fefellit,fallo,VERB,1,http://gams.uni-graz.at/o:glossvibe.bvi#Sg.66.22a.1,fefellit,fefello,VERB,True,True,False,0.6666666666666666
BVi.03a09b,http://gams.uni-graz.at/o:glossvibe.bvi#BVi.03a09b.0,idest,idest,nan,0,http://gams.uni-graz.at/o:glossvibe.bvi#BVi.03a09b.0,idest,idest,CCONJ,True,False,True,1.0
BVi.03a09b,http://gams.uni-graz.at/o:glossvibe.bvi#BVi.03a09b.1,anni,annus,NOUN,1,http://gams.uni-graz.at/o:glossvibe.bvi#BVi.03a09b.1,anni,annus,NOUN,True,True,True,1.0
Ang.54abis07a,http://gams.uni-graz.at/o:glossvibe.bvi#Ang.54abis07a.0,idest,idest,nan,0,http://gams.uni-graz.at/o:glossvibe.bvi#Ang.54abis07a.0,idest,idest,CCONJ,True,False,True,1.0
BVi.03a10c,http://gams.uni-graz.at/o:glossvibe.bvi#BVi.03a10c.1,ad,ad,ADP,0,http://gams.uni-graz.at/o:glossvibe.bvi#BVi.03a10c.0,ad,ad,ADP,True,True,True,1.0
BVi.03a10c,http://gams.uni-graz.at/o:glossvibe.bvi#BVi.03a10c.2,grecum,graecus,NOUN,1,http://gams.uni-graz.at/o:glossvibe.bvi#BVi.03a10c.1,grecum,grecus,NOUN,True,True,False,0.9230769230769231
BVi.03a10c,http://gams.uni-graz.at/o:glossvibe.bvi#BVi.03a10c.3,numerum,numerus,NOUN,2,http://gams.uni-graz.at/o:glossvibe.bvi#BVi.03a10c.2,numerum,numerus,NOUN,True,True,True,1.0
Ang.54abis22a,http://gams.uni-graz.at/o:glossvibe.bvi#Ang.54abis22a.0,festis,festis,NOUN,0,http://gams.uni-graz.at/o:glossvibe.bvi#Ang.54abis22a.0,festis,festis,NOUN,True,True,True,1.0
Ang.54abis22a,http://gams.uni-graz.at/o:glossvibe.bvi#Ang.54abis22a.1,termini,terminus,PROPN,1,http://gams.uni-graz.at/o:glossvibe.bvi#Ang.54abis22a.1,termini,terminus,NOUN,True,False,True,1.0
BCr.30a50,http://gams.uni-graz.at/o:glossvibe.bvi#BCr.30a50.0,idest,idest,nan,0,http://gams.uni-graz.at/o:glossvibe.bvi#BCr.30a50.0,idest,idest,CCONJ,True,False,True,1.0
BCr.30a50,http://gams.uni-graz.at/o:glossvibe.bvi#BCr.30a50.1,feris,feria,NOUN,1,http://gams.uni-graz.at/o:glossvibe.bvi#BCr.30a50.1,feris,fer,NOUN,True,True,False,0.75
BCr.30a50,http://gams.uni-graz.at/o:glossvibe.bvi#BCr.30a50.2,termini,terminus,PROPN,2,http://gams.uni-graz.at/o:glossvibe.bvi#BCr.30a50.2,termini,terminus,NOUN,True,False,True,1.0
BCr.30a50,http://gams.uni-graz.at/o:glossvibe.bvi#BCr.30a50.3,hic,hic,DET,3,http://gams.uni-graz.at/o:glossvibe.bvi#BCr.30a50.3,hic,hic,DET,True,True,True,1.0
BCr.30a50,http://gams.uni-graz.at/o:glossvibe.bvi#BCr.30a50.4a,est,sum,VERB,4,http://gams.uni-graz.at/o:glossvibe.bvi#BCr.30a50.4,est,sum,AUX,True,False,True,1.0
BCr.30a50,http://gams.uni-graz.at/o:glossvibe.bvi#BCr.30a50.4b,plutonis,plutor,NOUN,5,http://gams.uni-graz.at/o:glossvibe.bvi#BCr.30a50.5,plutonis,pluto,NOUN,True,True,False,0.9090909090909091
BVi.03a29.32,http://gams.uni-graz.at/o:glossvibe.bvi#BVi.03a29.32.1,idest,idest,nan,0,http://gams.uni-graz.at/o:glossvibe.bvi#BVi.03a29.32.0,idest,idest,CCONJ,True,False,True,1.0
BVi.03a29.32,http://gams.uni-graz.at/o:glossvibe.bvi#BVi.03a29.32.2,termini,terminus,PROPN,1,http://gams.uni-graz.at/o:glossvibe.bvi#BVi.03a29.32.1,termini,terminus,NOUN,True,False,True,1.0
Sg.67.08a,http://gams.uni-graz.at/o:glossvibe.bvi#Sg.67.08a.0,idest,idest,nan,0,http://gams.uni-graz.at/o:glossvibe.bvi#Sg.67.08a.0,idest,idest,CCONJ,True,False,True,1.0
Sg.67.08a,http://gams.uni-graz.at/o:glossvibe.bvi#Sg.67.08a.1,feriae,feria,NOUN,1,http://gams.uni-graz.at/o:glossvibe.bvi#Sg.67.08a.1,feriae,feria,NOUN,True,True,True,1.0
Sg.67.08a,http://gams.uni-graz.at/o:glossvibe.bvi#Sg.67.08a.2,terminalis,terminalis,ADJ,2,http://gams.uni-graz.at/o:glossvibe.bvi#Sg.67.08a.2,terminalis,terminalis,ADJ,True,True,True,1.0
BVi.03a44a,http://gams.uni-graz.at/o:glossvibe.bvi#BVi.03a44a.01,horae,hora,nan,0,http://gams.uni-graz.at/o:glossvibe.bvi#BVi.03a44a.0,horae,hora,NOUN,True,False,True,1.0
BVi.03a44a,http://gams.uni-graz.at/o:glossvibe.bvi#BVi.03a44a.04,idest,idest,nan,1,http://gams.uni-graz.at/o:glossvibe.bvi#BVi.03a44a.1,idest,idest,CCONJ,True,False,True,1.0
BVi.03a44a,http://gams.uni-graz.at/o:glossvibe.bvi#BVi.03a44a.06,horae,hora,NOUN,2,http://gams.uni-graz.at/o:glossvibe.bvi#BVi.03a44a.2,horae,hora,NOUN,True,True,True,1.0
BVi.03a44a,http://gams.uni-graz.at/o:glossvibe.bvi#BVi.03a44a.08,ad,ad,ADP,3,http://gams.uni-graz.at/o:glossvibe.bvi#BVi.03a44a.3,ad,ad,ADP,True,True,True,1.0
BVi.03a44b,http://gams.uni-graz.at/o:glossvibe.bvi#BVi.03a44b.0,idest,idest,nan,0,http://gams.uni-graz.at/o:glossvibe.bvi#BVi.03a44b.0,idest,idest,CCONJ,True,False,True,1.0
BVi.03a44b,http://gams.uni-graz.at/o:glossvibe.bvi#BVi.03a44b.1,horae,hora,nan,1,http://gams.uni-graz.at/o:glossvibe.bvi#BVi.03a44b.1,horae,hora,NOUN,True,False,True,1.0
Ang.54bbis09b,http://gams.uni-graz.at/o:glossvibe.bvi#Ang.54bbis09b.0,exemplum,exemplum,NOUN,0,http://gams.uni-graz.at/o:glossvibe.bvi#Ang.54bbis09b.0,exemplum,exemplum,NOUN,True,True,True,1.0
BCr.30b29,http://gams.uni-graz.at/o:glossvibe.bvi#BCr.30b29.0,idest,idest,nan,0,http://gams.uni-graz.at/o:glossvibe.bvi#BCr.30b29.0,idest,idest,CCONJ,True,False,True,1.0
BCr.30b29,http://gams.uni-graz.at/o:glossvibe.bvi#BCr.30b29.1,exemplum,exemplum,NOUN,1,http://gams.uni-graz.at/o:glossvibe.bvi#BCr.30b29.1,exemplum,exemplum,NOUN,True,True,True,1.0
BVi.03b15,http://gams.uni-graz.at/o:glossvibe.bvi#BVi.03b15.0,exemplum,exemplum,NOUN,0,http://gams.uni-graz.at/o:glossvibe.bvi#BVi.03b15.0,exemplum,exemplum,NOUN,True,True,True,1.0
Sg.67.30,http://gams.uni-graz.at/o:glossvibe.bvi#Sg.67.30.0,idest,idest,nan,0,http://gams.uni-graz.at/o:glossvibe.bvi#Sg.67.30.0,idest,idest,CCONJ,True,False,True,1.0
Sg.67.30,http://gams.uni-graz.at/o:glossvibe.bvi#Sg.67.30.1,exemplum,exemplum,NOUN,1,http://gams.uni-graz.at/o:glossvibe.bvi#Sg.67.30.1,exemplum,exemplum,NOUN,True,True,True,1.0
BCr.30b03,http://gams.uni-graz.at/o:glossvibe.bvi#BCr.30b03.0,idest,idest,nan,0,http://gams.uni-graz.at/o:glossvibe.bvi#BCr.30b03.0,idest,idest,CCONJ,True,False,True,1.0
BCr.30b03,http://gams.uni-graz.at/o:glossvibe.bvi#BCr.30b03.1,templum,templum,NOUN,1,http://gams.uni-graz.at/o:glossvibe.bvi#BCr.30b03.1,templum,templum,NOUN,True,True,True,1.0
BCr.30b03,http://gams.uni-graz.at/o:glossvibe.bvi#BCr.30b03.2,iouis,iouis,PROPN,2,http://gams.uni-graz.at/o:glossvibe.bvi#BCr.30b03.2,iouis,iouis,PROPN,True,True,True,1.0
BCr.30b03,http://gams.uni-graz.at/o:glossvibe.bvi#BCr.30b03.3,in,in,ADP,3,http://gams.uni-graz.at/o:glossvibe.bvi#BCr.30b03.3,in,in,ADP,True,True,True,1.0
BCr.30b03,http://gams.uni-graz.at/o:glossvibe.bvi#BCr.30b03.4,quo,qui,PRON,4,http://gams.uni-graz.at/o:glossvibe.bvi#BCr.30b03.4,quo,qui,PRON,True,True,True,1.0
BCr.30b03,http://gams.uni-graz.at/o:glossvibe.bvi#BCr.30b03.5,capita,capitum,NOUN,5,http://gams.uni-graz.at/o:glossvibe.bvi#BCr.30b03.5,capita,capita,NOUN,True,True,False,0.7692307692307693
BCr.30b03,http://gams.uni-graz.at/o:glossvibe.bvi#BCr.30b03.6,deorum,deus,PROPN,6,http://gams.uni-graz.at/o:glossvibe.bvi#BCr.30b03.6,deorum,deus,NOUN,True,False,True,1.0
BCr.30b03,http://gams.uni-graz.at/o:glossvibe.bvi#BCr.30b03.7,incaelatura,incaelatus,ADJ,7,http://gams.uni-graz.at/o:glossvibe.bvi#BCr.30b03.7,incaelatura,incaelo,VERB,True,False,False,0.7058823529411765
BCr.30b03,http://gams.uni-graz.at/o:glossvibe.bvi#BCr.30b03.8,fiebant,facio,VERB,8,http://gams.uni-graz.at/o:glossvibe.bvi#BCr.30b03.8,fiebant,fio,VERB,True,True,False,0.75
BVi.03a38,http://gams.uni-graz.at/o:glossvibe.bvi#BVi.03a38.0,idest,idest,nan,0,http://gams.uni-graz.at/o:glossvibe.bvi#BVi.03a38.0,idest,idest,CCONJ,True,False,True,1.0
BVi.03a38,http://gams.uni-graz.at/o:glossvibe.bvi#BVi.03a38.1,templum,templum,NOUN,1,http://gams.uni-graz.at/o:glossvibe.bvi#BVi.03a38.1,templum,templum,NOUN,True,True,True,1.0
BVi.03a38,http://gams.uni-graz.at/o:glossvibe.bvi#BVi.03a38.2,idoli,idolum,NOUN,2,http://gams.uni-graz.at/o:glossvibe.bvi#BVi.03a38.2,idoli,idolon,NOUN,True,True,False,0.6666666666666666
Sg.67.15,http://gams.uni-graz.at/o:glossvibe.bvi#Sg.67.15.0,templum,templum,NOUN,0,http://gams.uni-graz.at/o:glossvibe.bvi#Sg.67.15.0,templum,templum,NOUN,True,True,True,1.0
Sg.67.15,http://gams.uni-graz.at/o:glossvibe.bvi#Sg.67.15.1,iouis,iouis,PROPN,1,http://gams.uni-graz.at/o:glossvibe.bvi#Sg.67.15.1,iouis,iouis,PROPN,True,True,True,1.0
Sg.67.15,http://gams.uni-graz.at/o:glossvibe.bvi#Sg.67.15.2,in,in,ADP,2,http://gams.uni-graz.at/o:glossvibe.bvi#Sg.67.15.2,in,in,ADP,True,True,True,1.0
Sg.67.15,http://gams.uni-graz.at/o:glossvibe.bvi#Sg.67.15.3,quo,qui,PRON,3,http://gams.uni-graz.at/o:glossvibe.bvi#Sg.67.15.3,quo,qui,PRON,True,True,True,1.0
Sg.67.15,http://gams.uni-graz.at/o:glossvibe.bvi#Sg.67.15.4,capita,capitum,NOUN,4,http://gams.uni-graz.at/o:glossvibe.bvi#Sg.67.15.4,capita,capita,NOUN,True,True,False,0.7692307692307693
Sg.67.15,http://gams.uni-graz.at/o:glossvibe.bvi#Sg.67.15.5,deorum,deus,PROPN,5,http://gams.uni-graz.at/o:glossvibe.bvi#Sg.67.15.5,deorum,deus,NOUN,True,False,True,1.0
Sg.67.15,http://gams.uni-graz.at/o:glossvibe.bvi#Sg.67.15.6,incelatura,incaelatus,ADJ,6,http://gams.uni-graz.at/o:glossvibe.bvi#Sg.67.15.6,incelatura,incilo,VERB,True,False,False,0.5
Sg.67.15,http://gams.uni-graz.at/o:glossvibe.bvi#Sg.67.15.7,fiebant,facio,VERB,7,http://gams.uni-graz.at/o:glossvibe.bvi#Sg.67.15.7,fiebant,fio,VERB,True,True,False,0.75
Ang.54abis27a,http://gams.uni-graz.at/o:glossvibe.bvi#Ang.54abis27a.0,idest,idest,nan,0,http://gams.uni-graz.at/o:glossvibe.bvi#Ang.54abis27a.0,idest,idest,CCONJ,True,False,True,1.0
Ang.54abis27a,http://gams.uni-graz.at/o:glossvibe.bvi#Ang.54abis27a.1,maiori,magnus,ADJ,1,http://gams.uni-graz.at/o:glossvibe.bvi#Ang.54abis27a.1,maiori,magnus,ADJ,True,True,True,1.0
Ang.54abis27a,http://gams.uni-graz.at/o:glossvibe.bvi#Ang.54abis27a.2,pontifici,pontifex,NOUN,2,http://gams.uni-graz.at/o:glossvibe.bvi#Ang.54abis27a.2,pontifici,pontificus,NOUN,True,True,False,0.6666666666666666
BCr.30b01,http://gams.uni-graz.at/o:glossvibe.bvi#BCr.30b01.0,idest,idest,nan,0,http://gams.uni-graz.at/o:glossvibe.bvi#BCr.30b01.0,idest,idest,CCONJ,True,False,True,1.0
BCr.30b01,http://gams.uni-graz.at/o:glossvibe.bvi#BCr.30b01.01,regi,rex,NOUN,1,http://gams.uni-graz.at/o:glossvibe.bvi#BCr.30b01.1,regi,rex,NOUN,True,True,True,1.0
BCr.30b01,http://gams.uni-graz.at/o:glossvibe.bvi#BCr.30b01.02,colenti,colo,VERB,2,http://gams.uni-graz.at/o:glossvibe.bvi#BCr.30b01.2,colenti,colo,VERB,True,True,True,1.0
BCr.30b01,http://gams.uni-graz.at/o:glossvibe.bvi#BCr.30b01.03,sacrificia,sacrificium,NOUN,3,http://gams.uni-graz.at/o:glossvibe.bvi#BCr.30b01.3,sacrificia,sacrificium,NOUN,True,True,True,1.0
BCr.30b01,http://gams.uni-graz.at/o:glossvibe.bvi#BCr.30b01.04,hoc,hic,DET,4,http://gams.uni-graz.at/o:glossvibe.bvi#BCr.30b01.4,hoc,hic,DET,True,True,True,1.0
BCr.30b01,http://gams.uni-graz.at/o:glossvibe.bvi#BCr.30b01.05,est,sum,VERB,5,http://gams.uni-graz.at/o:glossvibe.bvi#BCr.30b01.5,est,sum,AUX,True,False,True,1.0
BCr.30b01,http://gams.uni-graz.at/o:glossvibe.bvi#BCr.30b01.06,regi,rex,NOUN,6,http://gams.uni-graz.at/o:glossvibe.bvi#BCr.30b01.6,regi,rex,NOUN,True,True,True,1.0
BCr.30b01,http://gams.uni-graz.at/o:glossvibe.bvi#BCr.30b01.07,qui,qui,PRON,7,http://gams.uni-graz.at/o:glossvibe.bvi#BCr.30b01.7,qui,qui,PRON,True,True,True,1.0
BCr.30b01,http://gams.uni-graz.at/o:glossvibe.bvi#BCr.30b01.08,sacrificiis,sacrificium,NOUN,8,http://gams.uni-graz.at/o:glossvibe.bvi#BCr.30b01.8,sacrificiis,sacrificium,NOUN,True,True,True,1.0
BCr.30b01,http://gams.uni-graz.at/o:glossvibe.bvi#BCr.30b01.09,perfiebat,nan,nan,9,http://gams.uni-graz.at/o:glossvibe.bvi#BCr.30b01.9,perfiebat,perfio,VERB,True,False,False,0.0
BCr.30b01,http://gams.uni-graz.at/o:glossvibe.bvi#BCr.30b01.10,uel,uel,CCONJ,10,http://gams.uni-graz.at/o:glossvibe.bvi#BCr.30b01.10,uel,uel,CCONJ,True,True,True,1.0
BCr.30b01,http://gams.uni-graz.at/o:glossvibe.bvi#BCr.30b01.11,pontifici,pontifex,NOUN,11,http://gams.uni-graz.at/o:glossvibe.bvi#BCr.30b01.11,pontifici,pontificus,NOUN,True,True,False,0.6666666666666666
BCr.30b01,http://gams.uni-graz.at/o:glossvibe.bvi#BCr.30b01.12,maiori,magnus,ADJ,12,http://gams.uni-graz.at/o:glossvibe.bvi#BCr.30b01.12,maiori,magnus,ADJ,True,True,True,1.0
Sg.67.13b,http://gams.uni-graz.at/o:glossvibe.bvi#Sg.67.13b.0,idest,idest,nan,0,http://gams.uni-graz.at/o:glossvibe.bvi#Sg.67.13b.0,idest,idest,CCONJ,True,False,True,1.0
Sg.67.13b,http://gams.uni-graz.at/o:glossvibe.bvi#Sg.67.13b.1,regi,rex,NOUN,1,http://gams.uni-graz.at/o:glossvibe.bvi#Sg.67.13b.1,regi,rex,NOUN,True,True,True,1.0
Sg.67.13b,http://gams.uni-graz.at/o:glossvibe.bvi#Sg.67.13b.2,colenti,colo,VERB,2,http://gams.uni-graz.at/o:glossvibe.bvi#Sg.67.13b.2,colenti,colo,VERB,True,True,True,1.0
Sg.67.13b,http://gams.uni-graz.at/o:glossvibe.bvi#Sg.67.13b.3,sacrificia,sacrificium,NOUN,3,http://gams.uni-graz.at/o:glossvibe.bvi#Sg.67.13b.3,sacrificia,sacrificium,NOUN,True,True,True,1.0
Sg.67.13b,http://gams.uni-graz.at/o:glossvibe.bvi#Sg.67.13b.4a,hoc,hic,DET,4,http://gams.uni-graz.at/o:glossvibe.bvi#Sg.67.13b.4,hoc,hic,DET,True,True,True,1.0
Sg.67.13b,http://gams.uni-graz.at/o:glossvibe.bvi#Sg.67.13b.4b,em,nan,nan,5,http://gams.uni-graz.at/o:glossvibe.bvi#Sg.67.13b.5,em,eo,VERB,True,False,False,0.0
Sg.67.13b,http://gams.uni-graz.at/o:glossvibe.bvi#Sg.67.13b.5,qui,qui,PRON,6,http://gams.uni-graz.at/o:glossvibe.bvi#Sg.67.13b.6,qui,qui,PRON,True,True,True,1.0
Sg.67.13b,http://gams.uni-graz.at/o:glossvibe.bvi#Sg.67.13b.6,sacrifitas,sacrificus,NOUN,7,http://gams.uni-graz.at/o:glossvibe.bvi#Sg.67.13b.7,sacrifitas,sacrifitas,NOUN,True,True,False,0.8
Sg.67.13b,http://gams.uni-graz.at/o:glossvibe.bvi#Sg.67.13b.7,prefiebat,nan,nan,8,http://gams.uni-graz.at/o:glossvibe.bvi#Sg.67.13b.8,prefiebat,prefio,VERB,True,False,False,0.0
Sg.67.13b,http://gams.uni-graz.at/o:glossvibe.bvi#Sg.67.13b.8,uel,uel,CCONJ,9,http://gams.uni-graz.at/o:glossvibe.bvi#Sg.67.13b.9,uel,uel,CCONJ,True,True,True,1.0
Sg.67.13b,http://gams.uni-graz.at/o:glossvibe.bvi#Sg.67.13b.9a,pontifici,pontifex,NOUN,10,http://gams.uni-graz.at/o:glossvibe.bvi#Sg.67.13b.10,pontifici,pontificus,NOUN,True,True,False,0.6666666666666666
Sg.67.13b,http://gams.uni-graz.at/o:glossvibe.bvi#Sg.67.13b.9b,maiori,magnus,ADJ,11,http://gams.uni-graz.at/o:glossvibe.bvi#Sg.67.13b.11,maiori,magnus,ADJ,True,True,True,1.0
Ang.54abis29a,http://gams.uni-graz.at/o:glossvibe.bvi#Ang.54abis29a.0,quia,quia,SCONJ,0,http://gams.uni-graz.at/o:glossvibe.bvi#Ang.54abis29a.0,quia,quia,SCONJ,True,True,True,1.0
Ang.54abis29a,http://gams.uni-graz.at/o:glossvibe.bvi#Ang.54abis29a.1,in,in,ADP,1,http://gams.uni-graz.at/o:glossvibe.bvi#Ang.54abis29a.1,in,in,ADP,True,True,True,1.0
Ang.54abis29a,http://gams.uni-graz.at/o:glossvibe.bvi#Ang.54abis29a.2,ea,is,PRON,2,http://gams.uni-graz.at/o:glossvibe.bvi#Ang.54abis29a.2,ea,is,PRON,True,True,True,1.0
Ang.54abis29a,http://gams.uni-graz.at/o:glossvibe.bvi#Ang.54abis29a.3,uocabatur,uoco,VERB,3,http://gams.uni-graz.at/o:glossvibe.bvi#Ang.54abis29a.3,uocabatur,uoco,VERB,True,True,True,1.0
Ang.54abis29a,http://gams.uni-graz.at/o:glossvibe.bvi#Ang.54abis29a.4,plebs,plebs,NOUN,4,http://gams.uni-graz.at/o:glossvibe.bvi#Ang.54abis29a.4,plebs,plebs,NOUN,True,True,True,1.0
BVi.03a39,http://gams.uni-graz.at/o:glossvibe.bvi#BVi.03a39.0,idest,idest,nan,0,http://gams.uni-graz.at/o:glossvibe.bvi#BVi.03a39.0,idest,idest,CCONJ,True,False,True,1.0
BVi.03a39,http://gams.uni-graz.at/o:glossvibe.bvi#BVi.03a39.1,plebum,plebs,NOUN,1,http://gams.uni-graz.at/o:glossvibe.bvi#BVi.03a39.1,plebum,plebus,NOUN,True,True,False,0.9090909090909091
BVi.03a39,http://gams.uni-graz.at/o:glossvibe.bvi#BVi.03a39.2,loci,locus,NOUN,2,http://gams.uni-graz.at/o:glossvibe.bvi#BVi.03a39.2,loci,locus,NOUN,True,True,True,1.0
Ang.54bbis17c,http://gams.uni-graz.at/o:glossvibe.bvi#Ang.54bbis17c.0,reuententis,reuertor,VERB,0,http://gams.uni-graz.at/o:glossvibe.bvi#Ang.54bbis17c.0,reuententis,reuentor,VERB,True,True,False,0.875
Ang.54bbis17c,http://gams.uni-graz.at/o:glossvibe.bvi#Ang.54bbis17c.1,in,in,ADP,1,http://gams.uni-graz.at/o:glossvibe.bvi#Ang.54bbis17c.1,in,in,ADP,True,True,True,1.0
Ang.54bbis17c,http://gams.uni-graz.at/o:glossvibe.bvi#Ang.54bbis17c.2,suum,suus,DET,2,http://gams.uni-graz.at/o:glossvibe.bvi#Ang.54bbis17c.2,suum,suus,DET,True,True,True,1.0
Ang.54bbis17c,http://gams.uni-graz.at/o:glossvibe.bvi#Ang.54bbis17c.3,locum,locus,NOUN,3,http://gams.uni-graz.at/o:glossvibe.bvi#Ang.54bbis17c.3,locum,locus,NOUN,True,True,True,1.0
Ang.54bbis17c,http://gams.uni-graz.at/o:glossvibe.bvi#Ang.54bbis17c.4,primum,primus 1,ADJ,4,http://gams.uni-graz.at/o:glossvibe.bvi#Ang.54bbis17c.4,primum,primus,ADJ,True,True,False,0.8571428571428571
BVi.03b27,http://gams.uni-graz.at/o:glossvibe.bvi#BVi.03b27.0,reuertentis,reuertor,VERB,0,http://gams.uni-graz.at/o:glossvibe.bvi#BVi.03b27.0,reuertentis,reuertor,VERB,True,True,True,1.0
BVi.03b27,http://gams.uni-graz.at/o:glossvibe.bvi#BVi.03b27.1,in,in,ADP,1,http://gams.uni-graz.at/o:glossvibe.bvi#BVi.03b27.1,in,in,ADP,True,True,True,1.0
BVi.03b27,http://gams.uni-graz.at/o:glossvibe.bvi#BVi.03b27.2,suum,suus,DET,2,http://gams.uni-graz.at/o:glossvibe.bvi#BVi.03b27.2,suum,suus,DET,True,True,True,1.0
BVi.03b27,http://gams.uni-graz.at/o:glossvibe.bvi#BVi.03b27.3,locum,locus,NOUN,3,http://gams.uni-graz.at/o:glossvibe.bvi#BVi.03b27.3,locum,locus,NOUN,True,True,True,1.0
Ang.54bbis20b,http://gams.uni-graz.at/o:glossvibe.bvi#Ang.54bbis20b.0,primus,primus 1,ADJ,0,http://gams.uni-graz.at/o:glossvibe.bvi#Ang.54bbis20b.0,primus,primus,ADJ,True,True,False,0.8571428571428571
Ang.54bbis20b,http://gams.uni-graz.at/o:glossvibe.bvi#Ang.54bbis20b.1,dies,dies,NOUN,1,http://gams.uni-graz.at/o:glossvibe.bvi#Ang.54bbis20b.1,dies,dies,NOUN,True,True,True,1.0
Ang.54bbis20b,http://gams.uni-graz.at/o:glossvibe.bvi#Ang.54bbis20b.2,primi,primus 1,ADJ,2,http://gams.uni-graz.at/o:glossvibe.bvi#Ang.54bbis20b.2,primi,primus,ADJ,True,True,False,0.8571428571428571
Ang.54bbis20b,http://gams.uni-graz.at/o:glossvibe.bvi#Ang.54bbis20b.3,mensis,mensis,NOUN,3,http://gams.uni-graz.at/o:glossvibe.bvi#Ang.54bbis20b.3,mensis,mensis,NOUN,True,True,True,1.0
Ang.54bbis20b,http://gams.uni-graz.at/o:glossvibe.bvi#Ang.54bbis20b.4,et,et,CCONJ,4,http://gams.uni-graz.at/o:glossvibe.bvi#Ang.54bbis20b.4,et,et,CCONJ,True,True,True,1.0
Ang.54bbis20b,http://gams.uni-graz.at/o:glossvibe.bvi#Ang.54bbis20b.5,secundus,secundus,ADJ,5,http://gams.uni-graz.at/o:glossvibe.bvi#Ang.54bbis20b.5,secundus,secundus,ADJ,True,True,True,1.0
Ang.54bbis20b,http://gams.uni-graz.at/o:glossvibe.bvi#Ang.54bbis20b.6,reliqua,reliquus,DET,6,http://gams.uni-graz.at/o:glossvibe.bvi#Ang.54bbis20b.6,reliqua,reliquus,ADJ,True,False,True,1.0
BCr.30b36,http://gams.uni-graz.at/o:glossvibe.bvi#BCr.30b36.0,idest,idest,nan,0,http://gams.uni-graz.at/o:glossvibe.bvi#BCr.30b36.0,idest,idest,CCONJ,True,False,True,1.0
BCr.30b36,http://gams.uni-graz.at/o:glossvibe.bvi#BCr.30b36.01,sic,sic,ADV,1,http://gams.uni-graz.at/o:glossvibe.bvi#BCr.30b36.1,sic,sic,ADV,True,True,True,1.0
BCr.30b36,http://gams.uni-graz.at/o:glossvibe.bvi#BCr.30b36.02,numerant,numero,VERB,2,http://gams.uni-graz.at/o:glossvibe.bvi#BCr.30b36.2,numerant,numero,VERB,True,True,True,1.0
BCr.30b36,http://gams.uni-graz.at/o:glossvibe.bvi#BCr.30b36.03,primus,primus 1,ADJ,3,http://gams.uni-graz.at/o:glossvibe.bvi#BCr.30b36.3,primus,primus,ADJ,True,True,False,0.8571428571428571
BCr.30b36,http://gams.uni-graz.at/o:glossvibe.bvi#BCr.30b36.04,dies,dies,NOUN,4,http://gams.uni-graz.at/o:glossvibe.bvi#BCr.30b36.4,dies,dies,NOUN,True,True,True,1.0
BCr.30b36,http://gams.uni-graz.at/o:glossvibe.bvi#BCr.30b36.05,primi,primus 1,ADJ,5,http://gams.uni-graz.at/o:glossvibe.bvi#BCr.30b36.5,primi,primus,ADJ,True,True,False,0.8571428571428571
BCr.30b36,http://gams.uni-graz.at/o:glossvibe.bvi#BCr.30b36.06,mensis,mensis,NOUN,6,http://gams.uni-graz.at/o:glossvibe.bvi#BCr.30b36.6,mensis,mensis,NOUN,True,True,True,1.0
BCr.30b36,http://gams.uni-graz.at/o:glossvibe.bvi#BCr.30b36.07,secundus,secundus,ADJ,7,http://gams.uni-graz.at/o:glossvibe.bvi#BCr.30b36.7,secundus,secundus,ADJ,True,True,True,1.0
BCr.30b36,http://gams.uni-graz.at/o:glossvibe.bvi#BCr.30b36.08,dies,dies,NOUN,8,http://gams.uni-graz.at/o:glossvibe.bvi#BCr.30b36.8,dies,dies,NOUN,True,True,True,1.0
BCr.30b36,http://gams.uni-graz.at/o:glossvibe.bvi#BCr.30b36.09,secundi,secundus,ADJ,9,http://gams.uni-graz.at/o:glossvibe.bvi#BCr.30b36.9,secundi,secundus,ADJ,True,True,True,1.0
BCr.30b36,http://gams.uni-graz.at/o:glossvibe.bvi#BCr.30b36.10,mensis,mensis,NOUN,10,http://gams.uni-graz.at/o:glossvibe.bvi#BCr.30b36.10,mensis,mensis,NOUN,True,True,True,1.0
BCr.30b36,http://gams.uni-graz.at/o:glossvibe.bvi#BCr.30b36.11,reliqua,reliquus,DET,11,http://gams.uni-graz.at/o:glossvibe.bvi#BCr.30b36.11,reliqua,reliquus,ADJ,True,False,True,1.0
BVi.03b31,http://gams.uni-graz.at/o:glossvibe.bvi#BVi.03b31.0,idest,idest,nan,0,http://gams.uni-graz.at/o:glossvibe.bvi#BVi.03b31.0,idest,idest,CCONJ,True,False,True,1.0
BVi.03b31,http://gams.uni-graz.at/o:glossvibe.bvi#BVi.03b31.1,primus,primus 1,ADJ,1,http://gams.uni-graz.at/o:glossvibe.bvi#BVi.03b31.1,primus,primus,ADJ,True,True,False,0.8571428571428571
BVi.03b31,http://gams.uni-graz.at/o:glossvibe.bvi#BVi.03b31.2,dies,dies,NOUN,2,http://gams.uni-graz.at/o:glossvibe.bvi#BVi.03b31.2,dies,dies,NOUN,True,True,True,1.0
BVi.03b31,http://gams.uni-graz.at/o:glossvibe.bvi#BVi.03b31.3,primi,primus 1,ADJ,3,http://gams.uni-graz.at/o:glossvibe.bvi#BVi.03b31.3,primi,primus,ADJ,True,True,False,0.8571428571428571
BVi.03b31,http://gams.uni-graz.at/o:glossvibe.bvi#BVi.03b31.4,secundus,secundus,ADJ,4,http://gams.uni-graz.at/o:glossvibe.bvi#BVi.03b31.4,secundus,secundus,ADJ,True,True,True,1.0
BVi.03b31,http://gams.uni-graz.at/o:glossvibe.bvi#BVi.03b31.5,dies,dies,NOUN,5,http://gams.uni-graz.at/o:glossvibe.bvi#BVi.03b31.5,dies,dies,NOUN,True,True,True,1.0
BVi.03b31,http://gams.uni-graz.at/o:glossvibe.bvi#BVi.03b31.6,secundi,secundus,ADJ,6,http://gams.uni-graz.at/o:glossvibe.bvi#BVi.03b31.6,secundi,secundus,ADJ,True,True,True,1.0
Sg.68.06a,http://gams.uni-graz.at/o:glossvibe.bvi#Sg.68.06a.0,sic,sic,ADV,0,http://gams.uni-graz.at/o:glossvibe.bvi#Sg.68.06a.0,sic,sic,ADV,True,True,True,1.0
Sg.68.06a,http://gams.uni-graz.at/o:glossvibe.bvi#Sg.68.06a.1,numerant,numero,VERB,1,http://gams.uni-graz.at/o:glossvibe.bvi#Sg.68.06a.1,numerant,numero,VERB,True,True,True,1.0
Sg.68.06a,http://gams.uni-graz.at/o:glossvibe.bvi#Sg.68.06a.2,primus,primus 1,ADJ,2,http://gams.uni-graz.at/o:glossvibe.bvi#Sg.68.06a.2,primus,primus,ADJ,True,True,False,0.8571428571428571
Sg.68.06a,http://gams.uni-graz.at/o:glossvibe.bvi#Sg.68.06a.3,dies,dies,NOUN,3,http://gams.uni-graz.at/o:glossvibe.bvi#Sg.68.06a.3,dies,dies,NOUN,True,True,True,1.0
Sg.68.06a,http://gams.uni-graz.at/o:glossvibe.bvi#Sg.68.06a.4,primi,primus 1,ADJ,4,http://gams.uni-graz.at/o:glossvibe.bvi#Sg.68.06a.4,primi,primus,ADJ,True,True,False,0.8571428571428571
Sg.68.06a,http://gams.uni-graz.at/o:glossvibe.bvi#Sg.68.06a.5,mensis,mensis,NOUN,5,http://gams.uni-graz.at/o:glossvibe.bvi#Sg.68.06a.5,mensis,mensis,NOUN,True,True,True,1.0
Sg.68.06a,http://gams.uni-graz.at/o:glossvibe.bvi#Sg.68.06a.6,secundi,secundus,ADJ,6,http://gams.uni-graz.at/o:glossvibe.bvi#Sg.68.06a.6,secundi,secundus,ADJ,True,True,True,1.0
Sg.68.06a,http://gams.uni-graz.at/o:glossvibe.bvi#Sg.68.06a.7,dies,dies,NOUN,7,http://gams.uni-graz.at/o:glossvibe.bvi#Sg.68.06a.7,dies,dies,NOUN,True,True,True,1.0
Sg.68.06a,http://gams.uni-graz.at/o:glossvibe.bvi#Sg.68.06a.8,secundi,secundus,ADJ,8,http://gams.uni-graz.at/o:glossvibe.bvi#Sg.68.06a.8,secundi,secundus,ADJ,True,True,True,1.0
Sg.68.06a,http://gams.uni-graz.at/o:glossvibe.bvi#Sg.68.06a.9,mensis,mensis,NOUN,9,http://gams.uni-graz.at/o:glossvibe.bvi#Sg.68.06a.9,mensis,mensis,NOUN,True,True,True,1.0
BVi.03b23,http://gams.uni-graz.at/o:glossvibe.bvi#BVi.03b23.0,primus,primus 1,ADJ,0,http://gams.uni-graz.at/o:glossvibe.bvi#BVi.03b23.0,primus,primus,ADJ,True,True,False,0.8571428571428571
BVi.03b23,http://gams.uni-graz.at/o:glossvibe.bvi#BVi.03b23.1,dies,dies,NOUN,1,http://gams.uni-graz.at/o:glossvibe.bvi#BVi.03b23.1,dies,dies,NOUN,True,True,True,1.0
BVi.03b23,http://gams.uni-graz.at/o:glossvibe.bvi#BVi.03b23.2,primi,primus 1,ADJ,2,http://gams.uni-graz.at/o:glossvibe.bvi#BVi.03b23.2,primi,primus,ADJ,True,True,False,0.8571428571428571
BVi.03b23,http://gams.uni-graz.at/o:glossvibe.bvi#BVi.03b23.4,mensis,mensis,NOUN,3,http://gams.uni-graz.at/o:glossvibe.bvi#BVi.03b23.3,mensis,mensis,NOUN,True,True,True,1.0
BVi.03b35a,http://gams.uni-graz.at/o:glossvibe.bvi#BVi.03b35a.1,sed,sed,CCONJ,0,http://gams.uni-graz.at/o:glossvibe.bvi#BVi.03b35a.0,sed,sed,CCONJ,True,True,True,1.0
BCr.30c01,http://gams.uni-graz.at/o:glossvibe.bvi#BCr.30c01.0,apostolorum,apostolus,NOUN,0,http://gams.uni-graz.at/o:glossvibe.bvi#BCr.30c01.0,apostolorum,apostolus,NOUN,True,True,True,1.0
BVi.03b37b,http://gams.uni-graz.at/o:glossvibe.bvi#BVi.03b37b.0,epistula,epistula,NOUN,0,http://gams.uni-graz.at/o:glossvibe.bvi#BVi.03b37b.0,epistula,epistula,NOUN,True,True,True,1.0
BVi.03b37b,http://gams.uni-graz.at/o:glossvibe.bvi#BVi.03b37b.1,apostolorum,apostolus,NOUN,1,http://gams.uni-graz.at/o:glossvibe.bvi#BVi.03b37b.1,apostolorum,apostolus,NOUN,True,True,True,1.0
Ang.54bbis28c,http://gams.uni-graz.at/o:glossvibe.bvi#Ang.54bbis28c.0,die,dies,NOUN,0,http://gams.uni-graz.at/o:glossvibe.bvi#Ang.54bbis28c.0,die,dies,NOUN,True,True,True,1.0
BVi.03b39a,http://gams.uni-graz.at/o:glossvibe.bvi#BVi.03b39a.0,idest,idest,nan,0,http://gams.uni-graz.at/o:glossvibe.bvi#BVi.03b39a.0,idest,idest,CCONJ,True,False,True,1.0
BVi.03b39a,http://gams.uni-graz.at/o:glossvibe.bvi#BVi.03b39a.1,die,dies,NOUN,1,http://gams.uni-graz.at/o:glossvibe.bvi#BVi.03b39a.1,die,dies,NOUN,True,True,True,1.0
Ang.54bbis31b,http://gams.uni-graz.at/o:glossvibe.bvi#Ang.54bbis31b.0,idest,idest,nan,0,http://gams.uni-graz.at/o:glossvibe.bvi#Ang.54bbis31b.0,idest,idest,CCONJ,True,False,True,1.0
Ang.54bbis31b,http://gams.uni-graz.at/o:glossvibe.bvi#Ang.54bbis31b.1,adiuuatur,adiuuo,VERB,1,http://gams.uni-graz.at/o:glossvibe.bvi#Ang.54bbis31b.1,adiuuatur,adiuuo,VERB,True,True,True,1.0
BCr.30c07,http://gams.uni-graz.at/o:glossvibe.bvi#BCr.30c07.0,adiunguitur,adiungo,VERB,0,http://gams.uni-graz.at/o:glossvibe.bvi#BCr.30c07.0,adiunguitur,adiungo,VERB,True,True,True,1.0
BVi.03b43a,http://gams.uni-graz.at/o:glossvibe.bvi#BVi.03b43a.0,adiuuatur,adiuuo,VERB,0,http://gams.uni-graz.at/o:glossvibe.bvi#BVi.03b43a.0,adiuuatur,adiuuo,VERB,True,True,True,1.0
Sg.68.22,http://gams.uni-graz.at/o:glossvibe.bvi#Sg.68.22.0,idest,idest,nan,0,http://gams.uni-graz.at/o:glossvibe.bvi#Sg.68.22.0,idest,idest,CCONJ,True,False,True,1.0
Sg.68.22,http://gams.uni-graz.at/o:glossvibe.bvi#Sg.68.22.1,adiuuat,adiuuo,VERB,1,http://gams.uni-graz.at/o:glossvibe.bvi#Sg.68.22.1,adiuuat,adiuuo,VERB,True,True,True,1.0
BVi.03b43b,http://gams.uni-graz.at/o:glossvibe.bvi#BVi.03b43b.0,idest,idest,nan,0,http://gams.uni-graz.at/o:glossvibe.bvi#BVi.03b43b.0,idest,idest,CCONJ,True,False,True,1.0
BVi.03b43b,http://gams.uni-graz.at/o:glossvibe.bvi#BVi.03b43b.1,est,sum,VERB,1,http://gams.uni-graz.at/o:glossvibe.bvi#BVi.03b43b.1,est,sum,AUX,True,False,True,1.0
Ang.54bbis37a,http://gams.uni-graz.at/o:glossvibe.bvi#Ang.54bbis37a.0,idest,idest,nan,0,http://gams.uni-graz.at/o:glossvibe.bvi#Ang.54bbis37a.0,idest,idest,CCONJ,True,False,True,1.0
Ang.54bbis37a,http://gams.uni-graz.at/o:glossvibe.bvi#Ang.54bbis37a.1,distios,distios,PROPN,1,http://gams.uni-graz.at/o:glossvibe.bvi#Ang.54bbis37a.1,distios,distius,NOUN,True,False,False,0.8571428571428571
Ang.54bbis37a,http://gams.uni-graz.at/o:glossvibe.bvi#Ang.54bbis37a.2,et,et,CCONJ,2,http://gams.uni-graz.at/o:glossvibe.bvi#Ang.54bbis37a.2,et,et,CCONJ,True,True,True,1.0
Ang.54bbis37a,http://gams.uni-graz.at/o:glossvibe.bvi#Ang.54bbis37a.3,martiis,martius,PROPN,3,http://gams.uni-graz.at/o:glossvibe.bvi#Ang.54bbis37a.3,martiis,martia,NOUN,True,False,False,0.7692307692307693
BVi.03c05,http://gams.uni-graz.at/o:glossvibe.bvi#BVi.03c05.0,distios,distios,PROPN,0,http://gams.uni-graz.at/o:glossvibe.bvi#BVi.03c05.0,distios,distius,NOUN,True,False,False,0.8571428571428571
BVi.03c05,http://gams.uni-graz.at/o:glossvibe.bvi#BVi.03c05.1,et,et,CCONJ,1,http://gams.uni-graz.at/o:glossvibe.bvi#BVi.03c05.1,et,et,CCONJ,True,True,True,1.0
BVi.03c05,http://gams.uni-graz.at/o:glossvibe.bvi#BVi.03c05.2,martius,martius,PROPN,2,http://gams.uni-graz.at/o:glossvibe.bvi#BVi.03c05.2,martius,martus,ADJ,True,False,False,0.9230769230769231
BVi.03c31.38,http://gams.uni-graz.at/o:glossvibe.bvi#BVi.03c31.38.08,et,et,CCONJ,0,http://gams.uni-graz.at/o:glossvibe.bvi#BVi.03c31.38.0,et,et,CCONJ,True,True,True,1.0
BVi.03c31.38,http://gams.uni-graz.at/o:glossvibe.bvi#BVi.03c31.38.09,iunius,iunius,NOUN,1,http://gams.uni-graz.at/o:glossvibe.bvi#BVi.03c31.38.1,iunius,iunius,PROPN,True,False,True,1.0
BVi.03c31.38,http://gams.uni-graz.at/o:glossvibe.bvi#BVi.03c31.38.10,et,et,CCONJ,2,http://gams.uni-graz.at/o:glossvibe.bvi#BVi.03c31.38.2,et,et,CCONJ,True,True,True,1.0
BVi.03c31.38,http://gams.uni-graz.at/o:glossvibe.bvi#BVi.03c31.38.11,iulius,iulius,NOUN,3,http://gams.uni-graz.at/o:glossvibe.bvi#BVi.03c31.38.3,iulius,iulius,ADJ,True,False,True,1.0
BVi.03d18a,http://gams.uni-graz.at/o:glossvibe.bvi#BVi.03d18a.0,agimus,ago,VERB,0,http://gams.uni-graz.at/o:glossvibe.bvi#BVi.03d18a.0,agimus,ago,VERB,True,True,True,1.0
Ang.55b06b,http://gams.uni-graz.at/o:glossvibe.bvi#Ang.55b06b.0,ago,ago,VERB,0,http://gams.uni-graz.at/o:glossvibe.bvi#Ang.55b06b.0,ago,ago,VERB,True,True,True,1.0
BVi.03d18b,http://gams.uni-graz.at/o:glossvibe.bvi#BVi.03d18b.0,ago,ago,VERB,0,http://gams.uni-graz.at/o:glossvibe.bvi#BVi.03d18b.0,ago,ago,VERB,True,True,True,1.0
Ang.55b21b,http://gams.uni-graz.at/o:glossvibe.bvi#Ang.55b21b.0,idest,idest,nan,0,http://gams.uni-graz.at/o:glossvibe.bvi#Ang.55b21b.0,idest,idest,CCONJ,True,False,True,1.0
Ang.55b21b,http://gams.uni-graz.at/o:glossvibe.bvi#Ang.55b21b.1,sagitarius,sagittarius,NOUN,1,http://gams.uni-graz.at/o:glossvibe.bvi#Ang.55b21b.1,sagitarius,sagitarius,ADJ,True,False,False,0.9523809523809523
BCr.30d51,http://gams.uni-graz.at/o:glossvibe.bvi#BCr.30d51.0,sagitarius,sagittarius,NOUN,0,http://gams.uni-graz.at/o:glossvibe.bvi#BCr.30d51.0,sagitarius,sagitarius,ADJ,True,False,False,0.9523809523809523
BVi.03d34,http://gams.uni-graz.at/o:glossvibe.bvi#BVi.03d34.0,sagittarius,sagittarius,NOUN,0,http://gams.uni-graz.at/o:glossvibe.bvi#BVi.03d34.0,sagittarius,sagittarius,ADJ,True,False,True,1.0
BVi.04a10,http://gams.uni-graz.at/o:glossvibe.bvi#BVi.04a10.0,·l·,(roman numerals),NUM,0,http://gams.uni-graz.at/o:glossvibe.bvi#BVi.04a10.0,·l·,·o,VERB,True,False,False,0.1111111111111111
BVi.04a10,http://gams.uni-graz.at/o:glossvibe.bvi#BVi.04a10.1,satius,satius,NOUN,1,http://gams.uni-graz.at/o:glossvibe.bvi#BVi.04a10.1,satius,satus,ADJ,True,False,False,0.9090909090909091
BVi.04a05.40,http://gams.uni-graz.at/o:glossvibe.bvi#BVi.04a05.40.12,in,i,ADP,0,http://gams.uni-graz.at/o:glossvibe.bvi#BVi.04a05.40.0,in,in,ADP,True,True,False,0.6666666666666666
BVi.04a05.40,http://gams.uni-graz.at/o:glossvibe.bvi#BVi.04a05.40.13,tris,tres 2,ADJ,1,http://gams.uni-graz.at/o:glossvibe.bvi#BVi.04a05.40.1,tris,tris,NUM,True,False,False,0.6
BVi.04a05.40,http://gams.uni-graz.at/o:glossvibe.bvi#BVi.04a05.40.17,kalenda,kalenda,NOUN,2,http://gams.uni-graz.at/o:glossvibe.bvi#BVi.04a05.40.2,kalenda,kalio,VERB,True,False,False,0.5
BVi.04a05.40,http://gams.uni-graz.at/o:glossvibe.bvi#BVi.04a05.40.22,ordo,ordo,NOUN,3,http://gams.uni-graz.at/o:glossvibe.bvi#BVi.04a05.40.3,ordo,ordo,NOUN,True,True,True,1.0
Ang.57b16e,http://gams.uni-graz.at/o:glossvibe.bvi#Ang.57b16e.2,cum,cum,ADP,0,http://gams.uni-graz.at/o:glossvibe.bvi#Ang.57b16e.0,cum,cum,SCONJ,True,False,True,1.0
Ang.57b16e,http://gams.uni-graz.at/o:glossvibe.bvi#Ang.57b16e.3,unam,unus,NUM,1,http://gams.uni-graz.at/o:glossvibe.bvi#Ang.57b16e.1,unam,unus,DET,True,False,True,1.0
Ang.57b16e,http://gams.uni-graz.at/o:glossvibe.bvi#Ang.57b16e.4,literam,litera,NOUN,2,http://gams.uni-graz.at/o:glossvibe.bvi#Ang.57b16e.2,literam,litera,NOUN,True,True,True,1.0
Ang.58a11b,http://gams.uni-graz.at/o:glossvibe.bvi#Ang.58a11b.0,super,super,ADP,0,http://gams.uni-graz.at/o:glossvibe.bvi#Ang.58a11b.0,super,super,ADP,True,True,True,1.0
Ang.57b26d,http://gams.uni-graz.at/o:glossvibe.bvi#Ang.57b26d.0,in,in,ADP,0,http://gams.uni-graz.at/o:glossvibe.bvi#Ang.57b26d.0,in,in,ADP,True,True,True,1.0
Ang.57b26d,http://gams.uni-graz.at/o:glossvibe.bvi#Ang.57b26d.1,quo,qui,PRON,1,http://gams.uni-graz.at/o:glossvibe.bvi#Ang.57b26d.1,quo,qui,PRON,True,True,True,1.0
Ang.57b26d,http://gams.uni-graz.at/o:glossvibe.bvi#Ang.57b26d.2,es,sum,VERB,2,http://gams.uni-graz.at/o:glossvibe.bvi#Ang.57b26d.2,es,sum,AUX,True,False,True,1.0
BCr.32a54,http://gams.uni-graz.at/o:glossvibe.bvi#BCr.32a54.0,idest,idest,nan,0,http://gams.uni-graz.at/o:glossvibe.bvi#BCr.32a54.0,idest,idest,CCONJ,True,False,True,1.0
BCr.32a54,http://gams.uni-graz.at/o:glossvibe.bvi#BCr.32a54.2,kalendis,kalenda,NOUN,1,http://gams.uni-graz.at/o:glossvibe.bvi#BCr.32a54.1,kalendis,kalio,VERB,True,False,False,0.5
BCr.32a54,http://gams.uni-graz.at/o:glossvibe.bvi#BCr.32a54.3,aprilis,aprilis,ADJ,2,http://gams.uni-graz.at/o:glossvibe.bvi#BCr.32a54.2,aprilis,aprilis,NOUN,True,False,True,1.0
BVi.04b08.49,http://gams.uni-graz.at/o:glossvibe.bvi#BVi.04b08.49.03,idest,idest,nan,0,http://gams.uni-graz.at/o:glossvibe.bvi#BVi.04b08.49.0,idest,idest,CCONJ,True,False,True,1.0
BVi.04b08.49,http://gams.uni-graz.at/o:glossvibe.bvi#BVi.04b08.49.05,kalendae,kalenda,NOUN,1,http://gams.uni-graz.at/o:glossvibe.bvi#BVi.04b08.49.1,kalendae,kaleo,VERB,True,False,False,0.6666666666666666
BVi.04b08.49,http://gams.uni-graz.at/o:glossvibe.bvi#BVi.04b08.49.06,aprilis,nan,nan,2,http://gams.uni-graz.at/o:glossvibe.bvi#BVi.04b08.49.2,aprilis,aprilis,NOUN,True,False,False,0.2
BVi.04b08.49,http://gams.uni-graz.at/o:glossvibe.bvi#BVi.04b08.49.07,idest,idest,nan,3,http://gams.uni-graz.at/o:glossvibe.bvi#BVi.04b08.49.3,idest,idest,CCONJ,True,False,True,1.0
BVi.04b08.49,http://gams.uni-graz.at/o:glossvibe.bvi#BVi.04b08.49.08,anni,annus,NOUN,4,http://gams.uni-graz.at/o:glossvibe.bvi#BVi.04b08.49.4,anni,annus,NOUN,True,True,True,1.0
BCr.32a36b,http://gams.uni-graz.at/o:glossvibe.bvi#BCr.32a36b.0,idest,idest,nan,0,http://gams.uni-graz.at/o:glossvibe.bvi#BCr.32a36b.0,idest,idest,CCONJ,True,False,True,1.0
BCr.32a36b,http://gams.uni-graz.at/o:glossvibe.bvi#BCr.32a36b.1,crementum,crementus,NOUN,1,http://gams.uni-graz.at/o:glossvibe.bvi#BCr.32a36b.1,crementum,crementum,NOUN,True,True,False,0.8888888888888888
BVi.04a40.47,http://gams.uni-graz.at/o:glossvibe.bvi#BVi.04a40.47.0,crementus,crementus,NOUN,0,http://gams.uni-graz.at/o:glossvibe.bvi#BVi.04a40.47.0,crementus,crementus,NOUN,True,True,True,1.0
Ang.58a15a,http://gams.uni-graz.at/o:glossvibe.bvi#Ang.58a15a.0,regularis,regularis,ADJ,0,http://gams.uni-graz.at/o:glossvibe.bvi#Ang.58a15a.0,regularis,regularis,ADJ,True,True,True,1.0
Ang.58a15a,http://gams.uni-graz.at/o:glossvibe.bvi#Ang.58a15a.1,paginae,pagina,NOUN,1,http://gams.uni-graz.at/o:glossvibe.bvi#Ang.58a15a.1,paginae,pagina,NOUN,True,True,True,1.0
BCr.32b07,http://gams.uni-graz.at/o:glossvibe.bvi#BCr.32b07.0,idest,idest,nan,0,http://gams.uni-graz.at/o:glossvibe.bvi#BCr.32b07.0,idest,idest,CCONJ,True,False,True,1.0
BCr.32b07,http://gams.uni-graz.at/o:glossvibe.bvi#BCr.32b07.1,paginae,pagina,NOUN,1,http://gams.uni-graz.at/o:glossvibe.bvi#BCr.32b07.1,paginae,pagina,NOUN,True,True,True,1.0
BCr.32b07,http://gams.uni-graz.at/o:glossvibe.bvi#BCr.32b07.2,regularis,regularis,ADJ,2,http://gams.uni-graz.at/o:glossvibe.bvi#BCr.32b07.2,regularis,regularis,ADJ,True,True,True,1.0
BVi.04b16.53,http://gams.uni-graz.at/o:glossvibe.bvi#BVi.04b16.53.0,pagine,pagina,NOUN,0,http://gams.uni-graz.at/o:glossvibe.bvi#BVi.04b16.53.0,pagine,pago,NOUN,True,True,False,0.6
BVi.04b16.53,http://gams.uni-graz.at/o:glossvibe.bvi#BVi.04b16.53.1,regularis,regularis,ADJ,1,http://gams.uni-graz.at/o:glossvibe.bvi#BVi.04b16.53.1,regularis,regularis,ADJ,True,True,True,1.0
Sg.77.06,http://gams.uni-graz.at/o:glossvibe.bvi#Sg.77.06.0,idest,idest,nan,0,http://gams.uni-graz.at/o:glossvibe.bvi#Sg.77.06.0,idest,idest,CCONJ,True,False,True,1.0
Sg.77.06,http://gams.uni-graz.at/o:glossvibe.bvi#Sg.77.06.1,paginae,pagina,NOUN,1,http://gams.uni-graz.at/o:glossvibe.bvi#Sg.77.06.1,paginae,pagina,NOUN,True,True,True,1.0
Sg.77.06,http://gams.uni-graz.at/o:glossvibe.bvi#Sg.77.06.2,regularis,regularis,ADJ,2,http://gams.uni-graz.at/o:glossvibe.bvi#Sg.77.06.2,regularis,regularis,ADJ,True,True,True,1.0
Ang.58a22a,http://gams.uni-graz.at/o:glossvibe.bvi#Ang.58a22a.0,quia,quia,SCONJ,0,http://gams.uni-graz.at/o:glossvibe.bvi#Ang.58a22a.0,quia,quia,SCONJ,True,True,True,1.0
Ang.58a22a,http://gams.uni-graz.at/o:glossvibe.bvi#Ang.58a22a.1,non,imperium,NOUN,1,http://gams.uni-graz.at/o:glossvibe.bvi#Ang.58a22a.1,non,non,PART,True,False,False,0.0
Ang.58a22a,http://gams.uni-graz.at/o:glossvibe.bvi#Ang.58a22a.2,explorat,exploro,VERB,2,http://gams.uni-graz.at/o:glossvibe.bvi#Ang.58a22a.2,explorat,exploro,VERB,True,True,True,1.0
Ang.58a22a,http://gams.uni-graz.at/o:glossvibe.bvi#Ang.58a22a.3,argumentum,argumentum,NOUN,3,http://gams.uni-graz.at/o:glossvibe.bvi#Ang.58a22a.3,argumentum,argumentum,NOUN,True,True,True,1.0
Ang.58a22a,http://gams.uni-graz.at/o:glossvibe.bvi#Ang.58a22a.4,nisi,nisi,CCONJ,4,http://gams.uni-graz.at/o:glossvibe.bvi#Ang.58a22a.4,nisi,nisi,SCONJ,True,False,True,1.0
Ang.58a22a,http://gams.uni-graz.at/o:glossvibe.bvi#Ang.58a22a.5,annum,annus,NOUN,5,http://gams.uni-graz.at/o:glossvibe.bvi#Ang.58a22a.5,annum,annus,NOUN,True,True,True,1.0
Ang.58a22a,http://gams.uni-graz.at/o:glossvibe.bvi#Ang.58a22a.6,saluum,saluus,NOUN,6,http://gams.uni-graz.at/o:glossvibe.bvi#Ang.58a22a.6,saluum,saluus,ADJ,True,False,True,1.0
Ang.58a23e,http://gams.uni-graz.at/o:glossvibe.bvi#Ang.58a23e.0,in,in,ADP,0,http://gams.uni-graz.at/o:glossvibe.bvi#Ang.58a23e.0,in,in,ADP,True,True,True,1.0
Ang.58a23e,http://gams.uni-graz.at/o:glossvibe.bvi#Ang.58a23e.1,fine,finis,NOUN,1,http://gams.uni-graz.at/o:glossvibe.bvi#Ang.58a23e.1,fine,finis,NOUN,True,True,True,1.0
Ang.58a23e,http://gams.uni-graz.at/o:glossvibe.bvi#Ang.58a23e.2,ogdad,nan,nan,2,http://gams.uni-graz.at/o:glossvibe.bvi#Ang.58a23e.2,ogdad,ogdo,VERB,True,False,False,0.0
BVi.04b25a,http://gams.uni-graz.at/o:glossvibe.bvi#BVi.04b25a.0,finis,finis,NOUN,0,http://gams.uni-graz.at/o:glossvibe.bvi#BVi.04b25a.0,finis,finis,NOUN,True,True,True,1.0
BVi.04b25a,http://gams.uni-graz.at/o:glossvibe.bvi#BVi.04b25a.1,ogdad,nan,nan,1,http://gams.uni-graz.at/o:glossvibe.bvi#BVi.04b25a.1,ogdad,ogda,NOUN,True,False,False,0.2857142857142857
BVi.04b25b,http://gams.uni-graz.at/o:glossvibe.bvi#BVi.04b25b.0,argument,nan,nan,0,http://gams.uni-graz.at/o:glossvibe.bvi#BVi.04b25b.0,argument,argument,NOUN,True,False,False,0.18181818181818182
Ang.58a32,http://gams.uni-graz.at/o:glossvibe.bvi#Ang.58a32.0,finis,finis,NOUN,0,http://gams.uni-graz.at/o:glossvibe.bvi#Ang.58a32.0,finis,finis,NOUN,True,True,True,1.0
Ang.58a32,http://gams.uni-graz.at/o:glossvibe.bvi#Ang.58a32.1,circuli,circulus,NOUN,1,http://gams.uni-graz.at/o:glossvibe.bvi#Ang.58a32.1,circuli,circulus,ADJ,True,False,True,1.0
Ang.58a32,http://gams.uni-graz.at/o:glossvibe.bvi#Ang.58a32.2,est,sum,VERB,2,http://gams.uni-graz.at/o:glossvibe.bvi#Ang.58a32.2,est,sum,AUX,True,False,True,1.0
Ang.58a37h,http://gams.uni-graz.at/o:glossvibe.bvi#Ang.58a37h.0,egiptii,aegyptius,ADJ,0,http://gams.uni-graz.at/o:glossvibe.bvi#Ang.58a37h.0,egiptii,egiptio,NOUN,True,False,False,0.625
Ang.58a37h,http://gams.uni-graz.at/o:glossvibe.bvi#Ang.58a37h.1,in,in,ADP,1,http://gams.uni-graz.at/o:glossvibe.bvi#Ang.58a37h.1,in,in,ADP,True,True,True,1.0
Ang.58a37h,http://gams.uni-graz.at/o:glossvibe.bvi#Ang.58a37h.3,kalendis,kalenda,NOUN,2,http://gams.uni-graz.at/o:glossvibe.bvi#Ang.58a37h.2,kalendis,kalio,VERB,True,False,False,0.5
Ang.58a37h,http://gams.uni-graz.at/o:glossvibe.bvi#Ang.58a37h.4,augustarum,augustus 1,ADJ,3,http://gams.uni-graz.at/o:glossvibe.bvi#Ang.58a37h.3,augustarum,augustus,ADJ,True,True,False,0.8888888888888888
BCr.32b44,http://gams.uni-graz.at/o:glossvibe.bvi#BCr.32b44.3,kalendis,kalenda,NOUN,0,http://gams.uni-graz.at/o:glossvibe.bvi#BCr.32b44.0,kalendis,kalio,VERB,True,False,False,0.5
BCr.32b44,http://gams.uni-graz.at/o:glossvibe.bvi#BCr.32b44.4,septembris,september,NOUN,1,http://gams.uni-graz.at/o:glossvibe.bvi#BCr.32b44.1,septembris,septembris,NOUN,True,True,False,0.8421052631578947
BVi.04b45.58,http://gams.uni-graz.at/o:glossvibe.bvi#BVi.04b45.58.1,idest,idest,nan,0,http://gams.uni-graz.at/o:glossvibe.bvi#BVi.04b45.58.0,idest,idest,CCONJ,True,False,True,1.0
BVi.04b45.58,http://gams.uni-graz.at/o:glossvibe.bvi#BVi.04b45.58.3,kalendae,kalenda,NOUN,1,http://gams.uni-graz.at/o:glossvibe.bvi#BVi.04b45.58.1,kalendae,kaleo,VERB,True,False,False,0.6666666666666666
BCr.32c16,http://gams.uni-graz.at/o:glossvibe.bvi#BCr.32c16.0,idest,idest,nan,0,http://gams.uni-graz.at/o:glossvibe.bvi#BCr.32c16.0,idest,idest,CCONJ,True,False,True,1.0
BCr.32c16,http://gams.uni-graz.at/o:glossvibe.bvi#BCr.32c16.1,supradicto,supradico,VERB,1,http://gams.uni-graz.at/o:glossvibe.bvi#BCr.32c16.1,supradicto,supradico,VERB,True,True,True,1.0
BVi.04c21a,http://gams.uni-graz.at/o:glossvibe.bvi#BVi.04c21a.0,supradicto,supradico,VERB,0,http://gams.uni-graz.at/o:glossvibe.bvi#BVi.04c21a.0,supradicto,supradico,VERB,True,True,True,1.0
BCr.32c15b,http://gams.uni-graz.at/o:glossvibe.bvi#BCr.32c15b.07,kalendis,kalenda,NOUN,0,http://gams.uni-graz.at/o:glossvibe.bvi#BCr.32c15b.0,kalendis,kalio,VERB,True,False,False,0.5
BVi.04c21b.64,http://gams.uni-graz.at/o:glossvibe.bvi#BVi.04c21b.64.06,kalendae,kalenda,NOUN,0,http://gams.uni-graz.at/o:glossvibe.bvi#BVi.04c21b.64.0,kalendae,kaleo,VERB,True,False,False,0.6666666666666666
BCr.32c20b,http://gams.uni-graz.at/o:glossvibe.bvi#BCr.32c20b.0,supradicto,supradico,VERB,0,http://gams.uni-graz.at/o:glossvibe.bvi#BCr.32c20b.0,supradicto,supradico,VERB,True,True,True,1.0
BVi.04c23b,http://gams.uni-graz.at/o:glossvibe.bvi#BVi.04c23b.0,idest,idest,nan,0,http://gams.uni-graz.at/o:glossvibe.bvi#BVi.04c23b.0,idest,idest,CCONJ,True,False,True,1.0
BVi.04c23b,http://gams.uni-graz.at/o:glossvibe.bvi#BVi.04c23b.1,supradicto,supradico,VERB,1,http://gams.uni-graz.at/o:glossvibe.bvi#BVi.04c23b.1,supradicto,supradico,VERB,True,True,True,1.0
Ang.58b15b,http://gams.uni-graz.at/o:glossvibe.bvi#Ang.58b15b.0,idest,idest,nan,0,http://gams.uni-graz.at/o:glossvibe.bvi#Ang.58b15b.0,idest,idest,CCONJ,True,False,True,1.0
Ang.58b15b,http://gams.uni-graz.at/o:glossvibe.bvi#Ang.58b15b.1,praesenti,praesens,ADJ,1,http://gams.uni-graz.at/o:glossvibe.bvi#Ang.58b15b.1,praesenti,praesum,VERB,True,False,False,0.6666666666666666
Ang.58b15b,http://gams.uni-graz.at/o:glossvibe.bvi#Ang.58b15b.2,argumento,argumentum,NOUN,2,http://gams.uni-graz.at/o:glossvibe.bvi#Ang.58b15b.2,argumento,argumentum,NOUN,True,True,True,1.0
BCr.32c21,http://gams.uni-graz.at/o:glossvibe.bvi#BCr.32c21.0,argumentum,argumentum,NOUN,0,http://gams.uni-graz.at/o:glossvibe.bvi#BCr.32c21.0,argumentum,argumentum,NOUN,True,True,True,1.0
BVi.04c24a,http://gams.uni-graz.at/o:glossvibe.bvi#BVi.04c24a.0,argumento,argumentum,NOUN,0,http://gams.uni-graz.at/o:glossvibe.bvi#BVi.04c24a.0,argumento,argumentum,NOUN,True,True,True,1.0
Ang.58b06c,http://gams.uni-graz.at/o:glossvibe.bvi#Ang.58b06c.0,egiptiorum,aegyptius,ADJ,0,http://gams.uni-graz.at/o:glossvibe.bvi#Ang.58b06c.0,egiptiorum,egipto,VERB,True,False,False,0.5333333333333333
BVi.04c10.60,http://gams.uni-graz.at/o:glossvibe.bvi#BVi.04c10.60.0,aetas,aetas,NOUN,0,http://gams.uni-graz.at/o:glossvibe.bvi#BVi.04c10.60.0,aetas,aetas,NOUN,True,True,True,1.0
BVi.04c10.60,http://gams.uni-graz.at/o:glossvibe.bvi#BVi.04c10.60.1,lunae,luna,NOUN,1,http://gams.uni-graz.at/o:glossvibe.bvi#BVi.04c10.60.1,lunae,luna,NOUN,True,True,True,1.0
BVi.04c10.60,http://gams.uni-graz.at/o:glossvibe.bvi#BVi.04c10.60.3,kalendis,kalenda,NOUN,2,http://gams.uni-graz.at/o:glossvibe.bvi#BVi.04c10.60.2,kalendis,kalio,VERB,True,False,False,0.5
BVi.04c24b.67,http://gams.uni-graz.at/o:glossvibe.bvi#BVi.04c24b.67.3,kalendae,kalenda,NOUN,0,http://gams.uni-graz.at/o:glossvibe.bvi#BVi.04c24b.67.0,kalendae,kaleo,VERB,True,False,False,0.6666666666666666
BCr.32c12,http://gams.uni-graz.at/o:glossvibe.bvi#BCr.32c12.4,kalendis,kalenda,NOUN,0,http://gams.uni-graz.at/o:glossvibe.bvi#BCr.32c12.0,kalendis,kalio,VERB,True,False,False,0.5
BCr.32c12,http://gams.uni-graz.at/o:glossvibe.bvi#BCr.32c12.5,ianuaris,ianuarius,NOUN,1,http://gams.uni-graz.at/o:glossvibe.bvi#BCr.32c12.1,ianuaris,ianuar,NOUN,True,True,False,0.8
BVi.04c18.63,http://gams.uni-graz.at/o:glossvibe.bvi#BVi.04c18.63.3,kalendis,kalenda,NOUN,0,http://gams.uni-graz.at/o:glossvibe.bvi#BVi.04c18.63.0,kalendis,kalio,VERB,True,False,False,0.5
BVi.04c18.63,http://gams.uni-graz.at/o:glossvibe.bvi#BVi.04c18.63.4,ianuariis,ianuarius,NOUN,1,http://gams.uni-graz.at/o:glossvibe.bvi#BVi.04c18.63.1,ianuariis,ianuarius,ADJ,True,False,True,1.0
Ang.58b27,http://gams.uni-graz.at/o:glossvibe.bvi#Ang.58b27.2,a,a,ADP,0,http://gams.uni-graz.at/o:glossvibe.bvi#Ang.58b27.0,a,ab,ADP,True,True,False,0.6666666666666666
Ang.58b27,http://gams.uni-graz.at/o:glossvibe.bvi#Ang.58b27.3,te,tu,PRON,1,http://gams.uni-graz.at/o:glossvibe.bvi#Ang.58b27.1,te,tu,PRON,True,True,True,1.0
BVi.04d26.74,http://gams.uni-graz.at/o:glossvibe.bvi#BVi.04d26.74.06,idest,idest,nan,0,http://gams.uni-graz.at/o:glossvibe.bvi#BVi.04d26.74.0,idest,idest,CCONJ,True,False,True,1.0
BVi.04d26.74,http://gams.uni-graz.at/o:glossvibe.bvi#BVi.04d26.74.07,nonus,nonus,NOUN,1,http://gams.uni-graz.at/o:glossvibe.bvi#BVi.04d26.74.1,nonus,nonus,ADJ,True,False,True,1.0
Ang.59a15,http://gams.uni-graz.at/o:glossvibe.bvi#Ang.59a15.0,idest,idest,nan,0,http://gams.uni-graz.at/o:glossvibe.bvi#Ang.59a15.0,idest,idest,CCONJ,True,False,True,1.0
Ang.59a15,http://gams.uni-graz.at/o:glossvibe.bvi#Ang.59a15.1,dies,dies,NOUN,1,http://gams.uni-graz.at/o:glossvibe.bvi#Ang.59a15.1,dies,dies,NOUN,True,True,True,1.0
BVi.04d30,http://gams.uni-graz.at/o:glossvibe.bvi#BVi.04d30.0,idest,idest,nan,0,http://gams.uni-graz.at/o:glossvibe.bvi#BVi.04d30.0,idest,idest,CCONJ,True,False,True,1.0
BVi.04d30,http://gams.uni-graz.at/o:glossvibe.bvi#BVi.04d30.1,dies,dies,NOUN,1,http://gams.uni-graz.at/o:glossvibe.bvi#BVi.04d30.1,dies,dies,NOUN,True,True,True,1.0
