Unnamed: 0,sample,sample_id,word_id_gold,word,pos_gold,analysis,lemma_gold,language,glossing,glossing_id,manuscript,word_id_pred,lemma_pred,pos_pred
,BCr.27a40: .i. sidera uel spatia    'i.e. stars or spaces',BCr.27a40,http://gams.uni-graz.at/o:glossvibe.bvi#BCr.27a40.1,sidera,NOUN,nom.pl.neut.,sidus,la,gl. ea libere quae tellureShow Parallels,http://gams.uni-graz.at/o:glossvibe.bvi#Jon_296_23b,BCr,BCr.27a40_1,sidus,NOUN
,BCr.27a40: .i. sidera uel spatia    'i.e. stars or spaces',BCr.27a40,http://gams.uni-graz.at/o:glossvibe.bvi#BCr.27a40.2,uel,CCONJ,,uel,la,gl. ea libere quae tellureShow Parallels,http://gams.uni-graz.at/o:glossvibe.bvi#Jon_296_23b,BCr,BCr.27a40_2,uel,CCONJ
,BCr.27a40: .i. sidera uel spatia    'i.e. stars or spaces',BCr.27a40,http://gams.uni-graz.at/o:glossvibe.bvi#BCr.27a40.3,spatia,NOUN,nom.pl.neut.,spatium,la,gl. ea libere quae tellureShow Parallels,http://gams.uni-graz.at/o:glossvibe.bvi#Jon_296_23b,BCr,BCr.27a40_3,spatium,NOUN
,BVi.01a06: sideera uel spatia    'stars or spaces',BVi.01a06,http://gams.uni-graz.at/o:glossvibe.bvi#BVi.01a06.0,sideera,NOUN,nom.pl.neut.,sidus,la,gl. ea libere quae tellureShow Parallels,http://gams.uni-graz.at/o:glossvibe.bvi#Jon_296_23b,BVi,BVi.01a06_1,sideo,VERB
,BVi.01a06: sideera uel spatia    'stars or spaces',BVi.01a06,http://gams.uni-graz.at/o:glossvibe.bvi#BVi.01a06.1,uel,CCONJ,,uel,la,gl. ea libere quae tellureShow Parallels,http://gams.uni-graz.at/o:glossvibe.bvi#Jon_296_23b,BVi,BVi.01a06_2,uel,CCONJ
,BVi.01a06: sideera uel spatia    'stars or spaces',BVi.01a06,http://gams.uni-graz.at/o:glossvibe.bvi#BVi.01a06.2,spatia,NOUN,nom.pl.neut.,spatium,la,gl. ea libere quae tellureShow Parallels,http://gams.uni-graz.at/o:glossvibe.bvi#Jon_296_23b,BVi,BVi.01a06_3,spatium,NOUN
,BVi.01a07: eo quorum qui    'the fact of which',BVi.01a07,http://gams.uni-graz.at/o:glossvibe.bvi#BVi.01a07.0,eo,PRON,abl.sg.neut.,is,la,gl. ideoque,http://gams.uni-graz.at/o:glossvibe.bvi#Jon_296_23d,BVi,BVi.01a07_1,is,PRON
,BVi.01a07: eo quorum qui    'the fact of which',BVi.01a07,http://gams.uni-graz.at/o:glossvibe.bvi#BVi.01a07.1,quorum,PRON,gen.pl.masc.,qui,la,gl. ideoque,http://gams.uni-graz.at/o:glossvibe.bvi#Jon_296_23d,BVi,BVi.01a07_2,qui,PRON
,BVi.01a07: eo quorum qui    'the fact of which',BVi.01a07,http://gams.uni-graz.at/o:glossvibe.bvi#BVi.01a07.2,qui,PRON,nom.pl.masc.,qui,la,gl. ideoque,http://gams.uni-graz.at/o:glossvibe.bvi#Jon_296_23d,BVi,BVi.01a07_3,qui,PRON
,Ang.50a02c: fit lumen ineis in hoc tempore.    'light is caused in them at this time',Ang.50a02c,http://gams.uni-graz.at/o:glossvibe.bvi#Ang.50a02c.0,fit,VERB,3sg.pres.ind.pass.,facio,la,gl. circumpositaShow Parallels,http://gams.uni-graz.at/o:glossvibe.bvi#Jon_297_25a,Ang,Ang.50a02c_1,fio,VERB
,Ang.50a02c: fit lumen ineis in hoc tempore.    'light is caused in them at this time',Ang.50a02c,http://gams.uni-graz.at/o:glossvibe.bvi#Ang.50a02c.1,lumen,NOUN,nom.sg.neut.,lumen,la,gl. circumpositaShow Parallels,http://gams.uni-graz.at/o:glossvibe.bvi#Jon_297_25a,Ang,Ang.50a02c_2,lumen,NOUN
,Ang.50a02c: fit lumen ineis in hoc tempore.    'light is caused in them at this time',Ang.50a02c,http://gams.uni-graz.at/o:glossvibe.bvi#Ang.50a02c.2,in,ADP,,in,la,gl. circumpositaShow Parallels,http://gams.uni-graz.at/o:glossvibe.bvi#Jon_297_25a,Ang,Ang.50a02c_3,in,ADP
,Ang.50a02c: fit lumen ineis in hoc tempore.    'light is caused in them at this time',Ang.50a02c,http://gams.uni-graz.at/o:glossvibe.bvi#Ang.50a02c.2,in,ADP,,in,la,gl. circumpositaShow Parallels,http://gams.uni-graz.at/o:glossvibe.bvi#Jon_297_25a,Ang,Ang.50a02c_5,in,ADP
,Ang.50a02c: fit lumen ineis in hoc tempore.    'light is caused in them at this time',Ang.50a02c,http://gams.uni-graz.at/o:glossvibe.bvi#Ang.50a02c.3,eis,PRON,abl.pl.neut.,is,la,gl. circumpositaShow Parallels,http://gams.uni-graz.at/o:glossvibe.bvi#Jon_297_25a,Ang,Ang.50a02c_4,is,PRON
,Ang.50a02c: fit lumen ineis in hoc tempore.    'light is caused in them at this time',Ang.50a02c,http://gams.uni-graz.at/o:glossvibe.bvi#Ang.50a02c.4,in,ADP,,in,la,gl. circumpositaShow Parallels,http://gams.uni-graz.at/o:glossvibe.bvi#Jon_297_25a,Ang,Ang.50a02c_3,in,ADP
,Ang.50a02c: fit lumen ineis in hoc tempore.    'light is caused in them at this time',Ang.50a02c,http://gams.uni-graz.at/o:glossvibe.bvi#Ang.50a02c.4,in,ADP,,in,la,gl. circumpositaShow Parallels,http://gams.uni-graz.at/o:glossvibe.bvi#Jon_297_25a,Ang,Ang.50a02c_5,in,ADP
,Ang.50a02c: fit lumen ineis in hoc tempore.    'light is caused in them at this time',Ang.50a02c,http://gams.uni-graz.at/o:glossvibe.bvi#Ang.50a02c.5,hoc,DET,abl.sg.neut.,hic,la,gl. circumpositaShow Parallels,http://gams.uni-graz.at/o:glossvibe.bvi#Jon_297_25a,Ang,Ang.50a02c_6,hic,DET
,Ang.50a02c: fit lumen ineis in hoc tempore.    'light is caused in them at this time',Ang.50a02c,http://gams.uni-graz.at/o:glossvibe.bvi#Ang.50a02c.6,tempore,NOUN,abl.sg.neut.,tempus,la,gl. circumpositaShow Parallels,http://gams.uni-graz.at/o:glossvibe.bvi#Jon_297_25a,Ang,Ang.50a02c_7,tempus,NOUN
,BVi.01a19a: uel absida sedes epis copalis et ??? graecus et in terpretatur splen dida    'or the apse of the bishop's seat and ??? Greek and it is interpretated as bright',BVi.01a19a,http://gams.uni-graz.at/o:glossvibe.bvi#BVi.01a19a.0,uel,CCONJ,,uel,la,gl. ???,http://gams.uni-graz.at/o:glossvibe.bvi#Jon_297_32a,BVi,BVi.01a19a_1,uel,CCONJ
,BVi.01a19a: uel absida sedes epis copalis et ??? graecus et in terpretatur splen dida    'or the apse of the bishop's seat and ??? Greek and it is interpretated as bright',BVi.01a19a,http://gams.uni-graz.at/o:glossvibe.bvi#BVi.01a19a.1,absida,NOUN,nom.sg.fem.,absida,la,gl. ???,http://gams.uni-graz.at/o:glossvibe.bvi#Jon_297_32a,BVi,BVi.01a19a_2,absida,NOUN
,BVi.01a19a: uel absida sedes epis copalis et ??? graecus et in terpretatur splen dida    'or the apse of the bishop's seat and ??? Greek and it is interpretated as bright',BVi.01a19a,http://gams.uni-graz.at/o:glossvibe.bvi#BVi.01a19a.2,sedes,NOUN,nom.sg.fem.,sedes,la,gl. ???,http://gams.uni-graz.at/o:glossvibe.bvi#Jon_297_32a,BVi,BVi.01a19a_3,sedes,NOUN
,BVi.01a19a: uel absida sedes epis copalis et ??? graecus et in terpretatur splen dida    'or the apse of the bishop's seat and ??? Greek and it is interpretated as bright',BVi.01a19a,http://gams.uni-graz.at/o:glossvibe.bvi#BVi.01a19a.3,episcopalis,ADJ,nom.sg.fem.pos.,episcopalis,la,gl. ???,http://gams.uni-graz.at/o:glossvibe.bvi#Jon_297_32a,BVi,BVi.01a19a_4,episcopalis,ADJ
,BVi.01a19a: uel absida sedes epis copalis et ??? graecus et in terpretatur splen dida    'or the apse of the bishop's seat and ??? Greek and it is interpretated as bright',BVi.01a19a,http://gams.uni-graz.at/o:glossvibe.bvi#BVi.01a19a.4,et,CCONJ,,et,la,gl. ???,http://gams.uni-graz.at/o:glossvibe.bvi#Jon_297_32a,BVi,BVi.01a19a_5,et,CCONJ
,BVi.01a19a: uel absida sedes epis copalis et ??? graecus et in terpretatur splen dida    'or the apse of the bishop's seat and ??? Greek and it is interpretated as bright',BVi.01a19a,http://gams.uni-graz.at/o:glossvibe.bvi#BVi.01a19a.4,et,CCONJ,,et,la,gl. ???,http://gams.uni-graz.at/o:glossvibe.bvi#Jon_297_32a,BVi,BVi.01a19a_2,et,CCONJ
,BVi.01a19a: uel absida sedes epis copalis et ??? graecus et in terpretatur splen dida    'or the apse of the bishop's seat and ??? Greek and it is interpretated as bright',BVi.01a19a,http://gams.uni-graz.at/o:glossvibe.bvi#BVi.01a19a.6,graecus,NOUN,nom.sg.masc.,graecus,la,gl. ???,http://gams.uni-graz.at/o:glossvibe.bvi#Jon_297_32a,BVi,BVi.01a19a_1,graecus,ADJ
,BVi.01a19a: uel absida sedes epis copalis et ??? graecus et in terpretatur splen dida    'or the apse of the bishop's seat and ??? Greek and it is interpretated as bright',BVi.01a19a,http://gams.uni-graz.at/o:glossvibe.bvi#BVi.01a19a.7,et,CCONJ,,et,la,gl. ???,http://gams.uni-graz.at/o:glossvibe.bvi#Jon_297_32a,BVi,BVi.01a19a_5,et,CCONJ
,BVi.01a19a: uel absida sedes epis copalis et ??? graecus et in terpretatur splen dida    'or the apse of the bishop's seat and ??? Greek and it is interpretated as bright',BVi.01a19a,http://gams.uni-graz.at/o:glossvibe.bvi#BVi.01a19a.7,et,CCONJ,,et,la,gl. ???,http://gams.uni-graz.at/o:glossvibe.bvi#Jon_297_32a,BVi,BVi.01a19a_2,et,CCONJ
,BVi.01a19a: uel absida sedes epis copalis et ??? graecus et in terpretatur splen dida    'or the apse of the bishop's seat and ??? Greek and it is interpretated as bright',BVi.01a19a,http://gams.uni-graz.at/o:glossvibe.bvi#BVi.01a19a.8,interpretatur,VERB,3sg.pres.ind.pass.,interpretor,la,gl. ???,http://gams.uni-graz.at/o:glossvibe.bvi#Jon_297_32a,BVi,BVi.01a19a_3,interpretor,VERB
,BVi.01a19a: uel absida sedes epis copalis et ??? graecus et in terpretatur splen dida    'or the apse of the bishop's seat and ??? Greek and it is interpretated as bright',BVi.01a19a,http://gams.uni-graz.at/o:glossvibe.bvi#BVi.01a19a.9,splendida,ADJ,nom.sg.fem.pos.,splendidus,la,gl. ???,http://gams.uni-graz.at/o:glossvibe.bvi#Jon_297_32a,BVi,BVi.01a19a_4,splendidus,ADJ
,BCr.27a53: apparent    'they appear',BCr.27a53,http://gams.uni-graz.at/o:glossvibe.bvi#BCr.27a53.0,apparent,VERB,3pl.pres.ind.act.,appareo,la,gl. parentShow Parallels,http://gams.uni-graz.at/o:glossvibe.bvi#Jon_297_32b,BCr,BCr.27a53_1,appareo,VERB
,"BCr.27b03: .id est. absida graece interpretatur lucida eo quorum lumine accepto per arcam resplendeat. sed utrum absidam an absidam dicere debemus hic uerbi genus hic uerbi genus ambiguum quidam doctorum existimant ..,    'i.e. in Greek absida is translated as bright ???'",BCr.27b03,http://gams.uni-graz.at/o:glossvibe.bvi#BCr.27b03.0,idest,,,.i.,la,gl. circuli absidasShow Parallels,http://gams.uni-graz.at/o:glossvibe.bvi#Jon_297_34a,BCr,BCr.27b03_1,idest,CCONJ
,"BCr.27b03: .id est. absida graece interpretatur lucida eo quorum lumine accepto per arcam resplendeat. sed utrum absidam an absidam dicere debemus hic uerbi genus hic uerbi genus ambiguum quidam doctorum existimant ..,    'i.e. in Greek absida is translated as bright ???'",BCr.27b03,http://gams.uni-graz.at/o:glossvibe.bvi#BCr.27b03.01,absida,NOUN,nom.sg.fem.,absida,la,gl. circuli absidasShow Parallels,http://gams.uni-graz.at/o:glossvibe.bvi#Jon_297_34a,BCr,BCr.27b03_2,absida,NOUN
,"BCr.27b03: .id est. absida graece interpretatur lucida eo quorum lumine accepto per arcam resplendeat. sed utrum absidam an absidam dicere debemus hic uerbi genus hic uerbi genus ambiguum quidam doctorum existimant ..,    'i.e. in Greek absida is translated as bright ???'",BCr.27b03,http://gams.uni-graz.at/o:glossvibe.bvi#BCr.27b03.02,graece,ADV,,graece,la,gl. circuli absidasShow Parallels,http://gams.uni-graz.at/o:glossvibe.bvi#Jon_297_34a,BCr,BCr.27b03_3,graece,PROPN
,"BCr.27b03: .id est. absida graece interpretatur lucida eo quorum lumine accepto per arcam resplendeat. sed utrum absidam an absidam dicere debemus hic uerbi genus hic uerbi genus ambiguum quidam doctorum existimant ..,    'i.e. in Greek absida is translated as bright ???'",BCr.27b03,http://gams.uni-graz.at/o:glossvibe.bvi#BCr.27b03.03,interpretatur,VERB,3sg.pres.ind.pass.,interpretor,la,gl. circuli absidasShow Parallels,http://gams.uni-graz.at/o:glossvibe.bvi#Jon_297_34a,BCr,BCr.27b03_4,interpretor,VERB
,"BCr.27b03: .id est. absida graece interpretatur lucida eo quorum lumine accepto per arcam resplendeat. sed utrum absidam an absidam dicere debemus hic uerbi genus hic uerbi genus ambiguum quidam doctorum existimant ..,    'i.e. in Greek absida is translated as bright ???'",BCr.27b03,http://gams.uni-graz.at/o:glossvibe.bvi#BCr.27b03.04,lucida,ADJ,nom.sg.fem.pos.,lucidus,la,gl. circuli absidasShow Parallels,http://gams.uni-graz.at/o:glossvibe.bvi#Jon_297_34a,BCr,BCr.27b03_5,lucidus,ADJ
,"BCr.27b03: .id est. absida graece interpretatur lucida eo quorum lumine accepto per arcam resplendeat. sed utrum absidam an absidam dicere debemus hic uerbi genus hic uerbi genus ambiguum quidam doctorum existimant ..,    'i.e. in Greek absida is translated as bright ???'",BCr.27b03,http://gams.uni-graz.at/o:glossvibe.bvi#BCr.27b03.05,eo,PRON,abl.sg.neut.,is,la,gl. circuli absidasShow Parallels,http://gams.uni-graz.at/o:glossvibe.bvi#Jon_297_34a,BCr,BCr.27b03_6,is,PRON
,"BCr.27b03: .id est. absida graece interpretatur lucida eo quorum lumine accepto per arcam resplendeat. sed utrum absidam an absidam dicere debemus hic uerbi genus hic uerbi genus ambiguum quidam doctorum existimant ..,    'i.e. in Greek absida is translated as bright ???'",BCr.27b03,http://gams.uni-graz.at/o:glossvibe.bvi#BCr.27b03.06,quorum,PRON,gen.pl.neut.,qui,la,gl. circuli absidasShow Parallels,http://gams.uni-graz.at/o:glossvibe.bvi#Jon_297_34a,BCr,BCr.27b03_7,qui,PRON
,"BCr.27b03: .id est. absida graece interpretatur lucida eo quorum lumine accepto per arcam resplendeat. sed utrum absidam an absidam dicere debemus hic uerbi genus hic uerbi genus ambiguum quidam doctorum existimant ..,    'i.e. in Greek absida is translated as bright ???'",BCr.27b03,http://gams.uni-graz.at/o:glossvibe.bvi#BCr.27b03.07,lumine,NOUN,abl.sg.neut.,lumen,la,gl. circuli absidasShow Parallels,http://gams.uni-graz.at/o:glossvibe.bvi#Jon_297_34a,BCr,BCr.27b03_8,lumen,NOUN
,"BCr.27b03: .id est. absida graece interpretatur lucida eo quorum lumine accepto per arcam resplendeat. sed utrum absidam an absidam dicere debemus hic uerbi genus hic uerbi genus ambiguum quidam doctorum existimant ..,    'i.e. in Greek absida is translated as bright ???'",BCr.27b03,http://gams.uni-graz.at/o:glossvibe.bvi#BCr.27b03.08,accepto,VERB,abl.sg.neut.participle.,accipio,la,gl. circuli absidasShow Parallels,http://gams.uni-graz.at/o:glossvibe.bvi#Jon_297_34a,BCr,BCr.27b03_9,accipio,VERB
,"BCr.27b03: .id est. absida graece interpretatur lucida eo quorum lumine accepto per arcam resplendeat. sed utrum absidam an absidam dicere debemus hic uerbi genus hic uerbi genus ambiguum quidam doctorum existimant ..,    'i.e. in Greek absida is translated as bright ???'",BCr.27b03,http://gams.uni-graz.at/o:glossvibe.bvi#BCr.27b03.09,per,ADP,,per,la,gl. circuli absidasShow Parallels,http://gams.uni-graz.at/o:glossvibe.bvi#Jon_297_34a,BCr,BCr.27b03_10,per,ADP
,"BCr.27b03: .id est. absida graece interpretatur lucida eo quorum lumine accepto per arcam resplendeat. sed utrum absidam an absidam dicere debemus hic uerbi genus hic uerbi genus ambiguum quidam doctorum existimant ..,    'i.e. in Greek absida is translated as bright ???'",BCr.27b03,http://gams.uni-graz.at/o:glossvibe.bvi#BCr.27b03.10,arcam,NOUN,acc.sg.fem.,arca,la,gl. circuli absidasShow Parallels,http://gams.uni-graz.at/o:glossvibe.bvi#Jon_297_34a,BCr,BCr.27b03_11,arca,NOUN
,"BCr.27b03: .id est. absida graece interpretatur lucida eo quorum lumine accepto per arcam resplendeat. sed utrum absidam an absidam dicere debemus hic uerbi genus hic uerbi genus ambiguum quidam doctorum existimant ..,    'i.e. in Greek absida is translated as bright ???'",BCr.27b03,http://gams.uni-graz.at/o:glossvibe.bvi#BCr.27b03.11,resplendeat,VERB,3sg.pres.subjunctive.act.,resplendeo,la,gl. circuli absidasShow Parallels,http://gams.uni-graz.at/o:glossvibe.bvi#Jon_297_34a,BCr,BCr.27b03_12,resplendeo,VERB
,"BCr.27b03: .id est. absida graece interpretatur lucida eo quorum lumine accepto per arcam resplendeat. sed utrum absidam an absidam dicere debemus hic uerbi genus hic uerbi genus ambiguum quidam doctorum existimant ..,    'i.e. in Greek absida is translated as bright ???'",BCr.27b03,http://gams.uni-graz.at/o:glossvibe.bvi#BCr.27b03.12,sed,CCONJ,,sed,la,gl. circuli absidasShow Parallels,http://gams.uni-graz.at/o:glossvibe.bvi#Jon_297_34a,BCr,BCr.27b03_13,sed,CCONJ
,"BCr.27b03: .id est. absida graece interpretatur lucida eo quorum lumine accepto per arcam resplendeat. sed utrum absidam an absidam dicere debemus hic uerbi genus hic uerbi genus ambiguum quidam doctorum existimant ..,    'i.e. in Greek absida is translated as bright ???'",BCr.27b03,http://gams.uni-graz.at/o:glossvibe.bvi#BCr.27b03.13,utrum,ADV,,utrum,la,gl. circuli absidasShow Parallels,http://gams.uni-graz.at/o:glossvibe.bvi#Jon_297_34a,BCr,BCr.27b03_14,utrum,ADV
,"BCr.27b03: .id est. absida graece interpretatur lucida eo quorum lumine accepto per arcam resplendeat. sed utrum absidam an absidam dicere debemus hic uerbi genus hic uerbi genus ambiguum quidam doctorum existimant ..,    'i.e. in Greek absida is translated as bright ???'",BCr.27b03,http://gams.uni-graz.at/o:glossvibe.bvi#BCr.27b03.14,absidam,NOUN,acc.sg.fem.,absida,la,gl. circuli absidasShow Parallels,http://gams.uni-graz.at/o:glossvibe.bvi#Jon_297_34a,BCr,BCr.27b03_15,absida,NOUN
,"BCr.27b03: .id est. absida graece interpretatur lucida eo quorum lumine accepto per arcam resplendeat. sed utrum absidam an absidam dicere debemus hic uerbi genus hic uerbi genus ambiguum quidam doctorum existimant ..,    'i.e. in Greek absida is translated as bright ???'",BCr.27b03,http://gams.uni-graz.at/o:glossvibe.bvi#BCr.27b03.14,absidam,NOUN,acc.sg.fem.,absida,la,gl. circuli absidasShow Parallels,http://gams.uni-graz.at/o:glossvibe.bvi#Jon_297_34a,BCr,BCr.27b03_17,absida,NOUN
,"BCr.27b03: .id est. absida graece interpretatur lucida eo quorum lumine accepto per arcam resplendeat. sed utrum absidam an absidam dicere debemus hic uerbi genus hic uerbi genus ambiguum quidam doctorum existimant ..,    'i.e. in Greek absida is translated as bright ???'",BCr.27b03,http://gams.uni-graz.at/o:glossvibe.bvi#BCr.27b03.15,an,CCONJ,,an,la,gl. circuli absidasShow Parallels,http://gams.uni-graz.at/o:glossvibe.bvi#Jon_297_34a,BCr,BCr.27b03_16,an,SCONJ
,"BCr.27b03: .id est. absida graece interpretatur lucida eo quorum lumine accepto per arcam resplendeat. sed utrum absidam an absidam dicere debemus hic uerbi genus hic uerbi genus ambiguum quidam doctorum existimant ..,    'i.e. in Greek absida is translated as bright ???'",BCr.27b03,http://gams.uni-graz.at/o:glossvibe.bvi#BCr.27b03.16,absidam,NOUN,acc.sg.fem.,absida,la,gl. circuli absidasShow Parallels,http://gams.uni-graz.at/o:glossvibe.bvi#Jon_297_34a,BCr,BCr.27b03_15,absida,NOUN
,"BCr.27b03: .id est. absida graece interpretatur lucida eo quorum lumine accepto per arcam resplendeat. sed utrum absidam an absidam dicere debemus hic uerbi genus hic uerbi genus ambiguum quidam doctorum existimant ..,    'i.e. in Greek absida is translated as bright ???'",BCr.27b03,http://gams.uni-graz.at/o:glossvibe.bvi#BCr.27b03.16,absidam,NOUN,acc.sg.fem.,absida,la,gl. circuli absidasShow Parallels,http://gams.uni-graz.at/o:glossvibe.bvi#Jon_297_34a,BCr,BCr.27b03_17,absida,NOUN
,"BCr.27b03: .id est. absida graece interpretatur lucida eo quorum lumine accepto per arcam resplendeat. sed utrum absidam an absidam dicere debemus hic uerbi genus hic uerbi genus ambiguum quidam doctorum existimant ..,    'i.e. in Greek absida is translated as bright ???'",BCr.27b03,http://gams.uni-graz.at/o:glossvibe.bvi#BCr.27b03.17,dicere,VERB,pres.infinitive.act.,dico,la,gl. circuli absidasShow Parallels,http://gams.uni-graz.at/o:glossvibe.bvi#Jon_297_34a,BCr,BCr.27b03_18,dico,VERB
,"BCr.27b03: .id est. absida graece interpretatur lucida eo quorum lumine accepto per arcam resplendeat. sed utrum absidam an absidam dicere debemus hic uerbi genus hic uerbi genus ambiguum quidam doctorum existimant ..,    'i.e. in Greek absida is translated as bright ???'",BCr.27b03,http://gams.uni-graz.at/o:glossvibe.bvi#BCr.27b03.18,debemus,VERB,1pl.pres.ind.act.,debeo,la,gl. circuli absidasShow Parallels,http://gams.uni-graz.at/o:glossvibe.bvi#Jon_297_34a,BCr,BCr.27b03_19,debeo,VERB
,"BCr.27b03: .id est. absida graece interpretatur lucida eo quorum lumine accepto per arcam resplendeat. sed utrum absidam an absidam dicere debemus hic uerbi genus hic uerbi genus ambiguum quidam doctorum existimant ..,    'i.e. in Greek absida is translated as bright ???'",BCr.27b03,http://gams.uni-graz.at/o:glossvibe.bvi#BCr.27b03.19,hic,DET,nom.sg.neut.,hic,la,gl. circuli absidasShow Parallels,http://gams.uni-graz.at/o:glossvibe.bvi#Jon_297_34a,BCr,BCr.27b03_20,hic,DET
,"BCr.27b03: .id est. absida graece interpretatur lucida eo quorum lumine accepto per arcam resplendeat. sed utrum absidam an absidam dicere debemus hic uerbi genus hic uerbi genus ambiguum quidam doctorum existimant ..,    'i.e. in Greek absida is translated as bright ???'",BCr.27b03,http://gams.uni-graz.at/o:glossvibe.bvi#BCr.27b03.19,hic,DET,nom.sg.neut.,hic,la,gl. circuli absidasShow Parallels,http://gams.uni-graz.at/o:glossvibe.bvi#Jon_297_34a,BCr,BCr.27b03_23,hic,DET
,"BCr.27b03: .id est. absida graece interpretatur lucida eo quorum lumine accepto per arcam resplendeat. sed utrum absidam an absidam dicere debemus hic uerbi genus hic uerbi genus ambiguum quidam doctorum existimant ..,    'i.e. in Greek absida is translated as bright ???'",BCr.27b03,http://gams.uni-graz.at/o:glossvibe.bvi#BCr.27b03.20,uerbi,NOUN,gen.sg.neut.,uerbum,la,gl. circuli absidasShow Parallels,http://gams.uni-graz.at/o:glossvibe.bvi#Jon_297_34a,BCr,BCr.27b03_21,uerbum,NOUN
,"BCr.27b03: .id est. absida graece interpretatur lucida eo quorum lumine accepto per arcam resplendeat. sed utrum absidam an absidam dicere debemus hic uerbi genus hic uerbi genus ambiguum quidam doctorum existimant ..,    'i.e. in Greek absida is translated as bright ???'",BCr.27b03,http://gams.uni-graz.at/o:glossvibe.bvi#BCr.27b03.20,uerbi,NOUN,gen.sg.neut.,uerbum,la,gl. circuli absidasShow Parallels,http://gams.uni-graz.at/o:glossvibe.bvi#Jon_297_34a,BCr,BCr.27b03_24,uerbum,NOUN
,"BCr.27b03: .id est. absida graece interpretatur lucida eo quorum lumine accepto per arcam resplendeat. sed utrum absidam an absidam dicere debemus hic uerbi genus hic uerbi genus ambiguum quidam doctorum existimant ..,    'i.e. in Greek absida is translated as bright ???'",BCr.27b03,http://gams.uni-graz.at/o:glossvibe.bvi#BCr.27b03.21,genus,NOUN,acc.sg.neut.,genus,la,gl. circuli absidasShow Parallels,http://gams.uni-graz.at/o:glossvibe.bvi#Jon_297_34a,BCr,BCr.27b03_22,genus,NOUN
,"BCr.27b03: .id est. absida graece interpretatur lucida eo quorum lumine accepto per arcam resplendeat. sed utrum absidam an absidam dicere debemus hic uerbi genus hic uerbi genus ambiguum quidam doctorum existimant ..,    'i.e. in Greek absida is translated as bright ???'",BCr.27b03,http://gams.uni-graz.at/o:glossvibe.bvi#BCr.27b03.21,genus,NOUN,acc.sg.neut.,genus,la,gl. circuli absidasShow Parallels,http://gams.uni-graz.at/o:glossvibe.bvi#Jon_297_34a,BCr,BCr.27b03_25,genus,NOUN
,"BCr.27b03: .id est. absida graece interpretatur lucida eo quorum lumine accepto per arcam resplendeat. sed utrum absidam an absidam dicere debemus hic uerbi genus hic uerbi genus ambiguum quidam doctorum existimant ..,    'i.e. in Greek absida is translated as bright ???'",BCr.27b03,http://gams.uni-graz.at/o:glossvibe.bvi#BCr.27b03.22,hic,DET,nom.sg.neut.,hic,la,gl. circuli absidasShow Parallels,http://gams.uni-graz.at/o:glossvibe.bvi#Jon_297_34a,BCr,BCr.27b03_20,hic,DET
,"BCr.27b03: .id est. absida graece interpretatur lucida eo quorum lumine accepto per arcam resplendeat. sed utrum absidam an absidam dicere debemus hic uerbi genus hic uerbi genus ambiguum quidam doctorum existimant ..,    'i.e. in Greek absida is translated as bright ???'",BCr.27b03,http://gams.uni-graz.at/o:glossvibe.bvi#BCr.27b03.22,hic,DET,nom.sg.neut.,hic,la,gl. circuli absidasShow Parallels,http://gams.uni-graz.at/o:glossvibe.bvi#Jon_297_34a,BCr,BCr.27b03_23,hic,DET
,"BCr.27b03: .id est. absida graece interpretatur lucida eo quorum lumine accepto per arcam resplendeat. sed utrum absidam an absidam dicere debemus hic uerbi genus hic uerbi genus ambiguum quidam doctorum existimant ..,    'i.e. in Greek absida is translated as bright ???'",BCr.27b03,http://gams.uni-graz.at/o:glossvibe.bvi#BCr.27b03.23,uerbi,NOUN,gen.sg.neut.,uerbum,la,gl. circuli absidasShow Parallels,http://gams.uni-graz.at/o:glossvibe.bvi#Jon_297_34a,BCr,BCr.27b03_21,uerbum,NOUN
,"BCr.27b03: .id est. absida graece interpretatur lucida eo quorum lumine accepto per arcam resplendeat. sed utrum absidam an absidam dicere debemus hic uerbi genus hic uerbi genus ambiguum quidam doctorum existimant ..,    'i.e. in Greek absida is translated as bright ???'",BCr.27b03,http://gams.uni-graz.at/o:glossvibe.bvi#BCr.27b03.23,uerbi,NOUN,gen.sg.neut.,uerbum,la,gl. circuli absidasShow Parallels,http://gams.uni-graz.at/o:glossvibe.bvi#Jon_297_34a,BCr,BCr.27b03_24,uerbum,NOUN
,"BCr.27b03: .id est. absida graece interpretatur lucida eo quorum lumine accepto per arcam resplendeat. sed utrum absidam an absidam dicere debemus hic uerbi genus hic uerbi genus ambiguum quidam doctorum existimant ..,    'i.e. in Greek absida is translated as bright ???'",BCr.27b03,http://gams.uni-graz.at/o:glossvibe.bvi#BCr.27b03.24,genus,NOUN,acc.sg.neut.,genus,la,gl. circuli absidasShow Parallels,http://gams.uni-graz.at/o:glossvibe.bvi#Jon_297_34a,BCr,BCr.27b03_22,genus,NOUN
,"BCr.27b03: .id est. absida graece interpretatur lucida eo quorum lumine accepto per arcam resplendeat. sed utrum absidam an absidam dicere debemus hic uerbi genus hic uerbi genus ambiguum quidam doctorum existimant ..,    'i.e. in Greek absida is translated as bright ???'",BCr.27b03,http://gams.uni-graz.at/o:glossvibe.bvi#BCr.27b03.24,genus,NOUN,acc.sg.neut.,genus,la,gl. circuli absidasShow Parallels,http://gams.uni-graz.at/o:glossvibe.bvi#Jon_297_34a,BCr,BCr.27b03_25,genus,NOUN
,"BCr.27b03: .id est. absida graece interpretatur lucida eo quorum lumine accepto per arcam resplendeat. sed utrum absidam an absidam dicere debemus hic uerbi genus hic uerbi genus ambiguum quidam doctorum existimant ..,    'i.e. in Greek absida is translated as bright ???'",BCr.27b03,http://gams.uni-graz.at/o:glossvibe.bvi#BCr.27b03.25,ambiguum,ADJ,acc.sg.neut.pos.,ambiguus,la,gl. circuli absidasShow Parallels,http://gams.uni-graz.at/o:glossvibe.bvi#Jon_297_34a,BCr,BCr.27b03_26,ambiguus,ADJ
,"BCr.27b03: .id est. absida graece interpretatur lucida eo quorum lumine accepto per arcam resplendeat. sed utrum absidam an absidam dicere debemus hic uerbi genus hic uerbi genus ambiguum quidam doctorum existimant ..,    'i.e. in Greek absida is translated as bright ???'",BCr.27b03,http://gams.uni-graz.at/o:glossvibe.bvi#BCr.27b03.26,quidam,PRON,nom.pl.masc.,quidam,la,gl. circuli absidasShow Parallels,http://gams.uni-graz.at/o:glossvibe.bvi#Jon_297_34a,BCr,BCr.27b03_27,quidam,DET
,"BCr.27b03: .id est. absida graece interpretatur lucida eo quorum lumine accepto per arcam resplendeat. sed utrum absidam an absidam dicere debemus hic uerbi genus hic uerbi genus ambiguum quidam doctorum existimant ..,    'i.e. in Greek absida is translated as bright ???'",BCr.27b03,http://gams.uni-graz.at/o:glossvibe.bvi#BCr.27b03.27,doctorum,NOUN,gen.pl.masc.,doctor,la,gl. circuli absidasShow Parallels,http://gams.uni-graz.at/o:glossvibe.bvi#Jon_297_34a,BCr,BCr.27b03_28,doctor,NOUN
,"BCr.27b03: .id est. absida graece interpretatur lucida eo quorum lumine accepto per arcam resplendeat. sed utrum absidam an absidam dicere debemus hic uerbi genus hic uerbi genus ambiguum quidam doctorum existimant ..,    'i.e. in Greek absida is translated as bright ???'",BCr.27b03,http://gams.uni-graz.at/o:glossvibe.bvi#BCr.27b03.28,existimant,VERB,3pl.pres.ind.act.,existimo,la,gl. circuli absidasShow Parallels,http://gams.uni-graz.at/o:glossvibe.bvi#Jon_297_34a,BCr,BCr.27b03_29,existimo,VERB
,"BVi.01a18.05: fithissi absida .graece. circulus interpretatur    'circular courses; in Greek, circle is translated as apside'",BVi.01a18.05,http://gams.uni-graz.at/o:glossvibe.bvi#BVi.01a18.05.2,absida,NOUN,nom.sg.fem.,absida,la,gl. circuli absidasShow Parallels,http://gams.uni-graz.at/o:glossvibe.bvi#Jon_297_34a,BVi,BVi.01a18.05_1,absida,NOUN
,"BVi.01a18.05: fithissi absida .graece. circulus interpretatur    'circular courses; in Greek, circle is translated as apside'",BVi.01a18.05,http://gams.uni-graz.at/o:glossvibe.bvi#BVi.01a18.05.3,graece,ADV,,graece,la,gl. circuli absidasShow Parallels,http://gams.uni-graz.at/o:glossvibe.bvi#Jon_297_34a,BVi,BVi.01a18.05_2,graece,ADV
,"BVi.01a18.05: fithissi absida .graece. circulus interpretatur    'circular courses; in Greek, circle is translated as apside'",BVi.01a18.05,http://gams.uni-graz.at/o:glossvibe.bvi#BVi.01a18.05.4,circulus,NOUN,nom.sg.masc.,circulus,la,gl. circuli absidasShow Parallels,http://gams.uni-graz.at/o:glossvibe.bvi#Jon_297_34a,BVi,BVi.01a18.05_3,circulus,NOUN
,"BVi.01a18.05: fithissi absida .graece. circulus interpretatur    'circular courses; in Greek, circle is translated as apside'",BVi.01a18.05,http://gams.uni-graz.at/o:glossvibe.bvi#BVi.01a18.05.5,interpretatur,VERB,3sg.pres.ind.pass.,interpretor,la,gl. circuli absidasShow Parallels,http://gams.uni-graz.at/o:glossvibe.bvi#Jon_297_34a,BVi,BVi.01a18.05_4,interpretor,VERB
,Sg.55.32: id est. absida graece interpretatur lucida.    'i.e. in Greek absida is translated as bright',Sg.55.32,http://gams.uni-graz.at/o:glossvibe.bvi#Sg.55.32.0,idest,,,.i.,la,gl. circuli absidasShow Parallels,http://gams.uni-graz.at/o:glossvibe.bvi#Jon_297_34a,Sg,Sg.55.32_1,idest,CCONJ
,Sg.55.32: id est. absida graece interpretatur lucida.    'i.e. in Greek absida is translated as bright',Sg.55.32,http://gams.uni-graz.at/o:glossvibe.bvi#Sg.55.32.1,absida,NOUN,nom.sg.fem.,absida,la,gl. circuli absidasShow Parallels,http://gams.uni-graz.at/o:glossvibe.bvi#Jon_297_34a,Sg,Sg.55.32_2,absida,NOUN
,Sg.55.32: id est. absida graece interpretatur lucida.    'i.e. in Greek absida is translated as bright',Sg.55.32,http://gams.uni-graz.at/o:glossvibe.bvi#Sg.55.32.2,graece,ADV,,graece,la,gl. circuli absidasShow Parallels,http://gams.uni-graz.at/o:glossvibe.bvi#Jon_297_34a,Sg,Sg.55.32_3,graece,PROPN
,Sg.55.32: id est. absida graece interpretatur lucida.    'i.e. in Greek absida is translated as bright',Sg.55.32,http://gams.uni-graz.at/o:glossvibe.bvi#Sg.55.32.3,interpretatur,VERB,3sg.pres.ind.pass.,interpretor,la,gl. circuli absidasShow Parallels,http://gams.uni-graz.at/o:glossvibe.bvi#Jon_297_34a,Sg,Sg.55.32_4,interpretor,VERB
,Sg.55.32: id est. absida graece interpretatur lucida.    'i.e. in Greek absida is translated as bright',Sg.55.32,http://gams.uni-graz.at/o:glossvibe.bvi#Sg.55.32.4,lucida,ADJ,nom.sg.fem.pos.,lucidus,la,gl. circuli absidasShow Parallels,http://gams.uni-graz.at/o:glossvibe.bvi#Jon_297_34a,Sg,Sg.55.32_5,lucidus,ADJ
,Ang.50a09c: aiunt    'they say',Ang.50a09c,http://gams.uni-graz.at/o:glossvibe.bvi#Ang.50a09c.0,aiunt,VERB,3pl.pres.ind.act.,aio,la,gl. uerumShow Parallels,http://gams.uni-graz.at/o:glossvibe.bvi#Jon_297_36a,Ang,Ang.50a09c_1,aio,VERB
,BVi.01a20: aiunt    'they say',BVi.01a20,http://gams.uni-graz.at/o:glossvibe.bvi#BVi.01a20.0,aiunt,VERB,3pl.pres.ind.act.,aio,la,gl. uerumShow Parallels,http://gams.uni-graz.at/o:glossvibe.bvi#Jon_297_36a,BVi,BVi.01a20_1,aio,VERB
,Ang.50a09e: lunae    'moon',Ang.50a09e,http://gams.uni-graz.at/o:glossvibe.bvi#Ang.50a09e.0,lunae,NOUN,dat.sg.fem.,luna,la,gl. eiShow Parallels,http://gams.uni-graz.at/o:glossvibe.bvi#Jon_297_37a,Ang,Ang.50a09e_1,luna,NOUN
,BVi.01a21: lune    'moon',BVi.01a21,http://gams.uni-graz.at/o:glossvibe.bvi#BVi.01a21.0,lune,NOUN,dat.sg.fem.,luna,la,gl. eiShow Parallels,http://gams.uni-graz.at/o:glossvibe.bvi#Jon_297_37a,BVi,BVi.01a21_1,lunus,NOUN
,Ang.50a11b: utfit lucerna contra corpus hominis    'as is the case when a lamp (is positioned) against the body of a man',Ang.50a11b,http://gams.uni-graz.at/o:glossvibe.bvi#Ang.50a11b.0,ut,SCONJ,,ut,la,gl. lux corporeShow Parallels,http://gams.uni-graz.at/o:glossvibe.bvi#Jon_298_40a,Ang,Ang.50a11b_1,ut,SCONJ
,Ang.50a11b: utfit lucerna contra corpus hominis    'as is the case when a lamp (is positioned) against the body of a man',Ang.50a11b,http://gams.uni-graz.at/o:glossvibe.bvi#Ang.50a11b.1,fit,VERB,3sg.pres.ind.pass.,facio,la,gl. lux corporeShow Parallels,http://gams.uni-graz.at/o:glossvibe.bvi#Jon_298_40a,Ang,Ang.50a11b_2,fio,VERB
,Ang.50a11b: utfit lucerna contra corpus hominis    'as is the case when a lamp (is positioned) against the body of a man',Ang.50a11b,http://gams.uni-graz.at/o:glossvibe.bvi#Ang.50a11b.2,lucerna,NOUN,nom.sg.fem.,lucerna,la,gl. lux corporeShow Parallels,http://gams.uni-graz.at/o:glossvibe.bvi#Jon_298_40a,Ang,Ang.50a11b_3,lucernum,NOUN
,Ang.50a11b: utfit lucerna contra corpus hominis    'as is the case when a lamp (is positioned) against the body of a man',Ang.50a11b,http://gams.uni-graz.at/o:glossvibe.bvi#Ang.50a11b.3,contra,ADP,,contra,la,gl. lux corporeShow Parallels,http://gams.uni-graz.at/o:glossvibe.bvi#Jon_298_40a,Ang,Ang.50a11b_4,contra,ADP
,Ang.50a11b: utfit lucerna contra corpus hominis    'as is the case when a lamp (is positioned) against the body of a man',Ang.50a11b,http://gams.uni-graz.at/o:glossvibe.bvi#Ang.50a11b.4,corpus,NOUN,acc.sg.neut.,corpus,la,gl. lux corporeShow Parallels,http://gams.uni-graz.at/o:glossvibe.bvi#Jon_298_40a,Ang,Ang.50a11b_5,corpus,NOUN
,Ang.50a11b: utfit lucerna contra corpus hominis    'as is the case when a lamp (is positioned) against the body of a man',Ang.50a11b,http://gams.uni-graz.at/o:glossvibe.bvi#Ang.50a11b.5,hominis,NOUN,gen.sg.masc.,homo,la,gl. lux corporeShow Parallels,http://gams.uni-graz.at/o:glossvibe.bvi#Jon_298_40a,Ang,Ang.50a11b_6,homo,NOUN
,BCr.27b06: .. ut fit candela contra corpus hominis    'as is the case when a candle is done against the body of a man',BCr.27b06,http://gams.uni-graz.at/o:glossvibe.bvi#BCr.27b06.0,ut,SCONJ,,ut,la,gl. lux corporeShow Parallels,http://gams.uni-graz.at/o:glossvibe.bvi#Jon_298_40a,BCr,BCr.27b06_1,ut,SCONJ
,BCr.27b06: .. ut fit candela contra corpus hominis    'as is the case when a candle is done against the body of a man',BCr.27b06,http://gams.uni-graz.at/o:glossvibe.bvi#BCr.27b06.1,fit,VERB,3sg.pres.ind.pass.,facio,la,gl. lux corporeShow Parallels,http://gams.uni-graz.at/o:glossvibe.bvi#Jon_298_40a,BCr,BCr.27b06_2,fio,VERB
,BCr.27b06: .. ut fit candela contra corpus hominis    'as is the case when a candle is done against the body of a man',BCr.27b06,http://gams.uni-graz.at/o:glossvibe.bvi#BCr.27b06.2,candela,NOUN,nom.sg.fem.,candela,la,gl. lux corporeShow Parallels,http://gams.uni-graz.at/o:glossvibe.bvi#Jon_298_40a,BCr,BCr.27b06_3,candela,NOUN
,BCr.27b06: .. ut fit candela contra corpus hominis    'as is the case when a candle is done against the body of a man',BCr.27b06,http://gams.uni-graz.at/o:glossvibe.bvi#BCr.27b06.3,contra,ADP,,contra,la,gl. lux corporeShow Parallels,http://gams.uni-graz.at/o:glossvibe.bvi#Jon_298_40a,BCr,BCr.27b06_4,contra,ADP
,BCr.27b06: .. ut fit candela contra corpus hominis    'as is the case when a candle is done against the body of a man',BCr.27b06,http://gams.uni-graz.at/o:glossvibe.bvi#BCr.27b06.4,corpus,NOUN,acc.sg.neut.,corpus,la,gl. lux corporeShow Parallels,http://gams.uni-graz.at/o:glossvibe.bvi#Jon_298_40a,BCr,BCr.27b06_5,corpus,NOUN
,BCr.27b06: .. ut fit candela contra corpus hominis    'as is the case when a candle is done against the body of a man',BCr.27b06,http://gams.uni-graz.at/o:glossvibe.bvi#BCr.27b06.5,hominis,NOUN,gen.sg.masc.,homo,la,gl. lux corporeShow Parallels,http://gams.uni-graz.at/o:glossvibe.bvi#Jon_298_40a,BCr,BCr.27b06_6,homo,NOUN
,BVi.01a28: ut lucerna fit    'as is the case when a lamp',BVi.01a28,http://gams.uni-graz.at/o:glossvibe.bvi#BVi.01a28.0,ut,SCONJ,,ut,la,gl. lux corporeShow Parallels,http://gams.uni-graz.at/o:glossvibe.bvi#Jon_298_40a,BVi,BVi.01a28_1,ut,SCONJ
,BVi.01a28: ut lucerna fit    'as is the case when a lamp',BVi.01a28,http://gams.uni-graz.at/o:glossvibe.bvi#BVi.01a28.1,lucerna,NOUN,nom.sg.fem.,lucerna,la,gl. lux corporeShow Parallels,http://gams.uni-graz.at/o:glossvibe.bvi#Jon_298_40a,BVi,BVi.01a28_2,lucernum,NOUN
,BVi.01a28: ut lucerna fit    'as is the case when a lamp',BVi.01a28,http://gams.uni-graz.at/o:glossvibe.bvi#BVi.01a28.2,fit,VERB,3sg.pres.ind.pass.,facio,la,gl. lux corporeShow Parallels,http://gams.uni-graz.at/o:glossvibe.bvi#Jon_298_40a,BVi,BVi.01a28_3,fio,VERB
,Sg.55.38: i. utfit candela contra corpus hominis    'as is the case when a candle is done against the body of a man',Sg.55.38,http://gams.uni-graz.at/o:glossvibe.bvi#Sg.55.38.1,ut,SCONJ,,ut,la,gl. lux corporeShow Parallels,http://gams.uni-graz.at/o:glossvibe.bvi#Jon_298_40a,Sg,Sg.55.38_1,ut,SCONJ
,Sg.55.38: i. utfit candela contra corpus hominis    'as is the case when a candle is done against the body of a man',Sg.55.38,http://gams.uni-graz.at/o:glossvibe.bvi#Sg.55.38.2,fit,VERB,3sg.pres.ind.pass.,facio,la,gl. lux corporeShow Parallels,http://gams.uni-graz.at/o:glossvibe.bvi#Jon_298_40a,Sg,Sg.55.38_2,fio,VERB
,Sg.55.38: i. utfit candela contra corpus hominis    'as is the case when a candle is done against the body of a man',Sg.55.38,http://gams.uni-graz.at/o:glossvibe.bvi#Sg.55.38.3,candela,NOUN,nom.sg.fem.,candela,la,gl. lux corporeShow Parallels,http://gams.uni-graz.at/o:glossvibe.bvi#Jon_298_40a,Sg,Sg.55.38_3,candela,NOUN
,Sg.55.38: i. utfit candela contra corpus hominis    'as is the case when a candle is done against the body of a man',Sg.55.38,http://gams.uni-graz.at/o:glossvibe.bvi#Sg.55.38.4,contra,ADP,,contra,la,gl. lux corporeShow Parallels,http://gams.uni-graz.at/o:glossvibe.bvi#Jon_298_40a,Sg,Sg.55.38_4,contra,ADP
,Sg.55.38: i. utfit candela contra corpus hominis    'as is the case when a candle is done against the body of a man',Sg.55.38,http://gams.uni-graz.at/o:glossvibe.bvi#Sg.55.38.5,corpus,NOUN,acc.sg.neut.,corpus,la,gl. lux corporeShow Parallels,http://gams.uni-graz.at/o:glossvibe.bvi#Jon_298_40a,Sg,Sg.55.38_5,corpus,NOUN
,Sg.55.38: i. utfit candela contra corpus hominis    'as is the case when a candle is done against the body of a man',Sg.55.38,http://gams.uni-graz.at/o:glossvibe.bvi#Sg.55.38.6,hominis,NOUN,gen.sg.masc.,homo,la,gl. lux corporeShow Parallels,http://gams.uni-graz.at/o:glossvibe.bvi#Jon_298_40a,Sg,Sg.55.38_6,homo,NOUN
,Ang.50a14c: paulatim    'little by little',Ang.50a14c,http://gams.uni-graz.at/o:glossvibe.bvi#Ang.50a14c.0,paulatim,ADV,,paulatim,la,gl. sensimShow Parallels,http://gams.uni-graz.at/o:glossvibe.bvi#Jon_298_45a,Ang,Ang.50a14c_1,paulatim,ADV
,BVi.01a30: paulatim    'little by little',BVi.01a30,http://gams.uni-graz.at/o:glossvibe.bvi#BVi.01a30.0,paulatim,ADV,,paulatim,la,gl. sensimShow Parallels,http://gams.uni-graz.at/o:glossvibe.bvi#Jon_298_45a,BVi,BVi.01a30_1,paulatim,ADV
,Ang.50a20: cupida auara    'covetous greedy',Ang.50a20,http://gams.uni-graz.at/o:glossvibe.bvi#Ang.50a20.0,cupida,NOUN,nom.sg.fem.,auara,la,gl. auidaShow Parallels,http://gams.uni-graz.at/o:glossvibe.bvi#Jon_298_53a,Ang,Ang.50a20_1,cupidus,ADJ
,Ang.50a20: cupida auara    'covetous greedy',Ang.50a20,http://gams.uni-graz.at/o:glossvibe.bvi#Ang.50a20.1,auara,ADJ,nom.sg.fem.pos.,cupidus,la,gl. auidaShow Parallels,http://gams.uni-graz.at/o:glossvibe.bvi#Jon_298_53a,Ang,Ang.50a20_2,auarus,ADJ
,BCr.27b23a: .i. auara    'greedy',BCr.27b23a,http://gams.uni-graz.at/o:glossvibe.bvi#BCr.27b23a.1,auara,NOUN,nom.sg.fem.,auara,la,gl. auidaShow Parallels,http://gams.uni-graz.at/o:glossvibe.bvi#Jon_298_53a,BCr,BCr.27b23a_1,auarus,ADJ
,BVi.01a38: auara cupida    'greedy covetous',BVi.01a38,http://gams.uni-graz.at/o:glossvibe.bvi#BVi.01a38.0,auara,NOUN,nom.sg.fem.,auara,la,gl. auidaShow Parallels,http://gams.uni-graz.at/o:glossvibe.bvi#Jon_298_53a,BVi,BVi.01a38_1,auarus,ADJ
,BVi.01a38: auara cupida    'greedy covetous',BVi.01a38,http://gams.uni-graz.at/o:glossvibe.bvi#BVi.01a38.1,cupida,ADJ,nom.sg.fem.pos.,cupidus,la,gl. auidaShow Parallels,http://gams.uni-graz.at/o:glossvibe.bvi#Jon_298_53a,BVi,BVi.01a38_2,cupidus,ADJ
,BCr.27b28: .i. quaerere    'i.e. to seek',BCr.27b28,http://gams.uni-graz.at/o:glossvibe.bvi#BCr.27b28.1,quaerere,VERB,pres.infinitive.act.,quaero,la,gl. quaeritandiShow Parallels,http://gams.uni-graz.at/o:glossvibe.bvi#Jon_298_56b,BCr,BCr.27b28_1,quaero,VERB
,BVi.01a45: cetera    'the rest',BVi.01a45,http://gams.uni-graz.at/o:glossvibe.bvi#BVi.01a45.0,cetera,DET,nom.pl.neut.,ceterus,la,gl. etc.,http://gams.uni-graz.at/o:glossvibe.bvi#Jon_298_59a,BVi,BVi.01a45_1,ceterus,DET
,Ang.50a25b: apud scithas    'among the Scythians',Ang.50a25b,http://gams.uni-graz.at/o:glossvibe.bvi#Ang.50a25b.0,apud,ADP,,apud,la,gl. longinquitatemShow Parallels,http://gams.uni-graz.at/o:glossvibe.bvi#Jon_298_60a,Ang,Ang.50a25b_1,apud,ADP
,Ang.50a25b: apud scithas    'among the Scythians',Ang.50a25b,http://gams.uni-graz.at/o:glossvibe.bvi#Ang.50a25b.1,scithas,NOUN,acc.pl.,scythae,la,gl. longinquitatemShow Parallels,http://gams.uni-graz.at/o:glossvibe.bvi#Jon_298_60a,Ang,Ang.50a25b_2,scito,VERB
,BCr.27b34: apud scithios    'among the Scythians',BCr.27b34,http://gams.uni-graz.at/o:glossvibe.bvi#BCr.27b34.0,apud,ADP,,apud,la,gl. longinquitatemShow Parallels,http://gams.uni-graz.at/o:glossvibe.bvi#Jon_298_60a,BCr,BCr.27b34_1,apud,ADP
,BCr.27b34: apud scithios    'among the Scythians',BCr.27b34,http://gams.uni-graz.at/o:glossvibe.bvi#BCr.27b34.1,scithios,NOUN,acc.pl.masc.,scythae,la,gl. longinquitatemShow Parallels,http://gams.uni-graz.at/o:glossvibe.bvi#Jon_298_60a,BCr,BCr.27b34_2,scithium,NOUN
,BVi.01a46a: .i. apud scithas    'among the Scythians',BVi.01a46a,http://gams.uni-graz.at/o:glossvibe.bvi#BVi.01a46a.1,apud,ADP,,apud,la,gl. longinquitatemShow Parallels,http://gams.uni-graz.at/o:glossvibe.bvi#Jon_298_60a,BVi,BVi.01a46a_1,apud,ADP
,BVi.01a46a: .i. apud scithas    'among the Scythians',BVi.01a46a,http://gams.uni-graz.at/o:glossvibe.bvi#BVi.01a46a.2,scithas,NOUN,acc.pl.masc.,scythae,la,gl. longinquitatemShow Parallels,http://gams.uni-graz.at/o:glossvibe.bvi#Jon_298_60a,BVi,BVi.01a46a_2,scito,VERB
,Ang.50a26a: causa diei modici    'cause of the short day',Ang.50a26a,http://gams.uni-graz.at/o:glossvibe.bvi#Ang.50a26a.0,causa,NOUN,nom.sg.fem.,causa,la,gl. breuiandaShow Parallels,http://gams.uni-graz.at/o:glossvibe.bvi#Jon_298_60b,Ang,Ang.50a26a_1,causa,NOUN
,Ang.50a26a: causa diei modici    'cause of the short day',Ang.50a26a,http://gams.uni-graz.at/o:glossvibe.bvi#Ang.50a26a.1,diei,NOUN,gen.sg.fem.,dies,la,gl. breuiandaShow Parallels,http://gams.uni-graz.at/o:glossvibe.bvi#Jon_298_60b,Ang,Ang.50a26a_2,dies,NOUN
,Ang.50a26a: causa diei modici    'cause of the short day',Ang.50a26a,http://gams.uni-graz.at/o:glossvibe.bvi#Ang.50a26a.2,modici,ADJ,gen.sg.neut.pos.,modicus,la,gl. breuiandaShow Parallels,http://gams.uni-graz.at/o:glossvibe.bvi#Jon_298_60b,Ang,Ang.50a26a_3,modicus,ADJ
,BCr.27b35: causa diei modici    'cause of the short day',BCr.27b35,http://gams.uni-graz.at/o:glossvibe.bvi#BCr.27b35.0,causa,NOUN,nom.sg.fem.,causa,la,gl. breuiandaShow Parallels,http://gams.uni-graz.at/o:glossvibe.bvi#Jon_298_60b,BCr,BCr.27b35_1,causa,NOUN
,BCr.27b35: causa diei modici    'cause of the short day',BCr.27b35,http://gams.uni-graz.at/o:glossvibe.bvi#BCr.27b35.1,diei,NOUN,gen.sg.fem.,dies,la,gl. breuiandaShow Parallels,http://gams.uni-graz.at/o:glossvibe.bvi#Jon_298_60b,BCr,BCr.27b35_2,dies,NOUN
,BCr.27b35: causa diei modici    'cause of the short day',BCr.27b35,http://gams.uni-graz.at/o:glossvibe.bvi#BCr.27b35.2,modici,ADJ,gen.sg.neut.pos.,modicus,la,gl. breuiandaShow Parallels,http://gams.uni-graz.at/o:glossvibe.bvi#Jon_298_60b,BCr,BCr.27b35_3,modicus,ADJ
,BVi.01a46b: causa diei mo dici    'cause of the short day',BVi.01a46b,http://gams.uni-graz.at/o:glossvibe.bvi#BVi.01a46b.0,causa,NOUN,nom.sg.fem.,causa,la,gl. breuiandaShow Parallels,http://gams.uni-graz.at/o:glossvibe.bvi#Jon_298_60b,BVi,BVi.01a46b_1,causa,NOUN
,BVi.01a46b: causa diei mo dici    'cause of the short day',BVi.01a46b,http://gams.uni-graz.at/o:glossvibe.bvi#BVi.01a46b.1,diei,NOUN,gen.sg.fem.,dies,la,gl. breuiandaShow Parallels,http://gams.uni-graz.at/o:glossvibe.bvi#Jon_298_60b,BVi,BVi.01a46b_2,dies,NOUN
,BVi.01a46b: causa diei mo dici    'cause of the short day',BVi.01a46b,http://gams.uni-graz.at/o:glossvibe.bvi#BVi.01a46b.2,modici,ADJ,gen.sg.neut.pos.,modicus,la,gl. breuiandaShow Parallels,http://gams.uni-graz.at/o:glossvibe.bvi#Jon_298_60b,BVi,BVi.01a46b_3,modicus,ADJ
,Ang.50a26b: somno    'sleep',Ang.50a26b,http://gams.uni-graz.at/o:glossvibe.bvi#Ang.50a26b.0,somno,NOUN,abl.sg.masc.,somnus,la,gl. prolixiorShow Parallels,http://gams.uni-graz.at/o:glossvibe.bvi#Jon_298_61a,Ang,Ang.50a26b_1,somnus,NOUN
,BVi.01a47a: somno    'sleep',BVi.01a47a,http://gams.uni-graz.at/o:glossvibe.bvi#BVi.01a47a.0,somno,NOUN,abl.sg.masc.,somnus,la,gl. prolixiorShow Parallels,http://gams.uni-graz.at/o:glossvibe.bvi#Jon_298_61a,BVi,BVi.01a47a_1,somnus,NOUN
,Ang.50a27a: nox    'night',Ang.50a27a,http://gams.uni-graz.at/o:glossvibe.bvi#Ang.50a27a.0,nox,NOUN,nom.sg.fem.,nox,la,gl. fouendaShow Parallels,http://gams.uni-graz.at/o:glossvibe.bvi#Jon_298_61b,Ang,Ang.50a27a_1,nox,NOUN
,BVi.01a47b: nox    'night',BVi.01a47b,http://gams.uni-graz.at/o:glossvibe.bvi#BVi.01a47b.0,nox,NOUN,nom.sg.fem.,nox,la,gl. fouendaShow Parallels,http://gams.uni-graz.at/o:glossvibe.bvi#Jon_298_61b,BVi,BVi.01a47b_1,nox,NOUN
,Ang.50b03f: .i.adseptem    'up to seven',Ang.50b03f,http://gams.uni-graz.at/o:glossvibe.bvi#Ang.50b03f.1,ad,ADP,,ad,la,gl. ad unam finem spectantShow Parallels,http://gams.uni-graz.at/o:glossvibe.bvi#Jon_299_5b,Ang,Ang.50b03f_1,ad,ADP
,Ang.50b03f: .i.adseptem    'up to seven',Ang.50b03f,http://gams.uni-graz.at/o:glossvibe.bvi#Ang.50b03f.2,septem,NUM,,septem,la,gl. ad unam finem spectantShow Parallels,http://gams.uni-graz.at/o:glossvibe.bvi#Jon_299_5b,Ang,Ang.50b03f_2,septem,NUM
,BVi.01b14: ad septi mo numero    'to the seventh number',BVi.01b14,http://gams.uni-graz.at/o:glossvibe.bvi#BVi.01b14.0,ad,ADP,,ad,la,gl. ad unam finem spectantShow Parallels,http://gams.uni-graz.at/o:glossvibe.bvi#Jon_299_5b,BVi,BVi.01b14_1,ad,ADP
,BVi.01b14: ad septi mo numero    'to the seventh number',BVi.01b14,http://gams.uni-graz.at/o:glossvibe.bvi#BVi.01b14.1,septimo,NUM,,septem,la,gl. ad unam finem spectantShow Parallels,http://gams.uni-graz.at/o:glossvibe.bvi#Jon_299_5b,BVi,BVi.01b14_2,septimus,ADJ
,BVi.01b14: ad septi mo numero    'to the seventh number',BVi.01b14,http://gams.uni-graz.at/o:glossvibe.bvi#BVi.01b14.2,numero,NOUN,abl.sg.,numerus,la,gl. ad unam finem spectantShow Parallels,http://gams.uni-graz.at/o:glossvibe.bvi#Jon_299_5b,BVi,BVi.01b14_3,numero,ADV
,BVi.01b22: .i. numer ??    '',BVi.01b22,http://gams.uni-graz.at/o:glossvibe.bvi#BVi.01b22.1,numer,,,,la,gl.,http://gams.uni-graz.at/o:glossvibe.bvi#Jon_300_15b,BVi,BVi.01b22_1,numer,NOUN
,Ang.50b12a: similitudine septimi diei initiimundi    'likeness of the seventh day of the world's beginning',Ang.50b12a,http://gams.uni-graz.at/o:glossvibe.bvi#Ang.50b12a.0,similitudine,NOUN,abl.sg.fem.,similitudo,la,gl. septima autem dieShow Parallels,http://gams.uni-graz.at/o:glossvibe.bvi#Jon_300_20a,Ang,Ang.50b12a_1,similitudo,NOUN
,Ang.50b12a: similitudine septimi diei initiimundi    'likeness of the seventh day of the world's beginning',Ang.50b12a,http://gams.uni-graz.at/o:glossvibe.bvi#Ang.50b12a.1,septimi,ADJ,gen.sg.masc.pos.,septimus 1,la,gl. septima autem dieShow Parallels,http://gams.uni-graz.at/o:glossvibe.bvi#Jon_300_20a,Ang,Ang.50b12a_2,septimus,ADJ
,Ang.50b12a: similitudine septimi diei initiimundi    'likeness of the seventh day of the world's beginning',Ang.50b12a,http://gams.uni-graz.at/o:glossvibe.bvi#Ang.50b12a.2,diei,NOUN,gen.sg.masc.,dies,la,gl. septima autem dieShow Parallels,http://gams.uni-graz.at/o:glossvibe.bvi#Jon_300_20a,Ang,Ang.50b12a_3,dies,NOUN
,Ang.50b12a: similitudine septimi diei initiimundi    'likeness of the seventh day of the world's beginning',Ang.50b12a,http://gams.uni-graz.at/o:glossvibe.bvi#Ang.50b12a.3,initii,NOUN,gen.sg.neut.,initium,la,gl. septima autem dieShow Parallels,http://gams.uni-graz.at/o:glossvibe.bvi#Jon_300_20a,Ang,Ang.50b12a_4,initium,NOUN
,Ang.50b12a: similitudine septimi diei initiimundi    'likeness of the seventh day of the world's beginning',Ang.50b12a,http://gams.uni-graz.at/o:glossvibe.bvi#Ang.50b12a.4,mundi,NOUN,gen.sg.masc.,mundus,la,gl. septima autem dieShow Parallels,http://gams.uni-graz.at/o:glossvibe.bvi#Jon_300_20a,Ang,Ang.50b12a_5,mundus,NOUN
,BCr.27c22: ._ adsimilitudinem.uii.diei    'in likeness of the seventh day',BCr.27c22,http://gams.uni-graz.at/o:glossvibe.bvi#BCr.27c22.0,ad,ADP,,ad,la,gl. septima autem dieShow Parallels,http://gams.uni-graz.at/o:glossvibe.bvi#Jon_300_20a,BCr,BCr.27c22_1,ad,ADP
,BCr.27c22: ._ adsimilitudinem.uii.diei    'in likeness of the seventh day',BCr.27c22,http://gams.uni-graz.at/o:glossvibe.bvi#BCr.27c22.1,similitudinem,NOUN,acc.sg.fem.,similitudo,la,gl. septima autem dieShow Parallels,http://gams.uni-graz.at/o:glossvibe.bvi#Jon_300_20a,BCr,BCr.27c22_2,similitudo,NOUN
,BCr.27c22: ._ adsimilitudinem.uii.diei    'in likeness of the seventh day',BCr.27c22,http://gams.uni-graz.at/o:glossvibe.bvi#BCr.27c22.3,diei,NOUN,gen.sg.fem.,dies,la,gl. septima autem dieShow Parallels,http://gams.uni-graz.at/o:glossvibe.bvi#Jon_300_20a,BCr,BCr.27c22_3,dies,NOUN
,BVi.01b28.10: fo chosmailius septimi diei mundi    'in the likeness of the seventh day of the world',BVi.01b28.10,http://gams.uni-graz.at/o:glossvibe.bvi#BVi.01b28.10.2,septimi,ADJ,gen.sg.masc.pos.,septimus 1,la,gl. septima autem dieShow Parallels,http://gams.uni-graz.at/o:glossvibe.bvi#Jon_300_20a,BVi,BVi.01b28.10_1,septimus,NOUN
,BVi.01b28.10: fo chosmailius septimi diei mundi    'in the likeness of the seventh day of the world',BVi.01b28.10,http://gams.uni-graz.at/o:glossvibe.bvi#BVi.01b28.10.3,diei,NOUN,gen.sg.masc.,dies,la,gl. septima autem dieShow Parallels,http://gams.uni-graz.at/o:glossvibe.bvi#Jon_300_20a,BVi,BVi.01b28.10_2,dies,NOUN
,BVi.01b28.10: fo chosmailius septimi diei mundi    'in the likeness of the seventh day of the world',BVi.01b28.10,http://gams.uni-graz.at/o:glossvibe.bvi#BVi.01b28.10.4,mundi,NOUN,gen.sg.masc.,mundus,la,gl. septima autem dieShow Parallels,http://gams.uni-graz.at/o:glossvibe.bvi#Jon_300_20a,BVi,BVi.01b28.10_3,mundus,NOUN
,BVi.01b38: ebdomada    'week',BVi.01b38,http://gams.uni-graz.at/o:glossvibe.bvi#BVi.01b38.0,ebdomada,NOUN,nom.sg.fem.,ebdomada,la,gl. hanc,http://gams.uni-graz.at/o:glossvibe.bvi#Jon_300_31b,BVi,BVi.01b38_1,ebdomadus,ADJ
,Ang.50b32d: .i. prouocat    'provokes',Ang.50b32d,http://gams.uni-graz.at/o:glossvibe.bvi#Ang.50b32d.1,prouocat,VERB,3sg.pres.ind.act.,prouoco,la,gl. allicitShow Parallels,http://gams.uni-graz.at/o:glossvibe.bvi#Jon_301_49a,Ang,Ang.50b32d_1,prouoco,VERB
,BVi.01c08: prouocat    'provokes',BVi.01c08,http://gams.uni-graz.at/o:glossvibe.bvi#BVi.01c08.0,prouocat,VERB,3sg.pres.ind.act.,prouoco,la,gl. allicitShow Parallels,http://gams.uni-graz.at/o:glossvibe.bvi#Jon_301_49a,BVi,BVi.01c08_1,prouoco,VERB
,Ang.50b36b: complet signiferum    'completes the sign (or constellation) bearing',Ang.50b36b,http://gams.uni-graz.at/o:glossvibe.bvi#Ang.50b36b.0,complet,VERB,3sg.pres.ind.act.,compleo,la,gl. proximumShow Parallels,http://gams.uni-graz.at/o:glossvibe.bvi#Jon_302_54a,Ang,Ang.50b36b_1,compleo,VERB
,Ang.50b36b: complet signiferum    'completes the sign (or constellation) bearing',Ang.50b36b,http://gams.uni-graz.at/o:glossvibe.bvi#Ang.50b36b.1,signiferum,ADJ,acc.sg.neut.pos.,signifer,la,gl. proximumShow Parallels,http://gams.uni-graz.at/o:glossvibe.bvi#Jon_302_54a,Ang,Ang.50b36b_2,signifer,NOUN
,BCr.27c55: .i. complet uel ministrat    'i.e. completes or executes',BCr.27c55,http://gams.uni-graz.at/o:glossvibe.bvi#BCr.27c55.1,complet,VERB,3sg.pres.ind.act.,compleo,la,gl. proximumShow Parallels,http://gams.uni-graz.at/o:glossvibe.bvi#Jon_302_54a,BCr,BCr.27c55_1,compleo,VERB
,BCr.27c55: .i. complet uel ministrat    'i.e. completes or executes',BCr.27c55,http://gams.uni-graz.at/o:glossvibe.bvi#BCr.27c55.2,uel,CCONJ,,uel,la,gl. proximumShow Parallels,http://gams.uni-graz.at/o:glossvibe.bvi#Jon_302_54a,BCr,BCr.27c55_2,uel,CCONJ
,BCr.27c55: .i. complet uel ministrat    'i.e. completes or executes',BCr.27c55,http://gams.uni-graz.at/o:glossvibe.bvi#BCr.27c55.3,ministrat,VERB,3sg.pres.ind.act.,ministro,la,gl. proximumShow Parallels,http://gams.uni-graz.at/o:glossvibe.bvi#Jon_302_54a,BCr,BCr.27c55_3,ministro,VERB
,BVi.01c14a: complet    'completes',BVi.01c14a,http://gams.uni-graz.at/o:glossvibe.bvi#BVi.01c14a.0,complet,VERB,3sg.pres.ind.act.,compleo,la,gl. proximumShow Parallels,http://gams.uni-graz.at/o:glossvibe.bvi#Jon_302_54a,BVi,BVi.01c14a_1,compleo,VERB
,BVi.01c14b: ueneri    'Friday',BVi.01c14b,http://gams.uni-graz.at/o:glossvibe.bvi#BVi.01c14b.0,ueneri,NOUN,,dies ueneris,la,gl. mercurii sidus,http://gams.uni-graz.at/o:glossvibe.bvi#Jon_302_54b,BVi,BVi.01c14b_1,uenio,VERB
,Ang.50b37a: uelociore    'more swiftly',Ang.50b37a,http://gams.uni-graz.at/o:glossvibe.bvi#Ang.50b37a.0,uelociore,ADJ,abl.sg.neut.comp.,uelox,la,gl. ocioreShow Parallels,http://gams.uni-graz.at/o:glossvibe.bvi#Jon_302_55a,Ang,Ang.50b37a_1,uelox,ADJ
,BVi.01c15: uelociorium    'more swiftly',BVi.01c15,http://gams.uni-graz.at/o:glossvibe.bvi#BVi.01c15.0,uelociorium,ADJ,gen.pl.neut.comp.,uelox,la,gl. ocioreShow Parallels,http://gams.uni-graz.at/o:glossvibe.bvi#Jon_302_55a,BVi,BVi.01c15_1,uelox,ADJ
,Ang.51a05a: martis    'Tuesday',Ang.51a05a,http://gams.uni-graz.at/o:glossvibe.bvi#Ang.51a05a.0,martis,NOUN,gen.sg.masc.,mars,la,gl. primamShow Parallels,http://gams.uni-graz.at/o:glossvibe.bvi#Jon_302_61a,Ang,Ang.51a05a_1,mars,NOUN
,BVi.01c22b: martis    'Tuesday',BVi.01c22b,http://gams.uni-graz.at/o:glossvibe.bvi#BVi.01c22b.0,martis,NOUN,gen.sg.masc.,mars,la,gl. primamShow Parallels,http://gams.uni-graz.at/o:glossvibe.bvi#Jon_302_61a,BVi,BVi.01c22b_1,mars,NOUN
,BVi.01c22a: % uiligro percis (?) forais    '???',BVi.01c22a,http://gams.uni-graz.at/o:glossvibe.bvi#BVi.01c22a.0,uiligro,,,,la,gl. ???,http://gams.uni-graz.at/o:glossvibe.bvi#Jon_302_61c,BVi,BVi.01c22a_1,uilim,NOUN
,BVi.01c22a: % uiligro percis (?) forais    '???',BVi.01c22a,http://gams.uni-graz.at/o:glossvibe.bvi#BVi.01c22a.1,cis,,,,la,gl. ???,http://gams.uni-graz.at/o:glossvibe.bvi#Jon_302_61c,BVi,BVi.01c22a_2,cis,NUM
,Ang.51a05d: mercurius    'Wednesday',Ang.51a05d,http://gams.uni-graz.at/o:glossvibe.bvi#Ang.51a05d.0,mercurius,NOUN,nom.sg.masc.,mercurius,la,gl. primamShow Parallels,http://gams.uni-graz.at/o:glossvibe.bvi#Jon_302_61d,Ang,Ang.51a05d_1,mercurius,NOUN
,BVi.01c22d: mercorius    'Wednesday',BVi.01c22d,http://gams.uni-graz.at/o:glossvibe.bvi#BVi.01c22d.0,mercorius,NOUN,nom.sg.masc.,mercurius,la,gl. primamShow Parallels,http://gams.uni-graz.at/o:glossvibe.bvi#Jon_302_61d,BVi,BVi.01c22d_1,mercorius,ADJ
,Ang.51a05g: iouis    'Thursday',Ang.51a05g,http://gams.uni-graz.at/o:glossvibe.bvi#Ang.51a05g.0,iouis,PROPN,gen.sg.masc.,iuppiter,la,gl. secundamShow Parallels,http://gams.uni-graz.at/o:glossvibe.bvi#Jon_302_62a,Ang,Ang.51a05g_1,ios,NOUN
,BVi.01c23a: ioppiter    'Thursday',BVi.01c23a,http://gams.uni-graz.at/o:glossvibe.bvi#BVi.01c23a.0,ioppiter,PROPN,nom.sg.masc.,iuppiter,la,gl. secundamShow Parallels,http://gams.uni-graz.at/o:glossvibe.bvi#Jon_302_62a,BVi,BVi.01c23a_1,ioppiter,ADV
,Ang.51a06b: uener    'Friday',Ang.51a06b,http://gams.uni-graz.at/o:glossvibe.bvi#Ang.51a06b.0,uener,NOUN,,dies ueneris,la,gl. sextaeShow Parallels,http://gams.uni-graz.at/o:glossvibe.bvi#Jon_302_62b,Ang,Ang.51a06b_1,uenio,VERB
,BVi.01c23b: ueneri    'Friday',BVi.01c23b,http://gams.uni-graz.at/o:glossvibe.bvi#BVi.01c23b.0,ueneri,NOUN,,dies ueneris,la,gl. sextaeShow Parallels,http://gams.uni-graz.at/o:glossvibe.bvi#Jon_302_62b,BVi,BVi.01c23b_1,uenio,VERB
,Ang.51a06e: dies ebdomadae    'days of the week',Ang.51a06e,http://gams.uni-graz.at/o:glossvibe.bvi#Ang.51a06e.0,dies,NOUN,nom.sg.masc.,dies,la,gl. feriasShow Parallels,http://gams.uni-graz.at/o:glossvibe.bvi#Jon_302_63-64b,Ang,Ang.51a06e_1,dies,NOUN
,Ang.51a06e: dies ebdomadae    'days of the week',Ang.51a06e,http://gams.uni-graz.at/o:glossvibe.bvi#Ang.51a06e.1,ebdomadae,NOUN,gen.sg.fem.,ebdomada,la,gl. feriasShow Parallels,http://gams.uni-graz.at/o:glossvibe.bvi#Jon_302_63-64b,Ang,Ang.51a06e_2,ebdomadas,ADJ
,Ang.51a06c: saturnus    'Saturday',Ang.51a06c,http://gams.uni-graz.at/o:glossvibe.bvi#Ang.51a06c.0,saturnus,NOUN,nom.sg.masc.,saturnus,la,gl. septimaeShow Parallels,http://gams.uni-graz.at/o:glossvibe.bvi#Jon_302_63a,Ang,Ang.51a06c_1,saturnus,NOUN
,BVi.01c24a: saturnus    'Saturday',BVi.01c24a,http://gams.uni-graz.at/o:glossvibe.bvi#BVi.01c24a.0,saturnus,NOUN,nom.sg.masc.,saturnus,la,gl. septimaeShow Parallels,http://gams.uni-graz.at/o:glossvibe.bvi#Jon_302_63a,BVi,BVi.01c24a_1,saturnus,NOUN
,Ang.51a16e: .i. unadie dominico    'one Sunday',Ang.51a16e,http://gams.uni-graz.at/o:glossvibe.bvi#Ang.51a16e.1,una,NUM,abl.sg.fem.,unus,la,gl. monadeShow Parallels,http://gams.uni-graz.at/o:glossvibe.bvi#Jon_303_78a,Ang,Ang.51a16e_1,unus,DET
,Ang.51a16e: .i. unadie dominico    'one Sunday',Ang.51a16e,http://gams.uni-graz.at/o:glossvibe.bvi#Ang.51a16e.2,die,NOUN,abl.sg.fem.,dies,la,gl. monadeShow Parallels,http://gams.uni-graz.at/o:glossvibe.bvi#Jon_303_78a,Ang,Ang.51a16e_2,dies,NOUN
,Ang.51a16e: .i. unadie dominico    'one Sunday',Ang.51a16e,http://gams.uni-graz.at/o:glossvibe.bvi#Ang.51a16e.3,dominico,ADJ,abl.sg.masc.pos.,dominicus,la,gl. monadeShow Parallels,http://gams.uni-graz.at/o:glossvibe.bvi#Jon_303_78a,Ang,Ang.51a16e_3,dominicus,ADJ
,BCr.27d44: uno die    'one day',BCr.27d44,http://gams.uni-graz.at/o:glossvibe.bvi#BCr.27d44.0,uno,NUM,abl.sg.masc.,unus,la,gl. monadeShow Parallels,http://gams.uni-graz.at/o:glossvibe.bvi#Jon_303_78a,BCr,BCr.27d44_1,unus,DET
,BCr.27d44: uno die    'one day',BCr.27d44,http://gams.uni-graz.at/o:glossvibe.bvi#BCr.27d44.1,die,NOUN,abl.sg.masc.,dies,la,gl. monadeShow Parallels,http://gams.uni-graz.at/o:glossvibe.bvi#Jon_303_78a,BCr,BCr.27d44_2,dies,NOUN
,BVi.01c38.16: uno .i. ondoenfiur    'one i.e. from one man',BVi.01c38.16,http://gams.uni-graz.at/o:glossvibe.bvi#BVi.01c38.16.0,uno,NUM,abl.sg.neut.,unus,la,gl. monadeShow Parallels,http://gams.uni-graz.at/o:glossvibe.bvi#Jon_303_78a,BVi,BVi.01c38.16_1,unus,DET
,Sg.57.37b: i. unodie    'one day',Sg.57.37b,http://gams.uni-graz.at/o:glossvibe.bvi#Sg.57.37b.1,uno,NUM,abl.sg.masc.,unus,la,gl. monadeShow Parallels,http://gams.uni-graz.at/o:glossvibe.bvi#Jon_303_78a,Sg,Sg.57.37b_1,unus,DET
,Sg.57.37b: i. unodie    'one day',Sg.57.37b,http://gams.uni-graz.at/o:glossvibe.bvi#Sg.57.37b.2,die,NOUN,abl.sg.masc.,dies,la,gl. monadeShow Parallels,http://gams.uni-graz.at/o:glossvibe.bvi#Jon_303_78a,Sg,Sg.57.37b_2,dies,NOUN
,Ang.51a22a: annorum    'of years',Ang.51a22a,http://gams.uni-graz.at/o:glossvibe.bvi#Ang.51a22a.0,annorum,NOUN,gen.pl.masc.,annus,la,gl. exordineShow Parallels,http://gams.uni-graz.at/o:glossvibe.bvi#Jon_303_86a,Ang,Ang.51a22a_1,annus,NOUN
,BVi.01d05a: annorum    'of years',BVi.01d05a,http://gams.uni-graz.at/o:glossvibe.bvi#BVi.01d05a.0,annorum,NOUN,gen.pl.masc.,annus,la,gl. exordineShow Parallels,http://gams.uni-graz.at/o:glossvibe.bvi#Jon_303_86a,BVi,BVi.01d05a_1,annus,NOUN
,Ang.51a22b: .i. sacrificio    '(for) sacrifice',Ang.51a22b,http://gams.uni-graz.at/o:glossvibe.bvi#Ang.51a22b.1,sacrificio,NOUN,abl.sg.neut.,sacrificium,la,gl. collectisShow Parallels,http://gams.uni-graz.at/o:glossvibe.bvi#Jon_303_86b,Ang,Ang.51a22b_1,sacrificium,NOUN
,Ang.51a24b: speramus    'we hope',Ang.51a24b,http://gams.uni-graz.at/o:glossvibe.bvi#Ang.51a24b.0,speramus,VERB,1pl.pres.ind.act.,spero,la,gl. praestulamurShow Parallels,http://gams.uni-graz.at/o:glossvibe.bvi#Jon_303_90a,Ang,Ang.51a24b_1,spero,VERB
,BVi.01d09: speramus    'we hope',BVi.01d09,http://gams.uni-graz.at/o:glossvibe.bvi#BVi.01d09.0,speramus,VERB,1pl.pres.ind.act.,spero,la,gl. praestulamurShow Parallels,http://gams.uni-graz.at/o:glossvibe.bvi#Jon_303_90a,BVi,BVi.01d09_1,spero,VERB
,Ang.51a26a: mundari    'cleansed',Ang.51a26a,http://gams.uni-graz.at/o:glossvibe.bvi#Ang.51a26a.0,mundari,VERB,pres.infinitive.pass.,mundo,la,gl. lustrariShow Parallels,http://gams.uni-graz.at/o:glossvibe.bvi#Jon_304_92a,Ang,Ang.51a26a_1,mundo,VERB
,BCr.28a04: .i.mundari .uel consecrari. uel lauari.    'cleansed or consecrated or washed',BCr.28a04,http://gams.uni-graz.at/o:glossvibe.bvi#BCr.28a04.1,mundari,VERB,pres.infinitive.pass.,mundo,la,gl. lustrariShow Parallels,http://gams.uni-graz.at/o:glossvibe.bvi#Jon_304_92a,BCr,BCr.28a04_1,mundo,VERB
,BCr.28a04: .i.mundari .uel consecrari. uel lauari.    'cleansed or consecrated or washed',BCr.28a04,http://gams.uni-graz.at/o:glossvibe.bvi#BCr.28a04.2,uel,CCONJ,,uel,la,gl. lustrariShow Parallels,http://gams.uni-graz.at/o:glossvibe.bvi#Jon_304_92a,BCr,BCr.28a04_2,uel,CCONJ
,BCr.28a04: .i.mundari .uel consecrari. uel lauari.    'cleansed or consecrated or washed',BCr.28a04,http://gams.uni-graz.at/o:glossvibe.bvi#BCr.28a04.2,uel,CCONJ,,uel,la,gl. lustrariShow Parallels,http://gams.uni-graz.at/o:glossvibe.bvi#Jon_304_92a,BCr,BCr.28a04_4,uel,CCONJ
,BCr.28a04: .i.mundari .uel consecrari. uel lauari.    'cleansed or consecrated or washed',BCr.28a04,http://gams.uni-graz.at/o:glossvibe.bvi#BCr.28a04.3,consecrari,VERB,pres.infinitive.pass.,consecro,la,gl. lustrariShow Parallels,http://gams.uni-graz.at/o:glossvibe.bvi#Jon_304_92a,BCr,BCr.28a04_3,consecro,VERB
,BCr.28a04: .i.mundari .uel consecrari. uel lauari.    'cleansed or consecrated or washed',BCr.28a04,http://gams.uni-graz.at/o:glossvibe.bvi#BCr.28a04.4,uel,CCONJ,,uel,la,gl. lustrariShow Parallels,http://gams.uni-graz.at/o:glossvibe.bvi#Jon_304_92a,BCr,BCr.28a04_2,uel,CCONJ
,BCr.28a04: .i.mundari .uel consecrari. uel lauari.    'cleansed or consecrated or washed',BCr.28a04,http://gams.uni-graz.at/o:glossvibe.bvi#BCr.28a04.4,uel,CCONJ,,uel,la,gl. lustrariShow Parallels,http://gams.uni-graz.at/o:glossvibe.bvi#Jon_304_92a,BCr,BCr.28a04_4,uel,CCONJ
,BCr.28a04: .i.mundari .uel consecrari. uel lauari.    'cleansed or consecrated or washed',BCr.28a04,http://gams.uni-graz.at/o:glossvibe.bvi#BCr.28a04.5,lauari,VERB,pres.infinitive.pass.,lauo,la,gl. lustrariShow Parallels,http://gams.uni-graz.at/o:glossvibe.bvi#Jon_304_92a,BCr,BCr.28a04_5,lauo,VERB
,Sg.58.02: .i. mundari    'i.e. cleansed',Sg.58.02,http://gams.uni-graz.at/o:glossvibe.bvi#Sg.58.02.1,mundari,VERB,pres.infinitive.pass.,mundo,la,gl. lustrariShow Parallels,http://gams.uni-graz.at/o:glossvibe.bvi#Jon_304_92a,Sg,Sg.58.02_1,mundo,VERB
,BVi.01d30a: arg capientibus et curi osis    '',BVi.01d30a,http://gams.uni-graz.at/o:glossvibe.bvi#BVi.01d30a.0,arg,NOUN,nom.sg.fem.,argumentum,la,gl.,http://gams.uni-graz.at/o:glossvibe.bvi#Jon_305_11a,BVi,BVi.01d30a_1,arg,NOUN
,BVi.01d30a: arg capientibus et curi osis    '',BVi.01d30a,http://gams.uni-graz.at/o:glossvibe.bvi#BVi.01d30a.1,capientibus,VERB,abl.pl.masc.participle.,capio,la,gl.,http://gams.uni-graz.at/o:glossvibe.bvi#Jon_305_11a,BVi,BVi.01d30a_2,capio,VERB
,BVi.01d30a: arg capientibus et curi osis    '',BVi.01d30a,http://gams.uni-graz.at/o:glossvibe.bvi#BVi.01d30a.2,et,CCONJ,,et,la,gl.,http://gams.uni-graz.at/o:glossvibe.bvi#Jon_305_11a,BVi,BVi.01d30a_3,et,CCONJ
,BVi.01d30a: arg capientibus et curi osis    '',BVi.01d30a,http://gams.uni-graz.at/o:glossvibe.bvi#BVi.01d30a.3,curiosis,ADJ,abl.pl.neut.pos.,curiosus,la,gl.,http://gams.uni-graz.at/o:glossvibe.bvi#Jon_305_11a,BVi,BVi.01d30a_4,curiosus,ADJ
,Ang.51b03a: profetiam    'prophecy',Ang.51b03a,http://gams.uni-graz.at/o:glossvibe.bvi#Ang.51b03a.0,profetiam,NOUN,acc.sg.fem.,prophetia,la,gl. margaritasShow Parallels,http://gams.uni-graz.at/o:glossvibe.bvi#Jon_305_12a,Ang,Ang.51b03a_1,profetia,NOUN
,BCr.28a30: profetiae    'prophecies',BCr.28a30,http://gams.uni-graz.at/o:glossvibe.bvi#BCr.28a30.0,profetiae,NOUN,nom.pl.fem.,prophetia,la,gl. margaritasShow Parallels,http://gams.uni-graz.at/o:glossvibe.bvi#Jon_305_12a,BCr,BCr.28a30_1,profetia,NOUN
,BVi.01d30b: profoetie    'prophecies',BVi.01d30b,http://gams.uni-graz.at/o:glossvibe.bvi#BVi.01d30b.0,profoetie,NOUN,nom.pl.fem.,prophetia,la,gl. margaritasShow Parallels,http://gams.uni-graz.at/o:glossvibe.bvi#Jon_305_12a,BVi,BVi.01d30b_1,profoetie,NOUN
,BVi.01d30c: eclesiae    'churches',BVi.01d30c,http://gams.uni-graz.at/o:glossvibe.bvi#BVi.01d30c.0,eclesiae,NOUN,nom.pl.fem.,ecclesia,la,gl. clausas,http://gams.uni-graz.at/o:glossvibe.bvi#Jon_305_12b,BVi,BVi.01d30c_1,eclesia,NOUN
,BVi.01d37: lex    'law',BVi.01d37,http://gams.uni-graz.at/o:glossvibe.bvi#BVi.01d37.0,lex,NOUN,nom.sg.fem.,lex,la,gl. uisio,http://gams.uni-graz.at/o:glossvibe.bvi#Jon_305_19a,BVi,BVi.01d37_1,lex,NOUN
,Ang.51b08a: christus spiritu sancto    'Christ holy spirit',Ang.51b08a,http://gams.uni-graz.at/o:glossvibe.bvi#Ang.51b08a.0,christus,PROPN,nom.sg.masc.pos.,christus,la,gl. oleo laetitiaeShow Parallels,http://gams.uni-graz.at/o:glossvibe.bvi#Jon_305_21-2a,Ang,Ang.51b08a_1,christus,ADJ
,Ang.51b08a: christus spiritu sancto    'Christ holy spirit',Ang.51b08a,http://gams.uni-graz.at/o:glossvibe.bvi#Ang.51b08a.1,spiritu,NOUN,abl.sg.masc.,spiritus,la,gl. oleo laetitiaeShow Parallels,http://gams.uni-graz.at/o:glossvibe.bvi#Jon_305_21-2a,Ang,Ang.51b08a_2,spiritus,NOUN
,Ang.51b08a: christus spiritu sancto    'Christ holy spirit',Ang.51b08a,http://gams.uni-graz.at/o:glossvibe.bvi#Ang.51b08a.2,sancto,ADJ,abl.sg.masc.pos.,sanctus,la,gl. oleo laetitiaeShow Parallels,http://gams.uni-graz.at/o:glossvibe.bvi#Jon_305_21-2a,Ang,Ang.51b08a_3,sanctus,ADJ
,BCr.28a44: spiritu sancto    'holy spirit',BCr.28a44,http://gams.uni-graz.at/o:glossvibe.bvi#BCr.28a44.0,spiritu,NOUN,abl.sg.masc.,spiritus,la,gl. oleo laetitiaeShow Parallels,http://gams.uni-graz.at/o:glossvibe.bvi#Jon_305_21-2a,BCr,BCr.28a44_1,spiritus,NOUN
,BCr.28a44: spiritu sancto    'holy spirit',BCr.28a44,http://gams.uni-graz.at/o:glossvibe.bvi#BCr.28a44.1,sancto,ADJ,abl.sg.masc.pos.,sanctus,la,gl. oleo laetitiaeShow Parallels,http://gams.uni-graz.at/o:glossvibe.bvi#Jon_305_21-2a,BCr,BCr.28a44_2,sanctus,ADJ
,BVi.01d40a: spiritus sanctus    'holy spirit',BVi.01d40a,http://gams.uni-graz.at/o:glossvibe.bvi#BVi.01d40a.0,spiritus,NOUN,nom.sg.masc.,spiritus,la,gl. oleo laetitiaeShow Parallels,http://gams.uni-graz.at/o:glossvibe.bvi#Jon_305_21-2a,BVi,BVi.01d40a_1,spiritus,NOUN
,BVi.01d40a: spiritus sanctus    'holy spirit',BVi.01d40a,http://gams.uni-graz.at/o:glossvibe.bvi#BVi.01d40a.1,sanctus,ADJ,nom.sg.masc.pos.,sanctus,la,gl. oleo laetitiaeShow Parallels,http://gams.uni-graz.at/o:glossvibe.bvi#Jon_305_21-2a,BVi,BVi.01d40a_2,sanctus,ADJ
,Sg.58.25: .i. spiritu sancto    'holy spirit',Sg.58.25,http://gams.uni-graz.at/o:glossvibe.bvi#Sg.58.25.1,spiritu,ADJ,abl.sg.masc.pos.,sanctus,la,gl. oleo laetitiaeShow Parallels,http://gams.uni-graz.at/o:glossvibe.bvi#Jon_305_21-2a,Sg,Sg.58.25_1,spiritus,NOUN
,Sg.58.25: .i. spiritu sancto    'holy spirit',Sg.58.25,http://gams.uni-graz.at/o:glossvibe.bvi#Sg.58.25.2,sancto,ADJ,abl.sg.masc.,sanctus,la,gl. oleo laetitiaeShow Parallels,http://gams.uni-graz.at/o:glossvibe.bvi#Jon_305_21-2a,Sg,Sg.58.25_2,sanctus,ADJ
,BVi.01d40b: profoetis et apostolis    'prophets and apostles',BVi.01d40b,http://gams.uni-graz.at/o:glossvibe.bvi#BVi.01d40b.0,profoetis,NOUN,abl.pl.fem.,prophetium,la,gl. prae participibus suis,http://gams.uni-graz.at/o:glossvibe.bvi#Jon_305_22b,BVi,BVi.01d40b_1,profero,VERB
,BVi.01d40b: profoetis et apostolis    'prophets and apostles',BVi.01d40b,http://gams.uni-graz.at/o:glossvibe.bvi#BVi.01d40b.1,et,CCONJ,,et,la,gl. prae participibus suis,http://gams.uni-graz.at/o:glossvibe.bvi#Jon_305_22b,BVi,BVi.01d40b_2,et,CCONJ
,BVi.01d40b: profoetis et apostolis    'prophets and apostles',BVi.01d40b,http://gams.uni-graz.at/o:glossvibe.bvi#BVi.01d40b.2,apostolis,NOUN,abl.pl.masc.,apostolus,la,gl. prae participibus suis,http://gams.uni-graz.at/o:glossvibe.bvi#Jon_305_22b,BVi,BVi.01d40b_3,apostolus,NOUN
,BVi.01d24: .i. lunae    'of the moon',BVi.01d24,http://gams.uni-graz.at/o:glossvibe.bvi#BVi.01d24.1,lunae,NOUN,gen.sg.fem.,luna,la,gl. singulos,http://gams.uni-graz.at/o:glossvibe.bvi#Jon_305_5a,BVi,BVi.01d24_1,luna,NOUN
,BVi.01d26a.18a: .i. anno co mis embolism    'i.e. in a year with the embolismic month',BVi.01d26a.18a,http://gams.uni-graz.at/o:glossvibe.bvi#BVi.01d26a.18a.1,anno,NOUN,abl.sg.masc.,annus,la,gl. tertio uel altero anno,http://gams.uni-graz.at/o:glossvibe.bvi#Jon_305_7a,BVi,BVi.01d26a.18a_1,annus,NOUN
,Ang.51a36b: .i. ogdad    '.i. octad',Ang.51a36b,http://gams.uni-graz.at/o:glossvibe.bvi#Ang.51a36b.1,ogdad,,,,la,gl. singulos adiiciensShow Parallels,http://gams.uni-graz.at/o:glossvibe.bvi#Jon_305_7b,Ang,Ang.51a36b_1,ogdo,VERB
,BCr.28a25: ogdad et endicad    'octad and ???',BCr.28a25,http://gams.uni-graz.at/o:glossvibe.bvi#BCr.28a25.0,ogdad,,,,la,gl. singulos adiiciensShow Parallels,http://gams.uni-graz.at/o:glossvibe.bvi#Jon_305_7b,BCr,BCr.28a25_1,ogdo,VERB
,BCr.28a25: ogdad et endicad    'octad and ???',BCr.28a25,http://gams.uni-graz.at/o:glossvibe.bvi#BCr.28a25.1,et,CCONJ,,et,la,gl. singulos adiiciensShow Parallels,http://gams.uni-graz.at/o:glossvibe.bvi#Jon_305_7b,BCr,BCr.28a25_2,et,CCONJ
,BCr.28a25: ogdad et endicad    'octad and ???',BCr.28a25,http://gams.uni-graz.at/o:glossvibe.bvi#BCr.28a25.2,endicad,,,,la,gl. singulos adiiciensShow Parallels,http://gams.uni-graz.at/o:glossvibe.bvi#Jon_305_7b,BCr,BCr.28a25_3,endico,VERB
,Ang.51b11d: angelus    'angel',Ang.51b11d,http://gams.uni-graz.at/o:glossvibe.bvi#Ang.51b11d.0,angelus,NOUN,nom.sg.masc.,angelus,la,gl. asseritShow Parallels,http://gams.uni-graz.at/o:glossvibe.bvi#Jon_306_25a,Ang,Ang.51b11d_1,angelus,NOUN
,BVi.01d43: angelus    'angel',BVi.01d43,http://gams.uni-graz.at/o:glossvibe.bvi#BVi.01d43.0,angelus,NOUN,nom.sg.masc.,angelus,la,gl. asseritShow Parallels,http://gams.uni-graz.at/o:glossvibe.bvi#Jon_306_25a,BVi,BVi.01d43_1,angelus,NOUN
,BVi.02a10: di es    'day',BVi.02a10,http://gams.uni-graz.at/o:glossvibe.bvi#BVi.02a10.0,dies,NOUN,nom.sg.masc.,dies,la,gl. tertia,http://gams.uni-graz.at/o:glossvibe.bvi#Jon_314_34a,BVi,BVi.02a10_1,dies,NOUN
,BCr.29a50: innumero    'in number',BCr.29a50,http://gams.uni-graz.at/o:glossvibe.bvi#BCr.29a50.0,in,ADP,,in,la,gl. summaShow Parallels,http://gams.uni-graz.at/o:glossvibe.bvi#Jon_315_42a,BCr,BCr.29a50_1,in,ADP
,BCr.29a50: innumero    'in number',BCr.29a50,http://gams.uni-graz.at/o:glossvibe.bvi#BCr.29a50.1,numero,NOUN,abl.sg.masc.,numerus,la,gl. summaShow Parallels,http://gams.uni-graz.at/o:glossvibe.bvi#Jon_315_42a,BCr,BCr.29a50_2,numerus,NOUN
,BVi.02a18a: numero    'number',BVi.02a18a,http://gams.uni-graz.at/o:glossvibe.bvi#BVi.02a18a.0,numero,NOUN,abl.sg.masc.,numerus,la,gl. summaShow Parallels,http://gams.uni-graz.at/o:glossvibe.bvi#Jon_315_42a,BVi,BVi.02a18a_1,numero,ADV
,BVi.02a18b: .i. dies    'i.e. day',BVi.02a18b,http://gams.uni-graz.at/o:glossvibe.bvi#BVi.02a18b.1,dies,NOUN,nom.sg.masc.,dies,la,gl. temporis,http://gams.uni-graz.at/o:glossvibe.bvi#Jon_315_42b,BVi,BVi.02a18b_1,dies,NOUN
,"Ang.53b01a: i. xiuiiii .i. unus deest de .l.,    'i.e. nineteen i.e. one missing from fifty'",Ang.53b01a,http://gams.uni-graz.at/o:glossvibe.bvi#Ang.53b01a.0,i.,,,.i.,la,gl. non plusquam unde l diesShow Parallels,http://gams.uni-graz.at/o:glossvibe.bvi#Jon_315_43-44a,Ang,Ang.53b01a_1,i.,NUM
,"Ang.53b01a: i. xiuiiii .i. unus deest de .l.,    'i.e. nineteen i.e. one missing from fifty'",Ang.53b01a,http://gams.uni-graz.at/o:glossvibe.bvi#Ang.53b01a.3,unus,NUM,nom.sg.masc.,unus,la,gl. non plusquam unde l diesShow Parallels,http://gams.uni-graz.at/o:glossvibe.bvi#Jon_315_43-44a,Ang,Ang.53b01a_1,unus,DET
,"Ang.53b01a: i. xiuiiii .i. unus deest de .l.,    'i.e. nineteen i.e. one missing from fifty'",Ang.53b01a,http://gams.uni-graz.at/o:glossvibe.bvi#Ang.53b01a.4,deest,VERB,3sg.pres.ind.act.,desum,la,gl. non plusquam unde l diesShow Parallels,http://gams.uni-graz.at/o:glossvibe.bvi#Jon_315_43-44a,Ang,Ang.53b01a_2,desum,VERB
,"Ang.53b01a: i. xiuiiii .i. unus deest de .l.,    'i.e. nineteen i.e. one missing from fifty'",Ang.53b01a,http://gams.uni-graz.at/o:glossvibe.bvi#Ang.53b01a.5,de,ADP,,de,la,gl. non plusquam unde l diesShow Parallels,http://gams.uni-graz.at/o:glossvibe.bvi#Jon_315_43-44a,Ang,Ang.53b01a_3,de,ADP
,"Ang.53b01a: i. xiuiiii .i. unus deest de .l.,    'i.e. nineteen i.e. one missing from fifty'",Ang.53b01a,http://gams.uni-graz.at/o:glossvibe.bvi#Ang.53b01a.6,l,NUM,,(Roman numerals),la,gl. non plusquam unde l diesShow Parallels,http://gams.uni-graz.at/o:glossvibe.bvi#Jon_315_43-44a,Ang,Ang.53b01a_4,l,NUM
,BVi.02a19: .i. unus deest de .l.    'one missing from fifty',BVi.02a19,http://gams.uni-graz.at/o:glossvibe.bvi#BVi.02a19.1,unus,NUM,nom.sg.masc.,unus,la,gl. non plusquam unde l diesShow Parallels,http://gams.uni-graz.at/o:glossvibe.bvi#Jon_315_43-44a,BVi,BVi.02a19_1,unus,DET
,BVi.02a19: .i. unus deest de .l.    'one missing from fifty',BVi.02a19,http://gams.uni-graz.at/o:glossvibe.bvi#BVi.02a19.2,deest,VERB,3sg.pres.ind.act.,desum,la,gl. non plusquam unde l diesShow Parallels,http://gams.uni-graz.at/o:glossvibe.bvi#Jon_315_43-44a,BVi,BVi.02a19_2,desum,VERB
,BVi.02a19: .i. unus deest de .l.    'one missing from fifty',BVi.02a19,http://gams.uni-graz.at/o:glossvibe.bvi#BVi.02a19.4,de,ADP,,de,la,gl. non plusquam unde l diesShow Parallels,http://gams.uni-graz.at/o:glossvibe.bvi#Jon_315_43-44a,BVi,BVi.02a19_3,de,ADP
,BCr.29b04: in quo fuit noe    'in which Noah was',BCr.29b04,http://gams.uni-graz.at/o:glossvibe.bvi#BCr.29b04.0,in,ADP,,in,la,gl. quae praesentiShow Parallels,http://gams.uni-graz.at/o:glossvibe.bvi#Jon_315_52a,BCr,BCr.29b04_1,in,ADP
,BCr.29b04: in quo fuit noe    'in which Noah was',BCr.29b04,http://gams.uni-graz.at/o:glossvibe.bvi#BCr.29b04.1,quo,PRON,abl.sg.neut.,qui,la,gl. quae praesentiShow Parallels,http://gams.uni-graz.at/o:glossvibe.bvi#Jon_315_52a,BCr,BCr.29b04_2,qui,PRON
,BCr.29b04: in quo fuit noe    'in which Noah was',BCr.29b04,http://gams.uni-graz.at/o:glossvibe.bvi#BCr.29b04.2,fuit,VERB,3sg.past.ind.act.,sum,la,gl. quae praesentiShow Parallels,http://gams.uni-graz.at/o:glossvibe.bvi#Jon_315_52a,BCr,BCr.29b04_3,sum,AUX
,BCr.29b04: in quo fuit noe    'in which Noah was',BCr.29b04,http://gams.uni-graz.at/o:glossvibe.bvi#BCr.29b04.3,noe,PROPN,nom.sg.masc.,noe,la,gl. quae praesentiShow Parallels,http://gams.uni-graz.at/o:glossvibe.bvi#Jon_315_52a,BCr,BCr.29b04_4,noe,PROPN
,BVi.02a28.19a: .i. noe    'i.e. Noah',BVi.02a28.19a,http://gams.uni-graz.at/o:glossvibe.bvi#BVi.02a28.19a.1,noe,PROPN,nom.sg.masc.,noe,la,gl. quae praesentiShow Parallels,http://gams.uni-graz.at/o:glossvibe.bvi#Jon_315_52a,BVi,BVi.02a28.19a_1,noe,PROPN
,BVi.02a30a: et xxuiii    'and twenty-eight',BVi.02a30a,http://gams.uni-graz.at/o:glossvibe.bvi#BVi.02a30a.0,et,CCONJ,,et,la,gl. xxuii pridie nonas,http://gams.uni-graz.at/o:glossvibe.bvi#Jon_315_54a,BVi,BVi.02a30a_1,et,CCONJ
,BVi.02a30.20b: for nonus    'on nonas',BVi.02a30.20b,http://gams.uni-graz.at/o:glossvibe.bvi#BVi.02a30.20b.18a.1,nonus,NOUN,nom.sg.masc.,nonus,la,gl. nonas maias,http://gams.uni-graz.at/o:glossvibe.bvi#Jon_315_54b,BVi,BVi.02a30.20b_1,nonus,ADJ
,Ang.53b08b: luna    'moon',Ang.53b08b,http://gams.uni-graz.at/o:glossvibe.bvi#Ang.53b08b.0,luna,NOUN,nom.sg.fem.,luna,la,gl. mensemShow Parallels,http://gams.uni-graz.at/o:glossvibe.bvi#Jon_316_55a,Ang,Ang.53b08b_1,luna,NOUN
,BVi.02a31: .i. luna    'i.e. moon',BVi.02a31,http://gams.uni-graz.at/o:glossvibe.bvi#BVi.02a31.1,luna,NOUN,nom.sg.fem.,luna,la,gl. mensemShow Parallels,http://gams.uni-graz.at/o:glossvibe.bvi#Jon_316_55a,BVi,BVi.02a31_1,luna,NOUN
,"Ang.53b11a: ? adsolem sequendum tamen    'however, to follow the sun'",Ang.53b11a,http://gams.uni-graz.at/o:glossvibe.bvi#Ang.53b11a.0,ad,ADP,,ad,la,gl. cursus ordinem xxuiiii diebusShow Parallels,http://gams.uni-graz.at/o:glossvibe.bvi#Jon_316_59a,Ang,Ang.53b11a_1,ad,ADP
,"Ang.53b11a: ? adsolem sequendum tamen    'however, to follow the sun'",Ang.53b11a,http://gams.uni-graz.at/o:glossvibe.bvi#Ang.53b11a.1,solem,NOUN,acc.sg.masc.,sol,la,gl. cursus ordinem xxuiiii diebusShow Parallels,http://gams.uni-graz.at/o:glossvibe.bvi#Jon_316_59a,Ang,Ang.53b11a_2,sol,NOUN
,"Ang.53b11a: ? adsolem sequendum tamen    'however, to follow the sun'",Ang.53b11a,http://gams.uni-graz.at/o:glossvibe.bvi#Ang.53b11a.2,sequendum,VERB,gerund.acc.sg.,sequor,la,gl. cursus ordinem xxuiiii diebusShow Parallels,http://gams.uni-graz.at/o:glossvibe.bvi#Jon_316_59a,Ang,Ang.53b11a_3,sequor,VERB
,"Ang.53b11a: ? adsolem sequendum tamen    'however, to follow the sun'",Ang.53b11a,http://gams.uni-graz.at/o:glossvibe.bvi#Ang.53b11a.3,tamen,ADV,,tamen,la,gl. cursus ordinem xxuiiii diebusShow Parallels,http://gams.uni-graz.at/o:glossvibe.bvi#Jon_316_59a,Ang,Ang.53b11a_4,tamen,ADV
,BVi.02a39: ??? re xiimam signum    '??? twelfth sign',BVi.02a39,http://gams.uni-graz.at/o:glossvibe.bvi#BVi.02a39.0,signum,NOUN,nom.sg.neut.,signum,la,gl. per xxiimam partem zodiaci,http://gams.uni-graz.at/o:glossvibe.bvi#Jon_316_63a,BVi,BVi.02a39_1,signum,NOUN
,Ang.53b21: .i. solis etlunae    'i.e. of the sun and of the moon',Ang.53b21,http://gams.uni-graz.at/o:glossvibe.bvi#Ang.53b21.1,solis,NOUN,gen.sg.masc.,sol,la,gl. in utroque menseShow Parallels,http://gams.uni-graz.at/o:glossvibe.bvi#Jon_317_74a,Ang,Ang.53b21_1,sol,NOUN
,Ang.53b21: .i. solis etlunae    'i.e. of the sun and of the moon',Ang.53b21,http://gams.uni-graz.at/o:glossvibe.bvi#Ang.53b21.2,et,CCONJ,,et,la,gl. in utroque menseShow Parallels,http://gams.uni-graz.at/o:glossvibe.bvi#Jon_317_74a,Ang,Ang.53b21_2,et,CCONJ
,Ang.53b21: .i. solis etlunae    'i.e. of the sun and of the moon',Ang.53b21,http://gams.uni-graz.at/o:glossvibe.bvi#Ang.53b21.3,lunae,NOUN,gen.sg.fem.,luna,la,gl. in utroque menseShow Parallels,http://gams.uni-graz.at/o:glossvibe.bvi#Jon_317_74a,Ang,Ang.53b21_3,luna,NOUN
,BVi.02b07: solis et lunae    'of the sun and of the moon',BVi.02b07,http://gams.uni-graz.at/o:glossvibe.bvi#BVi.02b07.0,solis,NOUN,gen.sg.masc.,sol,la,gl. in utroque menseShow Parallels,http://gams.uni-graz.at/o:glossvibe.bvi#Jon_317_74a,BVi,BVi.02b07_1,sol,NOUN
,BVi.02b07: solis et lunae    'of the sun and of the moon',BVi.02b07,http://gams.uni-graz.at/o:glossvibe.bvi#BVi.02b07.1,et,CCONJ,,et,la,gl. in utroque menseShow Parallels,http://gams.uni-graz.at/o:glossvibe.bvi#Jon_317_74a,BVi,BVi.02b07_2,et,CCONJ
,BVi.02b07: solis et lunae    'of the sun and of the moon',BVi.02b07,http://gams.uni-graz.at/o:glossvibe.bvi#BVi.02b07.2,lunae,NOUN,gen.sg.fem.,luna,la,gl. in utroque menseShow Parallels,http://gams.uni-graz.at/o:glossvibe.bvi#Jon_317_74a,BVi,BVi.02b07_3,luna,NOUN
,BCr.29c01: super lunares quia mene luna interpretatur et epo super    'superlunar because ＂mene＂ means ＂luna＂ and ＂epo＂ ＂super＂',BCr.29c01,http://gams.uni-graz.at/o:glossvibe.bvi#BCr.29c01.0,super,ADP,,super,la,gl. epagomenasShow Parallels,http://gams.uni-graz.at/o:glossvibe.bvi#Jon_318_98a,BCr,BCr.29c01_1,super,ADP
,BCr.29c01: super lunares quia mene luna interpretatur et epo super    'superlunar because ＂mene＂ means ＂luna＂ and ＂epo＂ ＂super＂',BCr.29c01,http://gams.uni-graz.at/o:glossvibe.bvi#BCr.29c01.0,super,ADP,,super,la,gl. epagomenasShow Parallels,http://gams.uni-graz.at/o:glossvibe.bvi#Jon_318_98a,BCr,BCr.29c01_9,super,ADP
,BCr.29c01: super lunares quia mene luna interpretatur et epo super    'superlunar because ＂mene＂ means ＂luna＂ and ＂epo＂ ＂super＂',BCr.29c01,http://gams.uni-graz.at/o:glossvibe.bvi#BCr.29c01.1,lunares,ADJ,acc.pl.masc.pos.,lunares,la,gl. epagomenasShow Parallels,http://gams.uni-graz.at/o:glossvibe.bvi#Jon_318_98a,BCr,BCr.29c01_2,lunaris,ADJ
,BCr.29c01: super lunares quia mene luna interpretatur et epo super    'superlunar because ＂mene＂ means ＂luna＂ and ＂epo＂ ＂super＂',BCr.29c01,http://gams.uni-graz.at/o:glossvibe.bvi#BCr.29c01.2,quia,SCONJ,,quia,la,gl. epagomenasShow Parallels,http://gams.uni-graz.at/o:glossvibe.bvi#Jon_318_98a,BCr,BCr.29c01_3,quia,SCONJ
,BCr.29c01: super lunares quia mene luna interpretatur et epo super    'superlunar because ＂mene＂ means ＂luna＂ and ＂epo＂ ＂super＂',BCr.29c01,http://gams.uni-graz.at/o:glossvibe.bvi#BCr.29c01.3,mene,,,,la,gl. epagomenasShow Parallels,http://gams.uni-graz.at/o:glossvibe.bvi#Jon_318_98a,BCr,BCr.29c01_4,menesis,NOUN
,BCr.29c01: super lunares quia mene luna interpretatur et epo super    'superlunar because ＂mene＂ means ＂luna＂ and ＂epo＂ ＂super＂',BCr.29c01,http://gams.uni-graz.at/o:glossvibe.bvi#BCr.29c01.4,luna,NOUN,nom.sg.fem.,luna,la,gl. epagomenasShow Parallels,http://gams.uni-graz.at/o:glossvibe.bvi#Jon_318_98a,BCr,BCr.29c01_5,luna,NOUN
,BCr.29c01: super lunares quia mene luna interpretatur et epo super    'superlunar because ＂mene＂ means ＂luna＂ and ＂epo＂ ＂super＂',BCr.29c01,http://gams.uni-graz.at/o:glossvibe.bvi#BCr.29c01.5,interpretatur,VERB,3sg.pres.ind.pass.,interpretor,la,gl. epagomenasShow Parallels,http://gams.uni-graz.at/o:glossvibe.bvi#Jon_318_98a,BCr,BCr.29c01_6,interpretor,VERB
,BCr.29c01: super lunares quia mene luna interpretatur et epo super    'superlunar because ＂mene＂ means ＂luna＂ and ＂epo＂ ＂super＂',BCr.29c01,http://gams.uni-graz.at/o:glossvibe.bvi#BCr.29c01.6,et,CCONJ,,et,la,gl. epagomenasShow Parallels,http://gams.uni-graz.at/o:glossvibe.bvi#Jon_318_98a,BCr,BCr.29c01_7,et,CCONJ
,BCr.29c01: super lunares quia mene luna interpretatur et epo super    'superlunar because ＂mene＂ means ＂luna＂ and ＂epo＂ ＂super＂',BCr.29c01,http://gams.uni-graz.at/o:glossvibe.bvi#BCr.29c01.7,epo,,,,la,gl. epagomenasShow Parallels,http://gams.uni-graz.at/o:glossvibe.bvi#Jon_318_98a,BCr,BCr.29c01_8,epo,VERB
,BCr.29c01: super lunares quia mene luna interpretatur et epo super    'superlunar because ＂mene＂ means ＂luna＂ and ＂epo＂ ＂super＂',BCr.29c01,http://gams.uni-graz.at/o:glossvibe.bvi#BCr.29c01.8,super,ADP,,super,la,gl. epagomenasShow Parallels,http://gams.uni-graz.at/o:glossvibe.bvi#Jon_318_98a,BCr,BCr.29c01_1,super,ADP
,BCr.29c01: super lunares quia mene luna interpretatur et epo super    'superlunar because ＂mene＂ means ＂luna＂ and ＂epo＂ ＂super＂',BCr.29c01,http://gams.uni-graz.at/o:glossvibe.bvi#BCr.29c01.8,super,ADP,,super,la,gl. epagomenasShow Parallels,http://gams.uni-graz.at/o:glossvibe.bvi#Jon_318_98a,BCr,BCr.29c01_9,super,ADP
,Sg.63.21: i. super lunares quia mene luna interpretatur et epo super    'i.e. superlunar because ＂mene＂ means ＂luna＂ and ＂epo＂ ＂super＂',Sg.63.21,http://gams.uni-graz.at/o:glossvibe.bvi#Sg.63.21.1,super,ADP,,super,la,gl. epagomenasShow Parallels,http://gams.uni-graz.at/o:glossvibe.bvi#Jon_318_98a,Sg,Sg.63.21_1,super,ADP
,Sg.63.21: i. super lunares quia mene luna interpretatur et epo super    'i.e. superlunar because ＂mene＂ means ＂luna＂ and ＂epo＂ ＂super＂',Sg.63.21,http://gams.uni-graz.at/o:glossvibe.bvi#Sg.63.21.1,super,ADP,,super,la,gl. epagomenasShow Parallels,http://gams.uni-graz.at/o:glossvibe.bvi#Jon_318_98a,Sg,Sg.63.21_9,super,ADP
,Sg.63.21: i. super lunares quia mene luna interpretatur et epo super    'i.e. superlunar because ＂mene＂ means ＂luna＂ and ＂epo＂ ＂super＂',Sg.63.21,http://gams.uni-graz.at/o:glossvibe.bvi#Sg.63.21.2,lunares,ADJ,acc.pl.masc.pos.,lunares,la,gl. epagomenasShow Parallels,http://gams.uni-graz.at/o:glossvibe.bvi#Jon_318_98a,Sg,Sg.63.21_2,lunaris,ADJ
,Sg.63.21: i. super lunares quia mene luna interpretatur et epo super    'i.e. superlunar because ＂mene＂ means ＂luna＂ and ＂epo＂ ＂super＂',Sg.63.21,http://gams.uni-graz.at/o:glossvibe.bvi#Sg.63.21.3,quia,SCONJ,,quia,la,gl. epagomenasShow Parallels,http://gams.uni-graz.at/o:glossvibe.bvi#Jon_318_98a,Sg,Sg.63.21_3,quia,SCONJ
,Sg.63.21: i. super lunares quia mene luna interpretatur et epo super    'i.e. superlunar because ＂mene＂ means ＂luna＂ and ＂epo＂ ＂super＂',Sg.63.21,http://gams.uni-graz.at/o:glossvibe.bvi#Sg.63.21.4,mene,,,,la,gl. epagomenasShow Parallels,http://gams.uni-graz.at/o:glossvibe.bvi#Jon_318_98a,Sg,Sg.63.21_4,menesis,NOUN
,Sg.63.21: i. super lunares quia mene luna interpretatur et epo super    'i.e. superlunar because ＂mene＂ means ＂luna＂ and ＂epo＂ ＂super＂',Sg.63.21,http://gams.uni-graz.at/o:glossvibe.bvi#Sg.63.21.5,luna,NOUN,nom.sg.fem.,luna,la,gl. epagomenasShow Parallels,http://gams.uni-graz.at/o:glossvibe.bvi#Jon_318_98a,Sg,Sg.63.21_5,luna,NOUN
,Sg.63.21: i. super lunares quia mene luna interpretatur et epo super    'i.e. superlunar because ＂mene＂ means ＂luna＂ and ＂epo＂ ＂super＂',Sg.63.21,http://gams.uni-graz.at/o:glossvibe.bvi#Sg.63.21.6,interpretatur,VERB,3sg.pres.ind.pass.,interpretor,la,gl. epagomenasShow Parallels,http://gams.uni-graz.at/o:glossvibe.bvi#Jon_318_98a,Sg,Sg.63.21_6,interpretor,VERB
,Sg.63.21: i. super lunares quia mene luna interpretatur et epo super    'i.e. superlunar because ＂mene＂ means ＂luna＂ and ＂epo＂ ＂super＂',Sg.63.21,http://gams.uni-graz.at/o:glossvibe.bvi#Sg.63.21.7,et,CCONJ,,et,la,gl. epagomenasShow Parallels,http://gams.uni-graz.at/o:glossvibe.bvi#Jon_318_98a,Sg,Sg.63.21_7,et,CCONJ
,Sg.63.21: i. super lunares quia mene luna interpretatur et epo super    'i.e. superlunar because ＂mene＂ means ＂luna＂ and ＂epo＂ ＂super＂',Sg.63.21,http://gams.uni-graz.at/o:glossvibe.bvi#Sg.63.21.8,epo,,,,la,gl. epagomenasShow Parallels,http://gams.uni-graz.at/o:glossvibe.bvi#Jon_318_98a,Sg,Sg.63.21_8,epo,VERB
,Sg.63.21: i. super lunares quia mene luna interpretatur et epo super    'i.e. superlunar because ＂mene＂ means ＂luna＂ and ＂epo＂ ＂super＂',Sg.63.21,http://gams.uni-graz.at/o:glossvibe.bvi#Sg.63.21.9,super,ADP,,super,la,gl. epagomenasShow Parallels,http://gams.uni-graz.at/o:glossvibe.bvi#Jon_318_98a,Sg,Sg.63.21_1,super,ADP
,Sg.63.21: i. super lunares quia mene luna interpretatur et epo super    'i.e. superlunar because ＂mene＂ means ＂luna＂ and ＂epo＂ ＂super＂',Sg.63.21,http://gams.uni-graz.at/o:glossvibe.bvi#Sg.63.21.9,super,ADP,,super,la,gl. epagomenasShow Parallels,http://gams.uni-graz.at/o:glossvibe.bvi#Jon_318_98a,Sg,Sg.63.21_9,super,ADP
,"BCr.29c41: .i.astrologis quamuis motauit sens um huius nobis    'i.e. astronomers, however, changed the sense of this for us'",BCr.29c41,http://gams.uni-graz.at/o:glossvibe.bvi#BCr.29c41.1,astrologis,NOUN,dat.pl.masc.,astrologus,la,gl. horoscopisShow Parallels,http://gams.uni-graz.at/o:glossvibe.bvi#Jon_320_20a,BCr,BCr.29c41_1,astrologus,NOUN
,"BCr.29c41: .i.astrologis quamuis motauit sens um huius nobis    'i.e. astronomers, however, changed the sense of this for us'",BCr.29c41,http://gams.uni-graz.at/o:glossvibe.bvi#BCr.29c41.2,quamuis,SCONJ,,quamuis,la,gl. horoscopisShow Parallels,http://gams.uni-graz.at/o:glossvibe.bvi#Jon_320_20a,BCr,BCr.29c41_2,quamuis,SCONJ
,"BCr.29c41: .i.astrologis quamuis motauit sens um huius nobis    'i.e. astronomers, however, changed the sense of this for us'",BCr.29c41,http://gams.uni-graz.at/o:glossvibe.bvi#BCr.29c41.3,motauit,VERB,3sg.past.ind.act.,moto,la,gl. horoscopisShow Parallels,http://gams.uni-graz.at/o:glossvibe.bvi#Jon_320_20a,BCr,BCr.29c41_3,moto,VERB
,"BCr.29c41: .i.astrologis quamuis motauit sens um huius nobis    'i.e. astronomers, however, changed the sense of this for us'",BCr.29c41,http://gams.uni-graz.at/o:glossvibe.bvi#BCr.29c41.4,sensum,NOUN,acc.sg.masc.,sensus,la,gl. horoscopisShow Parallels,http://gams.uni-graz.at/o:glossvibe.bvi#Jon_320_20a,BCr,BCr.29c41_4,sensus,NOUN
,"BCr.29c41: .i.astrologis quamuis motauit sens um huius nobis    'i.e. astronomers, however, changed the sense of this for us'",BCr.29c41,http://gams.uni-graz.at/o:glossvibe.bvi#BCr.29c41.5,huius,DET,gen.sg.masc.,hic,la,gl. horoscopisShow Parallels,http://gams.uni-graz.at/o:glossvibe.bvi#Jon_320_20a,BCr,BCr.29c41_5,hic,DET
,"BCr.29c41: .i.astrologis quamuis motauit sens um huius nobis    'i.e. astronomers, however, changed the sense of this for us'",BCr.29c41,http://gams.uni-graz.at/o:glossvibe.bvi#BCr.29c41.7,nobis,PRON,dat.pl.masc.,nos,la,gl. horoscopisShow Parallels,http://gams.uni-graz.at/o:glossvibe.bvi#Jon_320_20a,BCr,BCr.29c41_6,nos,PRON
,Sg.64.17: i. astrologis    'i.e. astronomers',Sg.64.17,http://gams.uni-graz.at/o:glossvibe.bvi#Sg.64.17.1,astrologis,NOUN,dat.pl.masc.,astrologus,la,gl. horoscopisShow Parallels,http://gams.uni-graz.at/o:glossvibe.bvi#Jon_320_20a,Sg,Sg.64.17_1,astrologus,NOUN
,Ang.54a33c: .i. ianuaris et februaris ánuma.    'i.e. January and February ???',Ang.54a33c,http://gams.uni-graz.at/o:glossvibe.bvi#Ang.54a33c.1,ianuaris,NOUN,nom.sg.fem.,ianuarius,la,gl. praepositos martioShow Parallels,http://gams.uni-graz.at/o:glossvibe.bvi#Jon_321_33a,Ang,Ang.54a33c_1,ianuaris,ADJ
,Ang.54a33c: .i. ianuaris et februaris ánuma.    'i.e. January and February ???',Ang.54a33c,http://gams.uni-graz.at/o:glossvibe.bvi#Ang.54a33c.2,et,CCONJ,,et,la,gl. praepositos martioShow Parallels,http://gams.uni-graz.at/o:glossvibe.bvi#Jon_321_33a,Ang,Ang.54a33c_2,et,CCONJ
,Ang.54a33c: .i. ianuaris et februaris ánuma.    'i.e. January and February ???',Ang.54a33c,http://gams.uni-graz.at/o:glossvibe.bvi#Ang.54a33c.3,februaris,NOUN,nom.sg.masc.,februarius,la,gl. praepositos martioShow Parallels,http://gams.uni-graz.at/o:glossvibe.bvi#Jon_321_33a,Ang,Ang.54a33c_3,februaris,ADJ
,Ang.54a33c: .i. ianuaris et februaris ánuma.    'i.e. January and February ???',Ang.54a33c,http://gams.uni-graz.at/o:glossvibe.bvi#Ang.54a33c.4,á,ADP,,a,la,gl. praepositos martioShow Parallels,http://gams.uni-graz.at/o:glossvibe.bvi#Jon_321_33a,Ang,Ang.54a33c_4,),X
,Ang.54a33c: .i. ianuaris et februaris ánuma.    'i.e. January and February ???',Ang.54a33c,http://gams.uni-graz.at/o:glossvibe.bvi#Ang.54a33c.5,numa,NOUN,,numa,la,gl. praepositos martioShow Parallels,http://gams.uni-graz.at/o:glossvibe.bvi#Jon_321_33a,Ang,Ang.54a33c_5,numa,PROPN
,BVi.02c28: ianuaris et februaris    'January and February',BVi.02c28,http://gams.uni-graz.at/o:glossvibe.bvi#BVi.02c28.0,ianuaris,NOUN,nom.sg.fem.,ianuarius,la,gl. praepositos martioShow Parallels,http://gams.uni-graz.at/o:glossvibe.bvi#Jon_321_33a,BVi,BVi.02c28_1,ianuaris,ADJ
,BVi.02c28: ianuaris et februaris    'January and February',BVi.02c28,http://gams.uni-graz.at/o:glossvibe.bvi#BVi.02c28.1,et,CCONJ,,et,la,gl. praepositos martioShow Parallels,http://gams.uni-graz.at/o:glossvibe.bvi#Jon_321_33a,BVi,BVi.02c28_2,et,CCONJ
,BVi.02c28: ianuaris et februaris    'January and February',BVi.02c28,http://gams.uni-graz.at/o:glossvibe.bvi#BVi.02c28.2,februaris,NOUN,nom.sg.masc.,februarius,la,gl. praepositos martioShow Parallels,http://gams.uni-graz.at/o:glossvibe.bvi#Jon_321_33a,BVi,BVi.02c28_3,februaris,ADJ
,BVi.02c29a: metitoris imperii non imperatoris    'of the measurer of the empire not of the emperor',BVi.02c29a,http://gams.uni-graz.at/o:glossvibe.bvi#BVi.02c29a.0,metitoris,NOUN,gen.sg.masc.,metitor,la,gl.,http://gams.uni-graz.at/o:glossvibe.bvi#Jon_321_34a,BVi,BVi.02c29a_1,metitor,NOUN
,BVi.02c29a: metitoris imperii non imperatoris    'of the measurer of the empire not of the emperor',BVi.02c29a,http://gams.uni-graz.at/o:glossvibe.bvi#BVi.02c29a.1,imperii,NOUN,gen.sg.neut.,imperium,la,gl.,http://gams.uni-graz.at/o:glossvibe.bvi#Jon_321_34a,BVi,BVi.02c29a_2,imperium,NOUN
,BVi.02c29a: metitoris imperii non imperatoris    'of the measurer of the empire not of the emperor',BVi.02c29a,http://gams.uni-graz.at/o:glossvibe.bvi#BVi.02c29a.2,non,NOUN,,non,la,gl.,http://gams.uni-graz.at/o:glossvibe.bvi#Jon_321_34a,BVi,BVi.02c29a_3,non,PART
,BVi.02c29a: metitoris imperii non imperatoris    'of the measurer of the empire not of the emperor',BVi.02c29a,http://gams.uni-graz.at/o:glossvibe.bvi#BVi.02c29a.3,imperatoris,NOUN,gen.sg.masc.,imperator,la,gl.,http://gams.uni-graz.at/o:glossvibe.bvi#Jon_321_34a,BVi,BVi.02c29a_4,imperator,NOUN
,BVi.02c29b: ut iulius u ocaretur    'to be called iulius (July)',BVi.02c29b,http://gams.uni-graz.at/o:glossvibe.bvi#BVi.02c29b.0,ut,SCONJ,,ut,la,gl. in honorem iulii cesaris,http://gams.uni-graz.at/o:glossvibe.bvi#Jon_321_35a,BVi,BVi.02c29b_1,ut,SCONJ
,BVi.02c29b: ut iulius u ocaretur    'to be called iulius (July)',BVi.02c29b,http://gams.uni-graz.at/o:glossvibe.bvi#BVi.02c29b.1,iulius,NOUN,,iulius,la,gl. in honorem iulii cesaris,http://gams.uni-graz.at/o:glossvibe.bvi#Jon_321_35a,BVi,BVi.02c29b_2,iulius,PROPN
,BVi.02c29b: ut iulius u ocaretur    'to be called iulius (July)',BVi.02c29b,http://gams.uni-graz.at/o:glossvibe.bvi#BVi.02c29b.2,uocaretur,VERB,3sg.past.subjunctive.pass.,uoco,la,gl. in honorem iulii cesaris,http://gams.uni-graz.at/o:glossvibe.bvi#Jon_321_35a,BVi,BVi.02c29b_3,uoco,VERB
,BVi.02c29c: .i. qui dimicauit contra augustum    'i.e. who fought against Augustus',BVi.02c29c,http://gams.uni-graz.at/o:glossvibe.bvi#BVi.02c29c.1,qui,PRON,nom.sg.masc.,qui,la,gl. dictatoris,http://gams.uni-graz.at/o:glossvibe.bvi#Jon_321_35b,BVi,BVi.02c29c_1,qui,PRON
,BVi.02c29c: .i. qui dimicauit contra augustum    'i.e. who fought against Augustus',BVi.02c29c,http://gams.uni-graz.at/o:glossvibe.bvi#BVi.02c29c.2,dimicauit,VERB,3sg.past.ind.act.,dimico,la,gl. dictatoris,http://gams.uni-graz.at/o:glossvibe.bvi#Jon_321_35b,BVi,BVi.02c29c_2,dimico,VERB
,BVi.02c29c: .i. qui dimicauit contra augustum    'i.e. who fought against Augustus',BVi.02c29c,http://gams.uni-graz.at/o:glossvibe.bvi#BVi.02c29c.3,contra,ADP,,contra,la,gl. dictatoris,http://gams.uni-graz.at/o:glossvibe.bvi#Jon_321_35b,BVi,BVi.02c29c_3,contra,ADP
,BVi.02c29c: .i. qui dimicauit contra augustum    'i.e. who fought against Augustus',BVi.02c29c,http://gams.uni-graz.at/o:glossvibe.bvi#BVi.02c29c.4,augustum,PROPN,acc.sg.masc.,augustus 2,la,gl. dictatoris,http://gams.uni-graz.at/o:glossvibe.bvi#Jon_321_35b,BVi,BVi.02c29c_4,augustus,NOUN
,"BVi.02cd01.21: Et uiii horis lunaribus reliqua et rethid fri chachrind· binís diebus et seniís horís ocus bisse ittrí mís deacc soli octimchull. ǽrat tonimchéla luna inna óenmís ar nitesta dincotrummus sin· nisi dihuáir ocus bisse ar xxuii diebus :- :- /// hatristimchel deacc trasindami deacc    'and eight lunar hours etc. And it runs up every constellation in two days and six hours and two thirds (of an hour). It is thirteen solar months in going round as far as the Moon goes around in its one month; For from that equality, nothing is lacking except two hours and two thirds (of an hour) on twenty-seven days'",BVi.02cd01.21,http://gams.uni-graz.at/o:glossvibe.bvi#BVi.02cd01.21.0,Et,CCONJ,,et,la,gl. Show Parallels,http://gams.uni-graz.at/o:glossvibe.bvi#Jon_321_47,BVi,BVi.02cd01.21_1,et,CCONJ
,"BVi.02cd01.21: Et uiii horis lunaribus reliqua et rethid fri chachrind· binís diebus et seniís horís ocus bisse ittrí mís deacc soli octimchull. ǽrat tonimchéla luna inna óenmís ar nitesta dincotrummus sin· nisi dihuáir ocus bisse ar xxuii diebus :- :- /// hatristimchel deacc trasindami deacc    'and eight lunar hours etc. And it runs up every constellation in two days and six hours and two thirds (of an hour). It is thirteen solar months in going round as far as the Moon goes around in its one month; For from that equality, nothing is lacking except two hours and two thirds (of an hour) on twenty-seven days'",BVi.02cd01.21,http://gams.uni-graz.at/o:glossvibe.bvi#BVi.02cd01.21.02,horis,,,hora,la,gl. Show Parallels,http://gams.uni-graz.at/o:glossvibe.bvi#Jon_321_47,BVi,BVi.02cd01.21_2,horus,ADJ
,"BVi.02cd01.21: Et uiii horis lunaribus reliqua et rethid fri chachrind· binís diebus et seniís horís ocus bisse ittrí mís deacc soli octimchull. ǽrat tonimchéla luna inna óenmís ar nitesta dincotrummus sin· nisi dihuáir ocus bisse ar xxuii diebus :- :- /// hatristimchel deacc trasindami deacc    'and eight lunar hours etc. And it runs up every constellation in two days and six hours and two thirds (of an hour). It is thirteen solar months in going round as far as the Moon goes around in its one month; For from that equality, nothing is lacking except two hours and two thirds (of an hour) on twenty-seven days'",BVi.02cd01.21,http://gams.uni-graz.at/o:glossvibe.bvi#BVi.02cd01.21.03,lunaribus,ADJ,dat.pl.fem.,lunaris,la,gl. Show Parallels,http://gams.uni-graz.at/o:glossvibe.bvi#Jon_321_47,BVi,BVi.02cd01.21_3,lunaris,ADJ
,"BVi.02cd01.21: Et uiii horis lunaribus reliqua et rethid fri chachrind· binís diebus et seniís horís ocus bisse ittrí mís deacc soli octimchull. ǽrat tonimchéla luna inna óenmís ar nitesta dincotrummus sin· nisi dihuáir ocus bisse ar xxuii diebus :- :- /// hatristimchel deacc trasindami deacc    'and eight lunar hours etc. And it runs up every constellation in two days and six hours and two thirds (of an hour). It is thirteen solar months in going round as far as the Moon goes around in its one month; For from that equality, nothing is lacking except two hours and two thirds (of an hour) on twenty-seven days'",BVi.02cd01.21,http://gams.uni-graz.at/o:glossvibe.bvi#BVi.02cd01.21.04,reliqua,DET,nom.pl.neut.,reliquus,la,gl. Show Parallels,http://gams.uni-graz.at/o:glossvibe.bvi#Jon_321_47,BVi,BVi.02cd01.21_4,reliquus,ADJ
,"BVi.02cd01.21: Et uiii horis lunaribus reliqua et rethid fri chachrind· binís diebus et seniís horís ocus bisse ittrí mís deacc soli octimchull. ǽrat tonimchéla luna inna óenmís ar nitesta dincotrummus sin· nisi dihuáir ocus bisse ar xxuii diebus :- :- /// hatristimchel deacc trasindami deacc    'and eight lunar hours etc. And it runs up every constellation in two days and six hours and two thirds (of an hour). It is thirteen solar months in going round as far as the Moon goes around in its one month; For from that equality, nothing is lacking except two hours and two thirds (of an hour) on twenty-seven days'",BVi.02cd01.21,http://gams.uni-graz.at/o:glossvibe.bvi#BVi.02cd01.21.10,binís,ADJ,,binis,la,gl. Show Parallels,http://gams.uni-graz.at/o:glossvibe.bvi#Jon_321_47,BVi,BVi.02cd01.21_5,binís,NOUN
,"BVi.02cd01.21: Et uiii horis lunaribus reliqua et rethid fri chachrind· binís diebus et seniís horís ocus bisse ittrí mís deacc soli octimchull. ǽrat tonimchéla luna inna óenmís ar nitesta dincotrummus sin· nisi dihuáir ocus bisse ar xxuii diebus :- :- /// hatristimchel deacc trasindami deacc    'and eight lunar hours etc. And it runs up every constellation in two days and six hours and two thirds (of an hour). It is thirteen solar months in going round as far as the Moon goes around in its one month; For from that equality, nothing is lacking except two hours and two thirds (of an hour) on twenty-seven days'",BVi.02cd01.21,http://gams.uni-graz.at/o:glossvibe.bvi#BVi.02cd01.21.11,diebus,NOUN,,dies,la,gl. Show Parallels,http://gams.uni-graz.at/o:glossvibe.bvi#Jon_321_47,BVi,BVi.02cd01.21_6,dies,NOUN
,"BVi.02cd01.21: Et uiii horis lunaribus reliqua et rethid fri chachrind· binís diebus et seniís horís ocus bisse ittrí mís deacc soli octimchull. ǽrat tonimchéla luna inna óenmís ar nitesta dincotrummus sin· nisi dihuáir ocus bisse ar xxuii diebus :- :- /// hatristimchel deacc trasindami deacc    'and eight lunar hours etc. And it runs up every constellation in two days and six hours and two thirds (of an hour). It is thirteen solar months in going round as far as the Moon goes around in its one month; For from that equality, nothing is lacking except two hours and two thirds (of an hour) on twenty-seven days'",BVi.02cd01.21,http://gams.uni-graz.at/o:glossvibe.bvi#BVi.02cd01.21.11,diebus,NOUN,,dies,la,gl. Show Parallels,http://gams.uni-graz.at/o:glossvibe.bvi#Jon_321_47,BVi,BVi.02cd01.21_14,dies,NOUN
,"BVi.02cd01.21: Et uiii horis lunaribus reliqua et rethid fri chachrind· binís diebus et seniís horís ocus bisse ittrí mís deacc soli octimchull. ǽrat tonimchéla luna inna óenmís ar nitesta dincotrummus sin· nisi dihuáir ocus bisse ar xxuii diebus :- :- /// hatristimchel deacc trasindami deacc    'and eight lunar hours etc. And it runs up every constellation in two days and six hours and two thirds (of an hour). It is thirteen solar months in going round as far as the Moon goes around in its one month; For from that equality, nothing is lacking except two hours and two thirds (of an hour) on twenty-seven days'",BVi.02cd01.21,http://gams.uni-graz.at/o:glossvibe.bvi#BVi.02cd01.21.12,et,CCONJ,,et,la,gl. Show Parallels,http://gams.uni-graz.at/o:glossvibe.bvi#Jon_321_47,BVi,BVi.02cd01.21_7,et,CCONJ
,"BVi.02cd01.21: Et uiii horis lunaribus reliqua et rethid fri chachrind· binís diebus et seniís horís ocus bisse ittrí mís deacc soli octimchull. ǽrat tonimchéla luna inna óenmís ar nitesta dincotrummus sin· nisi dihuáir ocus bisse ar xxuii diebus :- :- /// hatristimchel deacc trasindami deacc    'and eight lunar hours etc. And it runs up every constellation in two days and six hours and two thirds (of an hour). It is thirteen solar months in going round as far as the Moon goes around in its one month; For from that equality, nothing is lacking except two hours and two thirds (of an hour) on twenty-seven days'",BVi.02cd01.21,http://gams.uni-graz.at/o:glossvibe.bvi#BVi.02cd01.21.13,seniís,ADJ,abl.pl.fem.,senex,la,gl. Show Parallels,http://gams.uni-graz.at/o:glossvibe.bvi#Jon_321_47,BVi,BVi.02cd01.21_8,seniís,NOUN
,"BVi.02cd01.21: Et uiii horis lunaribus reliqua et rethid fri chachrind· binís diebus et seniís horís ocus bisse ittrí mís deacc soli octimchull. ǽrat tonimchéla luna inna óenmís ar nitesta dincotrummus sin· nisi dihuáir ocus bisse ar xxuii diebus :- :- /// hatristimchel deacc trasindami deacc    'and eight lunar hours etc. And it runs up every constellation in two days and six hours and two thirds (of an hour). It is thirteen solar months in going round as far as the Moon goes around in its one month; For from that equality, nothing is lacking except two hours and two thirds (of an hour) on twenty-seven days'",BVi.02cd01.21,http://gams.uni-graz.at/o:glossvibe.bvi#BVi.02cd01.21.14,horís,NOUN,,hora,la,gl. Show Parallels,http://gams.uni-graz.at/o:glossvibe.bvi#Jon_321_47,BVi,BVi.02cd01.21_9,hosco,VERB
,"BVi.02cd01.21: Et uiii horis lunaribus reliqua et rethid fri chachrind· binís diebus et seniís horís ocus bisse ittrí mís deacc soli octimchull. ǽrat tonimchéla luna inna óenmís ar nitesta dincotrummus sin· nisi dihuáir ocus bisse ar xxuii diebus :- :- /// hatristimchel deacc trasindami deacc    'and eight lunar hours etc. And it runs up every constellation in two days and six hours and two thirds (of an hour). It is thirteen solar months in going round as far as the Moon goes around in its one month; For from that equality, nothing is lacking except two hours and two thirds (of an hour) on twenty-seven days'",BVi.02cd01.21,http://gams.uni-graz.at/o:glossvibe.bvi#BVi.02cd01.21.15,ocus,CCONJ,,et,la,gl. Show Parallels,http://gams.uni-graz.at/o:glossvibe.bvi#Jon_321_47,BVi,BVi.02cd01.21_10,ox,VERB
,"BVi.02cd01.21: Et uiii horis lunaribus reliqua et rethid fri chachrind· binís diebus et seniís horís ocus bisse ittrí mís deacc soli octimchull. ǽrat tonimchéla luna inna óenmís ar nitesta dincotrummus sin· nisi dihuáir ocus bisse ar xxuii diebus :- :- /// hatristimchel deacc trasindami deacc    'and eight lunar hours etc. And it runs up every constellation in two days and six hours and two thirds (of an hour). It is thirteen solar months in going round as far as the Moon goes around in its one month; For from that equality, nothing is lacking except two hours and two thirds (of an hour) on twenty-seven days'",BVi.02cd01.21,http://gams.uni-graz.at/o:glossvibe.bvi#BVi.02cd01.21.21,soli,NOUN,dat.sg.,sol,la,gl. Show Parallels,http://gams.uni-graz.at/o:glossvibe.bvi#Jon_321_47,BVi,BVi.02cd01.21_11,solus,DET
,"BVi.02cd01.21: Et uiii horis lunaribus reliqua et rethid fri chachrind· binís diebus et seniís horís ocus bisse ittrí mís deacc soli octimchull. ǽrat tonimchéla luna inna óenmís ar nitesta dincotrummus sin· nisi dihuáir ocus bisse ar xxuii diebus :- :- /// hatristimchel deacc trasindami deacc    'and eight lunar hours etc. And it runs up every constellation in two days and six hours and two thirds (of an hour). It is thirteen solar months in going round as far as the Moon goes around in its one month; For from that equality, nothing is lacking except two hours and two thirds (of an hour) on twenty-seven days'",BVi.02cd01.21,http://gams.uni-graz.at/o:glossvibe.bvi#BVi.02cd01.21.26,luna,NOUN,,luna,la,gl. Show Parallels,http://gams.uni-graz.at/o:glossvibe.bvi#Jon_321_47,BVi,BVi.02cd01.21_12,luna,NOUN
,"BVi.02cd01.21: Et uiii horis lunaribus reliqua et rethid fri chachrind· binís diebus et seniís horís ocus bisse ittrí mís deacc soli octimchull. ǽrat tonimchéla luna inna óenmís ar nitesta dincotrummus sin· nisi dihuáir ocus bisse ar xxuii diebus :- :- /// hatristimchel deacc trasindami deacc    'and eight lunar hours etc. And it runs up every constellation in two days and six hours and two thirds (of an hour). It is thirteen solar months in going round as far as the Moon goes around in its one month; For from that equality, nothing is lacking except two hours and two thirds (of an hour) on twenty-seven days'",BVi.02cd01.21,http://gams.uni-graz.at/o:glossvibe.bvi#BVi.02cd01.21.34,nisi,CCONJ,,nisi,la,gl. Show Parallels,http://gams.uni-graz.at/o:glossvibe.bvi#Jon_321_47,BVi,BVi.02cd01.21_13,nisi,SCONJ
,"BVi.02cd01.21: Et uiii horis lunaribus reliqua et rethid fri chachrind· binís diebus et seniís horís ocus bisse ittrí mís deacc soli octimchull. ǽrat tonimchéla luna inna óenmís ar nitesta dincotrummus sin· nisi dihuáir ocus bisse ar xxuii diebus :- :- /// hatristimchel deacc trasindami deacc    'and eight lunar hours etc. And it runs up every constellation in two days and six hours and two thirds (of an hour). It is thirteen solar months in going round as far as the Moon goes around in its one month; For from that equality, nothing is lacking except two hours and two thirds (of an hour) on twenty-seven days'",BVi.02cd01.21,http://gams.uni-graz.at/o:glossvibe.bvi#BVi.02cd01.21.40,diebus,NOUN,,dies,la,gl. Show Parallels,http://gams.uni-graz.at/o:glossvibe.bvi#Jon_321_47,BVi,BVi.02cd01.21_6,dies,NOUN
,"BVi.02cd01.21: Et uiii horis lunaribus reliqua et rethid fri chachrind· binís diebus et seniís horís ocus bisse ittrí mís deacc soli octimchull. ǽrat tonimchéla luna inna óenmís ar nitesta dincotrummus sin· nisi dihuáir ocus bisse ar xxuii diebus :- :- /// hatristimchel deacc trasindami deacc    'and eight lunar hours etc. And it runs up every constellation in two days and six hours and two thirds (of an hour). It is thirteen solar months in going round as far as the Moon goes around in its one month; For from that equality, nothing is lacking except two hours and two thirds (of an hour) on twenty-seven days'",BVi.02cd01.21,http://gams.uni-graz.at/o:glossvibe.bvi#BVi.02cd01.21.40,diebus,NOUN,,dies,la,gl. Show Parallels,http://gams.uni-graz.at/o:glossvibe.bvi#Jon_321_47,BVi,BVi.02cd01.21_14,dies,NOUN
,"BVi.02cd02.23: Luna tridecima reliqua .i.ind dala ocus inna .iiii. hore dochaithi fri arrachtin gréne iarthimchul ndí indrindi dogres it hé immefolngat escidi ocus dano fris inda mí deacc escaidi ocus dano fridamí deac grene: xxui dies dí cocenn damí deacc din diblaib ocus iiii horis inanno et laithe et uiii horae testat de combath cholon rith lunae contra zodiacum :- issed immefolngi    'Month thirteen etc., i.e. the two days and the four hours that it always spends to overtake the sun after its circuit of the Zodiac, those are what constitute its thirteenth circuit over the twelve lunar months, and moreover against the twelve lunar months and also against twelve solar months. Twenty-six days, therefore, to the end of the twelve (lunar) months, it is this that consists of the two days and four hours in the year; and a day and eight hours are lacking from it, so that the moon's run against the Zodiac may be complete.'",BVi.02cd02.23,http://gams.uni-graz.at/o:glossvibe.bvi#BVi.02cd02.23.0,Luna,NOUN,nom.sg.,luna,la,gl. Show Parallels,http://gams.uni-graz.at/o:glossvibe.bvi#Jon_321_47,BVi,BVi.02cd02.23_1,luna,NOUN
,"BVi.02cd02.23: Luna tridecima reliqua .i.ind dala ocus inna .iiii. hore dochaithi fri arrachtin gréne iarthimchul ndí indrindi dogres it hé immefolngat escidi ocus dano fris inda mí deacc escaidi ocus dano fridamí deac grene: xxui dies dí cocenn damí deacc din diblaib ocus iiii horis inanno et laithe et uiii horae testat de combath cholon rith lunae contra zodiacum :- issed immefolngi    'Month thirteen etc., i.e. the two days and the four hours that it always spends to overtake the sun after its circuit of the Zodiac, those are what constitute its thirteenth circuit over the twelve lunar months, and moreover against the twelve lunar months and also against twelve solar months. Twenty-six days, therefore, to the end of the twelve (lunar) months, it is this that consists of the two days and four hours in the year; and a day and eight hours are lacking from it, so that the moon's run against the Zodiac may be complete.'",BVi.02cd02.23,http://gams.uni-graz.at/o:glossvibe.bvi#BVi.02cd02.23.01,tridecima,NUM,,tredecim,la,gl. Show Parallels,http://gams.uni-graz.at/o:glossvibe.bvi#Jon_321_47,BVi,BVi.02cd02.23_2,tridecimus,ADJ
,"BVi.02cd02.23: Luna tridecima reliqua .i.ind dala ocus inna .iiii. hore dochaithi fri arrachtin gréne iarthimchul ndí indrindi dogres it hé immefolngat escidi ocus dano fris inda mí deacc escaidi ocus dano fridamí deac grene: xxui dies dí cocenn damí deacc din diblaib ocus iiii horis inanno et laithe et uiii horae testat de combath cholon rith lunae contra zodiacum :- issed immefolngi    'Month thirteen etc., i.e. the two days and the four hours that it always spends to overtake the sun after its circuit of the Zodiac, those are what constitute its thirteenth circuit over the twelve lunar months, and moreover against the twelve lunar months and also against twelve solar months. Twenty-six days, therefore, to the end of the twelve (lunar) months, it is this that consists of the two days and four hours in the year; and a day and eight hours are lacking from it, so that the moon's run against the Zodiac may be complete.'",BVi.02cd02.23,http://gams.uni-graz.at/o:glossvibe.bvi#BVi.02cd02.23.03,reliqua,DET,nom.pl.neut.,reliquus,la,gl. Show Parallels,http://gams.uni-graz.at/o:glossvibe.bvi#Jon_321_47,BVi,BVi.02cd02.23_3,reliquus,ADJ
,"BVi.02cd02.23: Luna tridecima reliqua .i.ind dala ocus inna .iiii. hore dochaithi fri arrachtin gréne iarthimchul ndí indrindi dogres it hé immefolngat escidi ocus dano fris inda mí deacc escaidi ocus dano fridamí deac grene: xxui dies dí cocenn damí deacc din diblaib ocus iiii horis inanno et laithe et uiii horae testat de combath cholon rith lunae contra zodiacum :- issed immefolngi    'Month thirteen etc., i.e. the two days and the four hours that it always spends to overtake the sun after its circuit of the Zodiac, those are what constitute its thirteenth circuit over the twelve lunar months, and moreover against the twelve lunar months and also against twelve solar months. Twenty-six days, therefore, to the end of the twelve (lunar) months, it is this that consists of the two days and four hours in the year; and a day and eight hours are lacking from it, so that the moon's run against the Zodiac may be complete.'",BVi.02cd02.23,http://gams.uni-graz.at/o:glossvibe.bvi#BVi.02cd02.23.10b,hore,,nom.pl.,hora,la,gl. Show Parallels,http://gams.uni-graz.at/o:glossvibe.bvi#Jon_321_47,BVi,BVi.02cd02.23_4,hos,NOUN
,"BVi.02cd02.23: Luna tridecima reliqua .i.ind dala ocus inna .iiii. hore dochaithi fri arrachtin gréne iarthimchul ndí indrindi dogres it hé immefolngat escidi ocus dano fris inda mí deacc escaidi ocus dano fridamí deac grene: xxui dies dí cocenn damí deacc din diblaib ocus iiii horis inanno et laithe et uiii horae testat de combath cholon rith lunae contra zodiacum :- issed immefolngi    'Month thirteen etc., i.e. the two days and the four hours that it always spends to overtake the sun after its circuit of the Zodiac, those are what constitute its thirteenth circuit over the twelve lunar months, and moreover against the twelve lunar months and also against twelve solar months. Twenty-six days, therefore, to the end of the twelve (lunar) months, it is this that consists of the two days and four hours in the year; and a day and eight hours are lacking from it, so that the moon's run against the Zodiac may be complete.'",BVi.02cd02.23,http://gams.uni-graz.at/o:glossvibe.bvi#BVi.02cd02.23.40,dies,NOUN,,dies,la,gl. Show Parallels,http://gams.uni-graz.at/o:glossvibe.bvi#Jon_321_47,BVi,BVi.02cd02.23_5,dies,NOUN
,"BVi.02cd02.23: Luna tridecima reliqua .i.ind dala ocus inna .iiii. hore dochaithi fri arrachtin gréne iarthimchul ndí indrindi dogres it hé immefolngat escidi ocus dano fris inda mí deacc escaidi ocus dano fridamí deac grene: xxui dies dí cocenn damí deacc din diblaib ocus iiii horis inanno et laithe et uiii horae testat de combath cholon rith lunae contra zodiacum :- issed immefolngi    'Month thirteen etc., i.e. the two days and the four hours that it always spends to overtake the sun after its circuit of the Zodiac, those are what constitute its thirteenth circuit over the twelve lunar months, and moreover against the twelve lunar months and also against twelve solar months. Twenty-six days, therefore, to the end of the twelve (lunar) months, it is this that consists of the two days and four hours in the year; and a day and eight hours are lacking from it, so that the moon's run against the Zodiac may be complete.'",BVi.02cd02.23,http://gams.uni-graz.at/o:glossvibe.bvi#BVi.02cd02.23.52,horis,,dat.pl.,hora,la,gl. Show Parallels,http://gams.uni-graz.at/o:glossvibe.bvi#Jon_321_47,BVi,BVi.02cd02.23_6,horus,ADJ
,"BVi.02cd02.23: Luna tridecima reliqua .i.ind dala ocus inna .iiii. hore dochaithi fri arrachtin gréne iarthimchul ndí indrindi dogres it hé immefolngat escidi ocus dano fris inda mí deacc escaidi ocus dano fridamí deac grene: xxui dies dí cocenn damí deacc din diblaib ocus iiii horis inanno et laithe et uiii horae testat de combath cholon rith lunae contra zodiacum :- issed immefolngi    'Month thirteen etc., i.e. the two days and the four hours that it always spends to overtake the sun after its circuit of the Zodiac, those are what constitute its thirteenth circuit over the twelve lunar months, and moreover against the twelve lunar months and also against twelve solar months. Twenty-six days, therefore, to the end of the twelve (lunar) months, it is this that consists of the two days and four hours in the year; and a day and eight hours are lacking from it, so that the moon's run against the Zodiac may be complete.'",BVi.02cd02.23,http://gams.uni-graz.at/o:glossvibe.bvi#BVi.02cd02.23.53,in,ADP,,in,la,gl. Show Parallels,http://gams.uni-graz.at/o:glossvibe.bvi#Jon_321_47,BVi,BVi.02cd02.23_7,in,ADP
,"BVi.02cd02.23: Luna tridecima reliqua .i.ind dala ocus inna .iiii. hore dochaithi fri arrachtin gréne iarthimchul ndí indrindi dogres it hé immefolngat escidi ocus dano fris inda mí deacc escaidi ocus dano fridamí deac grene: xxui dies dí cocenn damí deacc din diblaib ocus iiii horis inanno et laithe et uiii horae testat de combath cholon rith lunae contra zodiacum :- issed immefolngi    'Month thirteen etc., i.e. the two days and the four hours that it always spends to overtake the sun after its circuit of the Zodiac, those are what constitute its thirteenth circuit over the twelve lunar months, and moreover against the twelve lunar months and also against twelve solar months. Twenty-six days, therefore, to the end of the twelve (lunar) months, it is this that consists of the two days and four hours in the year; and a day and eight hours are lacking from it, so that the moon's run against the Zodiac may be complete.'",BVi.02cd02.23,http://gams.uni-graz.at/o:glossvibe.bvi#BVi.02cd02.23.54,anno,NOUN,abl.sg.,annus,la,gl. Show Parallels,http://gams.uni-graz.at/o:glossvibe.bvi#Jon_321_47,BVi,BVi.02cd02.23_8,annus,NOUN
,"BVi.02cd02.23: Luna tridecima reliqua .i.ind dala ocus inna .iiii. hore dochaithi fri arrachtin gréne iarthimchul ndí indrindi dogres it hé immefolngat escidi ocus dano fris inda mí deacc escaidi ocus dano fridamí deac grene: xxui dies dí cocenn damí deacc din diblaib ocus iiii horis inanno et laithe et uiii horae testat de combath cholon rith lunae contra zodiacum :- issed immefolngi    'Month thirteen etc., i.e. the two days and the four hours that it always spends to overtake the sun after its circuit of the Zodiac, those are what constitute its thirteenth circuit over the twelve lunar months, and moreover against the twelve lunar months and also against twelve solar months. Twenty-six days, therefore, to the end of the twelve (lunar) months, it is this that consists of the two days and four hours in the year; and a day and eight hours are lacking from it, so that the moon's run against the Zodiac may be complete.'",BVi.02cd02.23,http://gams.uni-graz.at/o:glossvibe.bvi#BVi.02cd02.23.55,et,CCONJ,,et,la,gl. Show Parallels,http://gams.uni-graz.at/o:glossvibe.bvi#Jon_321_47,BVi,BVi.02cd02.23_9,et,CCONJ
,"BVi.02cd02.23: Luna tridecima reliqua .i.ind dala ocus inna .iiii. hore dochaithi fri arrachtin gréne iarthimchul ndí indrindi dogres it hé immefolngat escidi ocus dano fris inda mí deacc escaidi ocus dano fridamí deac grene: xxui dies dí cocenn damí deacc din diblaib ocus iiii horis inanno et laithe et uiii horae testat de combath cholon rith lunae contra zodiacum :- issed immefolngi    'Month thirteen etc., i.e. the two days and the four hours that it always spends to overtake the sun after its circuit of the Zodiac, those are what constitute its thirteenth circuit over the twelve lunar months, and moreover against the twelve lunar months and also against twelve solar months. Twenty-six days, therefore, to the end of the twelve (lunar) months, it is this that consists of the two days and four hours in the year; and a day and eight hours are lacking from it, so that the moon's run against the Zodiac may be complete.'",BVi.02cd02.23,http://gams.uni-graz.at/o:glossvibe.bvi#BVi.02cd02.23.55,et,CCONJ,,et,la,gl. Show Parallels,http://gams.uni-graz.at/o:glossvibe.bvi#Jon_321_47,BVi,BVi.02cd02.23_10,et,CCONJ
,"BVi.02cd02.23: Luna tridecima reliqua .i.ind dala ocus inna .iiii. hore dochaithi fri arrachtin gréne iarthimchul ndí indrindi dogres it hé immefolngat escidi ocus dano fris inda mí deacc escaidi ocus dano fridamí deac grene: xxui dies dí cocenn damí deacc din diblaib ocus iiii horis inanno et laithe et uiii horae testat de combath cholon rith lunae contra zodiacum :- issed immefolngi    'Month thirteen etc., i.e. the two days and the four hours that it always spends to overtake the sun after its circuit of the Zodiac, those are what constitute its thirteenth circuit over the twelve lunar months, and moreover against the twelve lunar months and also against twelve solar months. Twenty-six days, therefore, to the end of the twelve (lunar) months, it is this that consists of the two days and four hours in the year; and a day and eight hours are lacking from it, so that the moon's run against the Zodiac may be complete.'",BVi.02cd02.23,http://gams.uni-graz.at/o:glossvibe.bvi#BVi.02cd02.23.57,et,CCONJ,,et,la,gl. Show Parallels,http://gams.uni-graz.at/o:glossvibe.bvi#Jon_321_47,BVi,BVi.02cd02.23_9,et,CCONJ
,"BVi.02cd02.23: Luna tridecima reliqua .i.ind dala ocus inna .iiii. hore dochaithi fri arrachtin gréne iarthimchul ndí indrindi dogres it hé immefolngat escidi ocus dano fris inda mí deacc escaidi ocus dano fridamí deac grene: xxui dies dí cocenn damí deacc din diblaib ocus iiii horis inanno et laithe et uiii horae testat de combath cholon rith lunae contra zodiacum :- issed immefolngi    'Month thirteen etc., i.e. the two days and the four hours that it always spends to overtake the sun after its circuit of the Zodiac, those are what constitute its thirteenth circuit over the twelve lunar months, and moreover against the twelve lunar months and also against twelve solar months. Twenty-six days, therefore, to the end of the twelve (lunar) months, it is this that consists of the two days and four hours in the year; and a day and eight hours are lacking from it, so that the moon's run against the Zodiac may be complete.'",BVi.02cd02.23,http://gams.uni-graz.at/o:glossvibe.bvi#BVi.02cd02.23.57,et,CCONJ,,et,la,gl. Show Parallels,http://gams.uni-graz.at/o:glossvibe.bvi#Jon_321_47,BVi,BVi.02cd02.23_10,et,CCONJ
,"BVi.02cd02.23: Luna tridecima reliqua .i.ind dala ocus inna .iiii. hore dochaithi fri arrachtin gréne iarthimchul ndí indrindi dogres it hé immefolngat escidi ocus dano fris inda mí deacc escaidi ocus dano fridamí deac grene: xxui dies dí cocenn damí deacc din diblaib ocus iiii horis inanno et laithe et uiii horae testat de combath cholon rith lunae contra zodiacum :- issed immefolngi    'Month thirteen etc., i.e. the two days and the four hours that it always spends to overtake the sun after its circuit of the Zodiac, those are what constitute its thirteenth circuit over the twelve lunar months, and moreover against the twelve lunar months and also against twelve solar months. Twenty-six days, therefore, to the end of the twelve (lunar) months, it is this that consists of the two days and four hours in the year; and a day and eight hours are lacking from it, so that the moon's run against the Zodiac may be complete.'",BVi.02cd02.23,http://gams.uni-graz.at/o:glossvibe.bvi#BVi.02cd02.23.59,horae,,nom.pl.,hora,la,gl. Show Parallels,http://gams.uni-graz.at/o:glossvibe.bvi#Jon_321_47,BVi,BVi.02cd02.23_11,hora,NOUN
,"BVi.02cd02.23: Luna tridecima reliqua .i.ind dala ocus inna .iiii. hore dochaithi fri arrachtin gréne iarthimchul ndí indrindi dogres it hé immefolngat escidi ocus dano fris inda mí deacc escaidi ocus dano fridamí deac grene: xxui dies dí cocenn damí deacc din diblaib ocus iiii horis inanno et laithe et uiii horae testat de combath cholon rith lunae contra zodiacum :- issed immefolngi    'Month thirteen etc., i.e. the two days and the four hours that it always spends to overtake the sun after its circuit of the Zodiac, those are what constitute its thirteenth circuit over the twelve lunar months, and moreover against the twelve lunar months and also against twelve solar months. Twenty-six days, therefore, to the end of the twelve (lunar) months, it is this that consists of the two days and four hours in the year; and a day and eight hours are lacking from it, so that the moon's run against the Zodiac may be complete.'",BVi.02cd02.23,http://gams.uni-graz.at/o:glossvibe.bvi#BVi.02cd02.23.64,lunae,NOUN,gen.sg.,luna,la,gl. Show Parallels,http://gams.uni-graz.at/o:glossvibe.bvi#Jon_321_47,BVi,BVi.02cd02.23_12,luna,NOUN
,"BVi.02cd02.23: Luna tridecima reliqua .i.ind dala ocus inna .iiii. hore dochaithi fri arrachtin gréne iarthimchul ndí indrindi dogres it hé immefolngat escidi ocus dano fris inda mí deacc escaidi ocus dano fridamí deac grene: xxui dies dí cocenn damí deacc din diblaib ocus iiii horis inanno et laithe et uiii horae testat de combath cholon rith lunae contra zodiacum :- issed immefolngi    'Month thirteen etc., i.e. the two days and the four hours that it always spends to overtake the sun after its circuit of the Zodiac, those are what constitute its thirteenth circuit over the twelve lunar months, and moreover against the twelve lunar months and also against twelve solar months. Twenty-six days, therefore, to the end of the twelve (lunar) months, it is this that consists of the two days and four hours in the year; and a day and eight hours are lacking from it, so that the moon's run against the Zodiac may be complete.'",BVi.02cd02.23,http://gams.uni-graz.at/o:glossvibe.bvi#BVi.02cd02.23.65,contra,ADP,,contra,la,gl. Show Parallels,http://gams.uni-graz.at/o:glossvibe.bvi#Jon_321_47,BVi,BVi.02cd02.23_13,contra,ADP
,"BVi.02cd02.23: Luna tridecima reliqua .i.ind dala ocus inna .iiii. hore dochaithi fri arrachtin gréne iarthimchul ndí indrindi dogres it hé immefolngat escidi ocus dano fris inda mí deacc escaidi ocus dano fridamí deac grene: xxui dies dí cocenn damí deacc din diblaib ocus iiii horis inanno et laithe et uiii horae testat de combath cholon rith lunae contra zodiacum :- issed immefolngi    'Month thirteen etc., i.e. the two days and the four hours that it always spends to overtake the sun after its circuit of the Zodiac, those are what constitute its thirteenth circuit over the twelve lunar months, and moreover against the twelve lunar months and also against twelve solar months. Twenty-six days, therefore, to the end of the twelve (lunar) months, it is this that consists of the two days and four hours in the year; and a day and eight hours are lacking from it, so that the moon's run against the Zodiac may be complete.'",BVi.02cd02.23,http://gams.uni-graz.at/o:glossvibe.bvi#BVi.02cd02.23.66,zodiacum,NOUN,acc.sg.,zodiacus,la,gl. Show Parallels,http://gams.uni-graz.at/o:glossvibe.bvi#Jon_321_47,BVi,BVi.02cd02.23_14,zodia,NOUN
,BVi.02d01: quintas    'fifth',BVi.02d01,http://gams.uni-graz.at/o:glossvibe.bvi#BVi.02d01.0,quintas,NOUN,acc.pl.fem.,quinta,la,gl. quintanas,http://gams.uni-graz.at/o:glossvibe.bvi#Jon_321_48a,BVi,BVi.02d01_1,quintas,NOUN
,Ang.54b14e: .i. romulus    'i.e. Romulus',Ang.54b14e,http://gams.uni-graz.at/o:glossvibe.bvi#Ang.54b14e.1,romulus,PROPN,nom.sg.masc.,romulus,la,gl. sed secutus numa lShow Parallels,http://gams.uni-graz.at/o:glossvibe.bvi#Jon_322_57a,Ang,Ang.54b14e_1,romulus,NOUN
,"BVi.02d11: romulus inregn um    'Romulus, in the kingdom'",BVi.02d11,http://gams.uni-graz.at/o:glossvibe.bvi#BVi.02d11.0,romulus,PROPN,nom.sg.masc.,romulus,la,gl. sed secutus numa lShow Parallels,http://gams.uni-graz.at/o:glossvibe.bvi#Jon_322_57a,BVi,BVi.02d11_1,romulus,NOUN
,"BVi.02d11: romulus inregn um    'Romulus, in the kingdom'",BVi.02d11,http://gams.uni-graz.at/o:glossvibe.bvi#BVi.02d11.1,in,ADP,,in,la,gl. sed secutus numa lShow Parallels,http://gams.uni-graz.at/o:glossvibe.bvi#Jon_322_57a,BVi,BVi.02d11_2,in,ADP
,"BVi.02d11: romulus inregn um    'Romulus, in the kingdom'",BVi.02d11,http://gams.uni-graz.at/o:glossvibe.bvi#BVi.02d11.2,regnum,NOUN,acc.sg.neut.,regnum,la,gl. sed secutus numa lShow Parallels,http://gams.uni-graz.at/o:glossvibe.bvi#Jon_322_57a,BVi,BVi.02d11_3,regnum,NOUN
,BVi.02d15b: .i. mensibus    'i.e. months',BVi.02d15b,http://gams.uni-graz.at/o:glossvibe.bvi#BVi.02d15b.1,mensibus,NOUN,abl.pl.masc.,mensis,la,gl. singulis,http://gams.uni-graz.at/o:glossvibe.bvi#Jon_322_61a,BVi,BVi.02d15b_1,mensus,NOUN
,Ang.54b17b: abstractos    'abstract',Ang.54b17b,http://gams.uni-graz.at/o:glossvibe.bvi#Ang.54b17b.0,abstractos,VERB,acc.pl.masc.participle.,abstraho,la,gl. sexShow Parallels,http://gams.uni-graz.at/o:glossvibe.bvi#Jon_322_61b,Ang,Ang.54b17b_1,abstraho,VERB
,BCr.29d36c: abstractos    'abstract',BCr.29d36c,http://gams.uni-graz.at/o:glossvibe.bvi#BCr.29d36c.0,abstractos,VERB,acc.pl.masc.participle.,abstraho,la,gl. sexShow Parallels,http://gams.uni-graz.at/o:glossvibe.bvi#Jon_322_61b,BCr,BCr.29d36c_1,abstraho,VERB
,BVi.02d15a: abstractos    'abstract',BVi.02d15a,http://gams.uni-graz.at/o:glossvibe.bvi#BVi.02d15a.0,abstractos,VERB,acc.pl.masc.participle.,abstraho,la,gl. sexShow Parallels,http://gams.uni-graz.at/o:glossvibe.bvi#Jon_322_61b,BVi,BVi.02d15a_1,abstraho,VERB
,BVi.02d16: dies    'day',BVi.02d16,http://gams.uni-graz.at/o:glossvibe.bvi#BVi.02d16.0,dies,NOUN,nom.sg.masc.,dies,la,gl. singulos,http://gams.uni-graz.at/o:glossvibe.bvi#Jon_322_62a,BVi,BVi.02d16_1,dies,NOUN
,BVi.02d22: .i. orco    'underworld',BVi.02d22,http://gams.uni-graz.at/o:glossvibe.bvi#BVi.02d22.1,orco,NOUN,nom.sg.masc.,orco,la,gl. plautoni,http://gams.uni-graz.at/o:glossvibe.bvi#Jon_322_68a,BVi,BVi.02d22_1,orco,NOUN
,Ang.54b23c: .i. sacrificia    'sacrifices',Ang.54b23c,http://gams.uni-graz.at/o:glossvibe.bvi#Ang.54b23c.1,sacrificia,NOUN,nom.pl.neut.,sacrificium,la,gl. iustaShow Parallels,http://gams.uni-graz.at/o:glossvibe.bvi#Jon_323_69a,Ang,Ang.54b23c_1,sacrificium,NOUN
,BCr.29d48a: .i.sacrificia    'sacrifices',BCr.29d48a,http://gams.uni-graz.at/o:glossvibe.bvi#BCr.29d48a.1,sacrificia,NOUN,nom.pl.neut.,sacrificium,la,gl. iustaShow Parallels,http://gams.uni-graz.at/o:glossvibe.bvi#Jon_323_69a,BCr,BCr.29d48a_1,sacrificium,NOUN
,BVi.02d25: sacrificia    'sacrifices',BVi.02d25,http://gams.uni-graz.at/o:glossvibe.bvi#BVi.02d25.0,sacrificia,NOUN,nom.pl.neut.,sacrificium,la,gl. iustaShow Parallels,http://gams.uni-graz.at/o:glossvibe.bvi#Jon_323_69a,BVi,BVi.02d25_1,sacrificium,NOUN
,Sg.66.01: i. sacrificia.    'sacrifices',Sg.66.01,http://gams.uni-graz.at/o:glossvibe.bvi#Sg.66.01.1,sacrificia,NOUN,nom.pl.neut.,sacrificium,la,gl. iustaShow Parallels,http://gams.uni-graz.at/o:glossvibe.bvi#Jon_323_69a,Sg,Sg.66.01_1,sacrificium,NOUN
,BCr.29d50: id est .iiii. non. februaris ιπα παμti. graece hic??? est obiad eo die as sumpsit se meo? christumin templo    '',BCr.29d50,http://gams.uni-graz.at/o:glossvibe.bvi#BCr.29d50.0,idest,,,.i.,la,gl. sanctae mariae plebs uniuersaShow Parallels,http://gams.uni-graz.at/o:glossvibe.bvi#Jon_323_72a,BCr,BCr.29d50_1,idest,CCONJ
,BCr.29d50: id est .iiii. non. februaris ιπα παμti. graece hic??? est obiad eo die as sumpsit se meo? christumin templo    '',BCr.29d50,http://gams.uni-graz.at/o:glossvibe.bvi#BCr.29d50.02,non,NOUN,,non,la,gl. sanctae mariae plebs uniuersaShow Parallels,http://gams.uni-graz.at/o:glossvibe.bvi#Jon_323_72a,BCr,BCr.29d50_2,non,PART
,BCr.29d50: id est .iiii. non. februaris ιπα παμti. graece hic??? est obiad eo die as sumpsit se meo? christumin templo    '',BCr.29d50,http://gams.uni-graz.at/o:glossvibe.bvi#BCr.29d50.03,februaris,NOUN,nom.sg.masc.,februarius,la,gl. sanctae mariae plebs uniuersaShow Parallels,http://gams.uni-graz.at/o:glossvibe.bvi#Jon_323_72a,BCr,BCr.29d50_3,februaris,ADJ
,BCr.29d50: id est .iiii. non. februaris ιπα παμti. graece hic??? est obiad eo die as sumpsit se meo? christumin templo    '',BCr.29d50,http://gams.uni-graz.at/o:glossvibe.bvi#BCr.29d50.04,ιπα,,,,la,gl. sanctae mariae plebs uniuersaShow Parallels,http://gams.uni-graz.at/o:glossvibe.bvi#Jon_323_72a,BCr,BCr.29d50_4,ιπo,VERB
,BCr.29d50: id est .iiii. non. februaris ιπα παμti. graece hic??? est obiad eo die as sumpsit se meo? christumin templo    '',BCr.29d50,http://gams.uni-graz.at/o:glossvibe.bvi#BCr.29d50.05,παμti,,,,la,gl. sanctae mariae plebs uniuersaShow Parallels,http://gams.uni-graz.at/o:glossvibe.bvi#Jon_323_72a,BCr,BCr.29d50_5,πo,VERB
,BCr.29d50: id est .iiii. non. februaris ιπα παμti. graece hic??? est obiad eo die as sumpsit se meo? christumin templo    '',BCr.29d50,http://gams.uni-graz.at/o:glossvibe.bvi#BCr.29d50.06,graece,ADV,,graece,la,gl. sanctae mariae plebs uniuersaShow Parallels,http://gams.uni-graz.at/o:glossvibe.bvi#Jon_323_72a,BCr,BCr.29d50_6,graece,PROPN
,BCr.29d50: id est .iiii. non. februaris ιπα παμti. graece hic??? est obiad eo die as sumpsit se meo? christumin templo    '',BCr.29d50,http://gams.uni-graz.at/o:glossvibe.bvi#BCr.29d50.07,hic,DET,nom.sg.masc.,hic,la,gl. sanctae mariae plebs uniuersaShow Parallels,http://gams.uni-graz.at/o:glossvibe.bvi#Jon_323_72a,BCr,BCr.29d50_7,hic,DET
,BCr.29d50: id est .iiii. non. februaris ιπα παμti. graece hic??? est obiad eo die as sumpsit se meo? christumin templo    '',BCr.29d50,http://gams.uni-graz.at/o:glossvibe.bvi#BCr.29d50.09,est,VERB,3sg.pres.ind.act.,sum,la,gl. sanctae mariae plebs uniuersaShow Parallels,http://gams.uni-graz.at/o:glossvibe.bvi#Jon_323_72a,BCr,BCr.29d50_1,sum,AUX
,BCr.29d50: id est .iiii. non. februaris ιπα παμti. graece hic??? est obiad eo die as sumpsit se meo? christumin templo    '',BCr.29d50,http://gams.uni-graz.at/o:glossvibe.bvi#BCr.29d50.10,obi,VERB,2sg.impv.,obeo,la,gl. sanctae mariae plebs uniuersaShow Parallels,http://gams.uni-graz.at/o:glossvibe.bvi#Jon_323_72a,BCr,BCr.29d50_2,obi,PART
,BCr.29d50: id est .iiii. non. februaris ιπα παμti. graece hic??? est obiad eo die as sumpsit se meo? christumin templo    '',BCr.29d50,http://gams.uni-graz.at/o:glossvibe.bvi#BCr.29d50.11,ad,ADP,,ad,la,gl. sanctae mariae plebs uniuersaShow Parallels,http://gams.uni-graz.at/o:glossvibe.bvi#Jon_323_72a,BCr,BCr.29d50_3,ad,ADP
,BCr.29d50: id est .iiii. non. februaris ιπα παμti. graece hic??? est obiad eo die as sumpsit se meo? christumin templo    '',BCr.29d50,http://gams.uni-graz.at/o:glossvibe.bvi#BCr.29d50.12,eo,PRON,abl.sg.masc.,is,la,gl. sanctae mariae plebs uniuersaShow Parallels,http://gams.uni-graz.at/o:glossvibe.bvi#Jon_323_72a,BCr,BCr.29d50_4,is,PRON
,BCr.29d50: id est .iiii. non. februaris ιπα παμti. graece hic??? est obiad eo die as sumpsit se meo? christumin templo    '',BCr.29d50,http://gams.uni-graz.at/o:glossvibe.bvi#BCr.29d50.13,die,NOUN,abl.sg.masc.,dies,la,gl. sanctae mariae plebs uniuersaShow Parallels,http://gams.uni-graz.at/o:glossvibe.bvi#Jon_323_72a,BCr,BCr.29d50_5,dies,NOUN
,BCr.29d50: id est .iiii. non. februaris ιπα παμti. graece hic??? est obiad eo die as sumpsit se meo? christumin templo    '',BCr.29d50,http://gams.uni-graz.at/o:glossvibe.bvi#BCr.29d50.14,assumpsit,VERB,3sg.past.ind.act.,assumo,la,gl. sanctae mariae plebs uniuersaShow Parallels,http://gams.uni-graz.at/o:glossvibe.bvi#Jon_323_72a,BCr,BCr.29d50_6,assumo,VERB
,BCr.29d50: id est .iiii. non. februaris ιπα παμti. graece hic??? est obiad eo die as sumpsit se meo? christumin templo    '',BCr.29d50,http://gams.uni-graz.at/o:glossvibe.bvi#BCr.29d50.15,se,PRON,acc.sg.masc.,se,la,gl. sanctae mariae plebs uniuersaShow Parallels,http://gams.uni-graz.at/o:glossvibe.bvi#Jon_323_72a,BCr,BCr.29d50_7,sui,PRON
,BCr.29d50: id est .iiii. non. februaris ιπα παμti. graece hic??? est obiad eo die as sumpsit se meo? christumin templo    '',BCr.29d50,http://gams.uni-graz.at/o:glossvibe.bvi#BCr.29d50.16,meo,DET,"dat.sg, psor.masc.",meus,la,gl. sanctae mariae plebs uniuersaShow Parallels,http://gams.uni-graz.at/o:glossvibe.bvi#Jon_323_72a,BCr,BCr.29d50_8,meus,DET
,BCr.29d50: id est .iiii. non. februaris ιπα παμti. graece hic??? est obiad eo die as sumpsit se meo? christumin templo    '',BCr.29d50,http://gams.uni-graz.at/o:glossvibe.bvi#BCr.29d50.17,christum,PROPN,acc.sg.masc.,christus,la,gl. sanctae mariae plebs uniuersaShow Parallels,http://gams.uni-graz.at/o:glossvibe.bvi#Jon_323_72a,BCr,BCr.29d50_9,christus,ADJ
,BCr.29d50: id est .iiii. non. februaris ιπα παμti. graece hic??? est obiad eo die as sumpsit se meo? christumin templo    '',BCr.29d50,http://gams.uni-graz.at/o:glossvibe.bvi#BCr.29d50.18,in,ADP,,in,la,gl. sanctae mariae plebs uniuersaShow Parallels,http://gams.uni-graz.at/o:glossvibe.bvi#Jon_323_72a,BCr,BCr.29d50_10,in,ADP
,BCr.29d50: id est .iiii. non. februaris ιπα παμti. graece hic??? est obiad eo die as sumpsit se meo? christumin templo    '',BCr.29d50,http://gams.uni-graz.at/o:glossvibe.bvi#BCr.29d50.19,templo,NOUN,abl.sg.neut.,templum,la,gl. sanctae mariae plebs uniuersaShow Parallels,http://gams.uni-graz.at/o:glossvibe.bvi#Jon_323_72a,BCr,BCr.29d50_11,templum,NOUN
,BVi.02d27.29: feil acos ac cartha intemplo    'the feast of her consecration in the temple',BVi.02d27.29,http://gams.uni-graz.at/o:glossvibe.bvi#BVi.02d27.29.3,in,ADP,,in,la,gl. sanctae mariae plebs uniuersaShow Parallels,http://gams.uni-graz.at/o:glossvibe.bvi#Jon_323_72a,BVi,BVi.02d27.29_1,in,ADP
,BVi.02d27.29: feil acos ac cartha intemplo    'the feast of her consecration in the temple',BVi.02d27.29,http://gams.uni-graz.at/o:glossvibe.bvi#BVi.02d27.29.4,templo,NOUN,abl.sg.neut.,templum,la,gl. sanctae mariae plebs uniuersaShow Parallels,http://gams.uni-graz.at/o:glossvibe.bvi#Jon_323_72a,BVi,BVi.02d27.29_2,templum,NOUN
,Ang.54b27b: candelas    'candles',Ang.54b27b,http://gams.uni-graz.at/o:glossvibe.bvi#Ang.54b27b.0,candelas,NOUN,acc.pl.fem.,candela,la,gl. cereosShow Parallels,http://gams.uni-graz.at/o:glossvibe.bvi#Jon_323_74a,Ang,Ang.54b27b_1,candela,NOUN
,BVi.02d30: .i. lucernas    'lamps',BVi.02d30,http://gams.uni-graz.at/o:glossvibe.bvi#BVi.02d30.1,lucernas,NOUN,acc.pl.fem.,lucerna,la,gl. cereosShow Parallels,http://gams.uni-graz.at/o:glossvibe.bvi#Jon_323_74a,BVi,BVi.02d30_1,lucerna,NOUN
,BVi.02d31: inceteris    'among the rest',BVi.02d31,http://gams.uni-graz.at/o:glossvibe.bvi#BVi.02d31.0,in,ADP,,in,la,gl. id ipsum eiusdem,http://gams.uni-graz.at/o:glossvibe.bvi#Jon_323_76a,BVi,BVi.02d31_1,in,ADP
,BVi.02d31: inceteris    'among the rest',BVi.02d31,http://gams.uni-graz.at/o:glossvibe.bvi#BVi.02d31.1,ceteris,DET,acc.pl.neut.,ceterus,la,gl. id ipsum eiusdem,http://gams.uni-graz.at/o:glossvibe.bvi#Jon_323_76a,BVi,BVi.02d31_2,ceterus,DET
,Ang.54b34c: i. xxxi et xxuiiii.    'i.e. thirty-one and twenty-nine',Ang.54b34c,http://gams.uni-graz.at/o:glossvibe.bvi#Ang.54b34c.2,et,CCONJ,,et,la,gl. in mensibus singulisShow Parallels,http://gams.uni-graz.at/o:glossvibe.bvi#Jon_323_84a,Ang,Ang.54b34c_1,et,CCONJ
,BVi.03a04: circulum.    'orbit',BVi.03a04,http://gams.uni-graz.at/o:glossvibe.bvi#BVi.03a04.0,circulum,NOUN,acc.sg.masc.,circulus,la,gl. conficit deesse,http://gams.uni-graz.at/o:glossvibe.bvi#Jon_324_92a,BVi,BVi.03a04_1,circulus,NOUN
,BVi.03a05: dies    'day',BVi.03a05,http://gams.uni-graz.at/o:glossvibe.bvi#BVi.03a05.0,dies,NOUN,nom.sg.masc.,dies,la,gl. et quadrantem,http://gams.uni-graz.at/o:glossvibe.bvi#Jon_324_93a,BVi,BVi.03a05_1,dies,NOUN
,"Ang.54abis06c: .i. fefellit ordo grecorum romannorum.    'i.e. it has escaped, the order of the Greeks of the Romans'",Ang.54abis06c,http://gams.uni-graz.at/o:glossvibe.bvi#Ang.54abis06c.1,fefellit,VERB,3sg.past.ind.act.,fallo,la,gl. fugitShow Parallels,http://gams.uni-graz.at/o:glossvibe.bvi#Jon_324_97a,Ang,Ang.54abis06c_1,fefello,VERB
,"Ang.54abis06c: .i. fefellit ordo grecorum romannorum.    'i.e. it has escaped, the order of the Greeks of the Romans'",Ang.54abis06c,http://gams.uni-graz.at/o:glossvibe.bvi#Ang.54abis06c.2,ordo,NOUN,nom.sg.masc.,ordo,la,gl. fugitShow Parallels,http://gams.uni-graz.at/o:glossvibe.bvi#Jon_324_97a,Ang,Ang.54abis06c_2,ordo,NOUN
,"Ang.54abis06c: .i. fefellit ordo grecorum romannorum.    'i.e. it has escaped, the order of the Greeks of the Romans'",Ang.54abis06c,http://gams.uni-graz.at/o:glossvibe.bvi#Ang.54abis06c.3,grecorum,NOUN,gen.pl.masc.,graecus,la,gl. fugitShow Parallels,http://gams.uni-graz.at/o:glossvibe.bvi#Jon_324_97a,Ang,Ang.54abis06c_3,grecus,ADJ
,"Ang.54abis06c: .i. fefellit ordo grecorum romannorum.    'i.e. it has escaped, the order of the Greeks of the Romans'",Ang.54abis06c,http://gams.uni-graz.at/o:glossvibe.bvi#Ang.54abis06c.4,romannorum,NOUN,gen.pl.masc.pos.,romanus,la,gl. fugitShow Parallels,http://gams.uni-graz.at/o:glossvibe.bvi#Jon_324_97a,Ang,Ang.54abis06c_4,romannum,NOUN
,BCr.30a24a: .i. fefellit    'i.e. it has escaped',BCr.30a24a,http://gams.uni-graz.at/o:glossvibe.bvi#BCr.30a24a.1,fefellit,VERB,3sg.past.ind.act.,fallo,la,gl. fugitShow Parallels,http://gams.uni-graz.at/o:glossvibe.bvi#Jon_324_97a,BCr,BCr.30a24a_1,fefello,VERB
,BVi.03a09a: fefellit    'it has escaped',BVi.03a09a,http://gams.uni-graz.at/o:glossvibe.bvi#BVi.03a09a.0,fefellit,VERB,3sg.past.ind.act.,fallo,la,gl. fugitShow Parallels,http://gams.uni-graz.at/o:glossvibe.bvi#Jon_324_97a,BVi,BVi.03a09a_1,fefello,VERB
,Sg.66.22a: i. fefellit    'i.e. it has escaped',Sg.66.22a,http://gams.uni-graz.at/o:glossvibe.bvi#Sg.66.22a.1,fefellit,VERB,3sg.past.ind.act.,fallo,la,gl. fugitShow Parallels,http://gams.uni-graz.at/o:glossvibe.bvi#Jon_324_97a,Sg,Sg.66.22a_1,fefello,VERB
,BVi.03a09b: .i. anni    'i.e. of the year',BVi.03a09b,http://gams.uni-graz.at/o:glossvibe.bvi#BVi.03a09b.1,anni,NOUN,gen.sg.masc.,annus,la,gl. diem unum,http://gams.uni-graz.at/o:glossvibe.bvi#Jon_324_97b,BVi,BVi.03a09b_1,annus,NOUN
,BVi.03a10c: adgrecum numerum    'to the Greek number',BVi.03a10c,http://gams.uni-graz.at/o:glossvibe.bvi#BVi.03a10c.1,ad,ADP,,ad,la,gl. ad graecum numerumad graecum numerumShow Parallels,http://gams.uni-graz.at/o:glossvibe.bvi#Jon_324_98a,BVi,BVi.03a10c_1,ad,ADP
,BVi.03a10c: adgrecum numerum    'to the Greek number',BVi.03a10c,http://gams.uni-graz.at/o:glossvibe.bvi#BVi.03a10c.2,grecum,NOUN,acc.sg.neut.,graecus,la,gl. ad graecum numerumad graecum numerumShow Parallels,http://gams.uni-graz.at/o:glossvibe.bvi#Jon_324_98a,BVi,BVi.03a10c_2,grecus,NOUN
,BVi.03a10c: adgrecum numerum    'to the Greek number',BVi.03a10c,http://gams.uni-graz.at/o:glossvibe.bvi#BVi.03a10c.3,numerum,NOUN,acc.sg.masc.,numerus,la,gl. ad graecum numerumad graecum numerumShow Parallels,http://gams.uni-graz.at/o:glossvibe.bvi#Jon_324_98a,BVi,BVi.03a10c_3,numerus,NOUN
,Ang.54abis22a: festis termini    'feasts of Terminus',Ang.54abis22a,http://gams.uni-graz.at/o:glossvibe.bvi#Ang.54abis22a.0,festis,NOUN,dat.pl.neut.,festis,la,gl. terminalibusShow Parallels,http://gams.uni-graz.at/o:glossvibe.bvi#Jon_325_117a,Ang,Ang.54abis22a_1,festis,NOUN
,Ang.54abis22a: festis termini    'feasts of Terminus',Ang.54abis22a,http://gams.uni-graz.at/o:glossvibe.bvi#Ang.54abis22a.1,termini,PROPN,gen.sg.masc.,terminus,la,gl. terminalibusShow Parallels,http://gams.uni-graz.at/o:glossvibe.bvi#Jon_325_117a,Ang,Ang.54abis22a_2,terminus,NOUN
,BCr.30a50: id est feris termini hic est plutonis    'i.e. feasts of Terminus; this is of Pluto',BCr.30a50,http://gams.uni-graz.at/o:glossvibe.bvi#BCr.30a50.0,idest,,,.i.,la,gl. terminalibusShow Parallels,http://gams.uni-graz.at/o:glossvibe.bvi#Jon_325_117a,BCr,BCr.30a50_1,idest,CCONJ
,BCr.30a50: id est feris termini hic est plutonis    'i.e. feasts of Terminus; this is of Pluto',BCr.30a50,http://gams.uni-graz.at/o:glossvibe.bvi#BCr.30a50.1,feris,NOUN,dat.pl.masc.,feria,la,gl. terminalibusShow Parallels,http://gams.uni-graz.at/o:glossvibe.bvi#Jon_325_117a,BCr,BCr.30a50_2,fer,NOUN
,BCr.30a50: id est feris termini hic est plutonis    'i.e. feasts of Terminus; this is of Pluto',BCr.30a50,http://gams.uni-graz.at/o:glossvibe.bvi#BCr.30a50.2,termini,PROPN,gen.sg.masc.,terminus,la,gl. terminalibusShow Parallels,http://gams.uni-graz.at/o:glossvibe.bvi#Jon_325_117a,BCr,BCr.30a50_3,terminus,NOUN
,BCr.30a50: id est feris termini hic est plutonis    'i.e. feasts of Terminus; this is of Pluto',BCr.30a50,http://gams.uni-graz.at/o:glossvibe.bvi#BCr.30a50.3,hic,DET,nom.sg.masc.,hic,la,gl. terminalibusShow Parallels,http://gams.uni-graz.at/o:glossvibe.bvi#Jon_325_117a,BCr,BCr.30a50_4,hic,DET
,BCr.30a50: id est feris termini hic est plutonis    'i.e. feasts of Terminus; this is of Pluto',BCr.30a50,http://gams.uni-graz.at/o:glossvibe.bvi#BCr.30a50.4a,est,VERB,3sg.pres.ind.act.,sum,la,gl. terminalibusShow Parallels,http://gams.uni-graz.at/o:glossvibe.bvi#Jon_325_117a,BCr,BCr.30a50_5,sum,AUX
,BCr.30a50: id est feris termini hic est plutonis    'i.e. feasts of Terminus; this is of Pluto',BCr.30a50,http://gams.uni-graz.at/o:glossvibe.bvi#BCr.30a50.4b,plutonis,NOUN,gen.sg.masc.,plutor,la,gl. terminalibusShow Parallels,http://gams.uni-graz.at/o:glossvibe.bvi#Jon_325_117a,BCr,BCr.30a50_6,pluto,NOUN
,BVi.03a29.32: feli .i. termini    'feasts i.e. of Terminus',BVi.03a29.32,http://gams.uni-graz.at/o:glossvibe.bvi#BVi.03a29.32.2,termini,PROPN,gen.sg.masc.,terminus,la,gl. terminalibusShow Parallels,http://gams.uni-graz.at/o:glossvibe.bvi#Jon_325_117a,BVi,BVi.03a29.32_1,terminus,NOUN
,Sg.67.08a: .i. feriae terminalis.    'i.e. terminal feasts',Sg.67.08a,http://gams.uni-graz.at/o:glossvibe.bvi#Sg.67.08a.1,feriae,NOUN,nom.pl.fem.,feria,la,gl. terminalibusShow Parallels,http://gams.uni-graz.at/o:glossvibe.bvi#Jon_325_117a,Sg,Sg.67.08a_1,feria,NOUN
,Sg.67.08a: .i. feriae terminalis.    'i.e. terminal feasts',Sg.67.08a,http://gams.uni-graz.at/o:glossvibe.bvi#Sg.67.08a.2,terminalis,ADJ,nom.sg.fem.pos.,terminalis,la,gl. terminalibusShow Parallels,http://gams.uni-graz.at/o:glossvibe.bvi#Jon_325_117a,Sg,Sg.67.08a_2,terminalis,ADJ
,"BVi.03a44a: xxii horae .i. lethrichtige .i. xii horae doaccomol ad. x. xxii sic:    'twenty-two hours i.e. a half month of thirty days i.e. to add twelve hours to ten; thus, twenty-two.'",BVi.03a44a,http://gams.uni-graz.at/o:glossvibe.bvi#BVi.03a44a.01,horae,,nom.pl.fem.,hora,la,gl. xxiiShow Parallels,http://gams.uni-graz.at/o:glossvibe.bvi#Jon_326_11-12,BVi,BVi.03a44a_1,hora,NOUN
,"BVi.03a44a: xxii horae .i. lethrichtige .i. xii horae doaccomol ad. x. xxii sic:    'twenty-two hours i.e. a half month of thirty days i.e. to add twelve hours to ten; thus, twenty-two.'",BVi.03a44a,http://gams.uni-graz.at/o:glossvibe.bvi#BVi.03a44a.01,horae,,nom.pl.fem.,hora,la,gl. xxiiShow Parallels,http://gams.uni-graz.at/o:glossvibe.bvi#Jon_326_11-12,BVi,BVi.03a44a_1,hora,NOUN
,"BVi.03a44a: xxii horae .i. lethrichtige .i. xii horae doaccomol ad. x. xxii sic:    'twenty-two hours i.e. a half month of thirty days i.e. to add twelve hours to ten; thus, twenty-two.'",BVi.03a44a,http://gams.uni-graz.at/o:glossvibe.bvi#BVi.03a44a.06,horae,NOUN,nom.pl.,hora,la,gl. xxiiShow Parallels,http://gams.uni-graz.at/o:glossvibe.bvi#Jon_326_11-12,BVi,BVi.03a44a_1,hora,NOUN
,"BVi.03a44a: xxii horae .i. lethrichtige .i. xii horae doaccomol ad. x. xxii sic:    'twenty-two hours i.e. a half month of thirty days i.e. to add twelve hours to ten; thus, twenty-two.'",BVi.03a44a,http://gams.uni-graz.at/o:glossvibe.bvi#BVi.03a44a.06,horae,NOUN,nom.pl.,hora,la,gl. xxiiShow Parallels,http://gams.uni-graz.at/o:glossvibe.bvi#Jon_326_11-12,BVi,BVi.03a44a_1,hora,NOUN
,"BVi.03a44a: xxii horae .i. lethrichtige .i. xii horae doaccomol ad. x. xxii sic:    'twenty-two hours i.e. a half month of thirty days i.e. to add twelve hours to ten; thus, twenty-two.'",BVi.03a44a,http://gams.uni-graz.at/o:glossvibe.bvi#BVi.03a44a.08,ad,ADP,,ad,la,gl. xxiiShow Parallels,http://gams.uni-graz.at/o:glossvibe.bvi#Jon_326_11-12,BVi,BVi.03a44a_2,ad,ADP
,BVi.03a44b: .i. horae    'i.e. hours',BVi.03a44b,http://gams.uni-graz.at/o:glossvibe.bvi#BVi.03a44b.1,horae,,nom.pl.fem.,hora,la,gl. xxiiShow Parallels,http://gams.uni-graz.at/o:glossvibe.bvi#Jon_326_11-12,BVi,BVi.03a44b_1,hora,NOUN
,Ang.54bbis09b: exemplum.    'example',Ang.54bbis09b,http://gams.uni-graz.at/o:glossvibe.bvi#Ang.54bbis09b.0,exemplum,NOUN,nom.sg.neut.,exemplum,la,gl. illud numerorumShow Parallels,http://gams.uni-graz.at/o:glossvibe.bvi#Jon_326_27a,Ang,Ang.54bbis09b_1,exemplum,NOUN
,"BCr.30b29: ., .i. exemplum    'i.e. example'",BCr.30b29,http://gams.uni-graz.at/o:glossvibe.bvi#BCr.30b29.1,exemplum,NOUN,nom.sg.neut.,exemplum,la,gl. illud numerorumShow Parallels,http://gams.uni-graz.at/o:glossvibe.bvi#Jon_326_27a,BCr,BCr.30b29_1,exemplum,NOUN
,BVi.03b15: exemplum    'example',BVi.03b15,http://gams.uni-graz.at/o:glossvibe.bvi#BVi.03b15.0,exemplum,NOUN,nom.sg.neut.,exemplum,la,gl. illud numerorumShow Parallels,http://gams.uni-graz.at/o:glossvibe.bvi#Jon_326_27a,BVi,BVi.03b15_1,exemplum,NOUN
,Sg.67.30: .i. exemplum    'i.e. example',Sg.67.30,http://gams.uni-graz.at/o:glossvibe.bvi#Sg.67.30.1,exemplum,NOUN,nom.sg.neut.,exemplum,la,gl. illud numerorumShow Parallels,http://gams.uni-graz.at/o:glossvibe.bvi#Jon_326_27a,Sg,Sg.67.30_1,exemplum,NOUN
,"BCr.30b03: .i. templum iouis inquo capita deorum incaelatura fiebant..,    'i.e. the temple of Jupiter, where the heads of the gods used to be made in engravings'",BCr.30b03,http://gams.uni-graz.at/o:glossvibe.bvi#BCr.30b03.1,templum,NOUN,nom.sg.neut.,templum,la,gl. in capitoliumShow Parallels,http://gams.uni-graz.at/o:glossvibe.bvi#Jon_326_4-5a,BCr,BCr.30b03_1,templum,NOUN
,"BCr.30b03: .i. templum iouis inquo capita deorum incaelatura fiebant..,    'i.e. the temple of Jupiter, where the heads of the gods used to be made in engravings'",BCr.30b03,http://gams.uni-graz.at/o:glossvibe.bvi#BCr.30b03.2,iouis,PROPN,gen.sg.masc.,iouis,la,gl. in capitoliumShow Parallels,http://gams.uni-graz.at/o:glossvibe.bvi#Jon_326_4-5a,BCr,BCr.30b03_2,iouis,PROPN
,"BCr.30b03: .i. templum iouis inquo capita deorum incaelatura fiebant..,    'i.e. the temple of Jupiter, where the heads of the gods used to be made in engravings'",BCr.30b03,http://gams.uni-graz.at/o:glossvibe.bvi#BCr.30b03.3,in,ADP,,in,la,gl. in capitoliumShow Parallels,http://gams.uni-graz.at/o:glossvibe.bvi#Jon_326_4-5a,BCr,BCr.30b03_3,in,ADP
,"BCr.30b03: .i. templum iouis inquo capita deorum incaelatura fiebant..,    'i.e. the temple of Jupiter, where the heads of the gods used to be made in engravings'",BCr.30b03,http://gams.uni-graz.at/o:glossvibe.bvi#BCr.30b03.4,quo,PRON,abl.sg.neut.,qui,la,gl. in capitoliumShow Parallels,http://gams.uni-graz.at/o:glossvibe.bvi#Jon_326_4-5a,BCr,BCr.30b03_4,qui,PRON
,"BCr.30b03: .i. templum iouis inquo capita deorum incaelatura fiebant..,    'i.e. the temple of Jupiter, where the heads of the gods used to be made in engravings'",BCr.30b03,http://gams.uni-graz.at/o:glossvibe.bvi#BCr.30b03.5,capita,NOUN,nom.pl.neut.,capitum,la,gl. in capitoliumShow Parallels,http://gams.uni-graz.at/o:glossvibe.bvi#Jon_326_4-5a,BCr,BCr.30b03_5,capita,NOUN
,"BCr.30b03: .i. templum iouis inquo capita deorum incaelatura fiebant..,    'i.e. the temple of Jupiter, where the heads of the gods used to be made in engravings'",BCr.30b03,http://gams.uni-graz.at/o:glossvibe.bvi#BCr.30b03.6,deorum,PROPN,gen.pl.masc.,deus,la,gl. in capitoliumShow Parallels,http://gams.uni-graz.at/o:glossvibe.bvi#Jon_326_4-5a,BCr,BCr.30b03_6,deus,NOUN
,"BCr.30b03: .i. templum iouis inquo capita deorum incaelatura fiebant..,    'i.e. the temple of Jupiter, where the heads of the gods used to be made in engravings'",BCr.30b03,http://gams.uni-graz.at/o:glossvibe.bvi#BCr.30b03.7,incaelatura,ADJ,nom.pl.neut.participle.,incaelatus,la,gl. in capitoliumShow Parallels,http://gams.uni-graz.at/o:glossvibe.bvi#Jon_326_4-5a,BCr,BCr.30b03_7,incaelo,VERB
,"BCr.30b03: .i. templum iouis inquo capita deorum incaelatura fiebant..,    'i.e. the temple of Jupiter, where the heads of the gods used to be made in engravings'",BCr.30b03,http://gams.uni-graz.at/o:glossvibe.bvi#BCr.30b03.8,fiebant,VERB,3pl.past.ind.pass.,facio,la,gl. in capitoliumShow Parallels,http://gams.uni-graz.at/o:glossvibe.bvi#Jon_326_4-5a,BCr,BCr.30b03_8,fio,VERB
,BVi.03a38: .i. templum idoli    'i.e. a temple of an idol',BVi.03a38,http://gams.uni-graz.at/o:glossvibe.bvi#BVi.03a38.1,templum,NOUN,nom.sg.neut.,templum,la,gl. in capitoliumShow Parallels,http://gams.uni-graz.at/o:glossvibe.bvi#Jon_326_4-5a,BVi,BVi.03a38_1,templum,NOUN
,BVi.03a38: .i. templum idoli    'i.e. a temple of an idol',BVi.03a38,http://gams.uni-graz.at/o:glossvibe.bvi#BVi.03a38.2,idoli,NOUN,gen.sg.neut.,idolum,la,gl. in capitoliumShow Parallels,http://gams.uni-graz.at/o:glossvibe.bvi#Jon_326_4-5a,BVi,BVi.03a38_2,idolon,NOUN
,"Sg.67.15: templum iouis inquocapita deorum incelatura fiebant    'i.e. the temple of Jupiter, where the heads of the gods used to be made in engravings'",Sg.67.15,http://gams.uni-graz.at/o:glossvibe.bvi#Sg.67.15.0,templum,NOUN,nom.sg.neut.,templum,la,gl. in capitoliumShow Parallels,http://gams.uni-graz.at/o:glossvibe.bvi#Jon_326_4-5a,Sg,Sg.67.15_1,templum,NOUN
,"Sg.67.15: templum iouis inquocapita deorum incelatura fiebant    'i.e. the temple of Jupiter, where the heads of the gods used to be made in engravings'",Sg.67.15,http://gams.uni-graz.at/o:glossvibe.bvi#Sg.67.15.1,iouis,PROPN,gen.sg.masc.,iouis,la,gl. in capitoliumShow Parallels,http://gams.uni-graz.at/o:glossvibe.bvi#Jon_326_4-5a,Sg,Sg.67.15_2,iouis,PROPN
,"Sg.67.15: templum iouis inquocapita deorum incelatura fiebant    'i.e. the temple of Jupiter, where the heads of the gods used to be made in engravings'",Sg.67.15,http://gams.uni-graz.at/o:glossvibe.bvi#Sg.67.15.2,in,ADP,,in,la,gl. in capitoliumShow Parallels,http://gams.uni-graz.at/o:glossvibe.bvi#Jon_326_4-5a,Sg,Sg.67.15_3,in,ADP
,"Sg.67.15: templum iouis inquocapita deorum incelatura fiebant    'i.e. the temple of Jupiter, where the heads of the gods used to be made in engravings'",Sg.67.15,http://gams.uni-graz.at/o:glossvibe.bvi#Sg.67.15.3,quo,PRON,abl.sg.neut.,qui,la,gl. in capitoliumShow Parallels,http://gams.uni-graz.at/o:glossvibe.bvi#Jon_326_4-5a,Sg,Sg.67.15_4,qui,PRON
,"Sg.67.15: templum iouis inquocapita deorum incelatura fiebant    'i.e. the temple of Jupiter, where the heads of the gods used to be made in engravings'",Sg.67.15,http://gams.uni-graz.at/o:glossvibe.bvi#Sg.67.15.4,capita,NOUN,nom.pl.neut.,capitum,la,gl. in capitoliumShow Parallels,http://gams.uni-graz.at/o:glossvibe.bvi#Jon_326_4-5a,Sg,Sg.67.15_5,capita,NOUN
,"Sg.67.15: templum iouis inquocapita deorum incelatura fiebant    'i.e. the temple of Jupiter, where the heads of the gods used to be made in engravings'",Sg.67.15,http://gams.uni-graz.at/o:glossvibe.bvi#Sg.67.15.5,deorum,PROPN,gen.pl.masc.,deus,la,gl. in capitoliumShow Parallels,http://gams.uni-graz.at/o:glossvibe.bvi#Jon_326_4-5a,Sg,Sg.67.15_6,deus,NOUN
,"Sg.67.15: templum iouis inquocapita deorum incelatura fiebant    'i.e. the temple of Jupiter, where the heads of the gods used to be made in engravings'",Sg.67.15,http://gams.uni-graz.at/o:glossvibe.bvi#Sg.67.15.6,incelatura,ADJ,nom.pl.neut.participle.,incaelatus,la,gl. in capitoliumShow Parallels,http://gams.uni-graz.at/o:glossvibe.bvi#Jon_326_4-5a,Sg,Sg.67.15_7,incilo,VERB
,"Sg.67.15: templum iouis inquocapita deorum incelatura fiebant    'i.e. the temple of Jupiter, where the heads of the gods used to be made in engravings'",Sg.67.15,http://gams.uni-graz.at/o:glossvibe.bvi#Sg.67.15.7,fiebant,VERB,3pl.past.ind.pass.,facio,la,gl. in capitoliumShow Parallels,http://gams.uni-graz.at/o:glossvibe.bvi#Jon_326_4-5a,Sg,Sg.67.15_8,fio,VERB
,Ang.54abis27a: .i. maiori pontifici.    'i.e. to the greater high-priest',Ang.54abis27a,http://gams.uni-graz.at/o:glossvibe.bvi#Ang.54abis27a.1,maiori,ADJ,dat.sg.masc.,magnus,la,gl. regi sacrificuloShow Parallels,http://gams.uni-graz.at/o:glossvibe.bvi#Jon_326_4a,Ang,Ang.54abis27a_1,magnus,ADJ
,Ang.54abis27a: .i. maiori pontifici.    'i.e. to the greater high-priest',Ang.54abis27a,http://gams.uni-graz.at/o:glossvibe.bvi#Ang.54abis27a.2,pontifici,NOUN,dat.sg.masc.,pontifex,la,gl. regi sacrificuloShow Parallels,http://gams.uni-graz.at/o:glossvibe.bvi#Jon_326_4a,Ang,Ang.54abis27a_2,pontificus,NOUN
,"BCr.30b01: .i.regi colenti sacrificia hoc est regi qui sacrificiis perfiebat uel pontifici maiori.,    'i.e. to the king who performs the sacrifices, this is to the king who was made sacrificial or to the greater high-priest'",BCr.30b01,http://gams.uni-graz.at/o:glossvibe.bvi#BCr.30b01.01,regi,NOUN,dat.sg.masc.,rex,la,gl. regi sacrificuloShow Parallels,http://gams.uni-graz.at/o:glossvibe.bvi#Jon_326_4a,BCr,BCr.30b01_1,rex,NOUN
,"BCr.30b01: .i.regi colenti sacrificia hoc est regi qui sacrificiis perfiebat uel pontifici maiori.,    'i.e. to the king who performs the sacrifices, this is to the king who was made sacrificial or to the greater high-priest'",BCr.30b01,http://gams.uni-graz.at/o:glossvibe.bvi#BCr.30b01.01,regi,NOUN,dat.sg.masc.,rex,la,gl. regi sacrificuloShow Parallels,http://gams.uni-graz.at/o:glossvibe.bvi#Jon_326_4a,BCr,BCr.30b01_6,rex,NOUN
,"BCr.30b01: .i.regi colenti sacrificia hoc est regi qui sacrificiis perfiebat uel pontifici maiori.,    'i.e. to the king who performs the sacrifices, this is to the king who was made sacrificial or to the greater high-priest'",BCr.30b01,http://gams.uni-graz.at/o:glossvibe.bvi#BCr.30b01.02,colenti,VERB,dat.sg.masc.participle.,colo,la,gl. regi sacrificuloShow Parallels,http://gams.uni-graz.at/o:glossvibe.bvi#Jon_326_4a,BCr,BCr.30b01_2,colo,VERB
,"BCr.30b01: .i.regi colenti sacrificia hoc est regi qui sacrificiis perfiebat uel pontifici maiori.,    'i.e. to the king who performs the sacrifices, this is to the king who was made sacrificial or to the greater high-priest'",BCr.30b01,http://gams.uni-graz.at/o:glossvibe.bvi#BCr.30b01.03,sacrificia,NOUN,acc.pl.neut.,sacrificium,la,gl. regi sacrificuloShow Parallels,http://gams.uni-graz.at/o:glossvibe.bvi#Jon_326_4a,BCr,BCr.30b01_3,sacrificium,NOUN
,"BCr.30b01: .i.regi colenti sacrificia hoc est regi qui sacrificiis perfiebat uel pontifici maiori.,    'i.e. to the king who performs the sacrifices, this is to the king who was made sacrificial or to the greater high-priest'",BCr.30b01,http://gams.uni-graz.at/o:glossvibe.bvi#BCr.30b01.04,hoc,DET,nom.sg.neut.,hic,la,gl. regi sacrificuloShow Parallels,http://gams.uni-graz.at/o:glossvibe.bvi#Jon_326_4a,BCr,BCr.30b01_4,hic,DET
,"BCr.30b01: .i.regi colenti sacrificia hoc est regi qui sacrificiis perfiebat uel pontifici maiori.,    'i.e. to the king who performs the sacrifices, this is to the king who was made sacrificial or to the greater high-priest'",BCr.30b01,http://gams.uni-graz.at/o:glossvibe.bvi#BCr.30b01.05,est,VERB,3sg.pres.ind.act.,sum,la,gl. regi sacrificuloShow Parallels,http://gams.uni-graz.at/o:glossvibe.bvi#Jon_326_4a,BCr,BCr.30b01_5,sum,AUX
,"BCr.30b01: .i.regi colenti sacrificia hoc est regi qui sacrificiis perfiebat uel pontifici maiori.,    'i.e. to the king who performs the sacrifices, this is to the king who was made sacrificial or to the greater high-priest'",BCr.30b01,http://gams.uni-graz.at/o:glossvibe.bvi#BCr.30b01.06,regi,NOUN,dat.sg.masc.,rex,la,gl. regi sacrificuloShow Parallels,http://gams.uni-graz.at/o:glossvibe.bvi#Jon_326_4a,BCr,BCr.30b01_1,rex,NOUN
,"BCr.30b01: .i.regi colenti sacrificia hoc est regi qui sacrificiis perfiebat uel pontifici maiori.,    'i.e. to the king who performs the sacrifices, this is to the king who was made sacrificial or to the greater high-priest'",BCr.30b01,http://gams.uni-graz.at/o:glossvibe.bvi#BCr.30b01.06,regi,NOUN,dat.sg.masc.,rex,la,gl. regi sacrificuloShow Parallels,http://gams.uni-graz.at/o:glossvibe.bvi#Jon_326_4a,BCr,BCr.30b01_6,rex,NOUN
,"BCr.30b01: .i.regi colenti sacrificia hoc est regi qui sacrificiis perfiebat uel pontifici maiori.,    'i.e. to the king who performs the sacrifices, this is to the king who was made sacrificial or to the greater high-priest'",BCr.30b01,http://gams.uni-graz.at/o:glossvibe.bvi#BCr.30b01.07,qui,PRON,nom.sg.masc.,qui,la,gl. regi sacrificuloShow Parallels,http://gams.uni-graz.at/o:glossvibe.bvi#Jon_326_4a,BCr,BCr.30b01_7,qui,PRON
,"BCr.30b01: .i.regi colenti sacrificia hoc est regi qui sacrificiis perfiebat uel pontifici maiori.,    'i.e. to the king who performs the sacrifices, this is to the king who was made sacrificial or to the greater high-priest'",BCr.30b01,http://gams.uni-graz.at/o:glossvibe.bvi#BCr.30b01.08,sacrificiis,NOUN,dat.pl.neut.,sacrificium,la,gl. regi sacrificuloShow Parallels,http://gams.uni-graz.at/o:glossvibe.bvi#Jon_326_4a,BCr,BCr.30b01_8,sacrificium,NOUN
,"BCr.30b01: .i.regi colenti sacrificia hoc est regi qui sacrificiis perfiebat uel pontifici maiori.,    'i.e. to the king who performs the sacrifices, this is to the king who was made sacrificial or to the greater high-priest'",BCr.30b01,http://gams.uni-graz.at/o:glossvibe.bvi#BCr.30b01.09,perfiebat,,3sg.past.ind.act.,,la,gl. regi sacrificuloShow Parallels,http://gams.uni-graz.at/o:glossvibe.bvi#Jon_326_4a,BCr,BCr.30b01_9,perfio,VERB
,"BCr.30b01: .i.regi colenti sacrificia hoc est regi qui sacrificiis perfiebat uel pontifici maiori.,    'i.e. to the king who performs the sacrifices, this is to the king who was made sacrificial or to the greater high-priest'",BCr.30b01,http://gams.uni-graz.at/o:glossvibe.bvi#BCr.30b01.10,uel,CCONJ,,uel,la,gl. regi sacrificuloShow Parallels,http://gams.uni-graz.at/o:glossvibe.bvi#Jon_326_4a,BCr,BCr.30b01_10,uel,CCONJ
,"BCr.30b01: .i.regi colenti sacrificia hoc est regi qui sacrificiis perfiebat uel pontifici maiori.,    'i.e. to the king who performs the sacrifices, this is to the king who was made sacrificial or to the greater high-priest'",BCr.30b01,http://gams.uni-graz.at/o:glossvibe.bvi#BCr.30b01.11,pontifici,NOUN,dat.sg.masc.,pontifex,la,gl. regi sacrificuloShow Parallels,http://gams.uni-graz.at/o:glossvibe.bvi#Jon_326_4a,BCr,BCr.30b01_11,pontificus,NOUN
,"BCr.30b01: .i.regi colenti sacrificia hoc est regi qui sacrificiis perfiebat uel pontifici maiori.,    'i.e. to the king who performs the sacrifices, this is to the king who was made sacrificial or to the greater high-priest'",BCr.30b01,http://gams.uni-graz.at/o:glossvibe.bvi#BCr.30b01.12,maiori,ADJ,dat.sg.neut.comp.,magnus,la,gl. regi sacrificuloShow Parallels,http://gams.uni-graz.at/o:glossvibe.bvi#Jon_326_4a,BCr,BCr.30b01_12,magnus,ADJ
,"Sg.67.13b: i. regicolenti sacrificia hocem qui sacrifitas prefiebat uel pontificimaiori    'i.e. to the king who performs the sacrifices, that is to the king who was made sacrificial or to the greater high-priest'",Sg.67.13b,http://gams.uni-graz.at/o:glossvibe.bvi#Sg.67.13b.1,regi,NOUN,dat.sg.masc.,rex,la,gl. regi sacrificuloShow Parallels,http://gams.uni-graz.at/o:glossvibe.bvi#Jon_326_4a,Sg,Sg.67.13b_1,rex,NOUN
,"Sg.67.13b: i. regicolenti sacrificia hocem qui sacrifitas prefiebat uel pontificimaiori    'i.e. to the king who performs the sacrifices, that is to the king who was made sacrificial or to the greater high-priest'",Sg.67.13b,http://gams.uni-graz.at/o:glossvibe.bvi#Sg.67.13b.2,colenti,VERB,dat.sg.masc.participle.,colo,la,gl. regi sacrificuloShow Parallels,http://gams.uni-graz.at/o:glossvibe.bvi#Jon_326_4a,Sg,Sg.67.13b_2,colo,VERB
,"Sg.67.13b: i. regicolenti sacrificia hocem qui sacrifitas prefiebat uel pontificimaiori    'i.e. to the king who performs the sacrifices, that is to the king who was made sacrificial or to the greater high-priest'",Sg.67.13b,http://gams.uni-graz.at/o:glossvibe.bvi#Sg.67.13b.3,sacrificia,NOUN,acc.pl.neut.,sacrificium,la,gl. regi sacrificuloShow Parallels,http://gams.uni-graz.at/o:glossvibe.bvi#Jon_326_4a,Sg,Sg.67.13b_3,sacrificium,NOUN
,"Sg.67.13b: i. regicolenti sacrificia hocem qui sacrifitas prefiebat uel pontificimaiori    'i.e. to the king who performs the sacrifices, that is to the king who was made sacrificial or to the greater high-priest'",Sg.67.13b,http://gams.uni-graz.at/o:glossvibe.bvi#Sg.67.13b.4a,hoc,DET,nom.sg.neut.,hic,la,gl. regi sacrificuloShow Parallels,http://gams.uni-graz.at/o:glossvibe.bvi#Jon_326_4a,Sg,Sg.67.13b_4,hic,DET
,"Sg.67.13b: i. regicolenti sacrificia hocem qui sacrifitas prefiebat uel pontificimaiori    'i.e. to the king who performs the sacrifices, that is to the king who was made sacrificial or to the greater high-priest'",Sg.67.13b,http://gams.uni-graz.at/o:glossvibe.bvi#Sg.67.13b.4b,em,,,,la,gl. regi sacrificuloShow Parallels,http://gams.uni-graz.at/o:glossvibe.bvi#Jon_326_4a,Sg,Sg.67.13b_5,eo,VERB
,"Sg.67.13b: i. regicolenti sacrificia hocem qui sacrifitas prefiebat uel pontificimaiori    'i.e. to the king who performs the sacrifices, that is to the king who was made sacrificial or to the greater high-priest'",Sg.67.13b,http://gams.uni-graz.at/o:glossvibe.bvi#Sg.67.13b.5,qui,PRON,nom.sg.masc.,qui,la,gl. regi sacrificuloShow Parallels,http://gams.uni-graz.at/o:glossvibe.bvi#Jon_326_4a,Sg,Sg.67.13b_6,qui,PRON
,"Sg.67.13b: i. regicolenti sacrificia hocem qui sacrifitas prefiebat uel pontificimaiori    'i.e. to the king who performs the sacrifices, that is to the king who was made sacrificial or to the greater high-priest'",Sg.67.13b,http://gams.uni-graz.at/o:glossvibe.bvi#Sg.67.13b.6,sacrifitas,NOUN,acc.sg.fem.,sacrificus,la,gl. regi sacrificuloShow Parallels,http://gams.uni-graz.at/o:glossvibe.bvi#Jon_326_4a,Sg,Sg.67.13b_7,sacrifitas,NOUN
,"Sg.67.13b: i. regicolenti sacrificia hocem qui sacrifitas prefiebat uel pontificimaiori    'i.e. to the king who performs the sacrifices, that is to the king who was made sacrificial or to the greater high-priest'",Sg.67.13b,http://gams.uni-graz.at/o:glossvibe.bvi#Sg.67.13b.7,prefiebat,,3sg.past.ind.act.,,la,gl. regi sacrificuloShow Parallels,http://gams.uni-graz.at/o:glossvibe.bvi#Jon_326_4a,Sg,Sg.67.13b_8,prefio,VERB
,"Sg.67.13b: i. regicolenti sacrificia hocem qui sacrifitas prefiebat uel pontificimaiori    'i.e. to the king who performs the sacrifices, that is to the king who was made sacrificial or to the greater high-priest'",Sg.67.13b,http://gams.uni-graz.at/o:glossvibe.bvi#Sg.67.13b.8,uel,CCONJ,,uel,la,gl. regi sacrificuloShow Parallels,http://gams.uni-graz.at/o:glossvibe.bvi#Jon_326_4a,Sg,Sg.67.13b_9,uel,CCONJ
,"Sg.67.13b: i. regicolenti sacrificia hocem qui sacrifitas prefiebat uel pontificimaiori    'i.e. to the king who performs the sacrifices, that is to the king who was made sacrificial or to the greater high-priest'",Sg.67.13b,http://gams.uni-graz.at/o:glossvibe.bvi#Sg.67.13b.9a,pontifici,NOUN,dat.sg.masc.,pontifex,la,gl. regi sacrificuloShow Parallels,http://gams.uni-graz.at/o:glossvibe.bvi#Jon_326_4a,Sg,Sg.67.13b_10,pontificus,NOUN
,"Sg.67.13b: i. regicolenti sacrificia hocem qui sacrifitas prefiebat uel pontificimaiori    'i.e. to the king who performs the sacrifices, that is to the king who was made sacrificial or to the greater high-priest'",Sg.67.13b,http://gams.uni-graz.at/o:glossvibe.bvi#Sg.67.13b.9b,maiori,ADJ,dat.sg.masc.comp.,magnus,la,gl. regi sacrificuloShow Parallels,http://gams.uni-graz.at/o:glossvibe.bvi#Jon_326_4a,Sg,Sg.67.13b_11,magnus,ADJ
,Ang.54abis29a: quia inea uocabatur plebs.    'because in it the people were called',Ang.54abis29a,http://gams.uni-graz.at/o:glossvibe.bvi#Ang.54abis29a.0,quia,SCONJ,,quia,la,gl. calabramShow Parallels,http://gams.uni-graz.at/o:glossvibe.bvi#Jon_326_5a,Ang,Ang.54abis29a_1,quia,SCONJ
,Ang.54abis29a: quia inea uocabatur plebs.    'because in it the people were called',Ang.54abis29a,http://gams.uni-graz.at/o:glossvibe.bvi#Ang.54abis29a.1,in,ADP,,in,la,gl. calabramShow Parallels,http://gams.uni-graz.at/o:glossvibe.bvi#Jon_326_5a,Ang,Ang.54abis29a_2,in,ADP
,Ang.54abis29a: quia inea uocabatur plebs.    'because in it the people were called',Ang.54abis29a,http://gams.uni-graz.at/o:glossvibe.bvi#Ang.54abis29a.2,ea,PRON,abl.sg.fem.,is,la,gl. calabramShow Parallels,http://gams.uni-graz.at/o:glossvibe.bvi#Jon_326_5a,Ang,Ang.54abis29a_3,is,PRON
,Ang.54abis29a: quia inea uocabatur plebs.    'because in it the people were called',Ang.54abis29a,http://gams.uni-graz.at/o:glossvibe.bvi#Ang.54abis29a.3,uocabatur,VERB,3sg.past.ind.pass.,uoco,la,gl. calabramShow Parallels,http://gams.uni-graz.at/o:glossvibe.bvi#Jon_326_5a,Ang,Ang.54abis29a_4,uoco,VERB
,Ang.54abis29a: quia inea uocabatur plebs.    'because in it the people were called',Ang.54abis29a,http://gams.uni-graz.at/o:glossvibe.bvi#Ang.54abis29a.4,plebs,NOUN,nom.sg.fem.,plebs,la,gl. calabramShow Parallels,http://gams.uni-graz.at/o:glossvibe.bvi#Jon_326_5a,Ang,Ang.54abis29a_5,plebs,NOUN
,BVi.03a39: .i. plebum loci    'i.e. of the local people',BVi.03a39,http://gams.uni-graz.at/o:glossvibe.bvi#BVi.03a39.1,plebum,NOUN,gen.pl.masc.,plebs,la,gl. calabramShow Parallels,http://gams.uni-graz.at/o:glossvibe.bvi#Jon_326_5a,BVi,BVi.03a39_1,plebus,NOUN
,BVi.03a39: .i. plebum loci    'i.e. of the local people',BVi.03a39,http://gams.uni-graz.at/o:glossvibe.bvi#BVi.03a39.2,loci,NOUN,gen.sg.masc.,locus,la,gl. calabramShow Parallels,http://gams.uni-graz.at/o:glossvibe.bvi#Jon_326_5a,BVi,BVi.03a39_2,locus,NOUN
,Ang.54bbis17c: reuententis insuum locum primum.    'returning to its first place',Ang.54bbis17c,http://gams.uni-graz.at/o:glossvibe.bvi#Ang.54bbis17c.0,reuententis,VERB,gen.sg.masc.participle.,reuertor,la,gl. uertentis ordinauereShow Parallels,http://gams.uni-graz.at/o:glossvibe.bvi#Jon_327_10a,Ang,Ang.54bbis17c_1,reuentor,VERB
,Ang.54bbis17c: reuententis insuum locum primum.    'returning to its first place',Ang.54bbis17c,http://gams.uni-graz.at/o:glossvibe.bvi#Ang.54bbis17c.1,in,ADP,,in,la,gl. uertentis ordinauereShow Parallels,http://gams.uni-graz.at/o:glossvibe.bvi#Jon_327_10a,Ang,Ang.54bbis17c_2,in,ADP
,Ang.54bbis17c: reuententis insuum locum primum.    'returning to its first place',Ang.54bbis17c,http://gams.uni-graz.at/o:glossvibe.bvi#Ang.54bbis17c.2,suum,DET,acc.sg.masc.,suus,la,gl. uertentis ordinauereShow Parallels,http://gams.uni-graz.at/o:glossvibe.bvi#Jon_327_10a,Ang,Ang.54bbis17c_3,suus,DET
,Ang.54bbis17c: reuententis insuum locum primum.    'returning to its first place',Ang.54bbis17c,http://gams.uni-graz.at/o:glossvibe.bvi#Ang.54bbis17c.3,locum,NOUN,acc.sg.masc.,locus,la,gl. uertentis ordinauereShow Parallels,http://gams.uni-graz.at/o:glossvibe.bvi#Jon_327_10a,Ang,Ang.54bbis17c_4,locus,NOUN
,Ang.54bbis17c: reuententis insuum locum primum.    'returning to its first place',Ang.54bbis17c,http://gams.uni-graz.at/o:glossvibe.bvi#Ang.54bbis17c.4,primum,ADJ,acc.sg.masc.pos.,primus 1,la,gl. uertentis ordinauereShow Parallels,http://gams.uni-graz.at/o:glossvibe.bvi#Jon_327_10a,Ang,Ang.54bbis17c_5,primus,ADJ
,BVi.03b27: reuertentis insuum locum    'returning to its place',BVi.03b27,http://gams.uni-graz.at/o:glossvibe.bvi#BVi.03b27.0,reuertentis,VERB,gen.sg.masc.participle.,reuertor,la,gl. uertentis ordinauereShow Parallels,http://gams.uni-graz.at/o:glossvibe.bvi#Jon_327_10a,BVi,BVi.03b27_1,reuertor,VERB
,BVi.03b27: reuertentis insuum locum    'returning to its place',BVi.03b27,http://gams.uni-graz.at/o:glossvibe.bvi#BVi.03b27.1,in,ADP,,in,la,gl. uertentis ordinauereShow Parallels,http://gams.uni-graz.at/o:glossvibe.bvi#Jon_327_10a,BVi,BVi.03b27_2,in,ADP
,BVi.03b27: reuertentis insuum locum    'returning to its place',BVi.03b27,http://gams.uni-graz.at/o:glossvibe.bvi#BVi.03b27.2,suum,DET,acc.sg.masc.,suus,la,gl. uertentis ordinauereShow Parallels,http://gams.uni-graz.at/o:glossvibe.bvi#Jon_327_10a,BVi,BVi.03b27_3,suus,DET
,BVi.03b27: reuertentis insuum locum    'returning to its place',BVi.03b27,http://gams.uni-graz.at/o:glossvibe.bvi#BVi.03b27.3,locum,NOUN,acc.sg.masc.,locus,la,gl. uertentis ordinauereShow Parallels,http://gams.uni-graz.at/o:glossvibe.bvi#Jon_327_10a,BVi,BVi.03b27_4,locus,NOUN
,Ang.54bbis20b: primus dies primi mensis et secundus reliqua    'first day of the first month and second etc.',Ang.54bbis20b,http://gams.uni-graz.at/o:glossvibe.bvi#Ang.54bbis20b.0,primus,ADJ,nom.sg.masc.pos.,primus 1,la,gl. augescente paulatimShow Parallels,http://gams.uni-graz.at/o:glossvibe.bvi#Jon_327_14-15a,Ang,Ang.54bbis20b_1,primus,ADJ
,Ang.54bbis20b: primus dies primi mensis et secundus reliqua    'first day of the first month and second etc.',Ang.54bbis20b,http://gams.uni-graz.at/o:glossvibe.bvi#Ang.54bbis20b.1,dies,NOUN,nom.sg.masc.,dies,la,gl. augescente paulatimShow Parallels,http://gams.uni-graz.at/o:glossvibe.bvi#Jon_327_14-15a,Ang,Ang.54bbis20b_2,dies,NOUN
,Ang.54bbis20b: primus dies primi mensis et secundus reliqua    'first day of the first month and second etc.',Ang.54bbis20b,http://gams.uni-graz.at/o:glossvibe.bvi#Ang.54bbis20b.2,primi,ADJ,gen.sg.masc.pos.,primus 1,la,gl. augescente paulatimShow Parallels,http://gams.uni-graz.at/o:glossvibe.bvi#Jon_327_14-15a,Ang,Ang.54bbis20b_3,primus,ADJ
,Ang.54bbis20b: primus dies primi mensis et secundus reliqua    'first day of the first month and second etc.',Ang.54bbis20b,http://gams.uni-graz.at/o:glossvibe.bvi#Ang.54bbis20b.3,mensis,NOUN,gen.sg.masc.,mensis,la,gl. augescente paulatimShow Parallels,http://gams.uni-graz.at/o:glossvibe.bvi#Jon_327_14-15a,Ang,Ang.54bbis20b_4,mensis,NOUN
,Ang.54bbis20b: primus dies primi mensis et secundus reliqua    'first day of the first month and second etc.',Ang.54bbis20b,http://gams.uni-graz.at/o:glossvibe.bvi#Ang.54bbis20b.4,et,CCONJ,,et,la,gl. augescente paulatimShow Parallels,http://gams.uni-graz.at/o:glossvibe.bvi#Jon_327_14-15a,Ang,Ang.54bbis20b_5,et,CCONJ
,Ang.54bbis20b: primus dies primi mensis et secundus reliqua    'first day of the first month and second etc.',Ang.54bbis20b,http://gams.uni-graz.at/o:glossvibe.bvi#Ang.54bbis20b.5,secundus,ADJ,nom.sg.masc.pos.,secundus,la,gl. augescente paulatimShow Parallels,http://gams.uni-graz.at/o:glossvibe.bvi#Jon_327_14-15a,Ang,Ang.54bbis20b_6,secundus,ADJ
,Ang.54bbis20b: primus dies primi mensis et secundus reliqua    'first day of the first month and second etc.',Ang.54bbis20b,http://gams.uni-graz.at/o:glossvibe.bvi#Ang.54bbis20b.6,reliqua,DET,nom.pl.neut.,reliquus,la,gl. augescente paulatimShow Parallels,http://gams.uni-graz.at/o:glossvibe.bvi#Jon_327_14-15a,Ang,Ang.54bbis20b_7,reliquus,ADJ
,BCr.30b36: ./. .i. sic numerant primus dies primi mensis.secundus dies secundi mensis. reliqua    'i.e. so they count: first day of the first month; second day of the second month; etc.',BCr.30b36,http://gams.uni-graz.at/o:glossvibe.bvi#BCr.30b36.01,sic,ADV,,sic,la,gl. augescente paulatimShow Parallels,http://gams.uni-graz.at/o:glossvibe.bvi#Jon_327_14-15a,BCr,BCr.30b36_1,sic,ADV
,BCr.30b36: ./. .i. sic numerant primus dies primi mensis.secundus dies secundi mensis. reliqua    'i.e. so they count: first day of the first month; second day of the second month; etc.',BCr.30b36,http://gams.uni-graz.at/o:glossvibe.bvi#BCr.30b36.02,numerant,VERB,3pl.pres.ind.act.,numero,la,gl. augescente paulatimShow Parallels,http://gams.uni-graz.at/o:glossvibe.bvi#Jon_327_14-15a,BCr,BCr.30b36_2,numero,VERB
,BCr.30b36: ./. .i. sic numerant primus dies primi mensis.secundus dies secundi mensis. reliqua    'i.e. so they count: first day of the first month; second day of the second month; etc.',BCr.30b36,http://gams.uni-graz.at/o:glossvibe.bvi#BCr.30b36.03,primus,ADJ,nom.sg.masc.pos.,primus 1,la,gl. augescente paulatimShow Parallels,http://gams.uni-graz.at/o:glossvibe.bvi#Jon_327_14-15a,BCr,BCr.30b36_3,primus,ADJ
,BCr.30b36: ./. .i. sic numerant primus dies primi mensis.secundus dies secundi mensis. reliqua    'i.e. so they count: first day of the first month; second day of the second month; etc.',BCr.30b36,http://gams.uni-graz.at/o:glossvibe.bvi#BCr.30b36.04,dies,NOUN,nom.sg.masc.,dies,la,gl. augescente paulatimShow Parallels,http://gams.uni-graz.at/o:glossvibe.bvi#Jon_327_14-15a,BCr,BCr.30b36_4,dies,NOUN
,BCr.30b36: ./. .i. sic numerant primus dies primi mensis.secundus dies secundi mensis. reliqua    'i.e. so they count: first day of the first month; second day of the second month; etc.',BCr.30b36,http://gams.uni-graz.at/o:glossvibe.bvi#BCr.30b36.04,dies,NOUN,nom.sg.masc.,dies,la,gl. augescente paulatimShow Parallels,http://gams.uni-graz.at/o:glossvibe.bvi#Jon_327_14-15a,BCr,BCr.30b36_8,dies,NOUN
,BCr.30b36: ./. .i. sic numerant primus dies primi mensis.secundus dies secundi mensis. reliqua    'i.e. so they count: first day of the first month; second day of the second month; etc.',BCr.30b36,http://gams.uni-graz.at/o:glossvibe.bvi#BCr.30b36.05,primi,ADJ,gen.sg.masc.pos.,primus 1,la,gl. augescente paulatimShow Parallels,http://gams.uni-graz.at/o:glossvibe.bvi#Jon_327_14-15a,BCr,BCr.30b36_5,primus,ADJ
,BCr.30b36: ./. .i. sic numerant primus dies primi mensis.secundus dies secundi mensis. reliqua    'i.e. so they count: first day of the first month; second day of the second month; etc.',BCr.30b36,http://gams.uni-graz.at/o:glossvibe.bvi#BCr.30b36.06,mensis,NOUN,gen.sg.masc.,mensis,la,gl. augescente paulatimShow Parallels,http://gams.uni-graz.at/o:glossvibe.bvi#Jon_327_14-15a,BCr,BCr.30b36_6,mensis,NOUN
,BCr.30b36: ./. .i. sic numerant primus dies primi mensis.secundus dies secundi mensis. reliqua    'i.e. so they count: first day of the first month; second day of the second month; etc.',BCr.30b36,http://gams.uni-graz.at/o:glossvibe.bvi#BCr.30b36.06,mensis,NOUN,gen.sg.masc.,mensis,la,gl. augescente paulatimShow Parallels,http://gams.uni-graz.at/o:glossvibe.bvi#Jon_327_14-15a,BCr,BCr.30b36_10,mensis,NOUN
,BCr.30b36: ./. .i. sic numerant primus dies primi mensis.secundus dies secundi mensis. reliqua    'i.e. so they count: first day of the first month; second day of the second month; etc.',BCr.30b36,http://gams.uni-graz.at/o:glossvibe.bvi#BCr.30b36.07,secundus,ADJ,nom.sg.masc.pos.,secundus,la,gl. augescente paulatimShow Parallels,http://gams.uni-graz.at/o:glossvibe.bvi#Jon_327_14-15a,BCr,BCr.30b36_7,secundus,ADJ
,BCr.30b36: ./. .i. sic numerant primus dies primi mensis.secundus dies secundi mensis. reliqua    'i.e. so they count: first day of the first month; second day of the second month; etc.',BCr.30b36,http://gams.uni-graz.at/o:glossvibe.bvi#BCr.30b36.08,dies,NOUN,nom.sg.masc.,dies,la,gl. augescente paulatimShow Parallels,http://gams.uni-graz.at/o:glossvibe.bvi#Jon_327_14-15a,BCr,BCr.30b36_4,dies,NOUN
,BCr.30b36: ./. .i. sic numerant primus dies primi mensis.secundus dies secundi mensis. reliqua    'i.e. so they count: first day of the first month; second day of the second month; etc.',BCr.30b36,http://gams.uni-graz.at/o:glossvibe.bvi#BCr.30b36.08,dies,NOUN,nom.sg.masc.,dies,la,gl. augescente paulatimShow Parallels,http://gams.uni-graz.at/o:glossvibe.bvi#Jon_327_14-15a,BCr,BCr.30b36_8,dies,NOUN
,BCr.30b36: ./. .i. sic numerant primus dies primi mensis.secundus dies secundi mensis. reliqua    'i.e. so they count: first day of the first month; second day of the second month; etc.',BCr.30b36,http://gams.uni-graz.at/o:glossvibe.bvi#BCr.30b36.09,secundi,ADJ,gen.sg.masc.pos.,secundus,la,gl. augescente paulatimShow Parallels,http://gams.uni-graz.at/o:glossvibe.bvi#Jon_327_14-15a,BCr,BCr.30b36_9,secundus,ADJ
,BCr.30b36: ./. .i. sic numerant primus dies primi mensis.secundus dies secundi mensis. reliqua    'i.e. so they count: first day of the first month; second day of the second month; etc.',BCr.30b36,http://gams.uni-graz.at/o:glossvibe.bvi#BCr.30b36.10,mensis,NOUN,gen.sg.masc.,mensis,la,gl. augescente paulatimShow Parallels,http://gams.uni-graz.at/o:glossvibe.bvi#Jon_327_14-15a,BCr,BCr.30b36_6,mensis,NOUN
,BCr.30b36: ./. .i. sic numerant primus dies primi mensis.secundus dies secundi mensis. reliqua    'i.e. so they count: first day of the first month; second day of the second month; etc.',BCr.30b36,http://gams.uni-graz.at/o:glossvibe.bvi#BCr.30b36.10,mensis,NOUN,gen.sg.masc.,mensis,la,gl. augescente paulatimShow Parallels,http://gams.uni-graz.at/o:glossvibe.bvi#Jon_327_14-15a,BCr,BCr.30b36_10,mensis,NOUN
,BCr.30b36: ./. .i. sic numerant primus dies primi mensis.secundus dies secundi mensis. reliqua    'i.e. so they count: first day of the first month; second day of the second month; etc.',BCr.30b36,http://gams.uni-graz.at/o:glossvibe.bvi#BCr.30b36.11,reliqua,DET,nom.pl.neut.,reliquus,la,gl. augescente paulatimShow Parallels,http://gams.uni-graz.at/o:glossvibe.bvi#Jon_327_14-15a,BCr,BCr.30b36_11,reliquus,ADJ
,BVi.03b31: .i. primus dies primi secundus dies secundi    'i.e. first day of the first; second day of the second',BVi.03b31,http://gams.uni-graz.at/o:glossvibe.bvi#BVi.03b31.1,primus,ADJ,nom.sg.masc.pos.,primus 1,la,gl. augescente paulatimShow Parallels,http://gams.uni-graz.at/o:glossvibe.bvi#Jon_327_14-15a,BVi,BVi.03b31_1,primus,ADJ
,BVi.03b31: .i. primus dies primi secundus dies secundi    'i.e. first day of the first; second day of the second',BVi.03b31,http://gams.uni-graz.at/o:glossvibe.bvi#BVi.03b31.2,dies,NOUN,nom.sg.masc.,dies,la,gl. augescente paulatimShow Parallels,http://gams.uni-graz.at/o:glossvibe.bvi#Jon_327_14-15a,BVi,BVi.03b31_2,dies,NOUN
,BVi.03b31: .i. primus dies primi secundus dies secundi    'i.e. first day of the first; second day of the second',BVi.03b31,http://gams.uni-graz.at/o:glossvibe.bvi#BVi.03b31.2,dies,NOUN,nom.sg.masc.,dies,la,gl. augescente paulatimShow Parallels,http://gams.uni-graz.at/o:glossvibe.bvi#Jon_327_14-15a,BVi,BVi.03b31_5,dies,NOUN
,BVi.03b31: .i. primus dies primi secundus dies secundi    'i.e. first day of the first; second day of the second',BVi.03b31,http://gams.uni-graz.at/o:glossvibe.bvi#BVi.03b31.3,primi,ADJ,gen.sg.masc.pos.,primus 1,la,gl. augescente paulatimShow Parallels,http://gams.uni-graz.at/o:glossvibe.bvi#Jon_327_14-15a,BVi,BVi.03b31_3,primus,ADJ
,BVi.03b31: .i. primus dies primi secundus dies secundi    'i.e. first day of the first; second day of the second',BVi.03b31,http://gams.uni-graz.at/o:glossvibe.bvi#BVi.03b31.4,secundus,ADJ,nom.sg.masc.pos.,secundus,la,gl. augescente paulatimShow Parallels,http://gams.uni-graz.at/o:glossvibe.bvi#Jon_327_14-15a,BVi,BVi.03b31_4,secundus,ADJ
,BVi.03b31: .i. primus dies primi secundus dies secundi    'i.e. first day of the first; second day of the second',BVi.03b31,http://gams.uni-graz.at/o:glossvibe.bvi#BVi.03b31.5,dies,NOUN,nom.sg.masc.,dies,la,gl. augescente paulatimShow Parallels,http://gams.uni-graz.at/o:glossvibe.bvi#Jon_327_14-15a,BVi,BVi.03b31_2,dies,NOUN
,BVi.03b31: .i. primus dies primi secundus dies secundi    'i.e. first day of the first; second day of the second',BVi.03b31,http://gams.uni-graz.at/o:glossvibe.bvi#BVi.03b31.5,dies,NOUN,nom.sg.masc.,dies,la,gl. augescente paulatimShow Parallels,http://gams.uni-graz.at/o:glossvibe.bvi#Jon_327_14-15a,BVi,BVi.03b31_5,dies,NOUN
,BVi.03b31: .i. primus dies primi secundus dies secundi    'i.e. first day of the first; second day of the second',BVi.03b31,http://gams.uni-graz.at/o:glossvibe.bvi#BVi.03b31.6,secundi,ADJ,gen.sg.masc.pos.,secundus,la,gl. augescente paulatimShow Parallels,http://gams.uni-graz.at/o:glossvibe.bvi#Jon_327_14-15a,BVi,BVi.03b31_6,secundus,ADJ
,Sg.68.06a: sicnumerant primus dies primi mensis. secundi dies secundimensis.    'so they count: first day of the first month; second day of the second month; etc.',Sg.68.06a,http://gams.uni-graz.at/o:glossvibe.bvi#Sg.68.06a.0,sic,ADV,,sic,la,gl. augescente paulatimShow Parallels,http://gams.uni-graz.at/o:glossvibe.bvi#Jon_327_14-15a,Sg,Sg.68.06a_1,sic,ADV
,Sg.68.06a: sicnumerant primus dies primi mensis. secundi dies secundimensis.    'so they count: first day of the first month; second day of the second month; etc.',Sg.68.06a,http://gams.uni-graz.at/o:glossvibe.bvi#Sg.68.06a.1,numerant,VERB,3pl.pres.ind.act.,numero,la,gl. augescente paulatimShow Parallels,http://gams.uni-graz.at/o:glossvibe.bvi#Jon_327_14-15a,Sg,Sg.68.06a_2,numero,VERB
,Sg.68.06a: sicnumerant primus dies primi mensis. secundi dies secundimensis.    'so they count: first day of the first month; second day of the second month; etc.',Sg.68.06a,http://gams.uni-graz.at/o:glossvibe.bvi#Sg.68.06a.2,primus,ADJ,nom.sg.masc.pos.,primus 1,la,gl. augescente paulatimShow Parallels,http://gams.uni-graz.at/o:glossvibe.bvi#Jon_327_14-15a,Sg,Sg.68.06a_3,primus,ADJ
,Sg.68.06a: sicnumerant primus dies primi mensis. secundi dies secundimensis.    'so they count: first day of the first month; second day of the second month; etc.',Sg.68.06a,http://gams.uni-graz.at/o:glossvibe.bvi#Sg.68.06a.3,dies,NOUN,nom.pl.masc.,dies,la,gl. augescente paulatimShow Parallels,http://gams.uni-graz.at/o:glossvibe.bvi#Jon_327_14-15a,Sg,Sg.68.06a_4,dies,NOUN
,Sg.68.06a: sicnumerant primus dies primi mensis. secundi dies secundimensis.    'so they count: first day of the first month; second day of the second month; etc.',Sg.68.06a,http://gams.uni-graz.at/o:glossvibe.bvi#Sg.68.06a.3,dies,NOUN,nom.pl.masc.,dies,la,gl. augescente paulatimShow Parallels,http://gams.uni-graz.at/o:glossvibe.bvi#Jon_327_14-15a,Sg,Sg.68.06a_8,dies,NOUN
,Sg.68.06a: sicnumerant primus dies primi mensis. secundi dies secundimensis.    'so they count: first day of the first month; second day of the second month; etc.',Sg.68.06a,http://gams.uni-graz.at/o:glossvibe.bvi#Sg.68.06a.4,primi,ADJ,gen.sg.masc.pos.,primus 1,la,gl. augescente paulatimShow Parallels,http://gams.uni-graz.at/o:glossvibe.bvi#Jon_327_14-15a,Sg,Sg.68.06a_5,primus,ADJ
,Sg.68.06a: sicnumerant primus dies primi mensis. secundi dies secundimensis.    'so they count: first day of the first month; second day of the second month; etc.',Sg.68.06a,http://gams.uni-graz.at/o:glossvibe.bvi#Sg.68.06a.5,mensis,NOUN,gen.sg.masc.,mensis,la,gl. augescente paulatimShow Parallels,http://gams.uni-graz.at/o:glossvibe.bvi#Jon_327_14-15a,Sg,Sg.68.06a_6,mensis,NOUN
,Sg.68.06a: sicnumerant primus dies primi mensis. secundi dies secundimensis.    'so they count: first day of the first month; second day of the second month; etc.',Sg.68.06a,http://gams.uni-graz.at/o:glossvibe.bvi#Sg.68.06a.5,mensis,NOUN,gen.sg.masc.,mensis,la,gl. augescente paulatimShow Parallels,http://gams.uni-graz.at/o:glossvibe.bvi#Jon_327_14-15a,Sg,Sg.68.06a_10,mensis,NOUN
,Sg.68.06a: sicnumerant primus dies primi mensis. secundi dies secundimensis.    'so they count: first day of the first month; second day of the second month; etc.',Sg.68.06a,http://gams.uni-graz.at/o:glossvibe.bvi#Sg.68.06a.6,secundi,ADJ,gen.sg.masc.pos.,secundus,la,gl. augescente paulatimShow Parallels,http://gams.uni-graz.at/o:glossvibe.bvi#Jon_327_14-15a,Sg,Sg.68.06a_7,secundus,ADJ
,Sg.68.06a: sicnumerant primus dies primi mensis. secundi dies secundimensis.    'so they count: first day of the first month; second day of the second month; etc.',Sg.68.06a,http://gams.uni-graz.at/o:glossvibe.bvi#Sg.68.06a.6,secundi,ADJ,gen.sg.masc.pos.,secundus,la,gl. augescente paulatimShow Parallels,http://gams.uni-graz.at/o:glossvibe.bvi#Jon_327_14-15a,Sg,Sg.68.06a_9,secundus,ADJ
,Sg.68.06a: sicnumerant primus dies primi mensis. secundi dies secundimensis.    'so they count: first day of the first month; second day of the second month; etc.',Sg.68.06a,http://gams.uni-graz.at/o:glossvibe.bvi#Sg.68.06a.7,dies,NOUN,nom.sg.masc.,dies,la,gl. augescente paulatimShow Parallels,http://gams.uni-graz.at/o:glossvibe.bvi#Jon_327_14-15a,Sg,Sg.68.06a_4,dies,NOUN
,Sg.68.06a: sicnumerant primus dies primi mensis. secundi dies secundimensis.    'so they count: first day of the first month; second day of the second month; etc.',Sg.68.06a,http://gams.uni-graz.at/o:glossvibe.bvi#Sg.68.06a.7,dies,NOUN,nom.sg.masc.,dies,la,gl. augescente paulatimShow Parallels,http://gams.uni-graz.at/o:glossvibe.bvi#Jon_327_14-15a,Sg,Sg.68.06a_8,dies,NOUN
,Sg.68.06a: sicnumerant primus dies primi mensis. secundi dies secundimensis.    'so they count: first day of the first month; second day of the second month; etc.',Sg.68.06a,http://gams.uni-graz.at/o:glossvibe.bvi#Sg.68.06a.8,secundi,ADJ,gen.sg.masc.pos.,secundus,la,gl. augescente paulatimShow Parallels,http://gams.uni-graz.at/o:glossvibe.bvi#Jon_327_14-15a,Sg,Sg.68.06a_7,secundus,ADJ
,Sg.68.06a: sicnumerant primus dies primi mensis. secundi dies secundimensis.    'so they count: first day of the first month; second day of the second month; etc.',Sg.68.06a,http://gams.uni-graz.at/o:glossvibe.bvi#Sg.68.06a.8,secundi,ADJ,gen.sg.masc.pos.,secundus,la,gl. augescente paulatimShow Parallels,http://gams.uni-graz.at/o:glossvibe.bvi#Jon_327_14-15a,Sg,Sg.68.06a_9,secundus,ADJ
,Sg.68.06a: sicnumerant primus dies primi mensis. secundi dies secundimensis.    'so they count: first day of the first month; second day of the second month; etc.',Sg.68.06a,http://gams.uni-graz.at/o:glossvibe.bvi#Sg.68.06a.9,mensis,NOUN,gen.sg.masc.,mensis,la,gl. augescente paulatimShow Parallels,http://gams.uni-graz.at/o:glossvibe.bvi#Jon_327_14-15a,Sg,Sg.68.06a_6,mensis,NOUN
,Sg.68.06a: sicnumerant primus dies primi mensis. secundi dies secundimensis.    'so they count: first day of the first month; second day of the second month; etc.',Sg.68.06a,http://gams.uni-graz.at/o:glossvibe.bvi#Sg.68.06a.9,mensis,NOUN,gen.sg.masc.,mensis,la,gl. augescente paulatimShow Parallels,http://gams.uni-graz.at/o:glossvibe.bvi#Jon_327_14-15a,Sg,Sg.68.06a_10,mensis,NOUN
,BVi.03b23: primus dies primi men sis    'first day of the first month',BVi.03b23,http://gams.uni-graz.at/o:glossvibe.bvi#BVi.03b23.0,primus,ADJ,nom.sg.masc.pos.,primus 1,la,gl. ab incipiente [...] mensis,http://gams.uni-graz.at/o:glossvibe.bvi#Jon_327_5a,BVi,BVi.03b23_1,primus,ADJ
,BVi.03b23: primus dies primi men sis    'first day of the first month',BVi.03b23,http://gams.uni-graz.at/o:glossvibe.bvi#BVi.03b23.1,dies,NOUN,nom.sg.masc.,dies,la,gl. ab incipiente [...] mensis,http://gams.uni-graz.at/o:glossvibe.bvi#Jon_327_5a,BVi,BVi.03b23_2,dies,NOUN
,BVi.03b23: primus dies primi men sis    'first day of the first month',BVi.03b23,http://gams.uni-graz.at/o:glossvibe.bvi#BVi.03b23.2,primi,ADJ,gen.sg.masc.pos.,primus 1,la,gl. ab incipiente [...] mensis,http://gams.uni-graz.at/o:glossvibe.bvi#Jon_327_5a,BVi,BVi.03b23_3,primus,ADJ
,BVi.03b23: primus dies primi men sis    'first day of the first month',BVi.03b23,http://gams.uni-graz.at/o:glossvibe.bvi#BVi.03b23.4,mensis,NOUN,gen.sg.masc.,mensis,la,gl. ab incipiente [...] mensis,http://gams.uni-graz.at/o:glossvibe.bvi#Jon_327_5a,BVi,BVi.03b23_4,mensis,NOUN
,BVi.03b35a: sed dict    '''',BVi.03b35a,http://gams.uni-graz.at/o:glossvibe.bvi#BVi.03b35a.1,sed,CCONJ,,sed,la,gl. ordine a,http://gams.uni-graz.at/o:glossvibe.bvi#Jon_328_20,BVi,BVi.03b35a_1,sed,CCONJ
,BCr.30c01: : apostolorum    'of the apostles',BCr.30c01,http://gams.uni-graz.at/o:glossvibe.bvi#BCr.30c01.0,apostolorum,NOUN,gen.pl.neut.,apostolus,la,gl. canonesShow Parallels,http://gams.uni-graz.at/o:glossvibe.bvi#Jon_328_22b,BCr,BCr.30c01_1,apostolus,NOUN
,BVi.03b37b: epistula a po stolorum    'letter of the apostles',BVi.03b37b,http://gams.uni-graz.at/o:glossvibe.bvi#BVi.03b37b.0,epistula,NOUN,nom.sg.fem.,epistula,la,gl. canonesShow Parallels,http://gams.uni-graz.at/o:glossvibe.bvi#Jon_328_22b,BVi,BVi.03b37b_1,epistula,NOUN
,BVi.03b37b: epistula a po stolorum    'letter of the apostles',BVi.03b37b,http://gams.uni-graz.at/o:glossvibe.bvi#BVi.03b37b.1,apostolorum,NOUN,gen.pl.neut.,apostolus,la,gl. canonesShow Parallels,http://gams.uni-graz.at/o:glossvibe.bvi#Jon_328_22b,BVi,BVi.03b37b_2,apostolus,NOUN
,Ang.54bbis28c: die    'day',Ang.54bbis28c,http://gams.uni-graz.at/o:glossvibe.bvi#Ang.54bbis28c.0,die,NOUN,abl.sg.fem.,dies,la,gl. quartaShow Parallels,http://gams.uni-graz.at/o:glossvibe.bvi#Jon_328_24a,Ang,Ang.54bbis28c_1,dies,NOUN
,BVi.03b39a: .i. die    'i.e. day',BVi.03b39a,http://gams.uni-graz.at/o:glossvibe.bvi#BVi.03b39a.1,die,NOUN,abl.sg.fem.,dies,la,gl. quartaShow Parallels,http://gams.uni-graz.at/o:glossvibe.bvi#Jon_328_24a,BVi,BVi.03b39a_1,dies,NOUN
,Ang.54bbis31b: .i. adiuuatur    'i.e. it is helped',Ang.54bbis31b,http://gams.uni-graz.at/o:glossvibe.bvi#Ang.54bbis31b.1,adiuuatur,VERB,3sg.pres.ind.pass.,adiuuo,la,gl. astipulaturShow Parallels,http://gams.uni-graz.at/o:glossvibe.bvi#Jon_328_27a,Ang,Ang.54bbis31b_1,adiuuo,VERB
,BCr.30c07: adiunguitur    'it is added',BCr.30c07,http://gams.uni-graz.at/o:glossvibe.bvi#BCr.30c07.0,adiunguitur,VERB,3sg.pres.ind.pass.,adiungo,la,gl. astipulaturShow Parallels,http://gams.uni-graz.at/o:glossvibe.bvi#Jon_328_27a,BCr,BCr.30c07_1,adiungo,VERB
,BVi.03b43a: adiuuatur    'it is helped',BVi.03b43a,http://gams.uni-graz.at/o:glossvibe.bvi#BVi.03b43a.0,adiuuatur,VERB,3sg.pres.ind.pass.,adiuuo,la,gl. astipulaturShow Parallels,http://gams.uni-graz.at/o:glossvibe.bvi#Jon_328_27a,BVi,BVi.03b43a_1,adiuuo,VERB
,Sg.68.22: .i. adiuuat.    'i.e. it helps',Sg.68.22,http://gams.uni-graz.at/o:glossvibe.bvi#Sg.68.22.1,adiuuat,VERB,3sg.pres.ind.act.,adiuuo,la,gl. astipulaturShow Parallels,http://gams.uni-graz.at/o:glossvibe.bvi#Jon_328_27a,Sg,Sg.68.22_1,adiuuo,VERB
,BVi.03b43b: .i. est    'it is',BVi.03b43b,http://gams.uni-graz.at/o:glossvibe.bvi#BVi.03b43b.1,est,VERB,3sg.pres.ind.act.,sum,la,gl.,http://gams.uni-graz.at/o:glossvibe.bvi#Jon_328_29a,BVi,BVi.03b43b_1,sum,AUX
,Ang.54bbis37a: .i. distios et martiis    'i.e. Distios and Martius',Ang.54bbis37a,http://gams.uni-graz.at/o:glossvibe.bvi#Ang.54bbis37a.1,distios,PROPN,nom.sg.masc.,distios,la,gl. mensisShow Parallels,http://gams.uni-graz.at/o:glossvibe.bvi#Jon_329_35a,Ang,Ang.54bbis37a_1,distius,NOUN
,Ang.54bbis37a: .i. distios et martiis    'i.e. Distios and Martius',Ang.54bbis37a,http://gams.uni-graz.at/o:glossvibe.bvi#Ang.54bbis37a.2,et,CCONJ,,et,la,gl. mensisShow Parallels,http://gams.uni-graz.at/o:glossvibe.bvi#Jon_329_35a,Ang,Ang.54bbis37a_2,et,CCONJ
,Ang.54bbis37a: .i. distios et martiis    'i.e. Distios and Martius',Ang.54bbis37a,http://gams.uni-graz.at/o:glossvibe.bvi#Ang.54bbis37a.3,martiis,PROPN,nom.sg.masc.,martius,la,gl. mensisShow Parallels,http://gams.uni-graz.at/o:glossvibe.bvi#Jon_329_35a,Ang,Ang.54bbis37a_3,martia,NOUN
,BVi.03c05: distios et martius    'Distios and Martius',BVi.03c05,http://gams.uni-graz.at/o:glossvibe.bvi#BVi.03c05.0,distios,PROPN,nom.sg.masc.,distios,la,gl. mensisShow Parallels,http://gams.uni-graz.at/o:glossvibe.bvi#Jon_329_35a,BVi,BVi.03c05_1,distius,NOUN
,BVi.03c05: distios et martius    'Distios and Martius',BVi.03c05,http://gams.uni-graz.at/o:glossvibe.bvi#BVi.03c05.1,et,CCONJ,,et,la,gl. mensisShow Parallels,http://gams.uni-graz.at/o:glossvibe.bvi#Jon_329_35a,BVi,BVi.03c05_2,et,CCONJ
,BVi.03c05: distios et martius    'Distios and Martius',BVi.03c05,http://gams.uni-graz.at/o:glossvibe.bvi#BVi.03c05.2,martius,PROPN,nom.sg.masc.,martius,la,gl. mensisShow Parallels,http://gams.uni-graz.at/o:glossvibe.bvi#Jon_329_35a,BVi,BVi.03c05_3,martus,ADJ
,"BVi.03c31.38: tri lida indi .i. embolism in tris lid et iunius et iulius    'three Lida in it, i.e. the embolismic (year), the third Lida and June and July'",BVi.03c31.38,http://gams.uni-graz.at/o:glossvibe.bvi#BVi.03c31.38.08,et,CCONJ,,et,la,gl. id annus ille tri lidi cognominabatur,http://gams.uni-graz.at/o:glossvibe.bvi#Jon_330_22a,BVi,BVi.03c31.38_1,et,CCONJ
,"BVi.03c31.38: tri lida indi .i. embolism in tris lid et iunius et iulius    'three Lida in it, i.e. the embolismic (year), the third Lida and June and July'",BVi.03c31.38,http://gams.uni-graz.at/o:glossvibe.bvi#BVi.03c31.38.08,et,CCONJ,,et,la,gl. id annus ille tri lidi cognominabatur,http://gams.uni-graz.at/o:glossvibe.bvi#Jon_330_22a,BVi,BVi.03c31.38_3,et,CCONJ
,"BVi.03c31.38: tri lida indi .i. embolism in tris lid et iunius et iulius    'three Lida in it, i.e. the embolismic (year), the third Lida and June and July'",BVi.03c31.38,http://gams.uni-graz.at/o:glossvibe.bvi#BVi.03c31.38.09,iunius,NOUN,nom.sg.masc.,iunius,la,gl. id annus ille tri lidi cognominabatur,http://gams.uni-graz.at/o:glossvibe.bvi#Jon_330_22a,BVi,BVi.03c31.38_2,iunius,PROPN
,"BVi.03c31.38: tri lida indi .i. embolism in tris lid et iunius et iulius    'three Lida in it, i.e. the embolismic (year), the third Lida and June and July'",BVi.03c31.38,http://gams.uni-graz.at/o:glossvibe.bvi#BVi.03c31.38.10,et,CCONJ,,et,la,gl. id annus ille tri lidi cognominabatur,http://gams.uni-graz.at/o:glossvibe.bvi#Jon_330_22a,BVi,BVi.03c31.38_1,et,CCONJ
,"BVi.03c31.38: tri lida indi .i. embolism in tris lid et iunius et iulius    'three Lida in it, i.e. the embolismic (year), the third Lida and June and July'",BVi.03c31.38,http://gams.uni-graz.at/o:glossvibe.bvi#BVi.03c31.38.10,et,CCONJ,,et,la,gl. id annus ille tri lidi cognominabatur,http://gams.uni-graz.at/o:glossvibe.bvi#Jon_330_22a,BVi,BVi.03c31.38_3,et,CCONJ
,"BVi.03c31.38: tri lida indi .i. embolism in tris lid et iunius et iulius    'three Lida in it, i.e. the embolismic (year), the third Lida and June and July'",BVi.03c31.38,http://gams.uni-graz.at/o:glossvibe.bvi#BVi.03c31.38.11,iulius,NOUN,nom.sg.masc.,iulius,la,gl. id annus ille tri lidi cognominabatur,http://gams.uni-graz.at/o:glossvibe.bvi#Jon_330_22a,BVi,BVi.03c31.38_4,iulius,ADJ
,BVi.03d18a: agimus    'we do/make/act',BVi.03d18a,http://gams.uni-graz.at/o:glossvibe.bvi#BVi.03d18a.0,agimus,VERB,1pl.pres.ind.act.,ago,la,gl. gratias,http://gams.uni-graz.at/o:glossvibe.bvi#Jon_332_50a,BVi,BVi.03d18a_1,ago,VERB
,Ang.55b06b: ago    'I do/make/act',Ang.55b06b,http://gams.uni-graz.at/o:glossvibe.bvi#Ang.55b06b.0,ago,VERB,1sg.pres.ind.act.,ago,la,gl. quiShow Parallels,http://gams.uni-graz.at/o:glossvibe.bvi#Jon_332_51a,Ang,Ang.55b06b_1,ago,VERB
,BVi.03d18b: ago    'I do/make/act',BVi.03d18b,http://gams.uni-graz.at/o:glossvibe.bvi#BVi.03d18b.0,ago,VERB,1sg.pres.ind.act.,ago,la,gl. quiShow Parallels,http://gams.uni-graz.at/o:glossvibe.bvi#Jon_332_51a,BVi,BVi.03d18b_1,ago,VERB
,Ang.55b21b: .i. sagitarius    'i.e. Sagittarius',Ang.55b21b,http://gams.uni-graz.at/o:glossvibe.bvi#Ang.55b21b.1,sagitarius,NOUN,nom.sg.masc.,sagittarius,la,gl. architenensShow Parallels,http://gams.uni-graz.at/o:glossvibe.bvi#Jon_333_17a,Ang,Ang.55b21b_1,sagitarius,ADJ
,BCr.30d51: sagitarius    'Sagittarius',BCr.30d51,http://gams.uni-graz.at/o:glossvibe.bvi#BCr.30d51.0,sagitarius,NOUN,nom.sg.masc.,sagittarius,la,gl. architenensShow Parallels,http://gams.uni-graz.at/o:glossvibe.bvi#Jon_333_17a,BCr,BCr.30d51_1,sagitarius,ADJ
,BVi.03d34: sagittarius    'Sagittarius',BVi.03d34,http://gams.uni-graz.at/o:glossvibe.bvi#BVi.03d34.0,sagittarius,NOUN,nom.sg.masc.,sagittarius,la,gl. architenensShow Parallels,http://gams.uni-graz.at/o:glossvibe.bvi#Jon_333_17a,BVi,BVi.03d34_1,sagittarius,ADJ
,BVi.04a10: % ·l· sa tius    'or rather',BVi.04a10,http://gams.uni-graz.at/o:glossvibe.bvi#BVi.04a10.0,·l·,NUM,,(Roman numerals),la,gl.,http://gams.uni-graz.at/o:glossvibe.bvi#Jon_343_10a,BVi,BVi.04a10_1,·o,VERB
,BVi.04a10: % ·l· sa tius    'or rather',BVi.04a10,http://gams.uni-graz.at/o:glossvibe.bvi#BVi.04a10.1,satius,NOUN,nom.sg.neut.,satius,la,gl.,http://gams.uni-graz.at/o:glossvibe.bvi#Jon_343_10a,BVi,BVi.04a10_2,satus,ADJ
,"BVi.04a05.40: iss ocht nuara bíte forsna secht laib fíchet dotet cae ndib is in tris … tri ocht as kalenda secht lae fichet (?) dotet ordo    'It is eight hours that are in the twenty-seven days that comes the way [?] from them into the third […] three eights which is the new moon of the twenty-seven days to it, the order comes'",BVi.04a05.40,http://gams.uni-graz.at/o:glossvibe.bvi#BVi.04a05.40.12,in,ADP,acc.,i,la,gl. ???,http://gams.uni-graz.at/o:glossvibe.bvi#Jon_343_6a,BVi,BVi.04a05.40_1,in,ADP
,"BVi.04a05.40: iss ocht nuara bíte forsna secht laib fíchet dotet cae ndib is in tris … tri ocht as kalenda secht lae fichet (?) dotet ordo    'It is eight hours that are in the twenty-seven days that comes the way [?] from them into the third […] three eights which is the new moon of the twenty-seven days to it, the order comes'",BVi.04a05.40,http://gams.uni-graz.at/o:glossvibe.bvi#BVi.04a05.40.13,tris,ADJ,compos.,tres 2,la,gl. ???,http://gams.uni-graz.at/o:glossvibe.bvi#Jon_343_6a,BVi,BVi.04a05.40_2,tris,NUM
,"BVi.04a05.40: iss ocht nuara bíte forsna secht laib fíchet dotet cae ndib is in tris … tri ocht as kalenda secht lae fichet (?) dotet ordo    'It is eight hours that are in the twenty-seven days that comes the way [?] from them into the third […] three eights which is the new moon of the twenty-seven days to it, the order comes'",BVi.04a05.40,http://gams.uni-graz.at/o:glossvibe.bvi#BVi.04a05.40.17,kalenda,NOUN,,kalenda,la,gl. ???,http://gams.uni-graz.at/o:glossvibe.bvi#Jon_343_6a,BVi,BVi.04a05.40_3,kalio,VERB
,"BVi.04a05.40: iss ocht nuara bíte forsna secht laib fíchet dotet cae ndib is in tris … tri ocht as kalenda secht lae fichet (?) dotet ordo    'It is eight hours that are in the twenty-seven days that comes the way [?] from them into the third […] three eights which is the new moon of the twenty-seven days to it, the order comes'",BVi.04a05.40,http://gams.uni-graz.at/o:glossvibe.bvi#BVi.04a05.40.22,ordo,NOUN,nom.sg.masc.,ordo,la,gl. ???,http://gams.uni-graz.at/o:glossvibe.bvi#Jon_343_6a,BVi,BVi.04a05.40_4,ordo,NOUN
,Ang.57b16e: doudid cum unam literam.    'two days with one letter',Ang.57b16e,http://gams.uni-graz.at/o:glossvibe.bvi#Ang.57b16e.2,cum,ADP,,cum,la,gl. alternis apposuimusShow Parallels,http://gams.uni-graz.at/o:glossvibe.bvi#Jon_344_11a,Ang,Ang.57b16e_1,cum,SCONJ
,Ang.57b16e: doudid cum unam literam.    'two days with one letter',Ang.57b16e,http://gams.uni-graz.at/o:glossvibe.bvi#Ang.57b16e.3,unam,NUM,acc.sg.fem.,unus,la,gl. alternis apposuimusShow Parallels,http://gams.uni-graz.at/o:glossvibe.bvi#Jon_344_11a,Ang,Ang.57b16e_2,unus,DET
,Ang.57b16e: doudid cum unam literam.    'two days with one letter',Ang.57b16e,http://gams.uni-graz.at/o:glossvibe.bvi#Ang.57b16e.4,literam,NOUN,acc.sg.,litera,la,gl. alternis apposuimusShow Parallels,http://gams.uni-graz.at/o:glossvibe.bvi#Jon_344_11a,Ang,Ang.57b16e_3,litera,NOUN
,Ang.58a11b: super xi.    'on the eleventh',Ang.58a11b,http://gams.uni-graz.at/o:glossvibe.bvi#Ang.58a11b.0,super,ADP,,super,la,gl. adde epactas anniShow Parallels,http://gams.uni-graz.at/o:glossvibe.bvi#Jon_344_13a,Ang,Ang.58a11b_1,super,ADP
,Ang.57b26d: inquo es.    'in which you are',Ang.57b26d,http://gams.uni-graz.at/o:glossvibe.bvi#Ang.57b26d.0,in,ADP,,in,la,gl. dieiShow Parallels,http://gams.uni-graz.at/o:glossvibe.bvi#Jon_344_26a,Ang,Ang.57b26d_1,in,ADP
,Ang.57b26d: inquo es.    'in which you are',Ang.57b26d,http://gams.uni-graz.at/o:glossvibe.bvi#Ang.57b26d.1,quo,PRON,abl.sg.neut.,qui,la,gl. dieiShow Parallels,http://gams.uni-graz.at/o:glossvibe.bvi#Jon_344_26a,Ang,Ang.57b26d_2,qui,PRON
,Ang.57b26d: inquo es.    'in which you are',Ang.57b26d,http://gams.uni-graz.at/o:glossvibe.bvi#Ang.57b26d.2,es,VERB,2sg.pres.ind.act.,sum,la,gl. dieiShow Parallels,http://gams.uni-graz.at/o:glossvibe.bvi#Jon_344_26a,Ang,Ang.57b26d_3,sum,AUX
,BCr.32a54: .i. xi.kalendis aprilis    'i.e. the eleventh calends of April (March 22)',BCr.32a54,http://gams.uni-graz.at/o:glossvibe.bvi#BCr.32a54.2,kalendis,NOUN,,kalenda,la,gl. adde epactas xi fiunt xx uigeShow Parallels,http://gams.uni-graz.at/o:glossvibe.bvi#Jon_346_11a,BCr,BCr.32a54_1,kalio,VERB
,BCr.32a54: .i. xi.kalendis aprilis    'i.e. the eleventh calends of April (March 22)',BCr.32a54,http://gams.uni-graz.at/o:glossvibe.bvi#BCr.32a54.3,aprilis,ADJ,,aprilis,la,gl. adde epactas xi fiunt xx uigeShow Parallels,http://gams.uni-graz.at/o:glossvibe.bvi#Jon_346_11a,BCr,BCr.32a54_2,aprilis,NOUN
,BVi.04b08.49: .i. ar chiunn .i. xi kalendae aprilis .i. anni ar chiun isin libur    'i.e. below i.e. the eleventh calends of April (March 22) i.e. of the year (?) below in the book',BVi.04b08.49,http://gams.uni-graz.at/o:glossvibe.bvi#BVi.04b08.49.05,kalendae,NOUN,nom.pl.fem.,kalenda,la,gl. adde epactas xi fiunt xx uigeShow Parallels,http://gams.uni-graz.at/o:glossvibe.bvi#Jon_346_11a,BVi,BVi.04b08.49_1,kaleo,VERB
,BVi.04b08.49: .i. ar chiunn .i. xi kalendae aprilis .i. anni ar chiun isin libur    'i.e. below i.e. the eleventh calends of April (March 22) i.e. of the year (?) below in the book',BVi.04b08.49,http://gams.uni-graz.at/o:glossvibe.bvi#BVi.04b08.49.06,aprilis,,,,la,gl. adde epactas xi fiunt xx uigeShow Parallels,http://gams.uni-graz.at/o:glossvibe.bvi#Jon_346_11a,BVi,BVi.04b08.49_2,aprilis,NOUN
,BVi.04b08.49: .i. ar chiunn .i. xi kalendae aprilis .i. anni ar chiun isin libur    'i.e. below i.e. the eleventh calends of April (March 22) i.e. of the year (?) below in the book',BVi.04b08.49,http://gams.uni-graz.at/o:glossvibe.bvi#BVi.04b08.49.08,anni,NOUN,nom.pl.masc.,annus,la,gl. adde epactas xi fiunt xx uigeShow Parallels,http://gams.uni-graz.at/o:glossvibe.bvi#Jon_346_11a,BVi,BVi.04b08.49_1,annus,NOUN
,Ang.58a13b: s.contra dixerit    'it contradicted',Ang.58a13b,http://gams.uni-graz.at/o:glossvibe.bvi#Ang.58a13b.1,contra,ADP,,contra,la,gl. obieciritShow Parallels,http://gams.uni-graz.at/o:glossvibe.bvi#Jon_346_15a,Ang,Ang.58a13b_1,contra,ADP
,Ang.58a13b: s.contra dixerit    'it contradicted',Ang.58a13b,http://gams.uni-graz.at/o:glossvibe.bvi#Ang.58a13b.2,dixerit,VERB,3sg.past.subjunctive.act.,dico,la,gl. obieciritShow Parallels,http://gams.uni-graz.at/o:glossvibe.bvi#Jon_346_15a,Ang,Ang.58a13b_2,dico,VERB
,BCr.32a36b: .i. crementum leissem    'growth (is) with him',BCr.32a36b,http://gams.uni-graz.at/o:glossvibe.bvi#BCr.32a36b.1,crementum,NOUN,nom.sg.neut.,crementus,la,gl. crementoShow Parallels,http://gams.uni-graz.at/o:glossvibe.bvi#Jon_346_43a,BCr,BCr.32a36b_1,crementum,NOUN
,BVi.04a40.47: crementus    'growth',BVi.04a40.47,http://gams.uni-graz.at/o:glossvibe.bvi#BVi.04a40.47.0,crementus,NOUN,nom.sg.masc.,crementus,la,gl. crementoShow Parallels,http://gams.uni-graz.at/o:glossvibe.bvi#Jon_346_43a,BVi,BVi.04a40.47_1,crementus,NOUN
,Ang.58a15a: regularis paginae    'of the Table of Regulars',Ang.58a15a,http://gams.uni-graz.at/o:glossvibe.bvi#Ang.58a15a.0,regularis,ADJ,nom.sg.fem.pos.,regularis,la,gl. argumentumShow Parallels,http://gams.uni-graz.at/o:glossvibe.bvi#Jon_347_19a,Ang,Ang.58a15a_1,regularis,ADJ
,Ang.58a15a: regularis paginae    'of the Table of Regulars',Ang.58a15a,http://gams.uni-graz.at/o:glossvibe.bvi#Ang.58a15a.1,paginae,NOUN,gen.sg.fem.,pagina,la,gl. argumentumShow Parallels,http://gams.uni-graz.at/o:glossvibe.bvi#Jon_347_19a,Ang,Ang.58a15a_2,pagina,NOUN
,BCr.32b07: .i.paginae regularis    'of the Table of Regulars',BCr.32b07,http://gams.uni-graz.at/o:glossvibe.bvi#BCr.32b07.1,paginae,NOUN,gen.sg.fem.,pagina,la,gl. argumentumShow Parallels,http://gams.uni-graz.at/o:glossvibe.bvi#Jon_347_19a,BCr,BCr.32b07_1,pagina,NOUN
,BCr.32b07: .i.paginae regularis    'of the Table of Regulars',BCr.32b07,http://gams.uni-graz.at/o:glossvibe.bvi#BCr.32b07.2,regularis,ADJ,gen.sg.fem.pos.,regularis,la,gl. argumentumShow Parallels,http://gams.uni-graz.at/o:glossvibe.bvi#Jon_347_19a,BCr,BCr.32b07_2,regularis,ADJ
,BVi.04b16.53: pagine regularis    'of the Table of Regulars',BVi.04b16.53,http://gams.uni-graz.at/o:glossvibe.bvi#BVi.04b16.53.0,pagine,NOUN,gen.sg.fem.,pagina,la,gl. argumentumShow Parallels,http://gams.uni-graz.at/o:glossvibe.bvi#Jon_347_19a,BVi,BVi.04b16.53_1,pago,NOUN
,BVi.04b16.53: pagine regularis    'of the Table of Regulars',BVi.04b16.53,http://gams.uni-graz.at/o:glossvibe.bvi#BVi.04b16.53.1,regularis,ADJ,nom.sg.fem.pos.,regularis,la,gl. argumentumShow Parallels,http://gams.uni-graz.at/o:glossvibe.bvi#Jon_347_19a,BVi,BVi.04b16.53_2,regularis,ADJ
,Sg.77.06: i. paginae regu laris    'of the Table of Regulars',Sg.77.06,http://gams.uni-graz.at/o:glossvibe.bvi#Sg.77.06.1,paginae,NOUN,gen.sg.fem.,pagina,la,gl. argumentumShow Parallels,http://gams.uni-graz.at/o:glossvibe.bvi#Jon_347_19a,Sg,Sg.77.06_1,pagina,NOUN
,Sg.77.06: i. paginae regu laris    'of the Table of Regulars',Sg.77.06,http://gams.uni-graz.at/o:glossvibe.bvi#Sg.77.06.2,regularis,ADJ,gen.sg.fem.pos.,regularis,la,gl. argumentumShow Parallels,http://gams.uni-graz.at/o:glossvibe.bvi#Jon_347_19a,Sg,Sg.77.06_2,regularis,ADJ
,Ang.58a22a: quia non explorat argumentum nisi annum saluum    'because it only explores the argument of the whole year',Ang.58a22a,http://gams.uni-graz.at/o:glossvibe.bvi#Ang.58a22a.0,quia,SCONJ,,quia,la,gl. argumentum stabilitatemShow Parallels,http://gams.uni-graz.at/o:glossvibe.bvi#Jon_347_27a,Ang,Ang.58a22a_1,quia,SCONJ
,Ang.58a22a: quia non explorat argumentum nisi annum saluum    'because it only explores the argument of the whole year',Ang.58a22a,http://gams.uni-graz.at/o:glossvibe.bvi#Ang.58a22a.1,non,NOUN,,imperium,la,gl. argumentum stabilitatemShow Parallels,http://gams.uni-graz.at/o:glossvibe.bvi#Jon_347_27a,Ang,Ang.58a22a_2,non,PART
,Ang.58a22a: quia non explorat argumentum nisi annum saluum    'because it only explores the argument of the whole year',Ang.58a22a,http://gams.uni-graz.at/o:glossvibe.bvi#Ang.58a22a.2,explorat,VERB,3sg.pres.ind.act.,exploro,la,gl. argumentum stabilitatemShow Parallels,http://gams.uni-graz.at/o:glossvibe.bvi#Jon_347_27a,Ang,Ang.58a22a_3,exploro,VERB
,Ang.58a22a: quia non explorat argumentum nisi annum saluum    'because it only explores the argument of the whole year',Ang.58a22a,http://gams.uni-graz.at/o:glossvibe.bvi#Ang.58a22a.3,argumentum,NOUN,acc.sg.neut.,argumentum,la,gl. argumentum stabilitatemShow Parallels,http://gams.uni-graz.at/o:glossvibe.bvi#Jon_347_27a,Ang,Ang.58a22a_4,argumentum,NOUN
,Ang.58a22a: quia non explorat argumentum nisi annum saluum    'because it only explores the argument of the whole year',Ang.58a22a,http://gams.uni-graz.at/o:glossvibe.bvi#Ang.58a22a.4,nisi,CCONJ,,nisi,la,gl. argumentum stabilitatemShow Parallels,http://gams.uni-graz.at/o:glossvibe.bvi#Jon_347_27a,Ang,Ang.58a22a_5,nisi,SCONJ
,Ang.58a22a: quia non explorat argumentum nisi annum saluum    'because it only explores the argument of the whole year',Ang.58a22a,http://gams.uni-graz.at/o:glossvibe.bvi#Ang.58a22a.5,annum,NOUN,acc.sg.masc.,annus,la,gl. argumentum stabilitatemShow Parallels,http://gams.uni-graz.at/o:glossvibe.bvi#Jon_347_27a,Ang,Ang.58a22a_6,annus,NOUN
,Ang.58a22a: quia non explorat argumentum nisi annum saluum    'because it only explores the argument of the whole year',Ang.58a22a,http://gams.uni-graz.at/o:glossvibe.bvi#Ang.58a22a.6,saluum,NOUN,acc.sg.masc.,saluus,la,gl. argumentum stabilitatemShow Parallels,http://gams.uni-graz.at/o:glossvibe.bvi#Jon_347_27a,Ang,Ang.58a22a_7,saluus,ADJ
,Ang.58a23e: infine ogdad.    'in the end of the ogdoad',Ang.58a23e,http://gams.uni-graz.at/o:glossvibe.bvi#Ang.58a23e.0,in,ADP,,in,la,gl. octauusShow Parallels,http://gams.uni-graz.at/o:glossvibe.bvi#Jon_347_28a,Ang,Ang.58a23e_1,in,ADP
,Ang.58a23e: infine ogdad.    'in the end of the ogdoad',Ang.58a23e,http://gams.uni-graz.at/o:glossvibe.bvi#Ang.58a23e.1,fine,NOUN,abl.sg.masc.,finis,la,gl. octauusShow Parallels,http://gams.uni-graz.at/o:glossvibe.bvi#Jon_347_28a,Ang,Ang.58a23e_2,finis,NOUN
,Ang.58a23e: infine ogdad.    'in the end of the ogdoad',Ang.58a23e,http://gams.uni-graz.at/o:glossvibe.bvi#Ang.58a23e.2,ogdad,,,,la,gl. octauusShow Parallels,http://gams.uni-graz.at/o:glossvibe.bvi#Jon_347_28a,Ang,Ang.58a23e_3,ogdo,VERB
,BVi.04b25a: finis ogdad    'end of the ogdoad',BVi.04b25a,http://gams.uni-graz.at/o:glossvibe.bvi#BVi.04b25a.0,finis,NOUN,nom.sg.masc.,finis,la,gl. octauusShow Parallels,http://gams.uni-graz.at/o:glossvibe.bvi#Jon_347_28a,BVi,BVi.04b25a_1,finis,NOUN
,BVi.04b25a: finis ogdad    'end of the ogdoad',BVi.04b25a,http://gams.uni-graz.at/o:glossvibe.bvi#BVi.04b25a.1,ogdad,,,,la,gl. octauusShow Parallels,http://gams.uni-graz.at/o:glossvibe.bvi#Jon_347_28a,BVi,BVi.04b25a_2,ogda,NOUN
,BVi.04b25b: argument???    'argument',BVi.04b25b,http://gams.uni-graz.at/o:glossvibe.bvi#BVi.04b25b.0,argument,,,,la,gl. ximus et xixmus,http://gams.uni-graz.at/o:glossvibe.bvi#Jon_347_28b,BVi,BVi.04b25b_1,argument,NOUN
,Ang.58a32: finis circuli est    'it is the end of the cycle',Ang.58a32,http://gams.uni-graz.at/o:glossvibe.bvi#Ang.58a32.0,finis,NOUN,nom.sg.masc.,finis,la,gl. annoShow Parallels,http://gams.uni-graz.at/o:glossvibe.bvi#Jon_347_38a,Ang,Ang.58a32_1,finis,NOUN
,Ang.58a32: finis circuli est    'it is the end of the cycle',Ang.58a32,http://gams.uni-graz.at/o:glossvibe.bvi#Ang.58a32.1,circuli,NOUN,gen.sg.masc.,circulus,la,gl. annoShow Parallels,http://gams.uni-graz.at/o:glossvibe.bvi#Jon_347_38a,Ang,Ang.58a32_2,circulus,ADJ
,Ang.58a32: finis circuli est    'it is the end of the cycle',Ang.58a32,http://gams.uni-graz.at/o:glossvibe.bvi#Ang.58a32.2,est,VERB,3sg.pres.ind.act.,sum,la,gl. annoShow Parallels,http://gams.uni-graz.at/o:glossvibe.bvi#Jon_347_38a,Ang,Ang.58a32_3,sum,AUX
,Ang.58a37h: egiptii in .iiii. kalendis augustarum    'of Egyptian in the fourth calends of August',Ang.58a37h,http://gams.uni-graz.at/o:glossvibe.bvi#Ang.58a37h.0,egiptii,ADJ,gen.sg.masc.pos.,aegyptius,la,gl. saltus amissoShow Parallels,http://gams.uni-graz.at/o:glossvibe.bvi#Jon_348_47a,Ang,Ang.58a37h_1,egiptio,NOUN
,Ang.58a37h: egiptii in .iiii. kalendis augustarum    'of Egyptian in the fourth calends of August',Ang.58a37h,http://gams.uni-graz.at/o:glossvibe.bvi#Ang.58a37h.1,in,ADP,,in,la,gl. saltus amissoShow Parallels,http://gams.uni-graz.at/o:glossvibe.bvi#Jon_348_47a,Ang,Ang.58a37h_2,in,ADP
,Ang.58a37h: egiptii in .iiii. kalendis augustarum    'of Egyptian in the fourth calends of August',Ang.58a37h,http://gams.uni-graz.at/o:glossvibe.bvi#Ang.58a37h.3,kalendis,NOUN,abl.pl.fem.,kalenda,la,gl. saltus amissoShow Parallels,http://gams.uni-graz.at/o:glossvibe.bvi#Jon_348_47a,Ang,Ang.58a37h_3,kalio,VERB
,Ang.58a37h: egiptii in .iiii. kalendis augustarum    'of Egyptian in the fourth calends of August',Ang.58a37h,http://gams.uni-graz.at/o:glossvibe.bvi#Ang.58a37h.4,augustarum,ADJ,nom.sg.masc.,augustus 1,la,gl. saltus amissoShow Parallels,http://gams.uni-graz.at/o:glossvibe.bvi#Jon_348_47a,Ang,Ang.58a37h_4,augustus,ADJ
,BCr.32b44: .i. hi.iiii. kalendis septembris    'i.e. in the fourth calends of September',BCr.32b44,http://gams.uni-graz.at/o:glossvibe.bvi#BCr.32b44.3,kalendis,NOUN,abl.pl.fem.,kalenda,la,gl. saltus amissoShow Parallels,http://gams.uni-graz.at/o:glossvibe.bvi#Jon_348_47a,BCr,BCr.32b44_1,kalio,VERB
,BCr.32b44: .i. hi.iiii. kalendis septembris    'i.e. in the fourth calends of September',BCr.32b44,http://gams.uni-graz.at/o:glossvibe.bvi#BCr.32b44.4,septembris,NOUN,gen.sg.masc.,September,la,gl. saltus amissoShow Parallels,http://gams.uni-graz.at/o:glossvibe.bvi#Jon_348_47a,BCr,BCr.32b44_2,septembris,NOUN
,BVi.04b45.58: egiptacdae .i. iiii kalendae    'Egyptian i.e. the fourth calends',BVi.04b45.58,http://gams.uni-graz.at/o:glossvibe.bvi#BVi.04b45.58.3,kalendae,NOUN,nom.pl.fem.,kalenda,la,gl. saltus amissoShow Parallels,http://gams.uni-graz.at/o:glossvibe.bvi#Jon_348_47a,BVi,BVi.04b45.58_1,kaleo,VERB
,BCr.32c16: .i. supradicto    'i.e. said in addition',BCr.32c16,http://gams.uni-graz.at/o:glossvibe.bvi#BCr.32c16.1,supradicto,VERB,abl.sg.neut.participle.,supradico,la,gl. huic traduntShow Parallels,http://gams.uni-graz.at/o:glossvibe.bvi#Jon_349_2a,BCr,BCr.32c16_1,supradico,VERB
,BVi.04c21a: supradicto    'said in addition',BVi.04c21a,http://gams.uni-graz.at/o:glossvibe.bvi#BVi.04c21a.0,supradicto,VERB,abl.sg.neut.participle.,supradico,la,gl. huic traduntShow Parallels,http://gams.uni-graz.at/o:glossvibe.bvi#Jon_349_2a,BVi,BVi.04c21a_1,supradico,VERB
,BCr.32c15b: .i.dofis cid lae sechtmaine forambí kalendis caich mís cucenn cicuil griendi    'to find out what day of the week it is on which the calends of every month are to the end of the solar cycle',BCr.32c15b,http://gams.uni-graz.at/o:glossvibe.bvi#BCr.32c15b.07,kalendis,NOUN,,kalenda,la,gl. argumentum ad inueniendamShow Parallels,http://gams.uni-graz.at/o:glossvibe.bvi#Jon_349_2b,BCr,BCr.32c15b_1,kalio,VERB
,BVi.04c21b.64: do fius cid lae sechtmaine forsombi kalendae cach mís cocenn m bliadne    'to find out what (is) the day of the week on which the calends of every month are to the end of the year',BVi.04c21b.64,http://gams.uni-graz.at/o:glossvibe.bvi#BVi.04c21b.64.06,kalendae,NOUN,,kalenda,la,gl. argumentum ad inueniendamShow Parallels,http://gams.uni-graz.at/o:glossvibe.bvi#Jon_349_2b,BVi,BVi.04c21b.64_1,kaleo,VERB
,BCr.32c20b: ./ supradicto    'said in addition',BCr.32c20b,http://gams.uni-graz.at/o:glossvibe.bvi#BCr.32c20b.0,supradicto,VERB,abl.sg.neut.participle.,supradico,la,gl. per epactasShow Parallels,http://gams.uni-graz.at/o:glossvibe.bvi#Jon_349_4a,BCr,BCr.32c20b_1,supradico,VERB
,BVi.04c23b: .i. supradicto    'said in addition',BVi.04c23b,http://gams.uni-graz.at/o:glossvibe.bvi#BVi.04c23b.1,supradicto,VERB,abl.sg.neut.participle.,supradico,la,gl. per epactasShow Parallels,http://gams.uni-graz.at/o:glossvibe.bvi#Jon_349_4a,BVi,BVi.04c23b_1,supradico,VERB
,Ang.58b15b: .i. praesenti argumento.    'i.e. for the present formula',Ang.58b15b,http://gams.uni-graz.at/o:glossvibe.bvi#Ang.58b15b.1,praesenti,ADJ,abl.sg.neut.pos.,praesens,la,gl. concurrentesShow Parallels,http://gams.uni-graz.at/o:glossvibe.bvi#Jon_349_4b,Ang,Ang.58b15b_1,praesum,VERB
,Ang.58b15b: .i. praesenti argumento.    'i.e. for the present formula',Ang.58b15b,http://gams.uni-graz.at/o:glossvibe.bvi#Ang.58b15b.2,argumento,NOUN,abl.sg.neut.,argumentum,la,gl. concurrentesShow Parallels,http://gams.uni-graz.at/o:glossvibe.bvi#Jon_349_4b,Ang,Ang.58b15b_2,argumentum,NOUN
,BCr.32c21: argumentum    'formula',BCr.32c21,http://gams.uni-graz.at/o:glossvibe.bvi#BCr.32c21.0,argumentum,NOUN,nom.sg.neut.,argumentum,la,gl. concurrentesShow Parallels,http://gams.uni-graz.at/o:glossvibe.bvi#Jon_349_4b,BCr,BCr.32c21_1,argumentum,NOUN
,BVi.04c24a: argumento    'formula',BVi.04c24a,http://gams.uni-graz.at/o:glossvibe.bvi#BVi.04c24a.0,argumento,NOUN,abl.sg.neut.,argumentum,la,gl. concurrentesShow Parallels,http://gams.uni-graz.at/o:glossvibe.bvi#Jon_349_4b,BVi,BVi.04c24a_1,argumentum,NOUN
,Ang.58b06c: egiptiorum    'of Egyptians',Ang.58b06c,http://gams.uni-graz.at/o:glossvibe.bvi#Ang.58b06c.0,egiptiorum,ADJ,gen.pl.masc.pos.,aegyptius,la,gl. argumentum a septembrioShow Parallels,http://gams.uni-graz.at/o:glossvibe.bvi#Jon_349_57a,Ang,Ang.58b06c_1,egipto,VERB
,BVi.04c10.60: aetas lunae for kalendis mís egiptacdai inso    'this is the age of the moon on the calends of the Egyptian month',BVi.04c10.60,http://gams.uni-graz.at/o:glossvibe.bvi#BVi.04c10.60.0,aetas,NOUN,nom.sg.fem.,aetas,la,gl. septimbrio regulares u octimbro,http://gams.uni-graz.at/o:glossvibe.bvi#Jon_349_58a,BVi,BVi.04c10.60_1,aetas,NOUN
,BVi.04c10.60: aetas lunae for kalendis mís egiptacdai inso    'this is the age of the moon on the calends of the Egyptian month',BVi.04c10.60,http://gams.uni-graz.at/o:glossvibe.bvi#BVi.04c10.60.1,lunae,NOUN,gen.sg.fem.,luna,la,gl. septimbrio regulares u octimbro,http://gams.uni-graz.at/o:glossvibe.bvi#Jon_349_58a,BVi,BVi.04c10.60_2,luna,NOUN
,BVi.04c10.60: aetas lunae for kalendis mís egiptacdai inso    'this is the age of the moon on the calends of the Egyptian month',BVi.04c10.60,http://gams.uni-graz.at/o:glossvibe.bvi#BVi.04c10.60.3,kalendis,NOUN,dat.pl.fem.,kalenda,la,gl. septimbrio regulares u octimbro,http://gams.uni-graz.at/o:glossvibe.bvi#Jon_349_58a,BVi,BVi.04c10.60_3,kalio,VERB
,BVi.04c24b.67: do buith uiiii kalendae foraib    'i.e. the ninth before the calends to be on them',BVi.04c24b.67,http://gams.uni-graz.at/o:glossvibe.bvi#BVi.04c24b.67.3,kalendae,NOUN,nom.pl.fem.,kalenda,la,gl. in illo facias per concureentes septima,http://gams.uni-graz.at/o:glossvibe.bvi#Jon_349_5a,BVi,BVi.04c24b.67_1,kaleo,VERB
,BCr.32c12: .i. condib ó kalendis ianuaris    'so that it is from the calends of January',BCr.32c12,http://gams.uni-graz.at/o:glossvibe.bvi#BCr.32c12.4,kalendis,NOUN,dat.pl.fem.,kalenda,la,gl. apud romanos incipiatShow Parallels,http://gams.uni-graz.at/o:glossvibe.bvi#Jon_349_64-65a,BCr,BCr.32c12_1,kalio,VERB
,BCr.32c12: .i. condib ó kalendis ianuaris    'so that it is from the calends of January',BCr.32c12,http://gams.uni-graz.at/o:glossvibe.bvi#BCr.32c12.5,ianuaris,NOUN,gen.sg.masc.,ianuarius,la,gl. apud romanos incipiatShow Parallels,http://gams.uni-graz.at/o:glossvibe.bvi#Jon_349_64-65a,BCr,BCr.32c12_2,ianuar,NOUN
,BVi.04c18.63: .i. condib o kalendis ianuariis do inscanna    'so that it is from the calends of January it may begin',BVi.04c18.63,http://gams.uni-graz.at/o:glossvibe.bvi#BVi.04c18.63.3,kalendis,NOUN,dat.pl.fem.,kalenda,la,gl. apud romanos incipiatShow Parallels,http://gams.uni-graz.at/o:glossvibe.bvi#Jon_349_64-65a,BVi,BVi.04c18.63_1,kalio,VERB
,BVi.04c18.63: .i. condib o kalendis ianuariis do inscanna    'so that it is from the calends of January it may begin',BVi.04c18.63,http://gams.uni-graz.at/o:glossvibe.bvi#BVi.04c18.63.4,ianuariis,NOUN,gen.sg.masc.,ianuarius,la,gl. apud romanos incipiatShow Parallels,http://gams.uni-graz.at/o:glossvibe.bvi#Jon_349_64-65a,BVi,BVi.04c18.63_2,ianuarius,ADJ
,Ang.58b27: i. ot. a te.    'Put from you!',Ang.58b27,http://gams.uni-graz.at/o:glossvibe.bvi#Ang.58b27.2,a,ADP,,a,la,gl. tolleShow Parallels,http://gams.uni-graz.at/o:glossvibe.bvi#Jon_350_22-23a,Ang,Ang.58b27_1,ab,ADP
,Ang.58b27: i. ot. a te.    'Put from you!',Ang.58b27,http://gams.uni-graz.at/o:glossvibe.bvi#Ang.58b27.3,te,PRON,abl.sg.masc.,tu,la,gl. tolleShow Parallels,http://gams.uni-graz.at/o:glossvibe.bvi#Jon_350_22-23a,Ang,Ang.58b27_2,tu,PRON
,"BVi.04d26.74: % dindrala huait cxuiii dofuarat latt oienar .i. nonus ocus x condid .xi.    'if 118 happens to be (taken) from your starting point [i.e. 120], it remains with you from January, i.e. the ninth (day of the moon) and the tenth (day of the moon) so that it is the eleventh (day of the moon)'",BVi.04d26.74,http://gams.uni-graz.at/o:glossvibe.bvi#BVi.04d26.74.07,nonus,NOUN,nom.sg.masc.,nonus,la,gl.,http://gams.uni-graz.at/o:glossvibe.bvi#Jon_352_35a,BVi,BVi.04d26.74_1,nonus,ADJ
,Ang.59a15: .i. dies    'i.e. day',Ang.59a15,http://gams.uni-graz.at/o:glossvibe.bvi#Ang.59a15.1,dies,NOUN,nom.sg.masc.,dies,la,gl. xuShow Parallels,http://gams.uni-graz.at/o:glossvibe.bvi#Jon_352_39a,Ang,Ang.59a15_1,dies,NOUN
,BVi.04d30: .i. dies    'i.e. day',BVi.04d30,http://gams.uni-graz.at/o:glossvibe.bvi#BVi.04d30.1,dies,NOUN,nom.sg.masc.,dies,la,gl. xuShow Parallels,http://gams.uni-graz.at/o:glossvibe.bvi#Jon_352_39a,BVi,BVi.04d30_1,dies,NOUN
