sample_id,word_id_gold,word_gold,lemma_gold,pos_gold,token_idx,word_id_pred,word_pred,lemma_pred,pos_pred,word_match,pos_match?,lemma_match?,lemma_sim?
BCr.27a40,http://gams.uni-graz.at/o:glossvibe.bvi#BCr.27a40.0,idest,idest,nan,0,http://gams.uni-graz.at/o:glossvibe.bvi#BCr.27a40.3,idest,idest,ADV,True,False,True,1.0
BCr.27a40,http://gams.uni-graz.at/o:glossvibe.bvi#BCr.27a40.1,sidera,sidus,NOUN,1,http://gams.uni-graz.at/o:glossvibe.bvi#BCr.27a40.4,sidera,sidus,NOUN,True,True,True,1.0
BCr.27a40,http://gams.uni-graz.at/o:glossvibe.bvi#BCr.27a40.2,uel,uel,CCONJ,2,http://gams.uni-graz.at/o:glossvibe.bvi#BCr.27a40.5,uel,uel,CCONJ,True,True,True,1.0
BCr.27a40,http://gams.uni-graz.at/o:glossvibe.bvi#BCr.27a40.3,spatia,spatium,NOUN,3,http://gams.uni-graz.at/o:glossvibe.bvi#BCr.27a40.6,spatia,spatia,NOUN,True,True,False,0.7692307692307693
BVi.01a06,http://gams.uni-graz.at/o:glossvibe.bvi#BVi.01a06.0,sideera,sidus,NOUN,0,http://gams.uni-graz.at/o:glossvibe.bvi#BVi.01a06.3,sideera,sideus,NOUN,True,True,False,0.9090909090909091
BVi.01a06,http://gams.uni-graz.at/o:glossvibe.bvi#BVi.01a06.1,uel,uel,CCONJ,1,http://gams.uni-graz.at/o:glossvibe.bvi#BVi.01a06.4,uel,uel,SCONJ,True,False,True,1.0
BVi.01a06,http://gams.uni-graz.at/o:glossvibe.bvi#BVi.01a06.2,spatia,spatium,NOUN,2,http://gams.uni-graz.at/o:glossvibe.bvi#BVi.01a06.5,spatia,spatia,NOUN,True,True,False,0.7692307692307693
BVi.01a07,http://gams.uni-graz.at/o:glossvibe.bvi#BVi.01a07.0,eo,is,PRON,0,http://gams.uni-graz.at/o:glossvibe.bvi#BVi.01a07.3,eo,is,PRON,True,True,True,1.0
BVi.01a07,http://gams.uni-graz.at/o:glossvibe.bvi#BVi.01a07.1,quorum,qui,PRON,1,http://gams.uni-graz.at/o:glossvibe.bvi#BVi.01a07.4,quorum,qui,PRON,True,True,True,1.0
BVi.01a07,http://gams.uni-graz.at/o:glossvibe.bvi#BVi.01a07.2,qui,qui,PRON,2,http://gams.uni-graz.at/o:glossvibe.bvi#BVi.01a07.5,qui,quis,PRON,True,True,False,0.8571428571428571
Ang.50a02c,http://gams.uni-graz.at/o:glossvibe.bvi#Ang.50a02c.0,fit,facio,VERB,0,http://gams.uni-graz.at/o:glossvibe.bvi#Ang.50a02c.3,fit,facio,VERB,True,True,True,1.0
Ang.50a02c,http://gams.uni-graz.at/o:glossvibe.bvi#Ang.50a02c.1,lumen,lumen,NOUN,1,http://gams.uni-graz.at/o:glossvibe.bvi#Ang.50a02c.4,lumen,lumen,NOUN,True,True,True,1.0
Ang.50a02c,http://gams.uni-graz.at/o:glossvibe.bvi#Ang.50a02c.2,in,in,ADP,2,http://gams.uni-graz.at/o:glossvibe.bvi#Ang.50a02c.5,in,in,ADP,True,True,True,1.0
Ang.50a02c,http://gams.uni-graz.at/o:glossvibe.bvi#Ang.50a02c.3,eis,is,PRON,3,http://gams.uni-graz.at/o:glossvibe.bvi#Ang.50a02c.6,eis,is,PRON,True,True,True,1.0
Ang.50a02c,http://gams.uni-graz.at/o:glossvibe.bvi#Ang.50a02c.4,in,in,ADP,4,http://gams.uni-graz.at/o:glossvibe.bvi#Ang.50a02c.7,in,in,ADP,True,True,True,1.0
Ang.50a02c,http://gams.uni-graz.at/o:glossvibe.bvi#Ang.50a02c.5,hoc,hic,DET,5,http://gams.uni-graz.at/o:glossvibe.bvi#Ang.50a02c.8,hoc,hic,PRON,True,False,True,1.0
Ang.50a02c,http://gams.uni-graz.at/o:glossvibe.bvi#Ang.50a02c.6,tempore,tempus,NOUN,6,http://gams.uni-graz.at/o:glossvibe.bvi#Ang.50a02c.9,tempore,tempus,NOUN,True,True,True,1.0
BVi.01a19a,http://gams.uni-graz.at/o:glossvibe.bvi#BVi.01a19a.0,uel,uel,CCONJ,0,http://gams.uni-graz.at/o:glossvibe.bvi#BVi.01a19a.3,uel,uel,SCONJ,True,False,True,1.0
BVi.01a19a,http://gams.uni-graz.at/o:glossvibe.bvi#BVi.01a19a.1,absida,absida,NOUN,1,http://gams.uni-graz.at/o:glossvibe.bvi#BVi.01a19a.4,absida,absidus,ADJ,True,False,False,0.7692307692307693
BVi.01a19a,http://gams.uni-graz.at/o:glossvibe.bvi#BVi.01a19a.2,sedes,sedes,NOUN,2,http://gams.uni-graz.at/o:glossvibe.bvi#BVi.01a19a.5,sedes,sedeo,VERB,True,False,False,0.8
BVi.01a19a,http://gams.uni-graz.at/o:glossvibe.bvi#BVi.01a19a.3,episcopalis,episcopalis,ADJ,3,http://gams.uni-graz.at/o:glossvibe.bvi#BVi.01a19a.6,episcopalis,episcopalis,ADJ,True,True,True,1.0
BVi.01a19a,http://gams.uni-graz.at/o:glossvibe.bvi#BVi.01a19a.4,et,et,CCONJ,4,http://gams.uni-graz.at/o:glossvibe.bvi#BVi.01a19a.7,et,et,CCONJ,True,True,True,1.0
BVi.01a19a,http://gams.uni-graz.at/o:glossvibe.bvi#BVi.01a19a.5,?,nan,nan,5,http://gams.uni-graz.at/o:glossvibe.bvi#BVi.01a19a.8,?,?,PUNCT,True,False,False,0.0
BVi.01a19a,http://gams.uni-graz.at/o:glossvibe.bvi#BVi.01a19a.6,graecus,graecus,NOUN,6,http://gams.uni-graz.at/o:glossvibe.bvi#BVi.01a19a.9,graecus,graecus,NOUN,True,True,True,1.0
BVi.01a19a,http://gams.uni-graz.at/o:glossvibe.bvi#BVi.01a19a.7,et,et,CCONJ,7,http://gams.uni-graz.at/o:glossvibe.bvi#BVi.01a19a.10,et,et,CCONJ,True,True,True,1.0
BVi.01a19a,http://gams.uni-graz.at/o:glossvibe.bvi#BVi.01a19a.8,interpretatur,interpretor,VERB,8,http://gams.uni-graz.at/o:glossvibe.bvi#BVi.01a19a.11,interpretatur,interpretor,VERB,True,True,True,1.0
BVi.01a19a,http://gams.uni-graz.at/o:glossvibe.bvi#BVi.01a19a.9,splendida,splendidus,ADJ,9,http://gams.uni-graz.at/o:glossvibe.bvi#BVi.01a19a.12,splendida,splendida,NOUN,True,False,False,0.8421052631578947
BCr.27a53,http://gams.uni-graz.at/o:glossvibe.bvi#BCr.27a53.0,apparent,appareo,VERB,0,http://gams.uni-graz.at/o:glossvibe.bvi#BCr.27a53.3,apparent,appareo,VERB,True,True,True,1.0
BCr.27b03,http://gams.uni-graz.at/o:glossvibe.bvi#BCr.27b03.0,idest,idest,nan,0,http://gams.uni-graz.at/o:glossvibe.bvi#BCr.27b03.3,idest,idest,ADV,True,False,True,1.0
BCr.27b03,http://gams.uni-graz.at/o:glossvibe.bvi#BCr.27b03.01,absida,absida,NOUN,1,http://gams.uni-graz.at/o:glossvibe.bvi#BCr.27b03.4,absida,absidus,ADJ,True,False,False,0.7692307692307693
BCr.27b03,http://gams.uni-graz.at/o:glossvibe.bvi#BCr.27b03.02,graece,graece,ADV,2,http://gams.uni-graz.at/o:glossvibe.bvi#BCr.27b03.5,graece,graece,ADV,True,True,True,1.0
BCr.27b03,http://gams.uni-graz.at/o:glossvibe.bvi#BCr.27b03.03,interpretatur,interpretor,VERB,3,http://gams.uni-graz.at/o:glossvibe.bvi#BCr.27b03.6,interpretatur,interpretor,VERB,True,True,True,1.0
BCr.27b03,http://gams.uni-graz.at/o:glossvibe.bvi#BCr.27b03.04,lucida,lucidus,ADJ,4,http://gams.uni-graz.at/o:glossvibe.bvi#BCr.27b03.7,lucida,lucidus,ADJ,True,True,True,1.0
BCr.27b03,http://gams.uni-graz.at/o:glossvibe.bvi#BCr.27b03.05,eo,is,PRON,5,http://gams.uni-graz.at/o:glossvibe.bvi#BCr.27b03.8,eo,is,PRON,True,True,True,1.0
BCr.27b03,http://gams.uni-graz.at/o:glossvibe.bvi#BCr.27b03.06,quorum,qui,PRON,6,http://gams.uni-graz.at/o:glossvibe.bvi#BCr.27b03.9,quorum,qui,PRON,True,True,True,1.0
BCr.27b03,http://gams.uni-graz.at/o:glossvibe.bvi#BCr.27b03.07,lumine,lumen,NOUN,7,http://gams.uni-graz.at/o:glossvibe.bvi#BCr.27b03.10,lumine,lumen,NOUN,True,True,True,1.0
BCr.27b03,http://gams.uni-graz.at/o:glossvibe.bvi#BCr.27b03.08,accepto,accipio,VERB,8,http://gams.uni-graz.at/o:glossvibe.bvi#BCr.27b03.11,accepto,accipio,VERB,True,True,True,1.0
BCr.27b03,http://gams.uni-graz.at/o:glossvibe.bvi#BCr.27b03.09,per,per,ADP,9,http://gams.uni-graz.at/o:glossvibe.bvi#BCr.27b03.12,per,per,ADP,True,True,True,1.0
BCr.27b03,http://gams.uni-graz.at/o:glossvibe.bvi#BCr.27b03.10,arcam,arca,NOUN,10,http://gams.uni-graz.at/o:glossvibe.bvi#BCr.27b03.13,arcam,arca,NOUN,True,True,True,1.0
BCr.27b03,http://gams.uni-graz.at/o:glossvibe.bvi#BCr.27b03.11,resplendeat,resplendeo,VERB,11,http://gams.uni-graz.at/o:glossvibe.bvi#BCr.27b03.14,resplendeat,resplendeo,VERB,True,True,True,1.0
BCr.27b03,http://gams.uni-graz.at/o:glossvibe.bvi#BCr.27b03.12,sed,sed,CCONJ,12,http://gams.uni-graz.at/o:glossvibe.bvi#BCr.27b03.15,sed,sed,CCONJ,True,True,True,1.0
BCr.27b03,http://gams.uni-graz.at/o:glossvibe.bvi#BCr.27b03.13,utrum,utrum,ADV,13,http://gams.uni-graz.at/o:glossvibe.bvi#BCr.27b03.16,utrum,utrum,ADV,True,True,True,1.0
BCr.27b03,http://gams.uni-graz.at/o:glossvibe.bvi#BCr.27b03.14,absidam,absida,NOUN,14,http://gams.uni-graz.at/o:glossvibe.bvi#BCr.27b03.17,absidam,absidam,ADJ,True,False,False,0.9230769230769231
BCr.27b03,http://gams.uni-graz.at/o:glossvibe.bvi#BCr.27b03.15,an,an,CCONJ,15,http://gams.uni-graz.at/o:glossvibe.bvi#BCr.27b03.18,an,an,SCONJ,True,False,True,1.0
BCr.27b03,http://gams.uni-graz.at/o:glossvibe.bvi#BCr.27b03.16,absidam,absida,NOUN,16,http://gams.uni-graz.at/o:glossvibe.bvi#BCr.27b03.19,absidam,absidam,PRON,True,False,False,0.9230769230769231
BCr.27b03,http://gams.uni-graz.at/o:glossvibe.bvi#BCr.27b03.17,dicere,dico,VERB,17,http://gams.uni-graz.at/o:glossvibe.bvi#BCr.27b03.20,dicere,dico,VERB,True,True,True,1.0
BCr.27b03,http://gams.uni-graz.at/o:glossvibe.bvi#BCr.27b03.18,debemus,debeo,VERB,18,http://gams.uni-graz.at/o:glossvibe.bvi#BCr.27b03.21,debemus,debeo,VERB,True,True,True,1.0
BCr.27b03,http://gams.uni-graz.at/o:glossvibe.bvi#BCr.27b03.19,hic,hic,DET,19,http://gams.uni-graz.at/o:glossvibe.bvi#BCr.27b03.22,hic,hic,PRON,True,False,True,1.0
BCr.27b03,http://gams.uni-graz.at/o:glossvibe.bvi#BCr.27b03.20,uerbi,uerbum,NOUN,20,http://gams.uni-graz.at/o:glossvibe.bvi#BCr.27b03.23,uerbi,uerbi,NOUN,True,True,False,0.7272727272727273
BCr.27b03,http://gams.uni-graz.at/o:glossvibe.bvi#BCr.27b03.21,genus,genus,NOUN,21,http://gams.uni-graz.at/o:glossvibe.bvi#BCr.27b03.24,genus,genus,NOUN,True,True,True,1.0
BCr.27b03,http://gams.uni-graz.at/o:glossvibe.bvi#BCr.27b03.22,hic,hic,DET,22,http://gams.uni-graz.at/o:glossvibe.bvi#BCr.27b03.25,hic,hic,ADV,True,False,True,1.0
BCr.27b03,http://gams.uni-graz.at/o:glossvibe.bvi#BCr.27b03.23,uerbi,uerbum,NOUN,23,http://gams.uni-graz.at/o:glossvibe.bvi#BCr.27b03.26,uerbi,uerbi,ADV,True,False,False,0.7272727272727273
BCr.27b03,http://gams.uni-graz.at/o:glossvibe.bvi#BCr.27b03.24,genus,genus,NOUN,24,http://gams.uni-graz.at/o:glossvibe.bvi#BCr.27b03.27,genus,genus,NOUN,True,True,True,1.0
BCr.27b03,http://gams.uni-graz.at/o:glossvibe.bvi#BCr.27b03.25,ambiguum,ambiguus,ADJ,25,http://gams.uni-graz.at/o:glossvibe.bvi#BCr.27b03.28,ambiguum,ambigus,NOUN,True,False,False,0.9333333333333333
BCr.27b03,http://gams.uni-graz.at/o:glossvibe.bvi#BCr.27b03.26,quidam,quidam,PRON,26,http://gams.uni-graz.at/o:glossvibe.bvi#BCr.27b03.29,quidam,quidam,PRON,True,True,True,1.0
BCr.27b03,http://gams.uni-graz.at/o:glossvibe.bvi#BCr.27b03.27,doctorum,doctor,NOUN,27,http://gams.uni-graz.at/o:glossvibe.bvi#BCr.27b03.30,doctorum,doco,NOUN,True,True,False,0.8
BCr.27b03,http://gams.uni-graz.at/o:glossvibe.bvi#BCr.27b03.28,existimant,existimo,VERB,28,http://gams.uni-graz.at/o:glossvibe.bvi#BCr.27b03.31,existimant,existimo,VERB,True,True,True,1.0
BVi.01a18.05,http://gams.uni-graz.at/o:glossvibe.bvi#BVi.01a18.05.2,absida,absida,NOUN,0,http://gams.uni-graz.at/o:glossvibe.bvi#BVi.01a18.05.3,absida,absidus,NOUN,True,True,False,0.7692307692307693
BVi.01a18.05,http://gams.uni-graz.at/o:glossvibe.bvi#BVi.01a18.05.3,graece,graece,ADV,1,http://gams.uni-graz.at/o:glossvibe.bvi#BVi.01a18.05.4,graece,graece,ADV,True,True,True,1.0
BVi.01a18.05,http://gams.uni-graz.at/o:glossvibe.bvi#BVi.01a18.05.4,circulus,circulus,NOUN,2,http://gams.uni-graz.at/o:glossvibe.bvi#BVi.01a18.05.5,circulus,circulus,NOUN,True,True,True,1.0
BVi.01a18.05,http://gams.uni-graz.at/o:glossvibe.bvi#BVi.01a18.05.5,interpretatur,interpretor,VERB,3,http://gams.uni-graz.at/o:glossvibe.bvi#BVi.01a18.05.6,interpretatur,interpretor,VERB,True,True,True,1.0
Sg.55.32,http://gams.uni-graz.at/o:glossvibe.bvi#Sg.55.32.0,idest,idest,nan,0,http://gams.uni-graz.at/o:glossvibe.bvi#Sg.55.32.3,idest,idest,ADV,True,False,True,1.0
Sg.55.32,http://gams.uni-graz.at/o:glossvibe.bvi#Sg.55.32.1,absida,absida,NOUN,1,http://gams.uni-graz.at/o:glossvibe.bvi#Sg.55.32.4,absida,absidus,ADJ,True,False,False,0.7692307692307693
Sg.55.32,http://gams.uni-graz.at/o:glossvibe.bvi#Sg.55.32.2,graece,graece,ADV,2,http://gams.uni-graz.at/o:glossvibe.bvi#Sg.55.32.5,graece,graece,ADV,True,True,True,1.0
Sg.55.32,http://gams.uni-graz.at/o:glossvibe.bvi#Sg.55.32.3,interpretatur,interpretor,VERB,3,http://gams.uni-graz.at/o:glossvibe.bvi#Sg.55.32.6,interpretatur,interpretor,VERB,True,True,True,1.0
Sg.55.32,http://gams.uni-graz.at/o:glossvibe.bvi#Sg.55.32.4,lucida,lucidus,ADJ,4,http://gams.uni-graz.at/o:glossvibe.bvi#Sg.55.32.7,lucida,lucidus,ADJ,True,True,True,1.0
Ang.50a09c,http://gams.uni-graz.at/o:glossvibe.bvi#Ang.50a09c.0,aiunt,aio,VERB,0,http://gams.uni-graz.at/o:glossvibe.bvi#Ang.50a09c.3,aiunt,ajo,VERB,True,True,False,0.6666666666666666
BVi.01a20,http://gams.uni-graz.at/o:glossvibe.bvi#BVi.01a20.0,aiunt,aio,VERB,0,http://gams.uni-graz.at/o:glossvibe.bvi#BVi.01a20.3,aiunt,ajo,VERB,True,True,False,0.6666666666666666
Ang.50a09e,http://gams.uni-graz.at/o:glossvibe.bvi#Ang.50a09e.0,lunae,luna,NOUN,0,http://gams.uni-graz.at/o:glossvibe.bvi#Ang.50a09e.3,lunae,luna,NOUN,True,True,True,1.0
BVi.01a21,http://gams.uni-graz.at/o:glossvibe.bvi#BVi.01a21.0,lune,luna,NOUN,0,http://gams.uni-graz.at/o:glossvibe.bvi#BVi.01a21.3,lune,lu,NOUN,True,True,False,0.6666666666666666
Ang.50a11b,http://gams.uni-graz.at/o:glossvibe.bvi#Ang.50a11b.0,ut,ut,SCONJ,0,http://gams.uni-graz.at/o:glossvibe.bvi#Ang.50a11b.3,ut,ut,SCONJ,True,True,True,1.0
Ang.50a11b,http://gams.uni-graz.at/o:glossvibe.bvi#Ang.50a11b.1,fit,facio,VERB,1,http://gams.uni-graz.at/o:glossvibe.bvi#Ang.50a11b.4,fit,facio,VERB,True,True,True,1.0
Ang.50a11b,http://gams.uni-graz.at/o:glossvibe.bvi#Ang.50a11b.2,lucerna,lucerna,NOUN,2,http://gams.uni-graz.at/o:glossvibe.bvi#Ang.50a11b.5,lucerna,lucerna,NOUN,True,True,True,1.0
Ang.50a11b,http://gams.uni-graz.at/o:glossvibe.bvi#Ang.50a11b.3,contra,contra,ADP,3,http://gams.uni-graz.at/o:glossvibe.bvi#Ang.50a11b.6,contra,contra,ADP,True,True,True,1.0
Ang.50a11b,http://gams.uni-graz.at/o:glossvibe.bvi#Ang.50a11b.4,corpus,corpus,NOUN,4,http://gams.uni-graz.at/o:glossvibe.bvi#Ang.50a11b.7,corpus,corpus,NOUN,True,True,True,1.0
Ang.50a11b,http://gams.uni-graz.at/o:glossvibe.bvi#Ang.50a11b.5,hominis,homo,NOUN,5,http://gams.uni-graz.at/o:glossvibe.bvi#Ang.50a11b.8,hominis,homo,NOUN,True,True,True,1.0
BCr.27b06,http://gams.uni-graz.at/o:glossvibe.bvi#BCr.27b06.0,ut,ut,SCONJ,0,http://gams.uni-graz.at/o:glossvibe.bvi#BCr.27b06.3,ut,ut,SCONJ,True,True,True,1.0
BCr.27b06,http://gams.uni-graz.at/o:glossvibe.bvi#BCr.27b06.1,fit,facio,VERB,1,http://gams.uni-graz.at/o:glossvibe.bvi#BCr.27b06.4,fit,facio,VERB,True,True,True,1.0
BCr.27b06,http://gams.uni-graz.at/o:glossvibe.bvi#BCr.27b06.2,candela,candela,NOUN,2,http://gams.uni-graz.at/o:glossvibe.bvi#BCr.27b06.5,candela,candela,NOUN,True,True,True,1.0
BCr.27b06,http://gams.uni-graz.at/o:glossvibe.bvi#BCr.27b06.3,contra,contra,ADP,3,http://gams.uni-graz.at/o:glossvibe.bvi#BCr.27b06.6,contra,contra,ADP,True,True,True,1.0
BCr.27b06,http://gams.uni-graz.at/o:glossvibe.bvi#BCr.27b06.4,corpus,corpus,NOUN,4,http://gams.uni-graz.at/o:glossvibe.bvi#BCr.27b06.7,corpus,corpus,NOUN,True,True,True,1.0
BCr.27b06,http://gams.uni-graz.at/o:glossvibe.bvi#BCr.27b06.5,hominis,homo,NOUN,5,http://gams.uni-graz.at/o:glossvibe.bvi#BCr.27b06.8,hominis,homo,NOUN,True,True,True,1.0
BVi.01a28,http://gams.uni-graz.at/o:glossvibe.bvi#BVi.01a28.0,ut,ut,SCONJ,0,http://gams.uni-graz.at/o:glossvibe.bvi#BVi.01a28.3,ut,ut,SCONJ,True,True,True,1.0
BVi.01a28,http://gams.uni-graz.at/o:glossvibe.bvi#BVi.01a28.1,lucerna,lucerna,NOUN,1,http://gams.uni-graz.at/o:glossvibe.bvi#BVi.01a28.4,lucerna,lucerna,NOUN,True,True,True,1.0
BVi.01a28,http://gams.uni-graz.at/o:glossvibe.bvi#BVi.01a28.2,fit,facio,VERB,2,http://gams.uni-graz.at/o:glossvibe.bvi#BVi.01a28.5,fit,facio,VERB,True,True,True,1.0
Sg.55.38,http://gams.uni-graz.at/o:glossvibe.bvi#Sg.55.38.0,idest,idest,nan,0,http://gams.uni-graz.at/o:glossvibe.bvi#Sg.55.38.3,idest,idest,ADV,True,False,True,1.0
Sg.55.38,http://gams.uni-graz.at/o:glossvibe.bvi#Sg.55.38.1,ut,ut,SCONJ,1,http://gams.uni-graz.at/o:glossvibe.bvi#Sg.55.38.4,ut,ut,SCONJ,True,True,True,1.0
Sg.55.38,http://gams.uni-graz.at/o:glossvibe.bvi#Sg.55.38.2,fit,facio,VERB,2,http://gams.uni-graz.at/o:glossvibe.bvi#Sg.55.38.5,fit,facio,VERB,True,True,True,1.0
Sg.55.38,http://gams.uni-graz.at/o:glossvibe.bvi#Sg.55.38.3,candela,candela,NOUN,3,http://gams.uni-graz.at/o:glossvibe.bvi#Sg.55.38.6,candela,candela,NOUN,True,True,True,1.0
Sg.55.38,http://gams.uni-graz.at/o:glossvibe.bvi#Sg.55.38.4,contra,contra,ADP,4,http://gams.uni-graz.at/o:glossvibe.bvi#Sg.55.38.7,contra,contra,ADP,True,True,True,1.0
Sg.55.38,http://gams.uni-graz.at/o:glossvibe.bvi#Sg.55.38.5,corpus,corpus,NOUN,5,http://gams.uni-graz.at/o:glossvibe.bvi#Sg.55.38.8,corpus,corpus,NOUN,True,True,True,1.0
Sg.55.38,http://gams.uni-graz.at/o:glossvibe.bvi#Sg.55.38.6,hominis,homo,NOUN,6,http://gams.uni-graz.at/o:glossvibe.bvi#Sg.55.38.9,hominis,homo,NOUN,True,True,True,1.0
Ang.50a14c,http://gams.uni-graz.at/o:glossvibe.bvi#Ang.50a14c.0,paulatim,paulatim,ADV,0,http://gams.uni-graz.at/o:glossvibe.bvi#Ang.50a14c.3,paulatim,paulatim,ADV,True,True,True,1.0
BVi.01a30,http://gams.uni-graz.at/o:glossvibe.bvi#BVi.01a30.0,paulatim,paulatim,ADV,0,http://gams.uni-graz.at/o:glossvibe.bvi#BVi.01a30.3,paulatim,paulatim,ADV,True,True,True,1.0
Ang.50a20,http://gams.uni-graz.at/o:glossvibe.bvi#Ang.50a20.0,cupida,auara,NOUN,0,http://gams.uni-graz.at/o:glossvibe.bvi#Ang.50a20.3,cupida,cupida,NOUN,True,True,False,0.18181818181818182
Ang.50a20,http://gams.uni-graz.at/o:glossvibe.bvi#Ang.50a20.1,auara,cupidus,ADJ,1,http://gams.uni-graz.at/o:glossvibe.bvi#Ang.50a20.4,auara,auara,NOUN,True,False,False,0.16666666666666666
BCr.27b23a,http://gams.uni-graz.at/o:glossvibe.bvi#BCr.27b23a.0,idest,idest,nan,0,http://gams.uni-graz.at/o:glossvibe.bvi#BCr.27b23a.3,idest,idest,ADV,True,False,True,1.0
BCr.27b23a,http://gams.uni-graz.at/o:glossvibe.bvi#BCr.27b23a.1,auara,auara,NOUN,1,http://gams.uni-graz.at/o:glossvibe.bvi#BCr.27b23a.4,auara,auara,NOUN,True,True,True,1.0
BVi.01a38,http://gams.uni-graz.at/o:glossvibe.bvi#BVi.01a38.0,auara,auara,NOUN,0,http://gams.uni-graz.at/o:glossvibe.bvi#BVi.01a38.3,auara,auara,NOUN,True,True,True,1.0
BVi.01a38,http://gams.uni-graz.at/o:glossvibe.bvi#BVi.01a38.1,cupida,cupidus,ADJ,1,http://gams.uni-graz.at/o:glossvibe.bvi#BVi.01a38.4,cupida,cupida,NOUN,True,False,False,0.7692307692307693
BCr.27b28,http://gams.uni-graz.at/o:glossvibe.bvi#BCr.27b28.0,idest,idest,nan,0,http://gams.uni-graz.at/o:glossvibe.bvi#BCr.27b28.3,idest,idest,ADV,True,False,True,1.0
BCr.27b28,http://gams.uni-graz.at/o:glossvibe.bvi#BCr.27b28.1,quaerere,quaero,VERB,1,http://gams.uni-graz.at/o:glossvibe.bvi#BCr.27b28.4,quaerere,quaerere,VERB,True,True,False,0.7142857142857143
BVi.01a45,http://gams.uni-graz.at/o:glossvibe.bvi#BVi.01a45.0,cetera,ceterus,DET,0,http://gams.uni-graz.at/o:glossvibe.bvi#BVi.01a45.3,cetera,ceterus,PRON,True,False,True,1.0
Ang.50a25b,http://gams.uni-graz.at/o:glossvibe.bvi#Ang.50a25b.0,apud,apud,ADP,0,http://gams.uni-graz.at/o:glossvibe.bvi#Ang.50a25b.3,apud,apud,ADP,True,True,True,1.0
Ang.50a25b,http://gams.uni-graz.at/o:glossvibe.bvi#Ang.50a25b.1,scithas,scythae,NOUN,1,http://gams.uni-graz.at/o:glossvibe.bvi#Ang.50a25b.4,scithas,scithic,NOUN,True,True,False,0.5714285714285714
BCr.27b34,http://gams.uni-graz.at/o:glossvibe.bvi#BCr.27b34.0,apud,apud,ADP,0,http://gams.uni-graz.at/o:glossvibe.bvi#BCr.27b34.3,apud,apud,ADP,True,True,True,1.0
BCr.27b34,http://gams.uni-graz.at/o:glossvibe.bvi#BCr.27b34.1,scithios,scythae,NOUN,1,http://gams.uni-graz.at/o:glossvibe.bvi#BCr.27b34.4,scithios,scithius,NOUN,True,True,False,0.5333333333333333
BVi.01a46a,http://gams.uni-graz.at/o:glossvibe.bvi#BVi.01a46a.0,idest,idest,nan,0,http://gams.uni-graz.at/o:glossvibe.bvi#BVi.01a46a.3,idest,idest,ADV,True,False,True,1.0
BVi.01a46a,http://gams.uni-graz.at/o:glossvibe.bvi#BVi.01a46a.1,apud,apud,ADP,1,http://gams.uni-graz.at/o:glossvibe.bvi#BVi.01a46a.4,apud,apud,ADP,True,True,True,1.0
BVi.01a46a,http://gams.uni-graz.at/o:glossvibe.bvi#BVi.01a46a.2,scithas,scythae,NOUN,2,http://gams.uni-graz.at/o:glossvibe.bvi#BVi.01a46a.5,scithas,scithic,NOUN,True,True,False,0.5714285714285714
Ang.50a26a,http://gams.uni-graz.at/o:glossvibe.bvi#Ang.50a26a.0,causa,causa,NOUN,0,http://gams.uni-graz.at/o:glossvibe.bvi#Ang.50a26a.3,causa,causa,NOUN,True,True,True,1.0
Ang.50a26a,http://gams.uni-graz.at/o:glossvibe.bvi#Ang.50a26a.1,diei,dies,NOUN,1,http://gams.uni-graz.at/o:glossvibe.bvi#Ang.50a26a.4,diei,dieum,NOUN,True,True,False,0.6666666666666666
Ang.50a26a,http://gams.uni-graz.at/o:glossvibe.bvi#Ang.50a26a.2,modici,modicus,ADJ,2,http://gams.uni-graz.at/o:glossvibe.bvi#Ang.50a26a.5,modici,modicus,ADJ,True,True,True,1.0
BCr.27b35,http://gams.uni-graz.at/o:glossvibe.bvi#BCr.27b35.0,causa,causa,NOUN,0,http://gams.uni-graz.at/o:glossvibe.bvi#BCr.27b35.3,causa,causa,NOUN,True,True,True,1.0
BCr.27b35,http://gams.uni-graz.at/o:glossvibe.bvi#BCr.27b35.1,diei,dies,NOUN,1,http://gams.uni-graz.at/o:glossvibe.bvi#BCr.27b35.4,diei,dieum,NOUN,True,True,False,0.6666666666666666
BCr.27b35,http://gams.uni-graz.at/o:glossvibe.bvi#BCr.27b35.2,modici,modicus,ADJ,2,http://gams.uni-graz.at/o:glossvibe.bvi#BCr.27b35.5,modici,modicus,ADJ,True,True,True,1.0
BVi.01a46b,http://gams.uni-graz.at/o:glossvibe.bvi#BVi.01a46b.0,causa,causa,NOUN,0,http://gams.uni-graz.at/o:glossvibe.bvi#BVi.01a46b.3,causa,causa,NOUN,True,True,True,1.0
BVi.01a46b,http://gams.uni-graz.at/o:glossvibe.bvi#BVi.01a46b.1,diei,dies,NOUN,1,http://gams.uni-graz.at/o:glossvibe.bvi#BVi.01a46b.4,diei,dieum,NOUN,True,True,False,0.6666666666666666
BVi.01a46b,http://gams.uni-graz.at/o:glossvibe.bvi#BVi.01a46b.2,modici,modicus,ADJ,2,http://gams.uni-graz.at/o:glossvibe.bvi#BVi.01a46b.5,modici,modicus,ADJ,True,True,True,1.0
Ang.50a26b,http://gams.uni-graz.at/o:glossvibe.bvi#Ang.50a26b.0,somno,somnus,NOUN,0,http://gams.uni-graz.at/o:glossvibe.bvi#Ang.50a26b.3,somno,somnus,NOUN,True,True,True,1.0
BVi.01a47a,http://gams.uni-graz.at/o:glossvibe.bvi#BVi.01a47a.0,somno,somnus,NOUN,0,http://gams.uni-graz.at/o:glossvibe.bvi#BVi.01a47a.3,somno,somnus,NOUN,True,True,True,1.0
Ang.50a27a,http://gams.uni-graz.at/o:glossvibe.bvi#Ang.50a27a.0,nox,nox,NOUN,0,http://gams.uni-graz.at/o:glossvibe.bvi#Ang.50a27a.3,nox,nox,NOUN,True,True,True,1.0
BVi.01a47b,http://gams.uni-graz.at/o:glossvibe.bvi#BVi.01a47b.0,nox,nox,NOUN,0,http://gams.uni-graz.at/o:glossvibe.bvi#BVi.01a47b.3,nox,nox,NOUN,True,True,True,1.0
Ang.50b03f,http://gams.uni-graz.at/o:glossvibe.bvi#Ang.50b03f.0,idest,idest,nan,0,http://gams.uni-graz.at/o:glossvibe.bvi#Ang.50b03f.3,idest,idest,ADV,True,False,True,1.0
Ang.50b03f,http://gams.uni-graz.at/o:glossvibe.bvi#Ang.50b03f.1,ad,ad,ADP,1,http://gams.uni-graz.at/o:glossvibe.bvi#Ang.50b03f.4,ad,ad,ADP,True,True,True,1.0
Ang.50b03f,http://gams.uni-graz.at/o:glossvibe.bvi#Ang.50b03f.2,septem,septem,NUM,2,http://gams.uni-graz.at/o:glossvibe.bvi#Ang.50b03f.5,septem,seps,NUM,True,True,False,0.6
BVi.01b14,http://gams.uni-graz.at/o:glossvibe.bvi#BVi.01b14.0,ad,ad,ADP,0,http://gams.uni-graz.at/o:glossvibe.bvi#BVi.01b14.3,ad,ad,ADP,True,True,True,1.0
BVi.01b14,http://gams.uni-graz.at/o:glossvibe.bvi#BVi.01b14.1,septimo,septem,NUM,1,http://gams.uni-graz.at/o:glossvibe.bvi#BVi.01b14.4,septimo,septimus,ADJ,True,False,False,0.7142857142857143
BVi.01b14,http://gams.uni-graz.at/o:glossvibe.bvi#BVi.01b14.2,numero,numerus,NOUN,2,http://gams.uni-graz.at/o:glossvibe.bvi#BVi.01b14.5,numero,numero,NOUN,True,True,False,0.7692307692307693
BVi.01b22,http://gams.uni-graz.at/o:glossvibe.bvi#BVi.01b22.0,idest,idest,nan,0,http://gams.uni-graz.at/o:glossvibe.bvi#BVi.01b22.3,idest,idest,ADV,True,False,True,1.0
BVi.01b22,http://gams.uni-graz.at/o:glossvibe.bvi#BVi.01b22.1,numer,nan,nan,1,http://gams.uni-graz.at/o:glossvibe.bvi#BVi.01b22.4,numer,numer,NOUN,True,False,False,0.25
BVi.01b24,http://gams.uni-graz.at/o:glossvibe.bvi#BVi.01b23.0,h.ex,nan,nan,0,http://gams.uni-graz.at/o:glossvibe.bvi#BVi.01b24.3,h.ex,h.ex,NOUN,True,False,False,0.0
Ang.50b12a,http://gams.uni-graz.at/o:glossvibe.bvi#Ang.50b12a.0,similitudine,similitudo,NOUN,0,http://gams.uni-graz.at/o:glossvibe.bvi#Ang.50b12a.3,similitudine,similitudo,NOUN,True,True,True,1.0
Ang.50b12a,http://gams.uni-graz.at/o:glossvibe.bvi#Ang.50b12a.1,septimi,septimus 1,ADJ,1,http://gams.uni-graz.at/o:glossvibe.bvi#Ang.50b12a.4,septimi,septimus,ADJ,True,True,False,0.8888888888888888
Ang.50b12a,http://gams.uni-graz.at/o:glossvibe.bvi#Ang.50b12a.2,diei,dies,NOUN,2,http://gams.uni-graz.at/o:glossvibe.bvi#Ang.50b12a.5,diei,dies,PROPN,True,False,True,1.0
Ang.50b12a,http://gams.uni-graz.at/o:glossvibe.bvi#Ang.50b12a.3,initii,initium,NOUN,3,http://gams.uni-graz.at/o:glossvibe.bvi#Ang.50b12a.6,initii,initius,ADJ,True,False,False,0.8571428571428571
Ang.50b12a,http://gams.uni-graz.at/o:glossvibe.bvi#Ang.50b12a.4,mundi,mundus,NOUN,4,http://gams.uni-graz.at/o:glossvibe.bvi#Ang.50b12a.7,mundi,mundus,NOUN,True,True,True,1.0
BCr.27c22,http://gams.uni-graz.at/o:glossvibe.bvi#BCr.27c22.0,ad,ad,ADP,0,http://gams.uni-graz.at/o:glossvibe.bvi#BCr.27c22.3,ad,ad,ADP,True,True,True,1.0
BCr.27c22,http://gams.uni-graz.at/o:glossvibe.bvi#BCr.27c22.1,similitudinem,similitudo,NOUN,1,http://gams.uni-graz.at/o:glossvibe.bvi#BCr.27c22.4,similitudinem,similitudo,NOUN,True,True,True,1.0
BCr.27c22,http://gams.uni-graz.at/o:glossvibe.bvi#BCr.27c22.3,diei,dies,NOUN,2,http://gams.uni-graz.at/o:glossvibe.bvi#BCr.27c22.5,diei,dieum,NOUN,True,True,False,0.6666666666666666
BVi.01b28.10,http://gams.uni-graz.at/o:glossvibe.bvi#BVi.01b28.10.2,septimi,septimus 1,ADJ,0,http://gams.uni-graz.at/o:glossvibe.bvi#BVi.01b28.10.3,septimi,septimus,ADJ,True,True,False,0.8888888888888888
BVi.01b28.10,http://gams.uni-graz.at/o:glossvibe.bvi#BVi.01b28.10.3,diei,dies,NOUN,1,http://gams.uni-graz.at/o:glossvibe.bvi#BVi.01b28.10.4,diei,dies,NOUN,True,True,True,1.0
BVi.01b28.10,http://gams.uni-graz.at/o:glossvibe.bvi#BVi.01b28.10.4,mundi,mundus,NOUN,2,http://gams.uni-graz.at/o:glossvibe.bvi#BVi.01b28.10.5,mundi,mundus,NOUN,True,True,True,1.0
BVi.01b38,http://gams.uni-graz.at/o:glossvibe.bvi#BVi.01b38.0,ebdomada,ebdomada,NOUN,0,http://gams.uni-graz.at/o:glossvibe.bvi#BVi.01b38.3,ebdomada,ebdomada,ADJ,True,False,True,1.0
Ang.50b32d,http://gams.uni-graz.at/o:glossvibe.bvi#Ang.50b32d.0,idest,idest,nan,0,http://gams.uni-graz.at/o:glossvibe.bvi#Ang.50b32d.3,idest,idest,ADV,True,False,True,1.0
Ang.50b32d,http://gams.uni-graz.at/o:glossvibe.bvi#Ang.50b32d.1,prouocat,prouoco,VERB,1,http://gams.uni-graz.at/o:glossvibe.bvi#Ang.50b32d.4,prouocat,prouoco,VERB,True,True,True,1.0
BVi.01c08,http://gams.uni-graz.at/o:glossvibe.bvi#BVi.01c08.0,prouocat,prouoco,VERB,0,http://gams.uni-graz.at/o:glossvibe.bvi#BVi.01c08.3,prouocat,prouoco,VERB,True,True,True,1.0
Ang.50b36b,http://gams.uni-graz.at/o:glossvibe.bvi#Ang.50b36b.0,complet,compleo,VERB,0,http://gams.uni-graz.at/o:glossvibe.bvi#Ang.50b36b.3,complet,compleo,VERB,True,True,True,1.0
Ang.50b36b,http://gams.uni-graz.at/o:glossvibe.bvi#Ang.50b36b.1,signiferum,signifer,ADJ,1,http://gams.uni-graz.at/o:glossvibe.bvi#Ang.50b36b.4,signiferum,signifer,NOUN,True,False,True,1.0
BCr.27c55,http://gams.uni-graz.at/o:glossvibe.bvi#BCr.27c55.0,idest,idest,nan,0,http://gams.uni-graz.at/o:glossvibe.bvi#BCr.27c55.3,idest,idest,ADV,True,False,True,1.0
BCr.27c55,http://gams.uni-graz.at/o:glossvibe.bvi#BCr.27c55.1,complet,compleo,VERB,1,http://gams.uni-graz.at/o:glossvibe.bvi#BCr.27c55.4,complet,compleo,VERB,True,True,True,1.0
BCr.27c55,http://gams.uni-graz.at/o:glossvibe.bvi#BCr.27c55.2,uel,uel,CCONJ,2,http://gams.uni-graz.at/o:glossvibe.bvi#BCr.27c55.5,uel,uel,CCONJ,True,True,True,1.0
BCr.27c55,http://gams.uni-graz.at/o:glossvibe.bvi#BCr.27c55.3,ministrat,ministro,VERB,3,http://gams.uni-graz.at/o:glossvibe.bvi#BCr.27c55.6,ministrat,ministro,VERB,True,True,True,1.0
BVi.01c14a,http://gams.uni-graz.at/o:glossvibe.bvi#BVi.01c14a.0,complet,compleo,VERB,0,http://gams.uni-graz.at/o:glossvibe.bvi#BVi.01c14a.3,complet,compleo,VERB,True,True,True,1.0
BVi.01c14b,http://gams.uni-graz.at/o:glossvibe.bvi#BVi.01c14b.0,ueneri,dies ueneris,NOUN,0,http://gams.uni-graz.at/o:glossvibe.bvi#BVi.01c14b.3,ueneri,uenus,VERB,True,False,False,0.47058823529411764
Ang.50b37a,http://gams.uni-graz.at/o:glossvibe.bvi#Ang.50b37a.0,uelociore,uelox,ADJ,0,http://gams.uni-graz.at/o:glossvibe.bvi#Ang.50b37a.3,uelociore,uelocgnus,NOUN,True,False,False,0.5714285714285714
BVi.01c15,http://gams.uni-graz.at/o:glossvibe.bvi#BVi.01c15.0,uelociorium,uelox,ADJ,0,http://gams.uni-graz.at/o:glossvibe.bvi#BVi.01c15.3,uelociorium,uelociorium,NOUN,True,False,False,0.5
Ang.51a05a,http://gams.uni-graz.at/o:glossvibe.bvi#Ang.51a05a.0,martis,mars,NOUN,0,http://gams.uni-graz.at/o:glossvibe.bvi#Ang.51a05a.3,martis,mars,NOUN,True,True,True,1.0
BVi.01c22b,http://gams.uni-graz.at/o:glossvibe.bvi#BVi.01c22b.0,martis,mars,NOUN,0,http://gams.uni-graz.at/o:glossvibe.bvi#BVi.01c22b.3,martis,mars,NOUN,True,True,True,1.0
BVi.01c22a,http://gams.uni-graz.at/o:glossvibe.bvi#BVi.01c22a.0,uiligro,nan,nan,0,http://gams.uni-graz.at/o:glossvibe.bvi#BVi.01c22a.3,uiligro,uiligro,NOUN,True,False,False,0.0
BVi.01c22a,http://gams.uni-graz.at/o:glossvibe.bvi#BVi.01c22a.1,cis,nan,nan,1,http://gams.uni-graz.at/o:glossvibe.bvi#BVi.01c22a.4,cis,x,NOUN,True,False,False,0.0
Ang.51a05d,http://gams.uni-graz.at/o:glossvibe.bvi#Ang.51a05d.0,mercurius,mercurius,NOUN,0,http://gams.uni-graz.at/o:glossvibe.bvi#Ang.51a05d.3,mercurius,mercurus,NOUN,True,True,False,0.9411764705882353
BVi.01c22d,http://gams.uni-graz.at/o:glossvibe.bvi#BVi.01c22d.0,mercorius,mercurius,NOUN,0,http://gams.uni-graz.at/o:glossvibe.bvi#BVi.01c22d.3,mercorius,mercorius,NOUN,True,True,False,0.8888888888888888
Ang.51a05g,http://gams.uni-graz.at/o:glossvibe.bvi#Ang.51a05g.0,iouis,iuppiter,PROPN,0,http://gams.uni-graz.at/o:glossvibe.bvi#Ang.51a05g.3,iouis,iouis,PRON,True,False,False,0.46153846153846156
BVi.01c23a,http://gams.uni-graz.at/o:glossvibe.bvi#BVi.01c23a.0,ioppiter,iuppiter,PROPN,0,http://gams.uni-graz.at/o:glossvibe.bvi#BVi.01c23a.3,ioppiter,ioppiter,ADV,True,False,False,0.875
Ang.51a06b,http://gams.uni-graz.at/o:glossvibe.bvi#Ang.51a06b.0,uener,dies ueneris,NOUN,0,http://gams.uni-graz.at/o:glossvibe.bvi#Ang.51a06b.3,uener,uener,NOUN,True,True,False,0.5882352941176471
BVi.01c23b,http://gams.uni-graz.at/o:glossvibe.bvi#BVi.01c23b.0,ueneri,dies ueneris,NOUN,0,http://gams.uni-graz.at/o:glossvibe.bvi#BVi.01c23b.3,ueneri,uenus,VERB,True,False,False,0.47058823529411764
Ang.51a06e,http://gams.uni-graz.at/o:glossvibe.bvi#Ang.51a06e.0,dies,dies,NOUN,0,http://gams.uni-graz.at/o:glossvibe.bvi#Ang.51a06e.3,dies,dies,NOUN,True,True,True,1.0
Ang.51a06e,http://gams.uni-graz.at/o:glossvibe.bvi#Ang.51a06e.1,ebdomadae,ebdomada,NOUN,1,http://gams.uni-graz.at/o:glossvibe.bvi#Ang.51a06e.4,ebdomadae,ebdomada,PROPN,True,False,True,1.0
Ang.51a06c,http://gams.uni-graz.at/o:glossvibe.bvi#Ang.51a06c.0,saturnus,saturnus,NOUN,0,http://gams.uni-graz.at/o:glossvibe.bvi#Ang.51a06c.3,saturnus,saturnus,NOUN,True,True,True,1.0
BVi.01c24a,http://gams.uni-graz.at/o:glossvibe.bvi#BVi.01c24a.0,saturnus,saturnus,NOUN,0,http://gams.uni-graz.at/o:glossvibe.bvi#BVi.01c24a.3,saturnus,saturnus,NOUN,True,True,True,1.0
Ang.51a16e,http://gams.uni-graz.at/o:glossvibe.bvi#Ang.51a16e.0,idest,idest,nan,0,http://gams.uni-graz.at/o:glossvibe.bvi#Ang.51a16e.3,idest,idest,ADV,True,False,True,1.0
Ang.51a16e,http://gams.uni-graz.at/o:glossvibe.bvi#Ang.51a16e.1,una,unus,NUM,1,http://gams.uni-graz.at/o:glossvibe.bvi#Ang.51a16e.4,una,unus,NUM,True,True,True,1.0
Ang.51a16e,http://gams.uni-graz.at/o:glossvibe.bvi#Ang.51a16e.2,die,dies,NOUN,2,http://gams.uni-graz.at/o:glossvibe.bvi#Ang.51a16e.5,die,die,ADV,True,False,False,0.8571428571428571
Ang.51a16e,http://gams.uni-graz.at/o:glossvibe.bvi#Ang.51a16e.3,dominico,dominicus,ADJ,3,http://gams.uni-graz.at/o:glossvibe.bvi#Ang.51a16e.6,dominico,dominicus,VERB,True,False,True,1.0
BCr.27d44,http://gams.uni-graz.at/o:glossvibe.bvi#BCr.27d44.0,uno,unus,NUM,0,http://gams.uni-graz.at/o:glossvibe.bvi#BCr.27d44.3,uno,unus,NUM,True,True,True,1.0
BCr.27d44,http://gams.uni-graz.at/o:glossvibe.bvi#BCr.27d44.1,die,dies,NOUN,1,http://gams.uni-graz.at/o:glossvibe.bvi#BCr.27d44.4,die,die,NOUN,True,True,False,0.8571428571428571
BVi.01c38.16,http://gams.uni-graz.at/o:glossvibe.bvi#BVi.01c38.16.0,uno,unus,NUM,0,http://gams.uni-graz.at/o:glossvibe.bvi#BVi.01c38.16.3,uno,unus,NUM,True,True,True,1.0
Sg.57.37b,http://gams.uni-graz.at/o:glossvibe.bvi#Sg.57.37b.0,idest,idest,nan,0,http://gams.uni-graz.at/o:glossvibe.bvi#Sg.57.37b.3,idest,idest,ADV,True,False,True,1.0
Sg.57.37b,http://gams.uni-graz.at/o:glossvibe.bvi#Sg.57.37b.1,uno,unus,NUM,1,http://gams.uni-graz.at/o:glossvibe.bvi#Sg.57.37b.4,uno,unus,NUM,True,True,True,1.0
Sg.57.37b,http://gams.uni-graz.at/o:glossvibe.bvi#Sg.57.37b.2,die,dies,NOUN,2,http://gams.uni-graz.at/o:glossvibe.bvi#Sg.57.37b.5,die,dies,NOUN,True,True,True,1.0
Ang.51a22a,http://gams.uni-graz.at/o:glossvibe.bvi#Ang.51a22a.0,annorum,annus,NOUN,0,http://gams.uni-graz.at/o:glossvibe.bvi#Ang.51a22a.3,annorum,annus,NOUN,True,True,True,1.0
BVi.01d05a,http://gams.uni-graz.at/o:glossvibe.bvi#BVi.01d05a.0,annorum,annus,NOUN,0,http://gams.uni-graz.at/o:glossvibe.bvi#BVi.01d05a.3,annorum,annus,NOUN,True,True,True,1.0
Ang.51a22b,http://gams.uni-graz.at/o:glossvibe.bvi#Ang.51a22b.0,idest,idest,nan,0,http://gams.uni-graz.at/o:glossvibe.bvi#Ang.51a22b.3,idest,idest,ADV,True,False,True,1.0
Ang.51a22b,http://gams.uni-graz.at/o:glossvibe.bvi#Ang.51a22b.1,sacrificio,sacrificium,NOUN,1,http://gams.uni-graz.at/o:glossvibe.bvi#Ang.51a22b.4,sacrificio,sacrificium,NOUN,True,True,True,1.0
Ang.51a24b,http://gams.uni-graz.at/o:glossvibe.bvi#Ang.51a24b.0,speramus,spero,VERB,0,http://gams.uni-graz.at/o:glossvibe.bvi#Ang.51a24b.3,speramus,speramus,VERB,True,True,False,0.6153846153846154
BVi.01d09,http://gams.uni-graz.at/o:glossvibe.bvi#BVi.01d09.0,speramus,spero,VERB,0,http://gams.uni-graz.at/o:glossvibe.bvi#BVi.01d09.3,speramus,speramus,VERB,True,True,False,0.6153846153846154
Ang.51a26a,http://gams.uni-graz.at/o:glossvibe.bvi#Ang.51a26a.0,mundari,mundo,VERB,0,http://gams.uni-graz.at/o:glossvibe.bvi#Ang.51a26a.3,mundari,mundaris,VERB,True,True,False,0.6153846153846154
BCr.28a04,http://gams.uni-graz.at/o:glossvibe.bvi#BCr.28a04.0,idest,idest,nan,0,http://gams.uni-graz.at/o:glossvibe.bvi#BCr.28a04.3,idest,idest,ADV,True,False,True,1.0
BCr.28a04,http://gams.uni-graz.at/o:glossvibe.bvi#BCr.28a04.1,mundari,mundo,VERB,1,http://gams.uni-graz.at/o:glossvibe.bvi#BCr.28a04.4,mundari,mundor,VERB,True,True,False,0.9090909090909091
BCr.28a04,http://gams.uni-graz.at/o:glossvibe.bvi#BCr.28a04.2,uel,uel,CCONJ,2,http://gams.uni-graz.at/o:glossvibe.bvi#BCr.28a04.5,uel,uel,CCONJ,True,True,True,1.0
BCr.28a04,http://gams.uni-graz.at/o:glossvibe.bvi#BCr.28a04.3,consecrari,consecro,VERB,3,http://gams.uni-graz.at/o:glossvibe.bvi#BCr.28a04.6,consecrari,consecro,VERB,True,True,True,1.0
BCr.28a04,http://gams.uni-graz.at/o:glossvibe.bvi#BCr.28a04.4,uel,uel,CCONJ,4,http://gams.uni-graz.at/o:glossvibe.bvi#BCr.28a04.7,uel,uel,CCONJ,True,True,True,1.0
BCr.28a04,http://gams.uni-graz.at/o:glossvibe.bvi#BCr.28a04.5,lauari,lauo,VERB,5,http://gams.uni-graz.at/o:glossvibe.bvi#BCr.28a04.8,lauari,lauo,VERB,True,True,True,1.0
Sg.58.02,http://gams.uni-graz.at/o:glossvibe.bvi#Sg.58.02.0,idest,idest,nan,0,http://gams.uni-graz.at/o:glossvibe.bvi#Sg.58.02.3,idest,idest,ADV,True,False,True,1.0
Sg.58.02,http://gams.uni-graz.at/o:glossvibe.bvi#Sg.58.02.1,mundari,mundo,VERB,1,http://gams.uni-graz.at/o:glossvibe.bvi#Sg.58.02.4,mundari,mundaris,VERB,True,True,False,0.6153846153846154
BVi.01d30a,http://gams.uni-graz.at/o:glossvibe.bvi#BVi.01d30a.0,arg,argumentum,NOUN,0,http://gams.uni-graz.at/o:glossvibe.bvi#BVi.01d30a.3,arg,arg,NOUN,True,True,False,0.46153846153846156
BVi.01d30a,http://gams.uni-graz.at/o:glossvibe.bvi#BVi.01d30a.1,capientibus,capio,VERB,1,http://gams.uni-graz.at/o:glossvibe.bvi#BVi.01d30a.4,capientibus,capient,NOUN,True,False,False,0.6666666666666666
BVi.01d30a,http://gams.uni-graz.at/o:glossvibe.bvi#BVi.01d30a.2,et,et,CCONJ,2,http://gams.uni-graz.at/o:glossvibe.bvi#BVi.01d30a.5,et,et,CCONJ,True,True,True,1.0
BVi.01d30a,http://gams.uni-graz.at/o:glossvibe.bvi#BVi.01d30a.3,curiosis,curiosus,ADJ,3,http://gams.uni-graz.at/o:glossvibe.bvi#BVi.01d30a.6,curiosis,curiosis,NOUN,True,False,False,0.875
Ang.51b03a,http://gams.uni-graz.at/o:glossvibe.bvi#Ang.51b03a.0,profetiam,prophetia,NOUN,0,http://gams.uni-graz.at/o:glossvibe.bvi#Ang.51b03a.3,profetiam,profetia,NOUN,True,True,False,0.8235294117647058
BCr.28a30,http://gams.uni-graz.at/o:glossvibe.bvi#BCr.28a30.0,profetiae,prophetia,NOUN,0,http://gams.uni-graz.at/o:glossvibe.bvi#BCr.28a30.3,profetiae,profetia,NOUN,True,True,False,0.8235294117647058
BVi.01d30b,http://gams.uni-graz.at/o:glossvibe.bvi#BVi.01d30b.0,profoetie,prophetia,NOUN,0,http://gams.uni-graz.at/o:glossvibe.bvi#BVi.01d30b.3,profoetie,profoetie,ADV,True,False,False,0.6666666666666666
BVi.01d30c,http://gams.uni-graz.at/o:glossvibe.bvi#BVi.01d30c.0,eclesiae,ecclesia,NOUN,0,http://gams.uni-graz.at/o:glossvibe.bvi#BVi.01d30c.3,eclesiae,eclesia,NOUN,True,True,False,0.9333333333333333
BVi.01d37,http://gams.uni-graz.at/o:glossvibe.bvi#BVi.01d37.0,lex,lex,NOUN,0,http://gams.uni-graz.at/o:glossvibe.bvi#BVi.01d37.3,lex,lex,NOUN,True,True,True,1.0
Ang.51b08a,http://gams.uni-graz.at/o:glossvibe.bvi#Ang.51b08a.0,christus,christus,PROPN,0,http://gams.uni-graz.at/o:glossvibe.bvi#Ang.51b08a.3,christus,christus,ADJ,True,False,True,1.0
Ang.51b08a,http://gams.uni-graz.at/o:glossvibe.bvi#Ang.51b08a.1,spiritu,spiritus,NOUN,1,http://gams.uni-graz.at/o:glossvibe.bvi#Ang.51b08a.4,spiritu,spiritus,NOUN,True,True,True,1.0
Ang.51b08a,http://gams.uni-graz.at/o:glossvibe.bvi#Ang.51b08a.2,sancto,sanctus,ADJ,2,http://gams.uni-graz.at/o:glossvibe.bvi#Ang.51b08a.5,sancto,sanctus,ADJ,True,True,True,1.0
BCr.28a44,http://gams.uni-graz.at/o:glossvibe.bvi#BCr.28a44.0,spiritu,spiritus,NOUN,0,http://gams.uni-graz.at/o:glossvibe.bvi#BCr.28a44.3,spiritu,spiritus,NOUN,True,True,True,1.0
BCr.28a44,http://gams.uni-graz.at/o:glossvibe.bvi#BCr.28a44.1,sancto,sanctus,ADJ,1,http://gams.uni-graz.at/o:glossvibe.bvi#BCr.28a44.4,sancto,sanctus,ADJ,True,True,True,1.0
BVi.01d40a,http://gams.uni-graz.at/o:glossvibe.bvi#BVi.01d40a.0,spiritus,spiritus,NOUN,0,http://gams.uni-graz.at/o:glossvibe.bvi#BVi.01d40a.3,spiritus,spiritus,NOUN,True,True,True,1.0
BVi.01d40a,http://gams.uni-graz.at/o:glossvibe.bvi#BVi.01d40a.1,sanctus,sanctus,ADJ,1,http://gams.uni-graz.at/o:glossvibe.bvi#BVi.01d40a.4,sanctus,sanctus,ADJ,True,True,True,1.0
Sg.58.25,http://gams.uni-graz.at/o:glossvibe.bvi#Sg.58.25.0,idest,idest,nan,0,http://gams.uni-graz.at/o:glossvibe.bvi#Sg.58.25.3,idest,idest,ADV,True,False,True,1.0
Sg.58.25,http://gams.uni-graz.at/o:glossvibe.bvi#Sg.58.25.1,spiritu,sanctus,ADJ,1,http://gams.uni-graz.at/o:glossvibe.bvi#Sg.58.25.4,spiritu,spiritus,NOUN,True,False,False,0.5333333333333333
Sg.58.25,http://gams.uni-graz.at/o:glossvibe.bvi#Sg.58.25.2,sancto,sanctus,ADJ,2,http://gams.uni-graz.at/o:glossvibe.bvi#Sg.58.25.5,sancto,sanctus,ADJ,True,True,True,1.0
BVi.01d40b,http://gams.uni-graz.at/o:glossvibe.bvi#BVi.01d40b.0,profoetis,prophetium,NOUN,0,http://gams.uni-graz.at/o:glossvibe.bvi#BVi.01d40b.3,profoetis,profoes,NOUN,True,True,False,0.47058823529411764
BVi.01d40b,http://gams.uni-graz.at/o:glossvibe.bvi#BVi.01d40b.1,et,et,CCONJ,1,http://gams.uni-graz.at/o:glossvibe.bvi#BVi.01d40b.4,et,et,CCONJ,True,True,True,1.0
BVi.01d40b,http://gams.uni-graz.at/o:glossvibe.bvi#BVi.01d40b.2,apostolis,apostolus,NOUN,2,http://gams.uni-graz.at/o:glossvibe.bvi#BVi.01d40b.5,apostolis,apostolus,NOUN,True,True,True,1.0
BVi.01d24,http://gams.uni-graz.at/o:glossvibe.bvi#BVi.01d24.0,idest,idest,nan,0,http://gams.uni-graz.at/o:glossvibe.bvi#BVi.01d24.3,idest,idest,ADV,True,False,True,1.0
BVi.01d24,http://gams.uni-graz.at/o:glossvibe.bvi#BVi.01d24.1,lunae,luna,NOUN,1,http://gams.uni-graz.at/o:glossvibe.bvi#BVi.01d24.4,lunae,luna,NOUN,True,True,True,1.0
BVi.01d26a.18a,http://gams.uni-graz.at/o:glossvibe.bvi#BVi.01d26a.18a.0,idest,idest,nan,0,http://gams.uni-graz.at/o:glossvibe.bvi#BVi.01d26a.18a.3,idest,idest,ADV,True,False,True,1.0
BVi.01d26a.18a,http://gams.uni-graz.at/o:glossvibe.bvi#BVi.01d26a.18a.1,anno,annus,NOUN,1,http://gams.uni-graz.at/o:glossvibe.bvi#BVi.01d26a.18a.4,anno,annus,NOUN,True,True,True,1.0
Ang.51a36b,http://gams.uni-graz.at/o:glossvibe.bvi#Ang.51a36b.0,idest,idest,nan,0,http://gams.uni-graz.at/o:glossvibe.bvi#Ang.51a36b.3,idest,idest,ADV,True,False,True,1.0
Ang.51a36b,http://gams.uni-graz.at/o:glossvibe.bvi#Ang.51a36b.1,ogdad,nan,nan,1,http://gams.uni-graz.at/o:glossvibe.bvi#Ang.51a36b.4,ogdad,ogdas,ADP,True,False,False,0.25
BCr.28a25,http://gams.uni-graz.at/o:glossvibe.bvi#BCr.28a25.0,ogdad,nan,nan,0,http://gams.uni-graz.at/o:glossvibe.bvi#BCr.28a25.3,ogdad,ogdas,NOUN,True,False,False,0.25
BCr.28a25,http://gams.uni-graz.at/o:glossvibe.bvi#BCr.28a25.1,et,et,CCONJ,1,http://gams.uni-graz.at/o:glossvibe.bvi#BCr.28a25.4,et,et,CCONJ,True,True,True,1.0
BCr.28a25,http://gams.uni-graz.at/o:glossvibe.bvi#BCr.28a25.2,endicad,nan,nan,2,http://gams.uni-graz.at/o:glossvibe.bvi#BCr.28a25.5,endicad,endicad,ADP,True,False,False,0.4
Ang.51b11d,http://gams.uni-graz.at/o:glossvibe.bvi#Ang.51b11d.0,angelus,angelus,NOUN,0,http://gams.uni-graz.at/o:glossvibe.bvi#Ang.51b11d.3,angelus,angelus,NOUN,True,True,True,1.0
BVi.01d43,http://gams.uni-graz.at/o:glossvibe.bvi#BVi.01d43.0,angelus,angelus,NOUN,0,http://gams.uni-graz.at/o:glossvibe.bvi#BVi.01d43.3,angelus,angelus,NOUN,True,True,True,1.0
BVi.02a10,http://gams.uni-graz.at/o:glossvibe.bvi#BVi.02a10.0,dies,dies,NOUN,0,http://gams.uni-graz.at/o:glossvibe.bvi#BVi.02a10.3,dies,dies,NOUN,True,True,True,1.0
BCr.29a50,http://gams.uni-graz.at/o:glossvibe.bvi#BCr.29a50.0,in,in,ADP,0,http://gams.uni-graz.at/o:glossvibe.bvi#BCr.29a50.3,in,in,ADP,True,True,True,1.0
BCr.29a50,http://gams.uni-graz.at/o:glossvibe.bvi#BCr.29a50.1,numero,numerus,NOUN,1,http://gams.uni-graz.at/o:glossvibe.bvi#BCr.29a50.4,numero,numerus,NOUN,True,True,True,1.0
BVi.02a18a,http://gams.uni-graz.at/o:glossvibe.bvi#BVi.02a18a.0,numero,numerus,NOUN,0,http://gams.uni-graz.at/o:glossvibe.bvi#BVi.02a18a.3,numero,numero,NOUN,True,True,False,0.7692307692307693
BVi.02a18b,http://gams.uni-graz.at/o:glossvibe.bvi#BVi.02a18b.0,idest,idest,nan,0,http://gams.uni-graz.at/o:glossvibe.bvi#BVi.02a18b.3,idest,idest,ADV,True,False,True,1.0
BVi.02a18b,http://gams.uni-graz.at/o:glossvibe.bvi#BVi.02a18b.1,dies,dies,NOUN,1,http://gams.uni-graz.at/o:glossvibe.bvi#BVi.02a18b.4,dies,dies,NOUN,True,True,True,1.0
Ang.53b01a,http://gams.uni-graz.at/o:glossvibe.bvi#Ang.53b01a.0,idest,idest,nan,0,http://gams.uni-graz.at/o:glossvibe.bvi#Ang.53b01a.3,idest,idest,ADV,True,False,True,1.0
Ang.53b01a,http://gams.uni-graz.at/o:glossvibe.bvi#Ang.53b01a.2,idest,idest,nan,1,http://gams.uni-graz.at/o:glossvibe.bvi#Ang.53b01a.4,idest,idest,ADV,True,False,True,1.0
Ang.53b01a,http://gams.uni-graz.at/o:glossvibe.bvi#Ang.53b01a.3,unus,unus,NUM,2,http://gams.uni-graz.at/o:glossvibe.bvi#Ang.53b01a.5,unus,unus,NUM,True,True,True,1.0
Ang.53b01a,http://gams.uni-graz.at/o:glossvibe.bvi#Ang.53b01a.4,deest,desum,VERB,3,http://gams.uni-graz.at/o:glossvibe.bvi#Ang.53b01a.6,deest,desum,VERB,True,True,True,1.0
Ang.53b01a,http://gams.uni-graz.at/o:glossvibe.bvi#Ang.53b01a.5,de,de,ADP,4,http://gams.uni-graz.at/o:glossvibe.bvi#Ang.53b01a.7,de,de,ADP,True,True,True,1.0
Ang.53b01a,http://gams.uni-graz.at/o:glossvibe.bvi#Ang.53b01a.6,l,(roman numerals),NUM,5,http://gams.uni-graz.at/o:glossvibe.bvi#Ang.53b01a.8,l,l,NOUN,True,False,False,0.11764705882352941
BVi.02a19,http://gams.uni-graz.at/o:glossvibe.bvi#BVi.02a19.0,idest,idest,nan,0,http://gams.uni-graz.at/o:glossvibe.bvi#BVi.02a19.3,idest,idest,ADV,True,False,True,1.0
BVi.02a19,http://gams.uni-graz.at/o:glossvibe.bvi#BVi.02a19.1,unus,unus,NUM,1,http://gams.uni-graz.at/o:glossvibe.bvi#BVi.02a19.4,unus,unus,NUM,True,True,True,1.0
BVi.02a19,http://gams.uni-graz.at/o:glossvibe.bvi#BVi.02a19.2,deest,desum,VERB,2,http://gams.uni-graz.at/o:glossvibe.bvi#BVi.02a19.5,deest,desum,VERB,True,True,True,1.0
BVi.02a19,http://gams.uni-graz.at/o:glossvibe.bvi#BVi.02a19.4,de,de,ADP,3,http://gams.uni-graz.at/o:glossvibe.bvi#BVi.02a19.6,de,de,ADP,True,True,True,1.0
BCr.29b04,http://gams.uni-graz.at/o:glossvibe.bvi#BCr.29b04.0,in,in,ADP,0,http://gams.uni-graz.at/o:glossvibe.bvi#BCr.29b04.3,in,in,ADP,True,True,True,1.0
BCr.29b04,http://gams.uni-graz.at/o:glossvibe.bvi#BCr.29b04.1,quo,qui,PRON,1,http://gams.uni-graz.at/o:glossvibe.bvi#BCr.29b04.4,quo,qui,PRON,True,True,True,1.0
BCr.29b04,http://gams.uni-graz.at/o:glossvibe.bvi#BCr.29b04.2,fuit,sum,VERB,2,http://gams.uni-graz.at/o:glossvibe.bvi#BCr.29b04.5,fuit,sum,VERB,True,True,True,1.0
BCr.29b04,http://gams.uni-graz.at/o:glossvibe.bvi#BCr.29b04.3,noe,noe,PROPN,3,http://gams.uni-graz.at/o:glossvibe.bvi#BCr.29b04.6,noe,noe,PROPN,True,True,True,1.0
BVi.02a28.19a,http://gams.uni-graz.at/o:glossvibe.bvi#BVi.02a28.19a.0,idest,idest,nan,0,http://gams.uni-graz.at/o:glossvibe.bvi#BVi.02a28.19a.3,idest,idest,ADV,True,False,True,1.0
BVi.02a28.19a,http://gams.uni-graz.at/o:glossvibe.bvi#BVi.02a28.19a.1,noe,noe,PROPN,1,http://gams.uni-graz.at/o:glossvibe.bvi#BVi.02a28.19a.4,noe,noe,PROPN,True,True,True,1.0
BVi.02a30a,http://gams.uni-graz.at/o:glossvibe.bvi#BVi.02a30a.0,et,et,CCONJ,0,http://gams.uni-graz.at/o:glossvibe.bvi#BVi.02a30a.3,et,et,CCONJ,True,True,True,1.0
BVi.02a30.20b,http://gams.uni-graz.at/o:glossvibe.bvi#BVi.02a30.20b.18a.1,nonus,nonus,NOUN,0,http://gams.uni-graz.at/o:glossvibe.bvi#BVi.02a30.20b.3,nonus,nonus,NOUN,True,True,True,1.0
Ang.53b08b,http://gams.uni-graz.at/o:glossvibe.bvi#Ang.53b08b.0,luna,luna,NOUN,0,http://gams.uni-graz.at/o:glossvibe.bvi#Ang.53b08b.3,luna,luna,NOUN,True,True,True,1.0
BVi.02a31,http://gams.uni-graz.at/o:glossvibe.bvi#BVi.02a31.0,idest,idest,nan,0,http://gams.uni-graz.at/o:glossvibe.bvi#BVi.02a31.3,idest,idest,ADV,True,False,True,1.0
BVi.02a31,http://gams.uni-graz.at/o:glossvibe.bvi#BVi.02a31.1,luna,luna,NOUN,1,http://gams.uni-graz.at/o:glossvibe.bvi#BVi.02a31.4,luna,luna,NOUN,True,True,True,1.0
Ang.53b11a,http://gams.uni-graz.at/o:glossvibe.bvi#Ang.53b11a.0,ad,ad,ADP,0,http://gams.uni-graz.at/o:glossvibe.bvi#Ang.53b11a.3,ad,ad,ADP,True,True,True,1.0
Ang.53b11a,http://gams.uni-graz.at/o:glossvibe.bvi#Ang.53b11a.1,solem,sol,NOUN,1,http://gams.uni-graz.at/o:glossvibe.bvi#Ang.53b11a.4,solem,sol,NOUN,True,True,True,1.0
Ang.53b11a,http://gams.uni-graz.at/o:glossvibe.bvi#Ang.53b11a.2,sequendum,sequor,VERB,2,http://gams.uni-graz.at/o:glossvibe.bvi#Ang.53b11a.5,sequendum,sequor,VERB,True,True,True,1.0
Ang.53b11a,http://gams.uni-graz.at/o:glossvibe.bvi#Ang.53b11a.3,tamen,tamen,ADV,3,http://gams.uni-graz.at/o:glossvibe.bvi#Ang.53b11a.6,tamen,tamen,ADV,True,True,True,1.0
BVi.02a39,http://gams.uni-graz.at/o:glossvibe.bvi#BVi.02a39.0,signum,signum,NOUN,0,http://gams.uni-graz.at/o:glossvibe.bvi#BVi.02a39.3,signum,signum,NOUN,True,True,True,1.0
Ang.53b21,http://gams.uni-graz.at/o:glossvibe.bvi#Ang.53b21.0,idest,idest,nan,0,http://gams.uni-graz.at/o:glossvibe.bvi#Ang.53b21.3,idest,idest,ADV,True,False,True,1.0
Ang.53b21,http://gams.uni-graz.at/o:glossvibe.bvi#Ang.53b21.1,solis,sol,NOUN,1,http://gams.uni-graz.at/o:glossvibe.bvi#Ang.53b21.4,solis,sol,NOUN,True,True,True,1.0
Ang.53b21,http://gams.uni-graz.at/o:glossvibe.bvi#Ang.53b21.2,et,et,CCONJ,2,http://gams.uni-graz.at/o:glossvibe.bvi#Ang.53b21.5,et,et,CCONJ,True,True,True,1.0
Ang.53b21,http://gams.uni-graz.at/o:glossvibe.bvi#Ang.53b21.3,lunae,luna,NOUN,3,http://gams.uni-graz.at/o:glossvibe.bvi#Ang.53b21.6,lunae,luna,NOUN,True,True,True,1.0
BVi.02b07,http://gams.uni-graz.at/o:glossvibe.bvi#BVi.02b07.0,solis,sol,NOUN,0,http://gams.uni-graz.at/o:glossvibe.bvi#BVi.02b07.3,solis,solus,NOUN,True,True,False,0.75
BVi.02b07,http://gams.uni-graz.at/o:glossvibe.bvi#BVi.02b07.1,et,et,CCONJ,1,http://gams.uni-graz.at/o:glossvibe.bvi#BVi.02b07.4,et,et,CCONJ,True,True,True,1.0
BVi.02b07,http://gams.uni-graz.at/o:glossvibe.bvi#BVi.02b07.2,lunae,luna,NOUN,2,http://gams.uni-graz.at/o:glossvibe.bvi#BVi.02b07.5,lunae,luna,NOUN,True,True,True,1.0
BCr.29c01,http://gams.uni-graz.at/o:glossvibe.bvi#BCr.29c01.0,super,super,ADP,0,http://gams.uni-graz.at/o:glossvibe.bvi#BCr.29c01.3,super,super,ADP,True,True,True,1.0
BCr.29c01,http://gams.uni-graz.at/o:glossvibe.bvi#BCr.29c01.1,lunares,lunares,ADJ,1,http://gams.uni-graz.at/o:glossvibe.bvi#BCr.29c01.4,lunares,lunas,NOUN,True,False,False,0.8333333333333334
BCr.29c01,http://gams.uni-graz.at/o:glossvibe.bvi#BCr.29c01.2,quia,quia,SCONJ,2,http://gams.uni-graz.at/o:glossvibe.bvi#BCr.29c01.5,quia,quia,SCONJ,True,True,True,1.0
BCr.29c01,http://gams.uni-graz.at/o:glossvibe.bvi#BCr.29c01.3,mene,nan,nan,3,http://gams.uni-graz.at/o:glossvibe.bvi#BCr.29c01.6,mene,menis,ADV,True,False,False,0.25
BCr.29c01,http://gams.uni-graz.at/o:glossvibe.bvi#BCr.29c01.4,luna,luna,NOUN,4,http://gams.uni-graz.at/o:glossvibe.bvi#BCr.29c01.7,luna,luna,NOUN,True,True,True,1.0
BCr.29c01,http://gams.uni-graz.at/o:glossvibe.bvi#BCr.29c01.5,interpretatur,interpretor,VERB,5,http://gams.uni-graz.at/o:glossvibe.bvi#BCr.29c01.8,interpretatur,interpretor,VERB,True,True,True,1.0
BCr.29c01,http://gams.uni-graz.at/o:glossvibe.bvi#BCr.29c01.6,et,et,CCONJ,6,http://gams.uni-graz.at/o:glossvibe.bvi#BCr.29c01.9,et,et,CCONJ,True,True,True,1.0
BCr.29c01,http://gams.uni-graz.at/o:glossvibe.bvi#BCr.29c01.7,epo,nan,nan,7,http://gams.uni-graz.at/o:glossvibe.bvi#BCr.29c01.10,epo,epo,NOUN,True,False,False,0.0
BCr.29c01,http://gams.uni-graz.at/o:glossvibe.bvi#BCr.29c01.8,super,super,ADP,8,http://gams.uni-graz.at/o:glossvibe.bvi#BCr.29c01.11,super,super,ADP,True,True,True,1.0
Sg.63.21,http://gams.uni-graz.at/o:glossvibe.bvi#Sg.63.21.0,idest,idest,nan,0,http://gams.uni-graz.at/o:glossvibe.bvi#Sg.63.21.3,idest,idest,ADV,True,False,True,1.0
Sg.63.21,http://gams.uni-graz.at/o:glossvibe.bvi#Sg.63.21.1,super,super,ADP,1,http://gams.uni-graz.at/o:glossvibe.bvi#Sg.63.21.4,super,super,ADP,True,True,True,1.0
Sg.63.21,http://gams.uni-graz.at/o:glossvibe.bvi#Sg.63.21.2,lunares,lunares,ADJ,2,http://gams.uni-graz.at/o:glossvibe.bvi#Sg.63.21.5,lunares,lunas,NOUN,True,False,False,0.8333333333333334
Sg.63.21,http://gams.uni-graz.at/o:glossvibe.bvi#Sg.63.21.3,quia,quia,SCONJ,3,http://gams.uni-graz.at/o:glossvibe.bvi#Sg.63.21.6,quia,quia,SCONJ,True,True,True,1.0
Sg.63.21,http://gams.uni-graz.at/o:glossvibe.bvi#Sg.63.21.4,mene,nan,nan,4,http://gams.uni-graz.at/o:glossvibe.bvi#Sg.63.21.7,mene,menis,ADV,True,False,False,0.25
Sg.63.21,http://gams.uni-graz.at/o:glossvibe.bvi#Sg.63.21.5,luna,luna,NOUN,5,http://gams.uni-graz.at/o:glossvibe.bvi#Sg.63.21.8,luna,luna,NOUN,True,True,True,1.0
Sg.63.21,http://gams.uni-graz.at/o:glossvibe.bvi#Sg.63.21.6,interpretatur,interpretor,VERB,6,http://gams.uni-graz.at/o:glossvibe.bvi#Sg.63.21.9,interpretatur,interpretor,VERB,True,True,True,1.0
Sg.63.21,http://gams.uni-graz.at/o:glossvibe.bvi#Sg.63.21.7,et,et,CCONJ,7,http://gams.uni-graz.at/o:glossvibe.bvi#Sg.63.21.10,et,et,CCONJ,True,True,True,1.0
Sg.63.21,http://gams.uni-graz.at/o:glossvibe.bvi#Sg.63.21.8,epo,nan,nan,8,http://gams.uni-graz.at/o:glossvibe.bvi#Sg.63.21.11,epo,epo,NOUN,True,False,False,0.0
Sg.63.21,http://gams.uni-graz.at/o:glossvibe.bvi#Sg.63.21.9,super,super,ADP,9,http://gams.uni-graz.at/o:glossvibe.bvi#Sg.63.21.12,super,super,ADP,True,True,True,1.0
BCr.29c41,http://gams.uni-graz.at/o:glossvibe.bvi#BCr.29c41.0,idest,idest,nan,0,http://gams.uni-graz.at/o:glossvibe.bvi#BCr.29c41.3,idest,idest,ADV,True,False,True,1.0
BCr.29c41,http://gams.uni-graz.at/o:glossvibe.bvi#BCr.29c41.1,astrologis,astrologus,NOUN,1,http://gams.uni-graz.at/o:glossvibe.bvi#BCr.29c41.4,astrologis,astrologus,VERB,True,False,True,1.0
BCr.29c41,http://gams.uni-graz.at/o:glossvibe.bvi#BCr.29c41.2,quamuis,quamuis,SCONJ,2,http://gams.uni-graz.at/o:glossvibe.bvi#BCr.29c41.5,quamuis,quamui,PRON,True,False,False,0.9230769230769231
BCr.29c41,http://gams.uni-graz.at/o:glossvibe.bvi#BCr.29c41.3,motauit,moto,VERB,3,http://gams.uni-graz.at/o:glossvibe.bvi#BCr.29c41.6,motauit,motauo,VERB,True,True,False,0.8
BCr.29c41,http://gams.uni-graz.at/o:glossvibe.bvi#BCr.29c41.4,sensum,sensus,NOUN,4,http://gams.uni-graz.at/o:glossvibe.bvi#BCr.29c41.7,sensum,sensus,NOUN,True,True,True,1.0
BCr.29c41,http://gams.uni-graz.at/o:glossvibe.bvi#BCr.29c41.5,huius,hic,DET,5,http://gams.uni-graz.at/o:glossvibe.bvi#BCr.29c41.8,huius,hic,PRON,True,False,True,1.0
BCr.29c41,http://gams.uni-graz.at/o:glossvibe.bvi#BCr.29c41.7,nobis,nos,PRON,6,http://gams.uni-graz.at/o:glossvibe.bvi#BCr.29c41.9,nobis,nos,PRON,True,True,True,1.0
Sg.64.17,http://gams.uni-graz.at/o:glossvibe.bvi#Sg.64.17.0,idest,idest,nan,0,http://gams.uni-graz.at/o:glossvibe.bvi#Sg.64.17.3,idest,idest,ADV,True,False,True,1.0
Sg.64.17,http://gams.uni-graz.at/o:glossvibe.bvi#Sg.64.17.1,astrologis,astrologus,NOUN,1,http://gams.uni-graz.at/o:glossvibe.bvi#Sg.64.17.4,astrologis,astrologus,ADV,True,False,True,1.0
Ang.54a33c,http://gams.uni-graz.at/o:glossvibe.bvi#Ang.54a33c.0,idest,idest,nan,0,http://gams.uni-graz.at/o:glossvibe.bvi#Ang.54a33c.3,idest,idest,ADV,True,False,True,1.0
Ang.54a33c,http://gams.uni-graz.at/o:glossvibe.bvi#Ang.54a33c.1,ianuaris,ianuarius,NOUN,1,http://gams.uni-graz.at/o:glossvibe.bvi#Ang.54a33c.4,ianuaris,ianuare,ADJ,True,False,False,0.75
Ang.54a33c,http://gams.uni-graz.at/o:glossvibe.bvi#Ang.54a33c.2,et,et,CCONJ,2,http://gams.uni-graz.at/o:glossvibe.bvi#Ang.54a33c.5,et,et,CCONJ,True,True,True,1.0
Ang.54a33c,http://gams.uni-graz.at/o:glossvibe.bvi#Ang.54a33c.3,februaris,februarius,NOUN,3,http://gams.uni-graz.at/o:glossvibe.bvi#Ang.54a33c.6,februaris,februare,ADJ,True,False,False,0.7777777777777778
Ang.54a33c,http://gams.uni-graz.at/o:glossvibe.bvi#Ang.54a33c.4,á,a,ADP,4,http://gams.uni-graz.at/o:glossvibe.bvi#Ang.54a33c.7,á,á,NOUN,True,False,False,0.0
Ang.54a33c,http://gams.uni-graz.at/o:glossvibe.bvi#Ang.54a33c.5,numa,numa,NOUN,5,http://gams.uni-graz.at/o:glossvibe.bvi#Ang.54a33c.8,numa,numa,NOUN,True,True,True,1.0
BVi.02c28,http://gams.uni-graz.at/o:glossvibe.bvi#BVi.02c28.0,ianuaris,ianuarius,NOUN,0,http://gams.uni-graz.at/o:glossvibe.bvi#BVi.02c28.3,ianuaris,ianuare,ADJ,True,False,False,0.75
BVi.02c28,http://gams.uni-graz.at/o:glossvibe.bvi#BVi.02c28.1,et,et,CCONJ,1,http://gams.uni-graz.at/o:glossvibe.bvi#BVi.02c28.4,et,et,CCONJ,True,True,True,1.0
BVi.02c28,http://gams.uni-graz.at/o:glossvibe.bvi#BVi.02c28.2,februaris,februarius,NOUN,2,http://gams.uni-graz.at/o:glossvibe.bvi#BVi.02c28.5,februaris,februare,ADJ,True,False,False,0.7777777777777778
BVi.02c29a,http://gams.uni-graz.at/o:glossvibe.bvi#BVi.02c29a.0,metitoris,metitor,NOUN,0,http://gams.uni-graz.at/o:glossvibe.bvi#BVi.02c29a.3,metitoris,metitor,NOUN,True,True,True,1.0
BVi.02c29a,http://gams.uni-graz.at/o:glossvibe.bvi#BVi.02c29a.1,imperii,imperium,NOUN,1,http://gams.uni-graz.at/o:glossvibe.bvi#BVi.02c29a.4,imperii,imperium,PROPN,True,False,True,1.0
BVi.02c29a,http://gams.uni-graz.at/o:glossvibe.bvi#BVi.02c29a.2,non,non,NOUN,2,http://gams.uni-graz.at/o:glossvibe.bvi#BVi.02c29a.5,non,non,ADV,True,False,True,1.0
BVi.02c29a,http://gams.uni-graz.at/o:glossvibe.bvi#BVi.02c29a.3,imperatoris,imperator,NOUN,3,http://gams.uni-graz.at/o:glossvibe.bvi#BVi.02c29a.6,imperatoris,imperator,NOUN,True,True,True,1.0
BVi.02c29b,http://gams.uni-graz.at/o:glossvibe.bvi#BVi.02c29b.0,ut,ut,SCONJ,0,http://gams.uni-graz.at/o:glossvibe.bvi#BVi.02c29b.3,ut,ut,SCONJ,True,True,True,1.0
BVi.02c29b,http://gams.uni-graz.at/o:glossvibe.bvi#BVi.02c29b.1,iulius,iulius,NOUN,1,http://gams.uni-graz.at/o:glossvibe.bvi#BVi.02c29b.4,iulius,iuliter,ADV,True,False,False,0.6153846153846154
BVi.02c29b,http://gams.uni-graz.at/o:glossvibe.bvi#BVi.02c29b.2,uocaretur,uoco,VERB,2,http://gams.uni-graz.at/o:glossvibe.bvi#BVi.02c29b.5,uocaretur,uocaro,VERB,True,True,False,0.8
BVi.02c29c,http://gams.uni-graz.at/o:glossvibe.bvi#BVi.02c29c.0,idest,idest,nan,0,http://gams.uni-graz.at/o:glossvibe.bvi#BVi.02c29c.3,idest,idest,ADV,True,False,True,1.0
BVi.02c29c,http://gams.uni-graz.at/o:glossvibe.bvi#BVi.02c29c.1,qui,qui,PRON,1,http://gams.uni-graz.at/o:glossvibe.bvi#BVi.02c29c.4,qui,qui,PRON,True,True,True,1.0
BVi.02c29c,http://gams.uni-graz.at/o:glossvibe.bvi#BVi.02c29c.2,dimicauit,dimico,VERB,2,http://gams.uni-graz.at/o:glossvibe.bvi#BVi.02c29c.5,dimicauit,dimicauo,VERB,True,True,False,0.8571428571428571
BVi.02c29c,http://gams.uni-graz.at/o:glossvibe.bvi#BVi.02c29c.3,contra,contra,ADP,3,http://gams.uni-graz.at/o:glossvibe.bvi#BVi.02c29c.6,contra,contra,ADP,True,True,True,1.0
BVi.02c29c,http://gams.uni-graz.at/o:glossvibe.bvi#BVi.02c29c.4,augustum,augustus 2,PROPN,4,http://gams.uni-graz.at/o:glossvibe.bvi#BVi.02c29c.7,augustum,augustus,ADJ,True,False,False,0.8888888888888888
BVi.02cd01.21,http://gams.uni-graz.at/o:glossvibe.bvi#BVi.02cd01.21.0,et,et,CCONJ,0,http://gams.uni-graz.at/o:glossvibe.bvi#BVi.02cd01.21.3,et,et,CCONJ,True,True,True,1.0
BVi.02cd01.21,http://gams.uni-graz.at/o:glossvibe.bvi#BVi.02cd01.21.02,horis,hora,nan,1,http://gams.uni-graz.at/o:glossvibe.bvi#BVi.02cd01.21.4,horis,hus,NOUN,True,False,False,0.2857142857142857
BVi.02cd01.21,http://gams.uni-graz.at/o:glossvibe.bvi#BVi.02cd01.21.03,lunaribus,lunaris,ADJ,2,http://gams.uni-graz.at/o:glossvibe.bvi#BVi.02cd01.21.5,lunaribus,lunar,NOUN,True,False,False,0.8333333333333334
BVi.02cd01.21,http://gams.uni-graz.at/o:glossvibe.bvi#BVi.02cd01.21.04,reliqua,reliquus,DET,3,http://gams.uni-graz.at/o:glossvibe.bvi#BVi.02cd01.21.6,reliqua,reliquis,ADJ,True,False,False,0.875
BVi.02cd01.21,http://gams.uni-graz.at/o:glossvibe.bvi#BVi.02cd01.21.10,binís,binis,ADJ,4,http://gams.uni-graz.at/o:glossvibe.bvi#BVi.02cd01.21.7,binís,binís,ADJ,True,True,False,0.8
BVi.02cd01.21,http://gams.uni-graz.at/o:glossvibe.bvi#BVi.02cd01.21.11,diebus,dies,NOUN,5,http://gams.uni-graz.at/o:glossvibe.bvi#BVi.02cd01.21.8,diebus,dies,NOUN,True,True,True,1.0
BVi.02cd01.21,http://gams.uni-graz.at/o:glossvibe.bvi#BVi.02cd01.21.12,et,et,CCONJ,6,http://gams.uni-graz.at/o:glossvibe.bvi#BVi.02cd01.21.9,et,et,CCONJ,True,True,True,1.0
BVi.02cd01.21,http://gams.uni-graz.at/o:glossvibe.bvi#BVi.02cd01.21.13,seniís,senex,ADJ,7,http://gams.uni-graz.at/o:glossvibe.bvi#BVi.02cd01.21.10,seniís,seniís,ADJ,True,True,False,0.5454545454545454
BVi.02cd01.21,http://gams.uni-graz.at/o:glossvibe.bvi#BVi.02cd01.21.14,horís,hora,NOUN,8,http://gams.uni-graz.at/o:glossvibe.bvi#BVi.02cd01.21.11,horís,horís,NOUN,True,True,False,0.6666666666666666
BVi.02cd01.21,http://gams.uni-graz.at/o:glossvibe.bvi#BVi.02cd01.21.15,ocus,et,CCONJ,9,http://gams.uni-graz.at/o:glossvibe.bvi#BVi.02cd01.21.12,ocus,ocus,ADV,True,False,False,0.0
BVi.02cd01.21,http://gams.uni-graz.at/o:glossvibe.bvi#BVi.02cd01.21.21,soli,sol,NOUN,10,http://gams.uni-graz.at/o:glossvibe.bvi#BVi.02cd01.21.13,soli,solus,ADJ,True,False,False,0.75
BVi.02cd01.21,http://gams.uni-graz.at/o:glossvibe.bvi#BVi.02cd01.21.26,luna,luna,NOUN,11,http://gams.uni-graz.at/o:glossvibe.bvi#BVi.02cd01.21.14,luna,luna,NOUN,True,True,True,1.0
BVi.02cd01.21,http://gams.uni-graz.at/o:glossvibe.bvi#BVi.02cd01.21.34,nisi,nisi,CCONJ,12,http://gams.uni-graz.at/o:glossvibe.bvi#BVi.02cd01.21.15,nisi,nisi,SCONJ,True,False,True,1.0
BVi.02cd01.21,http://gams.uni-graz.at/o:glossvibe.bvi#BVi.02cd01.21.40,diebus,dies,NOUN,13,http://gams.uni-graz.at/o:glossvibe.bvi#BVi.02cd01.21.16,diebus,dies,NOUN,True,True,True,1.0
BVi.02cd02.23,http://gams.uni-graz.at/o:glossvibe.bvi#BVi.02cd02.23.0,luna,luna,NOUN,0,http://gams.uni-graz.at/o:glossvibe.bvi#BVi.02cd02.23.3,luna,luna,NOUN,True,True,True,1.0
BVi.02cd02.23,http://gams.uni-graz.at/o:glossvibe.bvi#BVi.02cd02.23.01,tridecima,tredecim,NUM,1,http://gams.uni-graz.at/o:glossvibe.bvi#BVi.02cd02.23.4,tridecima,tridecimus,ADJ,True,False,False,0.7777777777777778
BVi.02cd02.23,http://gams.uni-graz.at/o:glossvibe.bvi#BVi.02cd02.23.03,reliqua,reliquus,DET,2,http://gams.uni-graz.at/o:glossvibe.bvi#BVi.02cd02.23.5,reliqua,reliquus,PRON,True,False,True,1.0
BVi.02cd02.23,http://gams.uni-graz.at/o:glossvibe.bvi#BVi.02cd02.23.10b,hore,hora,nan,3,http://gams.uni-graz.at/o:glossvibe.bvi#BVi.02cd02.23.6,hore,hur,NOUN,True,False,False,0.5714285714285714
BVi.02cd02.23,http://gams.uni-graz.at/o:glossvibe.bvi#BVi.02cd02.23.40,dies,dies,NOUN,4,http://gams.uni-graz.at/o:glossvibe.bvi#BVi.02cd02.23.7,dies,dies,NOUN,True,True,True,1.0
BVi.02cd02.23,http://gams.uni-graz.at/o:glossvibe.bvi#BVi.02cd02.23.52,horis,hora,nan,5,http://gams.uni-graz.at/o:glossvibe.bvi#BVi.02cd02.23.8,horis,hus,NOUN,True,False,False,0.2857142857142857
BVi.02cd02.23,http://gams.uni-graz.at/o:glossvibe.bvi#BVi.02cd02.23.53,in,in,ADP,6,http://gams.uni-graz.at/o:glossvibe.bvi#BVi.02cd02.23.9,in,in,ADP,True,True,True,1.0
BVi.02cd02.23,http://gams.uni-graz.at/o:glossvibe.bvi#BVi.02cd02.23.54,anno,annus,NOUN,7,http://gams.uni-graz.at/o:glossvibe.bvi#BVi.02cd02.23.10,anno,annus,NOUN,True,True,True,1.0
BVi.02cd02.23,http://gams.uni-graz.at/o:glossvibe.bvi#BVi.02cd02.23.55,et,et,CCONJ,8,http://gams.uni-graz.at/o:glossvibe.bvi#BVi.02cd02.23.11,et,et,CCONJ,True,True,True,1.0
BVi.02cd02.23,http://gams.uni-graz.at/o:glossvibe.bvi#BVi.02cd02.23.57,et,et,CCONJ,9,http://gams.uni-graz.at/o:glossvibe.bvi#BVi.02cd02.23.12,et,et,CCONJ,True,True,True,1.0
BVi.02cd02.23,http://gams.uni-graz.at/o:glossvibe.bvi#BVi.02cd02.23.59,horae,hora,nan,10,http://gams.uni-graz.at/o:glossvibe.bvi#BVi.02cd02.23.13,horae,hora,NOUN,True,False,True,1.0
BVi.02cd02.23,http://gams.uni-graz.at/o:glossvibe.bvi#BVi.02cd02.23.64,lunae,luna,NOUN,11,http://gams.uni-graz.at/o:glossvibe.bvi#BVi.02cd02.23.14,lunae,luna,NOUN,True,True,True,1.0
BVi.02cd02.23,http://gams.uni-graz.at/o:glossvibe.bvi#BVi.02cd02.23.65,contra,contra,ADP,12,http://gams.uni-graz.at/o:glossvibe.bvi#BVi.02cd02.23.15,contra,contra,ADP,True,True,True,1.0
BVi.02cd02.23,http://gams.uni-graz.at/o:glossvibe.bvi#BVi.02cd02.23.66,zodiacum,zodiacus,NOUN,13,http://gams.uni-graz.at/o:glossvibe.bvi#BVi.02cd02.23.16,zodiacum,zodiacus,NOUN,True,True,True,1.0
BVi.02d01,http://gams.uni-graz.at/o:glossvibe.bvi#BVi.02d01.0,quintas,quinta,NOUN,0,http://gams.uni-graz.at/o:glossvibe.bvi#BVi.02d01.3,quintas,quintas,NOUN,True,True,False,0.9230769230769231
Ang.54b14e,http://gams.uni-graz.at/o:glossvibe.bvi#Ang.54b14e.0,idest,idest,nan,0,http://gams.uni-graz.at/o:glossvibe.bvi#Ang.54b14e.3,idest,idest,ADV,True,False,True,1.0
Ang.54b14e,http://gams.uni-graz.at/o:glossvibe.bvi#Ang.54b14e.1,romulus,romulus,PROPN,1,http://gams.uni-graz.at/o:glossvibe.bvi#Ang.54b14e.4,romulus,romulus,NOUN,True,False,True,1.0
BVi.02d11,http://gams.uni-graz.at/o:glossvibe.bvi#BVi.02d11.0,romulus,romulus,PROPN,0,http://gams.uni-graz.at/o:glossvibe.bvi#BVi.02d11.3,romulus,romulus,NOUN,True,False,True,1.0
BVi.02d11,http://gams.uni-graz.at/o:glossvibe.bvi#BVi.02d11.1,in,in,ADP,1,http://gams.uni-graz.at/o:glossvibe.bvi#BVi.02d11.4,in,in,ADP,True,True,True,1.0
BVi.02d11,http://gams.uni-graz.at/o:glossvibe.bvi#BVi.02d11.2,regnum,regnum,NOUN,2,http://gams.uni-graz.at/o:glossvibe.bvi#BVi.02d11.5,regnum,regnum,NOUN,True,True,True,1.0
BVi.02d15b,http://gams.uni-graz.at/o:glossvibe.bvi#BVi.02d15b.0,idest,idest,nan,0,http://gams.uni-graz.at/o:glossvibe.bvi#BVi.02d15b.3,idest,idest,ADV,True,False,True,1.0
BVi.02d15b,http://gams.uni-graz.at/o:glossvibe.bvi#BVi.02d15b.1,mensibus,mensis,NOUN,1,http://gams.uni-graz.at/o:glossvibe.bvi#BVi.02d15b.4,mensibus,mens,NOUN,True,True,False,0.8
Ang.54b17b,http://gams.uni-graz.at/o:glossvibe.bvi#Ang.54b17b.0,abstractos,abstraho,VERB,0,http://gams.uni-graz.at/o:glossvibe.bvi#Ang.54b17b.3,abstractos,abstractus,NOUN,True,False,False,0.6666666666666666
BCr.29d36c,http://gams.uni-graz.at/o:glossvibe.bvi#BCr.29d36c.0,abstractos,abstraho,VERB,0,http://gams.uni-graz.at/o:glossvibe.bvi#BCr.29d36c.3,abstractos,abstractus,NOUN,True,False,False,0.6666666666666666
BVi.02d15a,http://gams.uni-graz.at/o:glossvibe.bvi#BVi.02d15a.0,abstractos,abstraho,VERB,0,http://gams.uni-graz.at/o:glossvibe.bvi#BVi.02d15a.3,abstractos,abstractus,NOUN,True,False,False,0.6666666666666666
BVi.02d16,http://gams.uni-graz.at/o:glossvibe.bvi#BVi.02d16.0,dies,dies,NOUN,0,http://gams.uni-graz.at/o:glossvibe.bvi#BVi.02d16.3,dies,dies,NOUN,True,True,True,1.0
BVi.02d22,http://gams.uni-graz.at/o:glossvibe.bvi#BVi.02d22.0,idest,idest,nan,0,http://gams.uni-graz.at/o:glossvibe.bvi#BVi.02d22.3,idest,idest,ADV,True,False,True,1.0
BVi.02d22,http://gams.uni-graz.at/o:glossvibe.bvi#BVi.02d22.1,orco,orco,NOUN,1,http://gams.uni-graz.at/o:glossvibe.bvi#BVi.02d22.4,orco,orcus,ADV,True,False,False,0.6666666666666666
Ang.54b23c,http://gams.uni-graz.at/o:glossvibe.bvi#Ang.54b23c.0,idest,idest,nan,0,http://gams.uni-graz.at/o:glossvibe.bvi#Ang.54b23c.3,idest,idest,ADV,True,False,True,1.0
Ang.54b23c,http://gams.uni-graz.at/o:glossvibe.bvi#Ang.54b23c.1,sacrificia,sacrificium,NOUN,1,http://gams.uni-graz.at/o:glossvibe.bvi#Ang.54b23c.4,sacrificia,sacrificium,NOUN,True,True,True,1.0
BCr.29d48a,http://gams.uni-graz.at/o:glossvibe.bvi#BCr.29d48a.0,idest,idest,nan,0,http://gams.uni-graz.at/o:glossvibe.bvi#BCr.29d48a.3,idest,idest,ADV,True,False,True,1.0
BCr.29d48a,http://gams.uni-graz.at/o:glossvibe.bvi#BCr.29d48a.1,sacrificia,sacrificium,NOUN,1,http://gams.uni-graz.at/o:glossvibe.bvi#BCr.29d48a.4,sacrificia,sacrificium,NOUN,True,True,True,1.0
BVi.02d25,http://gams.uni-graz.at/o:glossvibe.bvi#BVi.02d25.0,sacrificia,sacrificium,NOUN,0,http://gams.uni-graz.at/o:glossvibe.bvi#BVi.02d25.3,sacrificia,sacrificium,NOUN,True,True,True,1.0
Sg.66.01,http://gams.uni-graz.at/o:glossvibe.bvi#Sg.66.01.0,idest,idest,nan,0,http://gams.uni-graz.at/o:glossvibe.bvi#Sg.66.01.3,idest,idest,ADV,True,False,True,1.0
Sg.66.01,http://gams.uni-graz.at/o:glossvibe.bvi#Sg.66.01.1,sacrificia,sacrificium,NOUN,1,http://gams.uni-graz.at/o:glossvibe.bvi#Sg.66.01.4,sacrificia,sacrificium,NOUN,True,True,True,1.0
BCr.29d50,http://gams.uni-graz.at/o:glossvibe.bvi#BCr.29d50.0,idest,idest,nan,0,http://gams.uni-graz.at/o:glossvibe.bvi#BCr.29d50.3,idest,idest,ADV,True,False,True,1.0
BCr.29d50,http://gams.uni-graz.at/o:glossvibe.bvi#BCr.29d50.02,non,non,NOUN,1,http://gams.uni-graz.at/o:glossvibe.bvi#BCr.29d50.4,non,non,ADV,True,False,True,1.0
BCr.29d50,http://gams.uni-graz.at/o:glossvibe.bvi#BCr.29d50.03,februaris,februarius,NOUN,2,http://gams.uni-graz.at/o:glossvibe.bvi#BCr.29d50.5,februaris,februare,ADJ,True,False,False,0.7777777777777778
BCr.29d50,http://gams.uni-graz.at/o:glossvibe.bvi#BCr.29d50.04,ιπα,nan,nan,3,http://gams.uni-graz.at/o:glossvibe.bvi#BCr.29d50.6,ιπα,ιπα,NOUN,True,False,False,0.0
BCr.29d50,http://gams.uni-graz.at/o:glossvibe.bvi#BCr.29d50.05,παμti,nan,nan,4,http://gams.uni-graz.at/o:glossvibe.bvi#BCr.29d50.7,παμti,παμo,NOUN,True,False,False,0.0
BCr.29d50,http://gams.uni-graz.at/o:glossvibe.bvi#BCr.29d50.06,graece,graece,ADV,5,http://gams.uni-graz.at/o:glossvibe.bvi#BCr.29d50.8,graece,graecus,ADV,True,True,False,0.7692307692307693
BCr.29d50,http://gams.uni-graz.at/o:glossvibe.bvi#BCr.29d50.07,hic,hic,DET,6,http://gams.uni-graz.at/o:glossvibe.bvi#BCr.29d50.9,hic,hic,PRON,True,False,True,1.0
BCr.29d50,http://gams.uni-graz.at/o:glossvibe.bvi#BCr.29d50.08,?,nan,nan,7,http://gams.uni-graz.at/o:glossvibe.bvi#BCr.29d50.10,?,?,PUNCT,True,False,False,0.0
BCr.29d50,http://gams.uni-graz.at/o:glossvibe.bvi#BCr.29d50.09,est,sum,VERB,8,http://gams.uni-graz.at/o:glossvibe.bvi#BCr.29d50.11,est,sum,VERB,True,True,True,1.0
BCr.29d50,http://gams.uni-graz.at/o:glossvibe.bvi#BCr.29d50.10,obi,obeo,VERB,9,http://gams.uni-graz.at/o:glossvibe.bvi#BCr.29d50.12,obi,obus,ADV,True,False,False,0.5
BCr.29d50,http://gams.uni-graz.at/o:glossvibe.bvi#BCr.29d50.11,ad,ad,ADP,10,http://gams.uni-graz.at/o:glossvibe.bvi#BCr.29d50.13,ad,ad,ADP,True,True,True,1.0
BCr.29d50,http://gams.uni-graz.at/o:glossvibe.bvi#BCr.29d50.12,eo,is,PRON,11,http://gams.uni-graz.at/o:glossvibe.bvi#BCr.29d50.14,eo,is,PRON,True,True,True,1.0
BCr.29d50,http://gams.uni-graz.at/o:glossvibe.bvi#BCr.29d50.13,die,dies,NOUN,12,http://gams.uni-graz.at/o:glossvibe.bvi#BCr.29d50.15,die,die,NOUN,True,True,False,0.8571428571428571
BCr.29d50,http://gams.uni-graz.at/o:glossvibe.bvi#BCr.29d50.14,assumpsit,assumo,VERB,13,http://gams.uni-graz.at/o:glossvibe.bvi#BCr.29d50.16,assumpsit,assumptio,VERB,True,True,False,0.8
BCr.29d50,http://gams.uni-graz.at/o:glossvibe.bvi#BCr.29d50.15,se,se,PRON,14,http://gams.uni-graz.at/o:glossvibe.bvi#BCr.29d50.17,se,se,PRON,True,True,True,1.0
BCr.29d50,http://gams.uni-graz.at/o:glossvibe.bvi#BCr.29d50.16,meo,meus,DET,15,http://gams.uni-graz.at/o:glossvibe.bvi#BCr.29d50.18,meo,meus,ADJ,True,False,True,1.0
BCr.29d50,http://gams.uni-graz.at/o:glossvibe.bvi#BCr.29d50.17,christum,christus,PROPN,16,http://gams.uni-graz.at/o:glossvibe.bvi#BCr.29d50.19,christum,christus,ADJ,True,False,True,1.0
BCr.29d50,http://gams.uni-graz.at/o:glossvibe.bvi#BCr.29d50.18,in,in,ADP,17,http://gams.uni-graz.at/o:glossvibe.bvi#BCr.29d50.20,in,in,ADP,True,True,True,1.0
BCr.29d50,http://gams.uni-graz.at/o:glossvibe.bvi#BCr.29d50.19,templo,templum,NOUN,18,http://gams.uni-graz.at/o:glossvibe.bvi#BCr.29d50.21,templo,templum,NOUN,True,True,True,1.0
BVi.02d27.29,http://gams.uni-graz.at/o:glossvibe.bvi#BVi.02d27.29.3,in,in,ADP,0,http://gams.uni-graz.at/o:glossvibe.bvi#BVi.02d27.29.3,in,in,ADP,True,True,True,1.0
BVi.02d27.29,http://gams.uni-graz.at/o:glossvibe.bvi#BVi.02d27.29.4,templo,templum,NOUN,1,http://gams.uni-graz.at/o:glossvibe.bvi#BVi.02d27.29.4,templo,templum,NOUN,True,True,True,1.0
Ang.54b27b,http://gams.uni-graz.at/o:glossvibe.bvi#Ang.54b27b.0,candelas,candela,NOUN,0,http://gams.uni-graz.at/o:glossvibe.bvi#Ang.54b27b.3,candelas,candela,NOUN,True,True,True,1.0
BVi.02d30,http://gams.uni-graz.at/o:glossvibe.bvi#BVi.02d30.0,idest,idest,nan,0,http://gams.uni-graz.at/o:glossvibe.bvi#BVi.02d30.3,idest,idest,ADV,True,False,True,1.0
BVi.02d30,http://gams.uni-graz.at/o:glossvibe.bvi#BVi.02d30.1,lucernas,lucerna,NOUN,1,http://gams.uni-graz.at/o:glossvibe.bvi#BVi.02d30.4,lucernas,lucernus,NOUN,True,True,False,0.8
BVi.02d31,http://gams.uni-graz.at/o:glossvibe.bvi#BVi.02d31.0,in,in,ADP,0,http://gams.uni-graz.at/o:glossvibe.bvi#BVi.02d31.3,in,in,ADP,True,True,True,1.0
BVi.02d31,http://gams.uni-graz.at/o:glossvibe.bvi#BVi.02d31.1,ceteris,ceterus,DET,1,http://gams.uni-graz.at/o:glossvibe.bvi#BVi.02d31.4,ceteris,ceterus,PRON,True,False,True,1.0
Ang.54b34c,http://gams.uni-graz.at/o:glossvibe.bvi#Ang.54b34c.0,idest,idest,nan,0,http://gams.uni-graz.at/o:glossvibe.bvi#Ang.54b34c.3,idest,idest,ADV,True,False,True,1.0
Ang.54b34c,http://gams.uni-graz.at/o:glossvibe.bvi#Ang.54b34c.2,et,et,CCONJ,1,http://gams.uni-graz.at/o:glossvibe.bvi#Ang.54b34c.4,et,et,CCONJ,True,True,True,1.0
BVi.03a04,http://gams.uni-graz.at/o:glossvibe.bvi#BVi.03a04.0,circulum,circulus,NOUN,0,http://gams.uni-graz.at/o:glossvibe.bvi#BVi.03a04.3,circulum,circulus,NOUN,True,True,True,1.0
BVi.03a05,http://gams.uni-graz.at/o:glossvibe.bvi#BVi.03a05.0,dies,dies,NOUN,0,http://gams.uni-graz.at/o:glossvibe.bvi#BVi.03a05.3,dies,dies,NOUN,True,True,True,1.0
Ang.54abis06c,http://gams.uni-graz.at/o:glossvibe.bvi#Ang.54abis06c.0,idest,idest,nan,0,http://gams.uni-graz.at/o:glossvibe.bvi#Ang.54abis06c.3,idest,idest,ADV,True,False,True,1.0
Ang.54abis06c,http://gams.uni-graz.at/o:glossvibe.bvi#Ang.54abis06c.1,fefellit,fallo,VERB,1,http://gams.uni-graz.at/o:glossvibe.bvi#Ang.54abis06c.4,fefellit,fefello,VERB,True,True,False,0.6666666666666666
Ang.54abis06c,http://gams.uni-graz.at/o:glossvibe.bvi#Ang.54abis06c.2,ordo,ordo,NOUN,2,http://gams.uni-graz.at/o:glossvibe.bvi#Ang.54abis06c.5,ordo,ordo,NOUN,True,True,True,1.0
Ang.54abis06c,http://gams.uni-graz.at/o:glossvibe.bvi#Ang.54abis06c.3,grecorum,graecus,NOUN,3,http://gams.uni-graz.at/o:glossvibe.bvi#Ang.54abis06c.6,grecorum,grecus,ADJ,True,False,False,0.9230769230769231
Ang.54abis06c,http://gams.uni-graz.at/o:glossvibe.bvi#Ang.54abis06c.4,romannorum,romanus,NOUN,4,http://gams.uni-graz.at/o:glossvibe.bvi#Ang.54abis06c.7,romannorum,romannus,NOUN,True,True,False,0.9333333333333333
BCr.30a24a,http://gams.uni-graz.at/o:glossvibe.bvi#BCr.30a24a.0,idest,idest,nan,0,http://gams.uni-graz.at/o:glossvibe.bvi#BCr.30a24a.3,idest,idest,ADV,True,False,True,1.0
BCr.30a24a,http://gams.uni-graz.at/o:glossvibe.bvi#BCr.30a24a.1,fefellit,fallo,VERB,1,http://gams.uni-graz.at/o:glossvibe.bvi#BCr.30a24a.4,fefellit,fefello,VERB,True,True,False,0.6666666666666666
BVi.03a09a,http://gams.uni-graz.at/o:glossvibe.bvi#BVi.03a09a.0,fefellit,fallo,VERB,0,http://gams.uni-graz.at/o:glossvibe.bvi#BVi.03a09a.3,fefellit,fefello,VERB,True,True,False,0.6666666666666666
Sg.66.22a,http://gams.uni-graz.at/o:glossvibe.bvi#Sg.66.22a.0,idest,idest,nan,0,http://gams.uni-graz.at/o:glossvibe.bvi#Sg.66.22a.3,idest,idest,ADV,True,False,True,1.0
Sg.66.22a,http://gams.uni-graz.at/o:glossvibe.bvi#Sg.66.22a.1,fefellit,fallo,VERB,1,http://gams.uni-graz.at/o:glossvibe.bvi#Sg.66.22a.4,fefellit,fefello,VERB,True,True,False,0.6666666666666666
BVi.03a09b,http://gams.uni-graz.at/o:glossvibe.bvi#BVi.03a09b.0,idest,idest,nan,0,http://gams.uni-graz.at/o:glossvibe.bvi#BVi.03a09b.3,idest,idest,ADV,True,False,True,1.0
BVi.03a09b,http://gams.uni-graz.at/o:glossvibe.bvi#BVi.03a09b.1,anni,annus,NOUN,1,http://gams.uni-graz.at/o:glossvibe.bvi#BVi.03a09b.4,anni,annus,NOUN,True,True,True,1.0
Ang.54abis07a,http://gams.uni-graz.at/o:glossvibe.bvi#Ang.54abis07a.0,idest,idest,nan,0,http://gams.uni-graz.at/o:glossvibe.bvi#Ang.54abis07a.3,idest,idest,ADV,True,False,True,1.0
BVi.03a10c,http://gams.uni-graz.at/o:glossvibe.bvi#BVi.03a10c.1,ad,ad,ADP,0,http://gams.uni-graz.at/o:glossvibe.bvi#BVi.03a10c.3,ad,ad,ADP,True,True,True,1.0
BVi.03a10c,http://gams.uni-graz.at/o:glossvibe.bvi#BVi.03a10c.2,grecum,graecus,NOUN,1,http://gams.uni-graz.at/o:glossvibe.bvi#BVi.03a10c.4,grecum,grecus,ADJ,True,False,False,0.9230769230769231
BVi.03a10c,http://gams.uni-graz.at/o:glossvibe.bvi#BVi.03a10c.3,numerum,numerus,NOUN,2,http://gams.uni-graz.at/o:glossvibe.bvi#BVi.03a10c.5,numerum,numerus,NOUN,True,True,True,1.0
Ang.54abis22a,http://gams.uni-graz.at/o:glossvibe.bvi#Ang.54abis22a.0,festis,festis,NOUN,0,http://gams.uni-graz.at/o:glossvibe.bvi#Ang.54abis22a.3,festis,festis,NOUN,True,True,True,1.0
Ang.54abis22a,http://gams.uni-graz.at/o:glossvibe.bvi#Ang.54abis22a.1,termini,terminus,PROPN,1,http://gams.uni-graz.at/o:glossvibe.bvi#Ang.54abis22a.4,termini,terminus,NOUN,True,False,True,1.0
BCr.30a50,http://gams.uni-graz.at/o:glossvibe.bvi#BCr.30a50.0,idest,idest,nan,0,http://gams.uni-graz.at/o:glossvibe.bvi#BCr.30a50.3,idest,idest,ADV,True,False,True,1.0
BCr.30a50,http://gams.uni-graz.at/o:glossvibe.bvi#BCr.30a50.1,feris,feria,NOUN,1,http://gams.uni-graz.at/o:glossvibe.bvi#BCr.30a50.4,feris,fer,NOUN,True,True,False,0.75
BCr.30a50,http://gams.uni-graz.at/o:glossvibe.bvi#BCr.30a50.2,termini,terminus,PROPN,2,http://gams.uni-graz.at/o:glossvibe.bvi#BCr.30a50.5,termini,terminus,NOUN,True,False,True,1.0
BCr.30a50,http://gams.uni-graz.at/o:glossvibe.bvi#BCr.30a50.3,hic,hic,DET,3,http://gams.uni-graz.at/o:glossvibe.bvi#BCr.30a50.6,hic,hic,PRON,True,False,True,1.0
BCr.30a50,http://gams.uni-graz.at/o:glossvibe.bvi#BCr.30a50.4a,est,sum,VERB,4,http://gams.uni-graz.at/o:glossvibe.bvi#BCr.30a50.7,est,sum,AUX,True,False,True,1.0
BCr.30a50,http://gams.uni-graz.at/o:glossvibe.bvi#BCr.30a50.4b,plutonis,plutor,NOUN,5,http://gams.uni-graz.at/o:glossvibe.bvi#BCr.30a50.8,plutonis,pluto,PROPN,True,False,False,0.9090909090909091
BVi.03a29.32,http://gams.uni-graz.at/o:glossvibe.bvi#BVi.03a29.32.1,idest,idest,nan,0,http://gams.uni-graz.at/o:glossvibe.bvi#BVi.03a29.32.3,idest,idest,ADV,True,False,True,1.0
BVi.03a29.32,http://gams.uni-graz.at/o:glossvibe.bvi#BVi.03a29.32.2,termini,terminus,PROPN,1,http://gams.uni-graz.at/o:glossvibe.bvi#BVi.03a29.32.4,termini,terminus,NOUN,True,False,True,1.0
Sg.67.08a,http://gams.uni-graz.at/o:glossvibe.bvi#Sg.67.08a.0,idest,idest,nan,0,http://gams.uni-graz.at/o:glossvibe.bvi#Sg.67.08a.3,idest,idest,ADV,True,False,True,1.0
Sg.67.08a,http://gams.uni-graz.at/o:glossvibe.bvi#Sg.67.08a.1,feriae,feria,NOUN,1,http://gams.uni-graz.at/o:glossvibe.bvi#Sg.67.08a.4,feriae,feria,NOUN,True,True,True,1.0
Sg.67.08a,http://gams.uni-graz.at/o:glossvibe.bvi#Sg.67.08a.2,terminalis,terminalis,ADJ,2,http://gams.uni-graz.at/o:glossvibe.bvi#Sg.67.08a.5,terminalis,terminalis,ADJ,True,True,True,1.0
BVi.03a44a,http://gams.uni-graz.at/o:glossvibe.bvi#BVi.03a44a.01,horae,hora,nan,0,http://gams.uni-graz.at/o:glossvibe.bvi#BVi.03a44a.3,horae,hora,NOUN,True,False,True,1.0
BVi.03a44a,http://gams.uni-graz.at/o:glossvibe.bvi#BVi.03a44a.04,idest,idest,nan,1,http://gams.uni-graz.at/o:glossvibe.bvi#BVi.03a44a.4,idest,idest,ADV,True,False,True,1.0
BVi.03a44a,http://gams.uni-graz.at/o:glossvibe.bvi#BVi.03a44a.06,horae,hora,NOUN,2,http://gams.uni-graz.at/o:glossvibe.bvi#BVi.03a44a.5,horae,hora,NOUN,True,True,True,1.0
BVi.03a44a,http://gams.uni-graz.at/o:glossvibe.bvi#BVi.03a44a.08,ad,ad,ADP,3,http://gams.uni-graz.at/o:glossvibe.bvi#BVi.03a44a.6,ad,ad,ADP,True,True,True,1.0
BVi.03a44b,http://gams.uni-graz.at/o:glossvibe.bvi#BVi.03a44b.0,idest,idest,nan,0,http://gams.uni-graz.at/o:glossvibe.bvi#BVi.03a44b.3,idest,idest,ADV,True,False,True,1.0
BVi.03a44b,http://gams.uni-graz.at/o:glossvibe.bvi#BVi.03a44b.1,horae,hora,nan,1,http://gams.uni-graz.at/o:glossvibe.bvi#BVi.03a44b.4,horae,hora,NOUN,True,False,True,1.0
Ang.54bbis09b,http://gams.uni-graz.at/o:glossvibe.bvi#Ang.54bbis09b.0,exemplum,exemplum,NOUN,0,http://gams.uni-graz.at/o:glossvibe.bvi#Ang.54bbis09b.3,exemplum,exemplum,NOUN,True,True,True,1.0
BCr.30b29,http://gams.uni-graz.at/o:glossvibe.bvi#BCr.30b29.0,idest,idest,nan,0,http://gams.uni-graz.at/o:glossvibe.bvi#BCr.30b29.3,idest,idest,ADV,True,False,True,1.0
BCr.30b29,http://gams.uni-graz.at/o:glossvibe.bvi#BCr.30b29.1,exemplum,exemplum,NOUN,1,http://gams.uni-graz.at/o:glossvibe.bvi#BCr.30b29.4,exemplum,exemplum,NOUN,True,True,True,1.0
BVi.03b15,http://gams.uni-graz.at/o:glossvibe.bvi#BVi.03b15.0,exemplum,exemplum,NOUN,0,http://gams.uni-graz.at/o:glossvibe.bvi#BVi.03b15.3,exemplum,exemplum,NOUN,True,True,True,1.0
Sg.67.30,http://gams.uni-graz.at/o:glossvibe.bvi#Sg.67.30.0,idest,idest,nan,0,http://gams.uni-graz.at/o:glossvibe.bvi#Sg.67.30.3,idest,idest,ADV,True,False,True,1.0
Sg.67.30,http://gams.uni-graz.at/o:glossvibe.bvi#Sg.67.30.1,exemplum,exemplum,NOUN,1,http://gams.uni-graz.at/o:glossvibe.bvi#Sg.67.30.4,exemplum,exemplum,NOUN,True,True,True,1.0
BCr.30b03,http://gams.uni-graz.at/o:glossvibe.bvi#BCr.30b03.0,idest,idest,nan,0,http://gams.uni-graz.at/o:glossvibe.bvi#BCr.30b03.3,idest,idest,ADV,True,False,True,1.0
BCr.30b03,http://gams.uni-graz.at/o:glossvibe.bvi#BCr.30b03.1,templum,templum,NOUN,1,http://gams.uni-graz.at/o:glossvibe.bvi#BCr.30b03.4,templum,templum,NOUN,True,True,True,1.0
BCr.30b03,http://gams.uni-graz.at/o:glossvibe.bvi#BCr.30b03.2,iouis,iouis,PROPN,2,http://gams.uni-graz.at/o:glossvibe.bvi#BCr.30b03.5,iouis,iouus,ADJ,True,False,False,0.8
BCr.30b03,http://gams.uni-graz.at/o:glossvibe.bvi#BCr.30b03.3,in,in,ADP,3,http://gams.uni-graz.at/o:glossvibe.bvi#BCr.30b03.6,in,in,ADP,True,True,True,1.0
BCr.30b03,http://gams.uni-graz.at/o:glossvibe.bvi#BCr.30b03.4,quo,qui,PRON,4,http://gams.uni-graz.at/o:glossvibe.bvi#BCr.30b03.7,quo,qui,PRON,True,True,True,1.0
BCr.30b03,http://gams.uni-graz.at/o:glossvibe.bvi#BCr.30b03.5,capita,capitum,NOUN,5,http://gams.uni-graz.at/o:glossvibe.bvi#BCr.30b03.8,capita,capio,VERB,True,False,False,0.6666666666666666
BCr.30b03,http://gams.uni-graz.at/o:glossvibe.bvi#BCr.30b03.6,deorum,deus,PROPN,6,http://gams.uni-graz.at/o:glossvibe.bvi#BCr.30b03.9,deorum,de,NOUN,True,False,False,0.6666666666666666
BCr.30b03,http://gams.uni-graz.at/o:glossvibe.bvi#BCr.30b03.7,incaelatura,incaelatus,ADJ,7,http://gams.uni-graz.at/o:glossvibe.bvi#BCr.30b03.10,incaelatura,incaelatura,ADJ,True,True,False,0.8571428571428571
BCr.30b03,http://gams.uni-graz.at/o:glossvibe.bvi#BCr.30b03.8,fiebant,facio,VERB,8,http://gams.uni-graz.at/o:glossvibe.bvi#BCr.30b03.11,fiebant,facio,VERB,True,True,True,1.0
BVi.03a38,http://gams.uni-graz.at/o:glossvibe.bvi#BVi.03a38.0,idest,idest,nan,0,http://gams.uni-graz.at/o:glossvibe.bvi#BVi.03a38.3,idest,idest,ADV,True,False,True,1.0
BVi.03a38,http://gams.uni-graz.at/o:glossvibe.bvi#BVi.03a38.1,templum,templum,NOUN,1,http://gams.uni-graz.at/o:glossvibe.bvi#BVi.03a38.4,templum,templum,NOUN,True,True,True,1.0
BVi.03a38,http://gams.uni-graz.at/o:glossvibe.bvi#BVi.03a38.2,idoli,idolum,NOUN,2,http://gams.uni-graz.at/o:glossvibe.bvi#BVi.03a38.5,idoli,idolon,NOUN,True,True,False,0.6666666666666666
Sg.67.15,http://gams.uni-graz.at/o:glossvibe.bvi#Sg.67.15.0,templum,templum,NOUN,0,http://gams.uni-graz.at/o:glossvibe.bvi#Sg.67.15.3,templum,templum,NOUN,True,True,True,1.0
Sg.67.15,http://gams.uni-graz.at/o:glossvibe.bvi#Sg.67.15.1,iouis,iouis,PROPN,1,http://gams.uni-graz.at/o:glossvibe.bvi#Sg.67.15.4,iouis,iouis,ADJ,True,False,True,1.0
Sg.67.15,http://gams.uni-graz.at/o:glossvibe.bvi#Sg.67.15.2,in,in,ADP,2,http://gams.uni-graz.at/o:glossvibe.bvi#Sg.67.15.5,in,in,ADP,True,True,True,1.0
Sg.67.15,http://gams.uni-graz.at/o:glossvibe.bvi#Sg.67.15.3,quo,qui,PRON,3,http://gams.uni-graz.at/o:glossvibe.bvi#Sg.67.15.6,quo,qui,PRON,True,True,True,1.0
Sg.67.15,http://gams.uni-graz.at/o:glossvibe.bvi#Sg.67.15.4,capita,capitum,NOUN,4,http://gams.uni-graz.at/o:glossvibe.bvi#Sg.67.15.7,capita,capio,VERB,True,False,False,0.6666666666666666
Sg.67.15,http://gams.uni-graz.at/o:glossvibe.bvi#Sg.67.15.5,deorum,deus,PROPN,5,http://gams.uni-graz.at/o:glossvibe.bvi#Sg.67.15.8,deorum,de,NOUN,True,False,False,0.6666666666666666
Sg.67.15,http://gams.uni-graz.at/o:glossvibe.bvi#Sg.67.15.6,incelatura,incaelatus,ADJ,6,http://gams.uni-graz.at/o:glossvibe.bvi#Sg.67.15.9,incelatura,incelatura,ADJ,True,True,False,0.8
Sg.67.15,http://gams.uni-graz.at/o:glossvibe.bvi#Sg.67.15.7,fiebant,facio,VERB,7,http://gams.uni-graz.at/o:glossvibe.bvi#Sg.67.15.10,fiebant,facio,VERB,True,True,True,1.0
Ang.54abis27a,http://gams.uni-graz.at/o:glossvibe.bvi#Ang.54abis27a.0,idest,idest,nan,0,http://gams.uni-graz.at/o:glossvibe.bvi#Ang.54abis27a.3,idest,idest,ADV,True,False,True,1.0
Ang.54abis27a,http://gams.uni-graz.at/o:glossvibe.bvi#Ang.54abis27a.1,maiori,magnus,ADJ,1,http://gams.uni-graz.at/o:glossvibe.bvi#Ang.54abis27a.4,maiori,magnus,ADJ,True,True,True,1.0
Ang.54abis27a,http://gams.uni-graz.at/o:glossvibe.bvi#Ang.54abis27a.2,pontifici,pontifex,NOUN,2,http://gams.uni-graz.at/o:glossvibe.bvi#Ang.54abis27a.5,pontifici,pontifex,VERB,True,False,True,1.0
BCr.30b01,http://gams.uni-graz.at/o:glossvibe.bvi#BCr.30b01.0,idest,idest,nan,0,http://gams.uni-graz.at/o:glossvibe.bvi#BCr.30b01.3,idest,idest,ADV,True,False,True,1.0
BCr.30b01,http://gams.uni-graz.at/o:glossvibe.bvi#BCr.30b01.01,regi,rex,NOUN,1,http://gams.uni-graz.at/o:glossvibe.bvi#BCr.30b01.4,regi,rex,NOUN,True,True,True,1.0
BCr.30b01,http://gams.uni-graz.at/o:glossvibe.bvi#BCr.30b01.02,colenti,colo,VERB,2,http://gams.uni-graz.at/o:glossvibe.bvi#BCr.30b01.5,colenti,color,VERB,True,True,False,0.8888888888888888
BCr.30b01,http://gams.uni-graz.at/o:glossvibe.bvi#BCr.30b01.03,sacrificia,sacrificium,NOUN,3,http://gams.uni-graz.at/o:glossvibe.bvi#BCr.30b01.6,sacrificia,sacrificium,NOUN,True,True,True,1.0
BCr.30b01,http://gams.uni-graz.at/o:glossvibe.bvi#BCr.30b01.04,hoc,hic,DET,4,http://gams.uni-graz.at/o:glossvibe.bvi#BCr.30b01.7,hoc,hic,PRON,True,False,True,1.0
BCr.30b01,http://gams.uni-graz.at/o:glossvibe.bvi#BCr.30b01.05,est,sum,VERB,5,http://gams.uni-graz.at/o:glossvibe.bvi#BCr.30b01.8,est,sum,AUX,True,False,True,1.0
BCr.30b01,http://gams.uni-graz.at/o:glossvibe.bvi#BCr.30b01.06,regi,rex,NOUN,6,http://gams.uni-graz.at/o:glossvibe.bvi#BCr.30b01.9,regi,rex,NOUN,True,True,True,1.0
BCr.30b01,http://gams.uni-graz.at/o:glossvibe.bvi#BCr.30b01.07,qui,qui,PRON,7,http://gams.uni-graz.at/o:glossvibe.bvi#BCr.30b01.10,qui,qui,PRON,True,True,True,1.0
BCr.30b01,http://gams.uni-graz.at/o:glossvibe.bvi#BCr.30b01.08,sacrificiis,sacrificium,NOUN,8,http://gams.uni-graz.at/o:glossvibe.bvi#BCr.30b01.11,sacrificiis,sacrificium,NOUN,True,True,True,1.0
BCr.30b01,http://gams.uni-graz.at/o:glossvibe.bvi#BCr.30b01.09,perfiebat,nan,nan,9,http://gams.uni-graz.at/o:glossvibe.bvi#BCr.30b01.12,perfiebat,perfio,VERB,True,False,False,0.0
BCr.30b01,http://gams.uni-graz.at/o:glossvibe.bvi#BCr.30b01.10,uel,uel,CCONJ,10,http://gams.uni-graz.at/o:glossvibe.bvi#BCr.30b01.13,uel,uel,CCONJ,True,True,True,1.0
BCr.30b01,http://gams.uni-graz.at/o:glossvibe.bvi#BCr.30b01.11,pontifici,pontifex,NOUN,11,http://gams.uni-graz.at/o:glossvibe.bvi#BCr.30b01.14,pontifici,pontificio,VERB,True,False,False,0.6666666666666666
BCr.30b01,http://gams.uni-graz.at/o:glossvibe.bvi#BCr.30b01.12,maiori,magnus,ADJ,12,http://gams.uni-graz.at/o:glossvibe.bvi#BCr.30b01.15,maiori,magnus,ADJ,True,True,True,1.0
Sg.67.13b,http://gams.uni-graz.at/o:glossvibe.bvi#Sg.67.13b.0,idest,idest,nan,0,http://gams.uni-graz.at/o:glossvibe.bvi#Sg.67.13b.3,idest,idest,ADV,True,False,True,1.0
Sg.67.13b,http://gams.uni-graz.at/o:glossvibe.bvi#Sg.67.13b.1,regi,rex,NOUN,1,http://gams.uni-graz.at/o:glossvibe.bvi#Sg.67.13b.4,regi,rex,NOUN,True,True,True,1.0
Sg.67.13b,http://gams.uni-graz.at/o:glossvibe.bvi#Sg.67.13b.2,colenti,colo,VERB,2,http://gams.uni-graz.at/o:glossvibe.bvi#Sg.67.13b.5,colenti,color,VERB,True,True,False,0.8888888888888888
Sg.67.13b,http://gams.uni-graz.at/o:glossvibe.bvi#Sg.67.13b.3,sacrificia,sacrificium,NOUN,3,http://gams.uni-graz.at/o:glossvibe.bvi#Sg.67.13b.6,sacrificia,sacrificium,NOUN,True,True,True,1.0
Sg.67.13b,http://gams.uni-graz.at/o:glossvibe.bvi#Sg.67.13b.4a,hoc,hic,DET,4,http://gams.uni-graz.at/o:glossvibe.bvi#Sg.67.13b.7,hoc,hic,PRON,True,False,True,1.0
Sg.67.13b,http://gams.uni-graz.at/o:glossvibe.bvi#Sg.67.13b.4b,em,nan,nan,5,http://gams.uni-graz.at/o:glossvibe.bvi#Sg.67.13b.8,em,is,ADJ,True,False,False,0.0
Sg.67.13b,http://gams.uni-graz.at/o:glossvibe.bvi#Sg.67.13b.5,qui,qui,PRON,6,http://gams.uni-graz.at/o:glossvibe.bvi#Sg.67.13b.9,qui,qui,PRON,True,True,True,1.0
Sg.67.13b,http://gams.uni-graz.at/o:glossvibe.bvi#Sg.67.13b.6,sacrifitas,sacrificus,NOUN,7,http://gams.uni-graz.at/o:glossvibe.bvi#Sg.67.13b.10,sacrifitas,sacrifitas,NOUN,True,True,False,0.8
Sg.67.13b,http://gams.uni-graz.at/o:glossvibe.bvi#Sg.67.13b.7,prefiebat,nan,nan,8,http://gams.uni-graz.at/o:glossvibe.bvi#Sg.67.13b.11,prefiebat,prefio,VERB,True,False,False,0.0
Sg.67.13b,http://gams.uni-graz.at/o:glossvibe.bvi#Sg.67.13b.8,uel,uel,CCONJ,9,http://gams.uni-graz.at/o:glossvibe.bvi#Sg.67.13b.12,uel,uel,CCONJ,True,True,True,1.0
Sg.67.13b,http://gams.uni-graz.at/o:glossvibe.bvi#Sg.67.13b.9a,pontifici,pontifex,NOUN,10,http://gams.uni-graz.at/o:glossvibe.bvi#Sg.67.13b.13,pontifici,pontificio,VERB,True,False,False,0.6666666666666666
Sg.67.13b,http://gams.uni-graz.at/o:glossvibe.bvi#Sg.67.13b.9b,maiori,magnus,ADJ,11,http://gams.uni-graz.at/o:glossvibe.bvi#Sg.67.13b.14,maiori,magnus,ADJ,True,True,True,1.0
Ang.54abis29a,http://gams.uni-graz.at/o:glossvibe.bvi#Ang.54abis29a.0,quia,quia,SCONJ,0,http://gams.uni-graz.at/o:glossvibe.bvi#Ang.54abis29a.3,quia,quia,SCONJ,True,True,True,1.0
Ang.54abis29a,http://gams.uni-graz.at/o:glossvibe.bvi#Ang.54abis29a.1,in,in,ADP,1,http://gams.uni-graz.at/o:glossvibe.bvi#Ang.54abis29a.4,in,in,ADP,True,True,True,1.0
Ang.54abis29a,http://gams.uni-graz.at/o:glossvibe.bvi#Ang.54abis29a.2,ea,is,PRON,2,http://gams.uni-graz.at/o:glossvibe.bvi#Ang.54abis29a.5,ea,is,PRON,True,True,True,1.0
Ang.54abis29a,http://gams.uni-graz.at/o:glossvibe.bvi#Ang.54abis29a.3,uocabatur,uoco,VERB,3,http://gams.uni-graz.at/o:glossvibe.bvi#Ang.54abis29a.6,uocabatur,uocabo,VERB,True,True,False,0.8
Ang.54abis29a,http://gams.uni-graz.at/o:glossvibe.bvi#Ang.54abis29a.4,plebs,plebs,NOUN,4,http://gams.uni-graz.at/o:glossvibe.bvi#Ang.54abis29a.7,plebs,plebs,PROPN,True,False,True,1.0
BVi.03a39,http://gams.uni-graz.at/o:glossvibe.bvi#BVi.03a39.0,idest,idest,nan,0,http://gams.uni-graz.at/o:glossvibe.bvi#BVi.03a39.3,idest,idest,ADV,True,False,True,1.0
BVi.03a39,http://gams.uni-graz.at/o:glossvibe.bvi#BVi.03a39.1,plebum,plebs,NOUN,1,http://gams.uni-graz.at/o:glossvibe.bvi#BVi.03a39.4,plebum,plebs,NOUN,True,True,True,1.0
BVi.03a39,http://gams.uni-graz.at/o:glossvibe.bvi#BVi.03a39.2,loci,locus,NOUN,2,http://gams.uni-graz.at/o:glossvibe.bvi#BVi.03a39.5,loci,locus,NOUN,True,True,True,1.0
Ang.54bbis17c,http://gams.uni-graz.at/o:glossvibe.bvi#Ang.54bbis17c.0,reuententis,reuertor,VERB,0,http://gams.uni-graz.at/o:glossvibe.bvi#Ang.54bbis17c.3,reuententis,reuentens,VERB,True,True,False,0.5882352941176471
Ang.54bbis17c,http://gams.uni-graz.at/o:glossvibe.bvi#Ang.54bbis17c.1,in,in,ADP,1,http://gams.uni-graz.at/o:glossvibe.bvi#Ang.54bbis17c.4,in,in,ADP,True,True,True,1.0
Ang.54bbis17c,http://gams.uni-graz.at/o:glossvibe.bvi#Ang.54bbis17c.2,suum,suus,DET,2,http://gams.uni-graz.at/o:glossvibe.bvi#Ang.54bbis17c.5,suum,suus,ADJ,True,False,True,1.0
Ang.54bbis17c,http://gams.uni-graz.at/o:glossvibe.bvi#Ang.54bbis17c.3,locum,locus,NOUN,3,http://gams.uni-graz.at/o:glossvibe.bvi#Ang.54bbis17c.6,locum,locus,NOUN,True,True,True,1.0
Ang.54bbis17c,http://gams.uni-graz.at/o:glossvibe.bvi#Ang.54bbis17c.4,primum,primus 1,ADJ,4,http://gams.uni-graz.at/o:glossvibe.bvi#Ang.54bbis17c.7,primum,primus,ADJ,True,True,False,0.8571428571428571
BVi.03b27,http://gams.uni-graz.at/o:glossvibe.bvi#BVi.03b27.0,reuertentis,reuertor,VERB,0,http://gams.uni-graz.at/o:glossvibe.bvi#BVi.03b27.3,reuertentis,reuertens,VERB,True,True,False,0.7058823529411765
BVi.03b27,http://gams.uni-graz.at/o:glossvibe.bvi#BVi.03b27.1,in,in,ADP,1,http://gams.uni-graz.at/o:glossvibe.bvi#BVi.03b27.4,in,in,ADP,True,True,True,1.0
BVi.03b27,http://gams.uni-graz.at/o:glossvibe.bvi#BVi.03b27.2,suum,suus,DET,2,http://gams.uni-graz.at/o:glossvibe.bvi#BVi.03b27.5,suum,suus,ADJ,True,False,True,1.0
BVi.03b27,http://gams.uni-graz.at/o:glossvibe.bvi#BVi.03b27.3,locum,locus,NOUN,3,http://gams.uni-graz.at/o:glossvibe.bvi#BVi.03b27.6,locum,locus,NOUN,True,True,True,1.0
Ang.54bbis20b,http://gams.uni-graz.at/o:glossvibe.bvi#Ang.54bbis20b.0,primus,primus 1,ADJ,0,http://gams.uni-graz.at/o:glossvibe.bvi#Ang.54bbis20b.3,primus,primus,ADJ,True,True,False,0.8571428571428571
Ang.54bbis20b,http://gams.uni-graz.at/o:glossvibe.bvi#Ang.54bbis20b.1,dies,dies,NOUN,1,http://gams.uni-graz.at/o:glossvibe.bvi#Ang.54bbis20b.4,dies,dies,NOUN,True,True,True,1.0
Ang.54bbis20b,http://gams.uni-graz.at/o:glossvibe.bvi#Ang.54bbis20b.2,primi,primus 1,ADJ,2,http://gams.uni-graz.at/o:glossvibe.bvi#Ang.54bbis20b.5,primi,primus,ADJ,True,True,False,0.8571428571428571
Ang.54bbis20b,http://gams.uni-graz.at/o:glossvibe.bvi#Ang.54bbis20b.3,mensis,mensis,NOUN,3,http://gams.uni-graz.at/o:glossvibe.bvi#Ang.54bbis20b.6,mensis,mensa,ADJ,True,False,False,0.7272727272727273
Ang.54bbis20b,http://gams.uni-graz.at/o:glossvibe.bvi#Ang.54bbis20b.4,et,et,CCONJ,4,http://gams.uni-graz.at/o:glossvibe.bvi#Ang.54bbis20b.7,et,et,CCONJ,True,True,True,1.0
Ang.54bbis20b,http://gams.uni-graz.at/o:glossvibe.bvi#Ang.54bbis20b.5,secundus,secundus,ADJ,5,http://gams.uni-graz.at/o:glossvibe.bvi#Ang.54bbis20b.8,secundus,secundus,ADJ,True,True,True,1.0
Ang.54bbis20b,http://gams.uni-graz.at/o:glossvibe.bvi#Ang.54bbis20b.6,reliqua,reliquus,DET,6,http://gams.uni-graz.at/o:glossvibe.bvi#Ang.54bbis20b.9,reliqua,reliquus,NOUN,True,False,True,1.0
BCr.30b36,http://gams.uni-graz.at/o:glossvibe.bvi#BCr.30b36.0,idest,idest,nan,0,http://gams.uni-graz.at/o:glossvibe.bvi#BCr.30b36.3,idest,idest,ADV,True,False,True,1.0
BCr.30b36,http://gams.uni-graz.at/o:glossvibe.bvi#BCr.30b36.01,sic,sic,ADV,1,http://gams.uni-graz.at/o:glossvibe.bvi#BCr.30b36.4,sic,sic,ADV,True,True,True,1.0
BCr.30b36,http://gams.uni-graz.at/o:glossvibe.bvi#BCr.30b36.02,numerant,numero,VERB,2,http://gams.uni-graz.at/o:glossvibe.bvi#BCr.30b36.5,numerant,numero,VERB,True,True,True,1.0
BCr.30b36,http://gams.uni-graz.at/o:glossvibe.bvi#BCr.30b36.03,primus,primus 1,ADJ,3,http://gams.uni-graz.at/o:glossvibe.bvi#BCr.30b36.6,primus,primus,ADJ,True,True,False,0.8571428571428571
BCr.30b36,http://gams.uni-graz.at/o:glossvibe.bvi#BCr.30b36.04,dies,dies,NOUN,4,http://gams.uni-graz.at/o:glossvibe.bvi#BCr.30b36.7,dies,dies,NOUN,True,True,True,1.0
BCr.30b36,http://gams.uni-graz.at/o:glossvibe.bvi#BCr.30b36.05,primi,primus 1,ADJ,5,http://gams.uni-graz.at/o:glossvibe.bvi#BCr.30b36.8,primi,primus,ADJ,True,True,False,0.8571428571428571
BCr.30b36,http://gams.uni-graz.at/o:glossvibe.bvi#BCr.30b36.06,mensis,mensis,NOUN,6,http://gams.uni-graz.at/o:glossvibe.bvi#BCr.30b36.9,mensis,mensa,NOUN,True,True,False,0.7272727272727273
BCr.30b36,http://gams.uni-graz.at/o:glossvibe.bvi#BCr.30b36.07,secundus,secundus,ADJ,7,http://gams.uni-graz.at/o:glossvibe.bvi#BCr.30b36.10,secundus,secundus,ADJ,True,True,True,1.0
BCr.30b36,http://gams.uni-graz.at/o:glossvibe.bvi#BCr.30b36.08,dies,dies,NOUN,8,http://gams.uni-graz.at/o:glossvibe.bvi#BCr.30b36.11,dies,dies,NOUN,True,True,True,1.0
BCr.30b36,http://gams.uni-graz.at/o:glossvibe.bvi#BCr.30b36.09,secundi,secundus,ADJ,9,http://gams.uni-graz.at/o:glossvibe.bvi#BCr.30b36.12,secundi,secundus,ADJ,True,True,True,1.0
BCr.30b36,http://gams.uni-graz.at/o:glossvibe.bvi#BCr.30b36.10,mensis,mensis,NOUN,10,http://gams.uni-graz.at/o:glossvibe.bvi#BCr.30b36.13,mensis,mensa,ADJ,True,False,False,0.7272727272727273
BCr.30b36,http://gams.uni-graz.at/o:glossvibe.bvi#BCr.30b36.11,reliqua,reliquus,DET,11,http://gams.uni-graz.at/o:glossvibe.bvi#BCr.30b36.14,reliqua,reliquus,NOUN,True,False,True,1.0
BVi.03b31,http://gams.uni-graz.at/o:glossvibe.bvi#BVi.03b31.0,idest,idest,nan,0,http://gams.uni-graz.at/o:glossvibe.bvi#BVi.03b31.3,idest,idest,ADV,True,False,True,1.0
BVi.03b31,http://gams.uni-graz.at/o:glossvibe.bvi#BVi.03b31.1,primus,primus 1,ADJ,1,http://gams.uni-graz.at/o:glossvibe.bvi#BVi.03b31.4,primus,primus,ADJ,True,True,False,0.8571428571428571
BVi.03b31,http://gams.uni-graz.at/o:glossvibe.bvi#BVi.03b31.2,dies,dies,NOUN,2,http://gams.uni-graz.at/o:glossvibe.bvi#BVi.03b31.5,dies,dies,NOUN,True,True,True,1.0
BVi.03b31,http://gams.uni-graz.at/o:glossvibe.bvi#BVi.03b31.3,primi,primus 1,ADJ,3,http://gams.uni-graz.at/o:glossvibe.bvi#BVi.03b31.6,primi,primus,ADJ,True,True,False,0.8571428571428571
BVi.03b31,http://gams.uni-graz.at/o:glossvibe.bvi#BVi.03b31.4,secundus,secundus,ADJ,4,http://gams.uni-graz.at/o:glossvibe.bvi#BVi.03b31.7,secundus,secundus,ADJ,True,True,True,1.0
BVi.03b31,http://gams.uni-graz.at/o:glossvibe.bvi#BVi.03b31.5,dies,dies,NOUN,5,http://gams.uni-graz.at/o:glossvibe.bvi#BVi.03b31.8,dies,dies,NOUN,True,True,True,1.0
BVi.03b31,http://gams.uni-graz.at/o:glossvibe.bvi#BVi.03b31.6,secundi,secundus,ADJ,6,http://gams.uni-graz.at/o:glossvibe.bvi#BVi.03b31.9,secundi,secundus,ADJ,True,True,True,1.0
Sg.68.06a,http://gams.uni-graz.at/o:glossvibe.bvi#Sg.68.06a.0,sic,sic,ADV,0,http://gams.uni-graz.at/o:glossvibe.bvi#Sg.68.06a.3,sic,sic,ADV,True,True,True,1.0
Sg.68.06a,http://gams.uni-graz.at/o:glossvibe.bvi#Sg.68.06a.1,numerant,numero,VERB,1,http://gams.uni-graz.at/o:glossvibe.bvi#Sg.68.06a.4,numerant,numero,VERB,True,True,True,1.0
Sg.68.06a,http://gams.uni-graz.at/o:glossvibe.bvi#Sg.68.06a.2,primus,primus 1,ADJ,2,http://gams.uni-graz.at/o:glossvibe.bvi#Sg.68.06a.5,primus,primus,ADJ,True,True,False,0.8571428571428571
Sg.68.06a,http://gams.uni-graz.at/o:glossvibe.bvi#Sg.68.06a.3,dies,dies,NOUN,3,http://gams.uni-graz.at/o:glossvibe.bvi#Sg.68.06a.6,dies,dies,NOUN,True,True,True,1.0
Sg.68.06a,http://gams.uni-graz.at/o:glossvibe.bvi#Sg.68.06a.4,primi,primus 1,ADJ,4,http://gams.uni-graz.at/o:glossvibe.bvi#Sg.68.06a.7,primi,primus,ADJ,True,True,False,0.8571428571428571
Sg.68.06a,http://gams.uni-graz.at/o:glossvibe.bvi#Sg.68.06a.5,mensis,mensis,NOUN,5,http://gams.uni-graz.at/o:glossvibe.bvi#Sg.68.06a.8,mensis,mensa,NOUN,True,True,False,0.7272727272727273
Sg.68.06a,http://gams.uni-graz.at/o:glossvibe.bvi#Sg.68.06a.6,secundi,secundus,ADJ,6,http://gams.uni-graz.at/o:glossvibe.bvi#Sg.68.06a.9,secundi,secundus,ADJ,True,True,True,1.0
Sg.68.06a,http://gams.uni-graz.at/o:glossvibe.bvi#Sg.68.06a.7,dies,dies,NOUN,7,http://gams.uni-graz.at/o:glossvibe.bvi#Sg.68.06a.10,dies,dies,NOUN,True,True,True,1.0
Sg.68.06a,http://gams.uni-graz.at/o:glossvibe.bvi#Sg.68.06a.8,secundi,secundus,ADJ,8,http://gams.uni-graz.at/o:glossvibe.bvi#Sg.68.06a.11,secundi,secundus,ADJ,True,True,True,1.0
Sg.68.06a,http://gams.uni-graz.at/o:glossvibe.bvi#Sg.68.06a.9,mensis,mensis,NOUN,9,http://gams.uni-graz.at/o:glossvibe.bvi#Sg.68.06a.12,mensis,mensa,NOUN,True,True,False,0.7272727272727273
BVi.03b23,http://gams.uni-graz.at/o:glossvibe.bvi#BVi.03b23.0,primus,primus 1,ADJ,0,http://gams.uni-graz.at/o:glossvibe.bvi#BVi.03b23.3,primus,primus,ADJ,True,True,False,0.8571428571428571
BVi.03b23,http://gams.uni-graz.at/o:glossvibe.bvi#BVi.03b23.1,dies,dies,NOUN,1,http://gams.uni-graz.at/o:glossvibe.bvi#BVi.03b23.4,dies,dies,NOUN,True,True,True,1.0
BVi.03b23,http://gams.uni-graz.at/o:glossvibe.bvi#BVi.03b23.2,primi,primus 1,ADJ,2,http://gams.uni-graz.at/o:glossvibe.bvi#BVi.03b23.5,primi,primus,ADJ,True,True,False,0.8571428571428571
BVi.03b23,http://gams.uni-graz.at/o:glossvibe.bvi#BVi.03b23.4,mensis,mensis,NOUN,3,http://gams.uni-graz.at/o:glossvibe.bvi#BVi.03b23.6,mensis,mensa,NOUN,True,True,False,0.7272727272727273
BVi.03b35a,http://gams.uni-graz.at/o:glossvibe.bvi#BVi.03b35a.1,sed,sed,CCONJ,0,http://gams.uni-graz.at/o:glossvibe.bvi#BVi.03b35a.3,sed,sed,CCONJ,True,True,True,1.0
BCr.30c01,http://gams.uni-graz.at/o:glossvibe.bvi#BCr.30c01.0,apostolorum,apostolus,NOUN,0,http://gams.uni-graz.at/o:glossvibe.bvi#BCr.30c01.3,apostolorum,apostolus,NOUN,True,True,True,1.0
BVi.03b37b,http://gams.uni-graz.at/o:glossvibe.bvi#BVi.03b37b.0,epistula,epistula,NOUN,0,http://gams.uni-graz.at/o:glossvibe.bvi#BVi.03b37b.3,epistula,epistulum,NOUN,True,True,False,0.8235294117647058
BVi.03b37b,http://gams.uni-graz.at/o:glossvibe.bvi#BVi.03b37b.1,apostolorum,apostolus,NOUN,1,http://gams.uni-graz.at/o:glossvibe.bvi#BVi.03b37b.4,apostolorum,apostolus,NOUN,True,True,True,1.0
Ang.54bbis28c,http://gams.uni-graz.at/o:glossvibe.bvi#Ang.54bbis28c.0,die,dies,NOUN,0,http://gams.uni-graz.at/o:glossvibe.bvi#Ang.54bbis28c.3,die,di,NOUN,True,True,False,0.6666666666666666
BVi.03b39a,http://gams.uni-graz.at/o:glossvibe.bvi#BVi.03b39a.0,idest,idest,nan,0,http://gams.uni-graz.at/o:glossvibe.bvi#BVi.03b39a.3,idest,idest,ADV,True,False,True,1.0
BVi.03b39a,http://gams.uni-graz.at/o:glossvibe.bvi#BVi.03b39a.1,die,dies,NOUN,1,http://gams.uni-graz.at/o:glossvibe.bvi#BVi.03b39a.4,die,di,NOUN,True,True,False,0.6666666666666666
Ang.54bbis31b,http://gams.uni-graz.at/o:glossvibe.bvi#Ang.54bbis31b.0,idest,idest,nan,0,http://gams.uni-graz.at/o:glossvibe.bvi#Ang.54bbis31b.3,idest,idest,ADV,True,False,True,1.0
Ang.54bbis31b,http://gams.uni-graz.at/o:glossvibe.bvi#Ang.54bbis31b.1,adiuuatur,adiuuo,VERB,1,http://gams.uni-graz.at/o:glossvibe.bvi#Ang.54bbis31b.4,adiuuatur,adiuuo,VERB,True,True,True,1.0
BCr.30c07,http://gams.uni-graz.at/o:glossvibe.bvi#BCr.30c07.0,adiunguitur,adiungo,VERB,0,http://gams.uni-graz.at/o:glossvibe.bvi#BCr.30c07.3,adiunguitur,adiunguo,VERB,True,True,False,0.9333333333333333
BVi.03b43a,http://gams.uni-graz.at/o:glossvibe.bvi#BVi.03b43a.0,adiuuatur,adiuuo,VERB,0,http://gams.uni-graz.at/o:glossvibe.bvi#BVi.03b43a.3,adiuuatur,adiuuo,VERB,True,True,True,1.0
Sg.68.22,http://gams.uni-graz.at/o:glossvibe.bvi#Sg.68.22.0,idest,idest,nan,0,http://gams.uni-graz.at/o:glossvibe.bvi#Sg.68.22.3,idest,idest,ADV,True,False,True,1.0
Sg.68.22,http://gams.uni-graz.at/o:glossvibe.bvi#Sg.68.22.1,adiuuat,adiuuo,VERB,1,http://gams.uni-graz.at/o:glossvibe.bvi#Sg.68.22.4,adiuuat,adiuuo,VERB,True,True,True,1.0
BVi.03b43b,http://gams.uni-graz.at/o:glossvibe.bvi#BVi.03b43b.0,idest,idest,nan,0,http://gams.uni-graz.at/o:glossvibe.bvi#BVi.03b43b.3,idest,idest,ADV,True,False,True,1.0
BVi.03b43b,http://gams.uni-graz.at/o:glossvibe.bvi#BVi.03b43b.1,est,sum,VERB,1,http://gams.uni-graz.at/o:glossvibe.bvi#BVi.03b43b.4,est,sum,AUX,True,False,True,1.0
Ang.54bbis37a,http://gams.uni-graz.at/o:glossvibe.bvi#Ang.54bbis37a.0,idest,idest,nan,0,http://gams.uni-graz.at/o:glossvibe.bvi#Ang.54bbis37a.3,idest,idest,ADV,True,False,True,1.0
Ang.54bbis37a,http://gams.uni-graz.at/o:glossvibe.bvi#Ang.54bbis37a.1,distios,distios,PROPN,1,http://gams.uni-graz.at/o:glossvibe.bvi#Ang.54bbis37a.4,distios,discius,NOUN,True,False,False,0.7142857142857143
Ang.54bbis37a,http://gams.uni-graz.at/o:glossvibe.bvi#Ang.54bbis37a.2,et,et,CCONJ,2,http://gams.uni-graz.at/o:glossvibe.bvi#Ang.54bbis37a.5,et,et,CCONJ,True,True,True,1.0
Ang.54bbis37a,http://gams.uni-graz.at/o:glossvibe.bvi#Ang.54bbis37a.3,martiis,martius,PROPN,3,http://gams.uni-graz.at/o:glossvibe.bvi#Ang.54bbis37a.6,martiis,martia,NOUN,True,False,False,0.7692307692307693
BVi.03c05,http://gams.uni-graz.at/o:glossvibe.bvi#BVi.03c05.0,distios,distios,PROPN,0,http://gams.uni-graz.at/o:glossvibe.bvi#BVi.03c05.3,distios,discius,NOUN,True,False,False,0.7142857142857143
BVi.03c05,http://gams.uni-graz.at/o:glossvibe.bvi#BVi.03c05.1,et,et,CCONJ,1,http://gams.uni-graz.at/o:glossvibe.bvi#BVi.03c05.4,et,et,CCONJ,True,True,True,1.0
BVi.03c05,http://gams.uni-graz.at/o:glossvibe.bvi#BVi.03c05.2,martius,martius,PROPN,2,http://gams.uni-graz.at/o:glossvibe.bvi#BVi.03c05.5,martius,martus,PROPN,True,True,False,0.9230769230769231
BVi.03c31.38,http://gams.uni-graz.at/o:glossvibe.bvi#BVi.03c31.38.08,et,et,CCONJ,0,http://gams.uni-graz.at/o:glossvibe.bvi#BVi.03c31.38.3,et,et,CCONJ,True,True,True,1.0
BVi.03c31.38,http://gams.uni-graz.at/o:glossvibe.bvi#BVi.03c31.38.09,iunius,iunius,NOUN,1,http://gams.uni-graz.at/o:glossvibe.bvi#BVi.03c31.38.4,iunius,iune,ADJ,True,False,False,0.6
BVi.03c31.38,http://gams.uni-graz.at/o:glossvibe.bvi#BVi.03c31.38.10,et,et,CCONJ,2,http://gams.uni-graz.at/o:glossvibe.bvi#BVi.03c31.38.5,et,et,CCONJ,True,True,True,1.0
BVi.03c31.38,http://gams.uni-graz.at/o:glossvibe.bvi#BVi.03c31.38.11,iulius,iulius,NOUN,3,http://gams.uni-graz.at/o:glossvibe.bvi#BVi.03c31.38.6,iulius,iuliter,ADJ,True,False,False,0.6153846153846154
BVi.03d18a,http://gams.uni-graz.at/o:glossvibe.bvi#BVi.03d18a.0,agimus,ago,VERB,0,http://gams.uni-graz.at/o:glossvibe.bvi#BVi.03d18a.3,agimus,agimus,VERB,True,True,False,0.4444444444444444
Ang.55b06b,http://gams.uni-graz.at/o:glossvibe.bvi#Ang.55b06b.0,ago,ago,VERB,0,http://gams.uni-graz.at/o:glossvibe.bvi#Ang.55b06b.3,ago,ago,NOUN,True,False,True,1.0
BVi.03d18b,http://gams.uni-graz.at/o:glossvibe.bvi#BVi.03d18b.0,ago,ago,VERB,0,http://gams.uni-graz.at/o:glossvibe.bvi#BVi.03d18b.3,ago,ago,NOUN,True,False,True,1.0
Ang.55b21b,http://gams.uni-graz.at/o:glossvibe.bvi#Ang.55b21b.0,idest,idest,nan,0,http://gams.uni-graz.at/o:glossvibe.bvi#Ang.55b21b.3,idest,idest,ADV,True,False,True,1.0
Ang.55b21b,http://gams.uni-graz.at/o:glossvibe.bvi#Ang.55b21b.1,sagitarius,sagittarius,NOUN,1,http://gams.uni-graz.at/o:glossvibe.bvi#Ang.55b21b.4,sagitarius,sagitarius,ADJ,True,False,False,0.9523809523809523
BCr.30d51,http://gams.uni-graz.at/o:glossvibe.bvi#BCr.30d51.0,sagitarius,sagittarius,NOUN,0,http://gams.uni-graz.at/o:glossvibe.bvi#BCr.30d51.3,sagitarius,sagitarius,NOUN,True,True,False,0.9523809523809523
BVi.03d34,http://gams.uni-graz.at/o:glossvibe.bvi#BVi.03d34.0,sagittarius,sagittarius,NOUN,0,http://gams.uni-graz.at/o:glossvibe.bvi#BVi.03d34.3,sagittarius,sagittarius,NOUN,True,True,True,1.0
BVi.04a05.40,http://gams.uni-graz.at/o:glossvibe.bvi#BVi.04a05.40.12,in,i,ADP,0,http://gams.uni-graz.at/o:glossvibe.bvi#BVi.04a05.40.3,in,in,ADP,True,True,False,0.6666666666666666
BVi.04a05.40,http://gams.uni-graz.at/o:glossvibe.bvi#BVi.04a05.40.13,tris,tres 2,ADJ,1,http://gams.uni-graz.at/o:glossvibe.bvi#BVi.04a05.40.4,tris,trum,ADJ,True,True,False,0.4
BVi.04a05.40,http://gams.uni-graz.at/o:glossvibe.bvi#BVi.04a05.40.17,kalenda,kalenda,NOUN,2,http://gams.uni-graz.at/o:glossvibe.bvi#BVi.04a05.40.5,kalenda,kalo,VERB,True,False,False,0.5454545454545454
BVi.04a05.40,http://gams.uni-graz.at/o:glossvibe.bvi#BVi.04a05.40.22,ordo,ordo,NOUN,3,http://gams.uni-graz.at/o:glossvibe.bvi#BVi.04a05.40.6,ordo,ordo,NOUN,True,True,True,1.0
Ang.57b16e,http://gams.uni-graz.at/o:glossvibe.bvi#Ang.57b16e.2,cum,cum,ADP,0,http://gams.uni-graz.at/o:glossvibe.bvi#Ang.57b16e.3,cum,cum,SCONJ,True,False,True,1.0
Ang.57b16e,http://gams.uni-graz.at/o:glossvibe.bvi#Ang.57b16e.3,unam,unus,NUM,1,http://gams.uni-graz.at/o:glossvibe.bvi#Ang.57b16e.4,unam,unus,NUM,True,True,True,1.0
Ang.57b16e,http://gams.uni-graz.at/o:glossvibe.bvi#Ang.57b16e.4,literam,litera,NOUN,2,http://gams.uni-graz.at/o:glossvibe.bvi#Ang.57b16e.5,literam,litera,NOUN,True,True,True,1.0
Ang.58a11b,http://gams.uni-graz.at/o:glossvibe.bvi#Ang.58a11b.0,super,super,ADP,0,http://gams.uni-graz.at/o:glossvibe.bvi#Ang.58a11b.3,super,super,ADP,True,True,True,1.0
Ang.57b26d,http://gams.uni-graz.at/o:glossvibe.bvi#Ang.57b26d.0,in,in,ADP,0,http://gams.uni-graz.at/o:glossvibe.bvi#Ang.57b26d.3,in,in,ADP,True,True,True,1.0
Ang.57b26d,http://gams.uni-graz.at/o:glossvibe.bvi#Ang.57b26d.1,quo,qui,PRON,1,http://gams.uni-graz.at/o:glossvibe.bvi#Ang.57b26d.4,quo,qui,PRON,True,True,True,1.0
Ang.57b26d,http://gams.uni-graz.at/o:glossvibe.bvi#Ang.57b26d.2,es,sum,VERB,2,http://gams.uni-graz.at/o:glossvibe.bvi#Ang.57b26d.5,es,sum,AUX,True,False,True,1.0
BCr.32a54,http://gams.uni-graz.at/o:glossvibe.bvi#BCr.32a54.0,idest,idest,nan,0,http://gams.uni-graz.at/o:glossvibe.bvi#BCr.32a54.3,idest,idest,ADV,True,False,True,1.0
BCr.32a54,http://gams.uni-graz.at/o:glossvibe.bvi#BCr.32a54.2,kalendis,kalenda,NOUN,1,http://gams.uni-graz.at/o:glossvibe.bvi#BCr.32a54.4,kalendis,kalendus,VERB,True,False,False,0.8
BCr.32a54,http://gams.uni-graz.at/o:glossvibe.bvi#BCr.32a54.3,aprilis,aprilis,ADJ,2,http://gams.uni-graz.at/o:glossvibe.bvi#BCr.32a54.5,aprilis,aprilis,ADJ,True,True,True,1.0
BVi.04b08.49,http://gams.uni-graz.at/o:glossvibe.bvi#BVi.04b08.49.03,idest,idest,nan,0,http://gams.uni-graz.at/o:glossvibe.bvi#BVi.04b08.49.3,idest,idest,ADV,True,False,True,1.0
BVi.04b08.49,http://gams.uni-graz.at/o:glossvibe.bvi#BVi.04b08.49.05,kalendae,kalenda,NOUN,1,http://gams.uni-graz.at/o:glossvibe.bvi#BVi.04b08.49.4,kalendae,kaleo,VERB,True,False,False,0.6666666666666666
BVi.04b08.49,http://gams.uni-graz.at/o:glossvibe.bvi#BVi.04b08.49.06,aprilis,nan,nan,2,http://gams.uni-graz.at/o:glossvibe.bvi#BVi.04b08.49.5,aprilis,aprilis,ADJ,True,False,False,0.2
BVi.04b08.49,http://gams.uni-graz.at/o:glossvibe.bvi#BVi.04b08.49.07,idest,idest,nan,3,http://gams.uni-graz.at/o:glossvibe.bvi#BVi.04b08.49.6,idest,idest,ADV,True,False,True,1.0
BVi.04b08.49,http://gams.uni-graz.at/o:glossvibe.bvi#BVi.04b08.49.08,anni,annus,NOUN,4,http://gams.uni-graz.at/o:glossvibe.bvi#BVi.04b08.49.7,anni,annus,NOUN,True,True,True,1.0
BCr.32a36b,http://gams.uni-graz.at/o:glossvibe.bvi#BCr.32a36b.0,idest,idest,nan,0,http://gams.uni-graz.at/o:glossvibe.bvi#BCr.32a36b.3,idest,idest,ADV,True,False,True,1.0
BCr.32a36b,http://gams.uni-graz.at/o:glossvibe.bvi#BCr.32a36b.1,crementum,crementus,NOUN,1,http://gams.uni-graz.at/o:glossvibe.bvi#BCr.32a36b.4,crementum,crementum,NOUN,True,True,False,0.8888888888888888
BVi.04a40.47,http://gams.uni-graz.at/o:glossvibe.bvi#BVi.04a40.47.0,crementus,crementus,NOUN,0,http://gams.uni-graz.at/o:glossvibe.bvi#BVi.04a40.47.3,crementus,crementus,VERB,True,False,True,1.0
Ang.58a15a,http://gams.uni-graz.at/o:glossvibe.bvi#Ang.58a15a.0,regularis,regularis,ADJ,0,http://gams.uni-graz.at/o:glossvibe.bvi#Ang.58a15a.3,regularis,regularis,NOUN,True,False,True,1.0
Ang.58a15a,http://gams.uni-graz.at/o:glossvibe.bvi#Ang.58a15a.1,paginae,pagina,NOUN,1,http://gams.uni-graz.at/o:glossvibe.bvi#Ang.58a15a.4,paginae,paginus,NOUN,True,True,False,0.7692307692307693
BCr.32b07,http://gams.uni-graz.at/o:glossvibe.bvi#BCr.32b07.0,idest,idest,nan,0,http://gams.uni-graz.at/o:glossvibe.bvi#BCr.32b07.3,idest,idest,ADV,True,False,True,1.0
BCr.32b07,http://gams.uni-graz.at/o:glossvibe.bvi#BCr.32b07.1,paginae,pagina,NOUN,1,http://gams.uni-graz.at/o:glossvibe.bvi#BCr.32b07.4,paginae,pagina,NOUN,True,True,True,1.0
BCr.32b07,http://gams.uni-graz.at/o:glossvibe.bvi#BCr.32b07.2,regularis,regularis,ADJ,2,http://gams.uni-graz.at/o:glossvibe.bvi#BCr.32b07.5,regularis,regularis,ADJ,True,True,True,1.0
BVi.04b16.53,http://gams.uni-graz.at/o:glossvibe.bvi#BVi.04b16.53.0,pagine,pagina,NOUN,0,http://gams.uni-graz.at/o:glossvibe.bvi#BVi.04b16.53.3,pagine,pagine,NOUN,True,True,False,0.8333333333333334
BVi.04b16.53,http://gams.uni-graz.at/o:glossvibe.bvi#BVi.04b16.53.1,regularis,regularis,ADJ,1,http://gams.uni-graz.at/o:glossvibe.bvi#BVi.04b16.53.4,regularis,regularis,ADJ,True,True,True,1.0
Sg.77.06,http://gams.uni-graz.at/o:glossvibe.bvi#Sg.77.06.0,idest,idest,nan,0,http://gams.uni-graz.at/o:glossvibe.bvi#Sg.77.06.3,idest,idest,ADV,True,False,True,1.0
Sg.77.06,http://gams.uni-graz.at/o:glossvibe.bvi#Sg.77.06.1,paginae,pagina,NOUN,1,http://gams.uni-graz.at/o:glossvibe.bvi#Sg.77.06.4,paginae,pagina,NOUN,True,True,True,1.0
Sg.77.06,http://gams.uni-graz.at/o:glossvibe.bvi#Sg.77.06.2,regularis,regularis,ADJ,2,http://gams.uni-graz.at/o:glossvibe.bvi#Sg.77.06.5,regularis,regularis,ADJ,True,True,True,1.0
Ang.58a22a,http://gams.uni-graz.at/o:glossvibe.bvi#Ang.58a22a.0,quia,quia,SCONJ,0,http://gams.uni-graz.at/o:glossvibe.bvi#Ang.58a22a.3,quia,quia,SCONJ,True,True,True,1.0
Ang.58a22a,http://gams.uni-graz.at/o:glossvibe.bvi#Ang.58a22a.1,non,imperium,NOUN,1,http://gams.uni-graz.at/o:glossvibe.bvi#Ang.58a22a.4,non,non,ADV,True,False,False,0.0
Ang.58a22a,http://gams.uni-graz.at/o:glossvibe.bvi#Ang.58a22a.2,explorat,exploro,VERB,2,http://gams.uni-graz.at/o:glossvibe.bvi#Ang.58a22a.5,explorat,exploro,VERB,True,True,True,1.0
Ang.58a22a,http://gams.uni-graz.at/o:glossvibe.bvi#Ang.58a22a.3,argumentum,argumentum,NOUN,3,http://gams.uni-graz.at/o:glossvibe.bvi#Ang.58a22a.6,argumentum,argumentum,NOUN,True,True,True,1.0
Ang.58a22a,http://gams.uni-graz.at/o:glossvibe.bvi#Ang.58a22a.4,nisi,nisi,CCONJ,4,http://gams.uni-graz.at/o:glossvibe.bvi#Ang.58a22a.7,nisi,nisi,SCONJ,True,False,True,1.0
Ang.58a22a,http://gams.uni-graz.at/o:glossvibe.bvi#Ang.58a22a.5,annum,annus,NOUN,5,http://gams.uni-graz.at/o:glossvibe.bvi#Ang.58a22a.8,annum,annus,NOUN,True,True,True,1.0
Ang.58a22a,http://gams.uni-graz.at/o:glossvibe.bvi#Ang.58a22a.6,saluum,saluus,NOUN,6,http://gams.uni-graz.at/o:glossvibe.bvi#Ang.58a22a.9,saluum,salus,NOUN,True,True,False,0.9090909090909091
Ang.58a23e,http://gams.uni-graz.at/o:glossvibe.bvi#Ang.58a23e.0,in,in,ADP,0,http://gams.uni-graz.at/o:glossvibe.bvi#Ang.58a23e.3,in,in,ADP,True,True,True,1.0
Ang.58a23e,http://gams.uni-graz.at/o:glossvibe.bvi#Ang.58a23e.1,fine,finis,NOUN,1,http://gams.uni-graz.at/o:glossvibe.bvi#Ang.58a23e.4,fine,finis,NOUN,True,True,True,1.0
Ang.58a23e,http://gams.uni-graz.at/o:glossvibe.bvi#Ang.58a23e.2,ogdad,nan,nan,2,http://gams.uni-graz.at/o:glossvibe.bvi#Ang.58a23e.5,ogdad,ogdad,ADP,True,False,False,0.25
BVi.04b25a,http://gams.uni-graz.at/o:glossvibe.bvi#BVi.04b25a.0,finis,finis,NOUN,0,http://gams.uni-graz.at/o:glossvibe.bvi#BVi.04b25a.3,finis,finis,NOUN,True,True,True,1.0
BVi.04b25a,http://gams.uni-graz.at/o:glossvibe.bvi#BVi.04b25a.1,ogdad,nan,nan,1,http://gams.uni-graz.at/o:glossvibe.bvi#BVi.04b25a.4,ogdad,ogdad,ADP,True,False,False,0.25
BVi.04b25b,http://gams.uni-graz.at/o:glossvibe.bvi#BVi.04b25b.0,argument,nan,nan,0,http://gams.uni-graz.at/o:glossvibe.bvi#BVi.04b25b.3,argument,argumeo,VERB,True,False,False,0.2
Ang.58a32,http://gams.uni-graz.at/o:glossvibe.bvi#Ang.58a32.0,finis,finis,NOUN,0,http://gams.uni-graz.at/o:glossvibe.bvi#Ang.58a32.3,finis,finis,NOUN,True,True,True,1.0
Ang.58a32,http://gams.uni-graz.at/o:glossvibe.bvi#Ang.58a32.1,circuli,circulus,NOUN,1,http://gams.uni-graz.at/o:glossvibe.bvi#Ang.58a32.4,circuli,circulus,NOUN,True,True,True,1.0
Ang.58a32,http://gams.uni-graz.at/o:glossvibe.bvi#Ang.58a32.2,est,sum,VERB,2,http://gams.uni-graz.at/o:glossvibe.bvi#Ang.58a32.5,est,sum,AUX,True,False,True,1.0
Ang.58a37h,http://gams.uni-graz.at/o:glossvibe.bvi#Ang.58a37h.0,egiptii,aegyptius,ADJ,0,http://gams.uni-graz.at/o:glossvibe.bvi#Ang.58a37h.3,egiptii,egiptio,NOUN,True,False,False,0.625
Ang.58a37h,http://gams.uni-graz.at/o:glossvibe.bvi#Ang.58a37h.1,in,in,ADP,1,http://gams.uni-graz.at/o:glossvibe.bvi#Ang.58a37h.4,in,in,ADP,True,True,True,1.0
Ang.58a37h,http://gams.uni-graz.at/o:glossvibe.bvi#Ang.58a37h.3,kalendis,kalenda,NOUN,2,http://gams.uni-graz.at/o:glossvibe.bvi#Ang.58a37h.5,kalendis,kalo,ADJ,True,False,False,0.5454545454545454
Ang.58a37h,http://gams.uni-graz.at/o:glossvibe.bvi#Ang.58a37h.4,augustarum,augustus 1,ADJ,3,http://gams.uni-graz.at/o:glossvibe.bvi#Ang.58a37h.6,augustarum,auguso,VERB,True,False,False,0.625
BCr.32b44,http://gams.uni-graz.at/o:glossvibe.bvi#BCr.32b44.3,kalendis,kalenda,NOUN,0,http://gams.uni-graz.at/o:glossvibe.bvi#BCr.32b44.3,kalendis,kalendus,VERB,True,False,False,0.8
BCr.32b44,http://gams.uni-graz.at/o:glossvibe.bvi#BCr.32b44.4,septembris,september,NOUN,1,http://gams.uni-graz.at/o:glossvibe.bvi#BCr.32b44.4,septembris,septembra,NOUN,True,True,False,0.8888888888888888
BVi.04b45.58,http://gams.uni-graz.at/o:glossvibe.bvi#BVi.04b45.58.1,idest,idest,nan,0,http://gams.uni-graz.at/o:glossvibe.bvi#BVi.04b45.58.3,idest,idest,ADV,True,False,True,1.0
BVi.04b45.58,http://gams.uni-graz.at/o:glossvibe.bvi#BVi.04b45.58.3,kalendae,kalenda,NOUN,1,http://gams.uni-graz.at/o:glossvibe.bvi#BVi.04b45.58.4,kalendae,kalendus,VERB,True,False,False,0.8
BCr.32c16,http://gams.uni-graz.at/o:glossvibe.bvi#BCr.32c16.0,idest,idest,nan,0,http://gams.uni-graz.at/o:glossvibe.bvi#BCr.32c16.3,idest,idest,ADV,True,False,True,1.0
BCr.32c16,http://gams.uni-graz.at/o:glossvibe.bvi#BCr.32c16.1,supradicto,supradico,VERB,1,http://gams.uni-graz.at/o:glossvibe.bvi#BCr.32c16.4,supradicto,supradictum,VERB,True,True,False,0.8
BVi.04c21a,http://gams.uni-graz.at/o:glossvibe.bvi#BVi.04c21a.0,supradicto,supradico,VERB,0,http://gams.uni-graz.at/o:glossvibe.bvi#BVi.04c21a.3,supradicto,supradictum,VERB,True,True,False,0.8
BCr.32c15b,http://gams.uni-graz.at/o:glossvibe.bvi#BCr.32c15b.07,kalendis,kalenda,NOUN,0,http://gams.uni-graz.at/o:glossvibe.bvi#BCr.32c15b.3,kalendis,kalendus,VERB,True,False,False,0.8
BVi.04c21b.64,http://gams.uni-graz.at/o:glossvibe.bvi#BVi.04c21b.64.06,kalendae,kalenda,NOUN,0,http://gams.uni-graz.at/o:glossvibe.bvi#BVi.04c21b.64.3,kalendae,kalendus,VERB,True,False,False,0.8
BCr.32c20b,http://gams.uni-graz.at/o:glossvibe.bvi#BCr.32c20b.0,supradicto,supradico,VERB,0,http://gams.uni-graz.at/o:glossvibe.bvi#BCr.32c20b.3,supradicto,supradictum,VERB,True,True,False,0.8
BVi.04c23b,http://gams.uni-graz.at/o:glossvibe.bvi#BVi.04c23b.0,idest,idest,nan,0,http://gams.uni-graz.at/o:glossvibe.bvi#BVi.04c23b.3,idest,idest,ADV,True,False,True,1.0
BVi.04c23b,http://gams.uni-graz.at/o:glossvibe.bvi#BVi.04c23b.1,supradicto,supradico,VERB,1,http://gams.uni-graz.at/o:glossvibe.bvi#BVi.04c23b.4,supradicto,supradictum,VERB,True,True,False,0.8
Ang.58b15b,http://gams.uni-graz.at/o:glossvibe.bvi#Ang.58b15b.0,idest,idest,nan,0,http://gams.uni-graz.at/o:glossvibe.bvi#Ang.58b15b.3,idest,idest,ADV,True,False,True,1.0
Ang.58b15b,http://gams.uni-graz.at/o:glossvibe.bvi#Ang.58b15b.1,praesenti,praesens,ADJ,1,http://gams.uni-graz.at/o:glossvibe.bvi#Ang.58b15b.4,praesenti,praesens,VERB,True,False,True,1.0
Ang.58b15b,http://gams.uni-graz.at/o:glossvibe.bvi#Ang.58b15b.2,argumento,argumentum,NOUN,2,http://gams.uni-graz.at/o:glossvibe.bvi#Ang.58b15b.5,argumento,argumentum,NOUN,True,True,True,1.0
BCr.32c21,http://gams.uni-graz.at/o:glossvibe.bvi#BCr.32c21.0,argumentum,argumentum,NOUN,0,http://gams.uni-graz.at/o:glossvibe.bvi#BCr.32c21.3,argumentum,argumentum,NOUN,True,True,True,1.0
BVi.04c24a,http://gams.uni-graz.at/o:glossvibe.bvi#BVi.04c24a.0,argumento,argumentum,NOUN,0,http://gams.uni-graz.at/o:glossvibe.bvi#BVi.04c24a.3,argumento,argumentum,NOUN,True,True,True,1.0
Ang.58b06c,http://gams.uni-graz.at/o:glossvibe.bvi#Ang.58b06c.0,egiptiorum,aegyptius,ADJ,0,http://gams.uni-graz.at/o:glossvibe.bvi#Ang.58b06c.3,egiptiorum,egiptior,NOUN,True,False,False,0.5882352941176471
BVi.04c10.60,http://gams.uni-graz.at/o:glossvibe.bvi#BVi.04c10.60.0,aetas,aetas,NOUN,0,http://gams.uni-graz.at/o:glossvibe.bvi#BVi.04c10.60.3,aetas,aetas,NOUN,True,True,True,1.0
BVi.04c10.60,http://gams.uni-graz.at/o:glossvibe.bvi#BVi.04c10.60.1,lunae,luna,NOUN,1,http://gams.uni-graz.at/o:glossvibe.bvi#BVi.04c10.60.4,lunae,luna,NOUN,True,True,True,1.0
BVi.04c10.60,http://gams.uni-graz.at/o:glossvibe.bvi#BVi.04c10.60.3,kalendis,kalenda,NOUN,2,http://gams.uni-graz.at/o:glossvibe.bvi#BVi.04c10.60.5,kalendis,kalendus,VERB,True,False,False,0.8
BVi.04c24b.67,http://gams.uni-graz.at/o:glossvibe.bvi#BVi.04c24b.67.3,kalendae,kalenda,NOUN,0,http://gams.uni-graz.at/o:glossvibe.bvi#BVi.04c24b.67.3,kalendae,kalendus,VERB,True,False,False,0.8
BCr.32c12,http://gams.uni-graz.at/o:glossvibe.bvi#BCr.32c12.4,kalendis,kalenda,NOUN,0,http://gams.uni-graz.at/o:glossvibe.bvi#BCr.32c12.3,kalendis,kalendus,VERB,True,False,False,0.8
BCr.32c12,http://gams.uni-graz.at/o:glossvibe.bvi#BCr.32c12.5,ianuaris,ianuarius,NOUN,1,http://gams.uni-graz.at/o:glossvibe.bvi#BCr.32c12.4,ianuaris,ianuaris,ADJ,True,False,False,0.9411764705882353
BVi.04c18.63,http://gams.uni-graz.at/o:glossvibe.bvi#BVi.04c18.63.3,kalendis,kalenda,NOUN,0,http://gams.uni-graz.at/o:glossvibe.bvi#BVi.04c18.63.3,kalendis,kalendus,VERB,True,False,False,0.8
BVi.04c18.63,http://gams.uni-graz.at/o:glossvibe.bvi#BVi.04c18.63.4,ianuariis,ianuarius,NOUN,1,http://gams.uni-graz.at/o:glossvibe.bvi#BVi.04c18.63.4,ianuariis,ianuarius,ADJ,True,False,True,1.0
Ang.58b27,http://gams.uni-graz.at/o:glossvibe.bvi#Ang.58b27.2,a,a,ADP,0,http://gams.uni-graz.at/o:glossvibe.bvi#Ang.58b27.3,a,ab,ADP,True,True,False,0.6666666666666666
Ang.58b27,http://gams.uni-graz.at/o:glossvibe.bvi#Ang.58b27.3,te,tu,PRON,1,http://gams.uni-graz.at/o:glossvibe.bvi#Ang.58b27.4,te,tu,PRON,True,True,True,1.0
BVi.04d26.74,http://gams.uni-graz.at/o:glossvibe.bvi#BVi.04d26.74.06,idest,idest,nan,0,http://gams.uni-graz.at/o:glossvibe.bvi#BVi.04d26.74.3,idest,idest,ADV,True,False,True,1.0
BVi.04d26.74,http://gams.uni-graz.at/o:glossvibe.bvi#BVi.04d26.74.07,nonus,nonus,NOUN,1,http://gams.uni-graz.at/o:glossvibe.bvi#BVi.04d26.74.4,nonus,nonus,ADJ,True,False,True,1.0
Ang.59a15,http://gams.uni-graz.at/o:glossvibe.bvi#Ang.59a15.0,idest,idest,nan,0,http://gams.uni-graz.at/o:glossvibe.bvi#Ang.59a15.3,idest,idest,ADV,True,False,True,1.0
Ang.59a15,http://gams.uni-graz.at/o:glossvibe.bvi#Ang.59a15.1,dies,dies,NOUN,1,http://gams.uni-graz.at/o:glossvibe.bvi#Ang.59a15.4,dies,dies,NOUN,True,True,True,1.0
BVi.04d30,http://gams.uni-graz.at/o:glossvibe.bvi#BVi.04d30.0,idest,idest,nan,0,http://gams.uni-graz.at/o:glossvibe.bvi#BVi.04d30.3,idest,idest,ADV,True,False,True,1.0
BVi.04d30,http://gams.uni-graz.at/o:glossvibe.bvi#BVi.04d30.1,dies,dies,NOUN,1,http://gams.uni-graz.at/o:glossvibe.bvi#BVi.04d30.4,dies,dies,NOUN,True,True,True,1.0
